post_id,post_text,content,index,timeofposting,rideordrive,dateofride,weekdayofride,price,location,destination
,,#ride08312024 RIDE!! Oakland to Palo Alto 12:00 PM,1,,1,2024-08-31,Saturday,0,#ride08312024 RIDE!! Oakland,Palo
,,#ride11302025 Need a ride Sac-Fremont. Budget $12-22,2,,1,2025-11-30,Sunday,0,#ride11302025 Need a ride Sac,Fremont
,,#ride06032024 RIDE!! San Jose ➜ Sacramento 3:30 PM 18 dollars pm me,3,,1,2024-06-03,Monday,0,#ride06032024 RIDE!! San Jose,Sacramento
,,#drive08252025 #drive09012025 Need a drive Sacramento -> San Jose. Budget $30-40,4,,0,2025-08-25,Monday,35,#drive08252025 #drive09012025 Need a drive Sacramento,San Jose
,,#drive01232024 #drive01252024 Need a driev Palo Alto ➜ Berkeley. Budget $12,5,,0,2024-01-23,Tuesday,12,#drive01232024 #drive01252024 Need a driev Palo Alto,Berkeley
,,#drive05222024  Oakland  to  San  Jose  |  8:50  AM  |  $25-33  |  1  seat,6,,0,2024-05-22,Wednesday,29,#drive05222024 Oakland,San
,,Need a drive Sacramento to Fremont. Budget $40,7,,,,,0,Need a drive Sacramento,Fremont
,,#ride08192025 RIDE!! Davis ➜ Oakland 2:30 PM $40-50,8,,1,2025-08-19,Tuesday,0,#ride08192025 RIDE!! Davis,Oakland
,,#drive03222025 DRIVE!! Sunnyvale to Sacramento 8:45 PM $18,9,,0,2025-03-22,Saturday,18,#drive03222025 DRIVE!! Sunnyvale,Sacramento
,,#ride07092024 #ride07122024 Need a ride Palo Alto to Oakland. Budget $18,10,,1,2024-07-09,Tuesday,0,#ride07092024 #ride07122024 Need a ride Palo Alto,Oakland
,,#drive12232024 Berkeley to Sac $12 leaving 8:10 AM,11,,0,2024-12-23,Monday,12,#drive12232024 Berkeley,Sacramento
,,#drive11052025 Palo Alto-Berkeley | 6PM |  | 1s eat,12,,0,2025-11-05,Wednesday,0,#drive11052025 Palo Alto,Berkeley
,,#ride10142025 Oakland to Davis | 1:20P M | $12 | 1 seat,13,,1,2025-10-14,Tuesday,0,#ride10142025 Oakland,Davis
,,#drive08242024 Need a drive San Jose -> Sac. Budget,14,,0,2024-08-24,Saturday,0,#drive08242024 Need a drive San Jose,Sacramento
,,#drive10042024 Berkeley-Sunnyvale | 6PM |  | 1 seat,15,,0,2024-10-04,Friday,0,#drive10042024 Berkeley,Sunnyvale
,,Berkeley to Palo Alto $15 leaving 4:45 PM,16,,,,,0,Berkeley,Palo
,,#drive11142025  DRIVE!!  Fremont-San  rFancisco  12PM  $25,17,,0,2025-11-14,Friday,25,#drive11142025 DRIVE!! Fremont,San
,,#drive01142024 Need a drive Fremont to San Jose. Budget $25,18,,0,2024-01-14,Sunday,25,#drive01142024 Need a drive Fremont,San Jose
,,#drive09292025  Berkeley  ->  Sunnyvale  $30-38  leaving  7:15  PM  pls,19,,0,2025-09-29,Monday,34,#drive09292025 Berkeley,Sunnyvale
,,#drive03102025  Need  a  drive  Davis-Oakland.  Budget  $15-23  🚗,20,,0,2025-03-10,Monday,19,#drive03102025 Need a drive Davis,Oakland
,,#drive08272025 DRIVE!! San Jose -> Sunnyvale 10PM $25 pls,21,,0,2025-08-27,Wednesday,25,#drive08272025 DRIVE!! San Jose,Sunnyvale
,,#drive06162024 Need a drive Sunnyvale ➜ Palo Alto. Budget,22,,0,2024-06-16,Sunday,0,#drive06162024 Need a drive Sunnyvale,Palo
,,#drive02132024  Need  a  drive  from  San  Francisco  t  oPalo  Alto.  Budget  $35  😊,23,,0,2024-02-13,Tuesday,35,,
,,#ride08122025 RIDE!! San Jose to Sunnyvale 10AM,24,,1,2025-08-12,Tuesday,0,#ride08122025 RIDE!! San Jose,Sunnyvale
,,"#drive06092024 Sacramento -> Fremont | 2:00 PM | $22 | 1 seat !!
comment below",25,,0,2024-06-09,Sunday,22,#drive06092024 Sacramento,Fremont
,,#ride11262025 Sacramento ➜ Fremont $15 leaving 2PM 😊,26,,1,2025-11-26,Wednesday,0,#ride11262025 Sacramento,Fremont
,,#drive04102025 SJ ➜ Davis | 6:50 PM | $22 | 1 seat thx,27,,0,2025-04-10,Thursday,22,#drive04102025 SJ,Davis
,,#ride01292024 Davis -> Sacramento $20 leaving 5:10 PM 😊,28,,1,2024-01-29,Monday,0,#ride01292024 Davis,Sacramento
,,#drive11172024 #drive11202024 DRIVE!! Oakland-Davis 6PM $18-23,29,,0,2024-11-17,Sunday,20,#drive11172024 #drive11202024 DRIVE!! Oakland,Davis
,,#drive05052025 Need a drive San Francisco -> Fremont. Budget $18,30,,0,2025-05-05,Monday,18,#drive05052025 Need a drive San Francisco,Fremont
,,#dirve07102024  DRIVE!!  San  Francisco  to  Fremont  1:15  PM  $25-33,31,,,,,0,#dirve07102024 DRIVE!! San Francisco,Fremont
,,#drive12262024 Berkeley -> Oakland | 9AM | $15 | 1 seat,32,,0,2024-12-26,Thursday,15,#drive12262024 Berkeley,Oakland
,,#ride08132025 from Fremontt o Oakland $22 leaving 8:20 PM,33,,1,2025-08-13,Wednesday,0,,
,,#ride07072025 Palo Alto-San Jose | 1PM | $10 | 1 seat pls,34,,1,2025-07-07,Monday,0,#ride07072025 Palo Alto,San Jose
,,#drive08012025 Sacramento to San Francisco $22 leaving 10PM pls,35,,0,2025-08-01,Friday,22,#drive08012025 Sacramento,San Francisco
,,#ride08252024 San Francisco ➜ Berkeley | 10:10 PM | $25-30 | 1 seat !!,36,,1,2024-08-25,Sunday,0,#ride08252024 San Francisco,Berkeley
,,#drive04262025  #drive04272025  DRIVE!!  Fremont  ->  Palo  Alto  7:40  AM  $22,37,,0,2025-04-26,Saturday,22,#drive04262025 #drive04272025 DRIVE!! Fremont,Palo
,,from  San  Jose  to  Berkeley  $30  leaving  6AM,38,,,,,0,San Jose,Berkeley
,,#ride04022025 Need a ride Berkeley -> San Francisco. Budget $35,39,,1,2025-04-02,Wednesday,0,#ride04022025 Need a ride Berkeley,San Francisco
,,#ride07042025 from Sunnyvale to Oakland | 2:30 PM | 22 dollars | 1 seat,40,,1,2025-07-04,Friday,0,Sunnyvale,Oakland
,,#ride05212025 #ride05282025 Oakland ➜ SF $12-20 leaving 5PM,41,,1,2025-05-21,Wednesday,0,#ride05212025 #ride05282025 Oakland,San Francisco
,,#ride06052024 RIDE!! from Palo Alto to Fremont 9:15 AM $18 pls,42,,1,2024-06-05,Wednesday,0,Palo Alto,Fremont
,,#drive11262024  Sunnyvale  ➜  San  Francisco  $20  leaving  7:20  PM,43,,0,2024-11-26,Tuesday,20,#drive11262024 Sunnyvale,San
,,"#drive12142024 #drive12172024 San Francisco to Fremont  leaving 4:10 PM
anyone?",44,,0,2024-12-14,Saturday,0,#drive12142024 #drive12172024 San Francisco,Fremont
,,#ride05022025 Fremont ➜ Oakland | 6AM | $22 | 1 seat,45,,1,2025-05-02,Friday,0,#ride05022025 Fremont,Oakland
,,#drive02282024 from San Francisco to San Jose  leaving 2:50 PM thx,46,,0,2024-02-28,Wednesday,0,San Francisco,San Jose
,,#ride12012024  Sunnyvale  to  Fremont  |  11AM  |  $15  |  1  seat,47,,1,2024-12-01,Sunday,0,#ride12012024 Sunnyvale,Fremont
,,#drive08232024 DRIVE!! Oakland-Palo Alto 8AM,48,,0,2024-08-23,Friday,0,#drive08232024 DRIVE!! Oakland,Palo
,,#drive01162024D RIVE!! Sunnyvale -> San Jose 6AM $10,49,,0,2024-01-16,Tuesday,10,#drive01162024D RIVE!! Sunnyvale,San Jose
,,#drive07132024 Oakland ➜ San Jose $12 leaving 10:45 PM,50,,0,2024-07-13,Saturday,12,#drive07132024 Oakland,San Jose
,,#drive03212025 SF ➜ Sunnyvale | 5:50 PM | $18 | 1 seat,51,,0,2025-03-21,Friday,18,#drive03212025 SF,Sunnyvale
,,#drive04012024  Davis  ->  Sunnyvale  $10  leaving  11AM,52,,0,2024-04-01,Monday,10,#drive04012024 Davis,Sunnyvale
,,#drive04082024 DRIVE!! Oakland-San Jose 10:30 AM $18,53,,0,2024-04-08,Monday,18,#drive04082024 DRIVE!! Oakland,San Jose
,,"#drive12072025 Davis ➜ Sunnyvale $15-20 leaving 1:000 AM
flexible time",54,,0,2025-12-07,Sunday,18,#drive12072025 Davis,Sunnyvale
,,#drive09022025 from Fremont to Sacramento | 9PM | 30 dollars | 1 seat,55,,0,2025-09-02,Tuesday,30,Fremont,Sacramento
,,#ride10052024 Need a ride Sacramento ➜ Oakland. Budget $35,56,,1,2024-10-05,Saturday,0,#ride10052024 Need a ride Sacramento,Oakland
,,#drive04022024 Fremont to Berkeley | 4:50 PM | $30 | 1 seat pls,57,,0,2024-04-02,Tuesday,30,#drive04022024 Fremont,Berkeley
,,#drive04262024 Palo Alto ➜ San Jose | 3PM | 40 dollars | 1 seat,58,,0,2024-04-26,Friday,40,#drive04262024 Palo Alto,San Jose
,,#ride09232025 Berkeley to Palo Alto $22 leaving 8:40 AM,59,,1,2025-09-23,Tuesday,0,#ride09232025 Berkeley,Palo
,,#ride06272024 from San Jose to Fremont | 2:15 PM | $10 | 1 seat 🚗,60,,1,2024-06-27,Thursday,0,San Jose,Fremont
,,"#drive01152024 #drive01222024 Need a drive San Francisco -> Sunnyvale. Budget 40 dollars thx
pm me",61,,0,2024-01-15,Monday,40,#drive01152024 #drive01222024 Need a drive San Francisco,Sunnyvale
,,#drive09132024 #drive09202024 DRIVE!! Sunnyvale-San Jose 12PM $15,62,,0,2024-09-13,Friday,15,#drive09132024 #drive09202024 DRIVE!! Sunnyvale,San Jose
,,#ride02092024 Need a ride Sacramento -> Palo Alto. Budget $10,63,,1,2024-02-09,Friday,0,#ride02092024 Need a ride Sacramento,Palo
,,"#drive06232024 Sac -> Sunnyvale $15 leaving 1:00 PM
flexible time",64,,0,2024-06-23,Sunday,15,#drive06232024 Sac,Sunnyvale
,,#drive02012025  San  Francisco-Sunnyvale  |  3PM  |  $12  |  1  seat,65,,0,2025-02-01,Saturday,12,#drive02012025 San Francisco,Sunnyvale
,,#ride11192025 RIDE!! Sacramento ➜ San Francisco 9AM $12-22,66,,1,2025-11-19,Wednesday,0,#ride11192025 RIDE!! Sacramento,San Francisco
,,#drive10192024 Need a drive from Sunnyvale to Davis. Budget $25,67,,0,2024-10-19,Saturday,25,Sunnyvale,Davis
,,#ride01282024 Sacramento -> Oakland $10 leaving 9:40 PM pls,68,,1,2024-01-28,Sunday,0,#ride01282024 Sacramento,Oakland
,,DRIVE!! from Sacramento to San Francisco 1PM $18,69,,,,,0,Sacramento,San Francisco
,,#ride01052025 RIDE!! Fremont-Berkeley 9AM $10-18,70,,1,2025-01-05,Sunday,0,#ride01052025 RIDE!! Fremont,Berkeley
,,#ride03152025 Need a ride Sunnyvale to San Francisco. Budget,71,,1,2025-03-15,Saturday,0,#ride03152025 Need a ride Sunnyvale,San Francisco
,,#ride10222024  RIDE!!  SF  to  San  Jose  10:10  PM,72,,1,2024-10-22,Tuesday,0,#ride10222024 RIDE!! SF,San
,,#drive02282024 Sacramento ➜ Berkeley $20 leaving 7AM,73,,0,2024-02-28,Wednesday,20,#drive02282024 Sacramento,Berkeley
,,#drive03292025 from Davis to Berkeley $22-30 leaving 7PM !!,74,,0,2025-03-29,Saturday,26,Davis,Berkeley
,,Berkeley ➜ Davis | 10AM | $10 | 1 seat,75,,,,,0,Berkeley,Davis
,,#drive01112024 DRIVE!! Oakland ➜ Davis 7:15 PM $40-50,76,,0,2024-01-11,Thursday,45,#drive01112024 DRIVE!! Oakland,Davis
,,#ride02072025 Need a ride Oakland -> Davis. Budget $20,77,,1,2025-02-07,Friday,0,#ride02072025 Need a ride Oakland,Davis
,,#ride01022024 RIDE!! from Sacramento to Palo Alto 10:30 AM,78,,1,2024-01-02,Tuesday,0,Sacramento,Palo
,,#drive03302025 Need a drive Palo Alto to Oakland. Budget $10,79,,0,2025-03-30,Sunday,10,#drive03302025 Need a drive Palo Alto,Oakland
,,#ride05182025 RIDE!! from Sunnyvale to Oakland 8AM,80,,1,2025-05-18,Sunday,0,Sunnyvale,Oakland
,,#ride08052025 RIDE!! Davis-San Francisco 2:15 PM $35,81,,1,2025-08-05,Tuesday,0,#ride08052025 RIDE!! Davis,San Francisco
,,"#ride09152024  RIDE!!  Palo  Alto  ->  Berkeley  6:50  PM  15  dollars
pm  me",82,,1,2024-09-15,Sunday,0,#ride09152024 RIDE!! Palo Alto,Berkeley
,,#drive11202024 Need a drive from Oakland to SJ. Budget,83,,0,2024-11-20,Wednesday,0,Oakland,San Jose
,,#drive05082024 Berkeley ➜ Palo Alto $25 leaving 7:15 PM !!,84,,0,2024-05-08,Wednesday,25,#drive05082024 Berkeley,Palo
,,#drive10132024  San  Francisco  ➜  Sac  |  10:20  PM  |  $25-30  |  1  seat  🚗,85,,0,2024-10-13,Sunday,28,#drive10132024 San Francisco,Sacramento
,,#drive11302025 Sac -> Oakladn $18 leaving 3PM,86,,0,2025-11-30,Sunday,18,#drive11302025 Sac,Oakladn
,,#drive11262025  #drive11272025  Need  a  drive  Sunnyvale  ➜  San  Jose.  Budget  $10,87,,0,2025-11-26,Wednesday,10,#drive11262025 #drive11272025 Need a drive Sunnyvale,San
,,#drive08192024 Davis ➜ Berkeley | 8PM | $20-30 | 1 seat 🚗,88,,0,2024-08-19,Monday,25,#drive08192024 Davis,Berkeley
,,#drive03042024 Davis ➜ Fremont $15 leaving 11:40 AM,89,,0,2024-03-04,Monday,15,#drive03042024 Davis,Fremont
,,#drive04102024 San Francisco-SF | 9PM |  | 1 seat pls,90,,0,2024-04-10,Wednesday,0,#drive04102024 San Francisco,San Francisco
,,Need a drive Oakland ➜ San Jose. Budget 12 dollars 🚗,91,,,,,0,Need a drive Oakland,San Jose
,,#drive04232024 Oakland ➜ Fremont  leaving 2:50 PM,92,,0,2024-04-23,Tuesday,0,#drive04232024 Oakland,Fremont
,,#ride12092024 Fremont to Davis $25 leaving 4PM,93,,1,2024-12-09,Monday,0,#ride12092024 Fremont,Davis
,,#ride05292025 #ride05312025 Need a ride from Oakland to San Francisco. Budget $22-27,94,,1,2025-05-29,Thursday,0,Oakland,San Francisco
,,#drive02122024  Palo  Alto-Berkeley  $30  leaving  1A0M,95,,0,2024-02-12,Monday,30,#drive02122024 Palo Alto,Berkeley
,,"#drive09212025 Berkeley to Palo Alto | 6:20 PM | $22-30 |  1seat
anyone?",96,,0,2025-09-21,Sunday,26,#drive09212025 Berkeley,Palo
,,#drive09212025  Davis  ->  Oakland  $25  leaving  8:20  AM,97,,0,2025-09-21,Sunday,25,#drive09212025 Davis,Oakland
,,#drive02192025 DRIVE!! Fremont-Sunnyvale 10:40 AM $22-27 thx,98,,0,2025-02-19,Wednesday,24,#drive02192025 DRIVE!! Fremont,Sunnyvale
,,#ride10282025 San Jose to Oakland | 12PM | 22 dollars | 1 seat,99,,1,2025-10-28,Tuesday,0,#ride10282025 San Jose,Oakland
,,#drive10112025 Need a drive Fremont to Davis. Budget $40,100,,0,2025-10-11,Saturday,40,#drive10112025 Need a drive Fremont,Davis
,,Need a drive from Fremont to Palo Alto. Budget $18,101,,,,,0,Fremont,Palo
,,#drive03132024  Need  a  drive  from  Oakland  to  Davis.  Budget  $15,102,,0,2024-03-13,Wednesday,15,Oakland,Davis
,,#drive05312025 DRIVE!! Berkeley to Palo Alto 7:50 AM $15 thx,103,,0,2025-05-31,Saturday,15,#drive05312025 DRIVE!! Berkeley,Palo
,,#ride09192024 Davis -> San Francisco | 8AM | $30 | 1 seat,104,,1,2024-09-19,Thursday,0,#ride09192024 Davis,San Francisco
,,#drive03102024 from Sunnyvale to Oakland $18 leaving 6AM,105,,0,2024-03-10,Sunday,18,Sunnyvale,Oakland
,,#drive01072025 Need a drive from Berkeley to Fremont. Budget $12,106,,0,2025-01-07,Tuesday,12,Berkeley,Fremont
,,#drive08312024 San Jose ➜ Oakland | 10PM | $35 | 1 seat,107,,0,2024-08-31,Saturday,35,#drive08312024 San Jose,Oakland
,,#drive06092024  Need  a  drive  Berkeley  ➜  Sunnyvale.  Budget  $18-26,108,,0,2024-06-09,Sunday,22,#drive06092024 Need a drive Berkeley,Sunnyvale
,,#ride04112024 Davis-Fremont | 9PM | 25 dollars | 1 seat,109,,1,2024-04-11,Thursday,0,#ride04112024 Davis,Fremont
,,"#drive04302025 from Berkeley to Fremont | 10:40 AM | $35 | 1 seat thx
flexible time",110,,0,2025-04-30,Wednesday,35,Berkeley,Fremont
,,#driev09222025 Sacramento ➜ San Jose 15 dollars leaving 6:10 AM,111,,,,,0,#driev09222025 Sacramento,San Jose
,,#ride02272024 RIDE!! Sacramento-Davis 10AM $20-30 🚗,112,,1,2024-02-27,Tuesday,0,#ride02272024 RIDE!! Sacramento,Davis
,,#drive01222024  Sunnyvale  to  Palo  Alto  $22  leaving  4PM,113,,0,2024-01-22,Monday,22,#drive01222024 Sunnyvale,Palo
,,#ride09272024 Berkeley ➜ San Jose | 10:00 AM | $12 | 1 seat,114,,1,2024-09-27,Friday,0,#ride09272024 Berkeley,San Jose
,,#drive07182025 Sunnyvale-Fremont | 6PM | $25 | 1 seat,115,,0,2025-07-18,Friday,25,#drive07182025 Sunnyvale,Fremont
,,#ride03172025 RIDE!! Sacramento ➜ Davis 9A M$25,116,,1,2025-03-17,Monday,0,#ride03172025 RIDE!! Sacramento,Davis
,,#ride07302025 #ride08062025 Need a ride Sacramento -> Okaland. Budget $25-30 🚗,117,,1,2025-07-30,Wednesday,0,#ride07302025 #ride08062025 Need a ride Sacramento,Okaland
,,Need  a  drive  Berkeley  ->  San  Jose.  Budget  $30-38  comment  below,118,,,,,0,Need a drive Berkeley,San
,,#ride01122024 Palo Alto -> San Francisco | 1PM | $18-23 | 1 seat,119,,1,2024-01-12,Friday,0,#ride01122024 Palo Alto,San Francisco
,,DRIVE!! from Palo Alto to Berkeley 6:50 PM $10,120,,,,,0,Palo Alto,Berkeley
,,"#drive04102024 Need a drive Berkeley-Sacramento. Budget $18
flexible time",121,,0,2024-04-10,Wednesday,18,#drive04102024 Need a drive Berkeley,Sacramento
,,#drive09022025 from Palo Alto to Berkeley | 7:00 PM |  | 1 seat,122,,0,2025-09-02,Tuesday,0,Palo Alto,Berkeley
,,#drive05112025 Oakland ➜ San Francisco $20-30 leaving 1PM,123,,0,2025-05-11,Sunday,25,#drive05112025 Oakland,San Francisco
,,#ride01152025 RIDE!! San Francisco to Sunnyvale 10PM $35,124,,1,2025-01-15,Wednesday,0,#ride01152025 RIDE!! San Francisco,Sunnyvale
,,#ride07112025 RIDE!! from San Jose to Sacramento 8:00 AM $30,125,,1,2025-07-11,Friday,0,San Jose,Sacramento
,,"#ride10142024 Oakland ➜ SF $15 leaving 9PM
anyone?",126,,1,2024-10-14,Monday,0,#ride10142024 Oakland,San Francisco
,,#drive07242024 San Jose to Palo Alto | 10AM | $30 | 1 seat thx,127,,0,2024-07-24,Wednesday,30,#drive07242024 San Jose,Palo
,,#drive10162024 from Fremont to Davis | 6:30 AM | $22 | 1 seat,128,,0,2024-10-16,Wednesday,22,Fremont,Davis
,,#ride07122025 RIDE!! from Sunnyvale to Berkeley 7:40 AM $12-22,129,,1,2025-07-12,Saturday,0,Sunnyvale,Berkeley
,,#ride01072025 San Jose to Oakland | 7:50 AM | |  1 seat,130,,1,2025-01-07,Tuesday,0,#ride01072025 San Jose,Oakland
,,#drive12302025 San Francisco -> Fremont | 7PM | $10 | 1 seat thx,131,,0,2025-12-30,Tuesday,10,#drive12302025 San Francisco,Fremont
,,#ride11262024 RIDE!! from Palo Alto to Davis 1PM $30,132,,1,2024-11-26,Tuesday,0,Palo Alto,Davis
,,#ride07102025 from Oakland to San Francisco 25 dollars leaving 2:30 PM 🚗,133,,1,2025-07-10,Thursday,0,Oakland,San Francisco
,,#drive03032024 Oakland ➜ Sacramento | 1PM | $40 | 1 seat,134,,0,2024-03-03,Sunday,40,#drive03032024 Oakland,Sacramento
,,#drive05212024 Need a drive Fremont-San Francisco. Budget $22 😊,135,,0,2024-05-21,Tuesday,22,#drive05212024 Need a drive Fremont,San Francisco
,,#drive12022024 Need a drive Davis ➜ Sacramento. Budget $30,136,,0,2024-12-02,Monday,30,#drive12022024 Need a drive Davis,Sacramento
,,#ride02132025 San Francisco -> Palo Alto | 1PM | $15 | 1 seat,137,,1,2025-02-13,Thursday,0,#ride02132025 San Francisco,Palo
,,#drive09202024 Fremont -> Sunnyvale | 9:00 AM | $35 | 1 seat,138,,0,2024-09-20,Friday,35,#drive09202024 Fremont,Sunnyvale
,,#drive04052024 from San Jose to Sunnyvale | 7AM | $20-30 | 1 seat 🚗,139,,0,2024-04-05,Friday,25,San Jose,Sunnyvale
,,#drive10022024 Need a drive San Jose to Sacramento. Budget 10 dollars,140,,0,2024-10-02,Wednesday,10,#drive10022024 Need a drive San Jose,Sacramento
,,"Fremont to Berkeley $35 leaving 4:40 PM 😊
pm me",141,,,,,0,Fremont,Berkeley
,,#ride02062025 Need a ride Fremont -> San Jose. Budget $30,142,,1,2025-02-06,Thursday,0,#ride02062025 Need a ride Fremont,San Jose
,,#drive03222025 DRIVE!! from Fremont to Sunnyvale 9AM $12 anyone?,143,,0,2025-03-22,Saturday,12,Fremont,Sunnyvale
,,#ride04052024 RIDE!! San Francisco -> Fremont 6AM,144,,1,2024-04-05,Friday,0,#ride04052024 RIDE!! San Francisco,Fremont
,,San Jose ➜ Davis | 9:00 PM | $12 | 1 seat,145,,,,,0,San Jose,Davis
,,#drive01252025 #drive02012025 Need a drive Fremont to Sac. Budget 30 dollars,146,,0,2025-01-25,Saturday,30,#drive01252025 #drive02012025 Need a drive Fremont,Sacramento
,,#ride08032024 San Jose-Davis $12-20 leaving 3:45 PM,147,,1,2024-08-03,Saturday,0,#ride08032024 San Jose,Davis
,,#drive02062024 #drive02132024 from Oakland to Sacramento | 6PM | $18-26 | 1 seat,148,,0,2024-02-06,Tuesday,22,Oakland,Sacramento
,,#drive07282024 Need a drive Palo Alto -> Sacramento. Budget $35,149,,0,2024-07-28,Sunday,35,#drive07282024 Need a drive Palo Alto,Sacramento
,,#ride02072024 #ride02102024 Sacramento-San Jose | 8:00 PM | $25 | 1 seat,150,,1,2024-02-07,Wednesday,0,#ride02072024 #ride02102024 Sacramento,San Jose
,,#drive04012024 Sunnyvale-Oakland $25-33 leaving 9AM thx,151,,0,2024-04-01,Monday,29,#drive04012024 Sunnyvale,Oakland
,,#drive08222025 from Oakland to Berkeley | 9:20 PM | $12 | 1 seat,152,,0,2025-08-22,Friday,12,Oakland,Berkeley
,,#drive04202024 San Jose-Sacramento | 10:50 AM | $30 | 1 seta,153,,0,2024-04-20,Saturday,30,#drive04202024 San Jose,Sacramento
,,#ride08282025 RIDE!! Oakland -> Davis 7AM $15,154,,1,2025-08-28,Thursday,0,#ride08282025 RIDE!! Oakland,Davis
,,#drive01302024 DRIVE!! from Palo Alto to Fremont 10:15 AM $30-40 🚗,155,,0,2024-01-30,Tuesday,35,Palo Alto,Fremont
,,RIDE!! Sacramento to Palo Alto 8PM $20-28 !!,156,,,,,0,RIDE!! Sacramento,Palo
,,Need a drive Sacramento ➜ Palo Alto. Budget $20,157,,,,,0,Need a drive Sacramento,Palo
,,#ride01272025 Need a ride Fremont to Palo Alto. Budget $10-18,158,,1,2025-01-27,Monday,0,#ride01272025 Need a ride Fremont,Palo
,,DRIVE!! from Sunnyvale to Oakland 1:40 PM $30,159,,,,,0,Sunnyvale,Oakland
,,#ride01052025  RIDE!!  Fremont  ➜  Davis  4:00  PM,160,,1,2025-01-05,Sunday,0,#ride01052025 RIDE!! Fremont,Davis
,,#ride06292025 RIDE!! San Francisco ➜ San Jose 9:30 PM $15 !!,161,,1,2025-06-29,Sunday,0,#ride06292025 RIDE!! San Francisco,San Jose
,,#ride10192025 #ride10202025 from San Francisco to Sacramento $22 leaving 9PM,162,,1,2025-10-19,Sunday,0,San Francisco,Sacramento
,,#ride05132025 RIDE!! Palo Alto-Berkeley 8PM $18,163,,1,2025-05-13,Tuesday,0,#ride05132025 RIDE!! Palo Alto,Berkeley
,,#drive04152024 Need a drive Fremont ➜ Palo Alto. Budget $10,164,,0,2024-04-15,Monday,10,#drive04152024 Need a drive Fremont,Palo
,,#drive01132024 from Berkeley to Sunnyvale | 2:40 PM | | 1 seat,165,,0,2024-01-13,Saturday,0,Berkeley,Sunnyvale
,,#ride01302025 from Davis to Berkeley | 3PM | $10-20 | 1 seat,166,,1,2025-01-30,Thursday,0,Davis,Berkeley
,,#ride09122024  from  Berkeley  to  Sunnyvale  $35  leaving  12:15  PM  thx,167,,1,2024-09-12,Thursday,0,Berkeley,Sunnyvale
,,#drive08032025 Need a drive Berkeley to Fremont. Budget $22,168,,0,2025-08-03,Sunday,22,#drive08032025 Need a drive Berkeley,Fremont
,,"#ride02032024 #ride02102024 RIDE!! Palo Alto to Oakland 2:40 PM 15 dollars
anyone?",169,,1,2024-02-03,Saturday,0,#ride02032024 #ride02102024 RIDE!! Palo Alto,Oakland
,,#ride12132025  RIDE!!  Sacramento  ➜  Berkeley  4PM  $15  😊,170,,1,2025-12-13,Saturday,0,#ride12132025 RIDE!! Sacramento,Berkeley
,,#drive08192025 from Palo Alto to Davis $35 leaving 9:00 AM,171,,0,2025-08-19,Tuesday,35,Palo Alto,Davis
,,#drive10232024  DRIVE!!  Berkeley-Sacramento  6:15  PM  $35,172,,0,2024-10-23,Wednesday,35,#drive10232024 DRIVE!! Berkeley,Sacramento
,,"#ride11112024  Need  a  ride  SJ  ➜  San  Jose.  Budget  $25
anyone?",173,,1,2024-11-11,Monday,0,#ride11112024 Need a ride SJ,San
,,#drive08082025 DRIVE!! Davis-San Jose 10:20 AM $25,174,,0,2025-08-08,Friday,25,#drive08082025 DRIVE!! Davis,San Jose
,,#drive08282024  from  San  Jose  to  Sacramento  $40  leaving  6:40  AM  pls,175,,0,2024-08-28,Wednesday,40,San Jose,Sacramento
,,#drive11192025 DRIVE!! San Francisco ➜ Davis 8:20 AM $25,176,,0,2025-11-19,Wednesday,25,#drive11192025 DRIVE!! San Francisco,Davis
,,#ride09252025 #ride10022025 Need a ride Oakland -> Sna Jose. Budget 25 dollars,177,,1,2025-09-25,Thursday,0,#ride09252025 #ride10022025 Need a ride Oakland,Sna
,,#drive12242025 Need a drive Sunnyvale to Oakland. Budget $35,178,,0,2025-12-24,Wednesday,35,#drive12242025 Need a drive Sunnyvale,Oakland
,,#drive05142024  DRIVE!!  San  Jose  ->  Sacramento  10PM  $40-45,179,,0,2024-05-14,Tuesday,42,#drive05142024 DRIVE!! San Jose,Sacramento
,,#drive09102025 Berkeley to SJ $22 leaving 11:45 AM,180,,0,2025-09-10,Wednesday,22,#drive09102025 Berkeley,San Jose
,,#ride03052025 Need a ride from Fremont to Sacramento. Budget $40,181,,1,2025-03-05,Wednesday,0,Fremont,Sacramento
,,#ride10212024 #ride10232024 Need a ride San Francisco ➜ Sunnyvale. Budget $15,182,,1,2024-10-21,Monday,0,#ride10212024 #ride10232024 Need a ride San Francisco,Sunnyvale
,,#ride03042024 San Francisco to Berkeley | 8AM | 15 dollars | 1 seat,183,,1,2024-03-04,Monday,0,#ride03042024 San Francisco,Berkeley
,,#ride12262024  Sacramento  ➜  Davis  $10-15  leaving  10AM,184,,1,2024-12-26,Thursday,0,#ride12262024 Sacramento,Davis
,,"#ride05122024 Sacramento to San Jose | 2:00 PM | 12 dollars | 1 seat
anyone?",185,,1,2024-05-12,Sunday,0,#ride05122024 Sacramento,San Jose
,,#drive03102024 Berkeley -> Palo Alto 12 dollars leaving 11:40 AM 😊,186,,0,2024-03-10,Sunday,12,#drive03102024 Berkeley,Palo
,,#drive07032024 from Oakland to Sacramento $15-25 leaving 12PM,187,,0,2024-07-03,Wednesday,20,Oakland,Sacramento
,,#ride08202024 #ride08212024 from Davis to Palo Alto | 6PM | | 1 seat,188,,1,2024-08-20,Tuesday,0,Davis,Palo
,,#ride06022025 Fremont ➜ Berkeley | 1PM | $20 | 1 seat,189,,1,2025-06-02,Monday,0,#ride06022025 Fremont,Berkeley
,,"#drive03272024 San Jose to Palo Alto $30 leaving 9:30 AM
comment below",190,,0,2024-03-27,Wednesday,30,#drive03272024 San Jose,Palo
,,#drive01052024 Sunnyvale to Oakland  leaving 12PM,191,,0,2024-01-05,Friday,0,#drive01052024 Sunnyvale,Oakland
,,#drive01072024 Need a drive from Sunnyvale to Fremont. Budget $40,192,,0,2024-01-07,Sunday,40,Sunnyvale,Fremont
,,"#ride05022025 Palo Alto-Davis | 1:00 PM | $25 | 1 seat
pm me",193,,1,2025-05-02,Friday,0,#ride05022025 Palo Alto,Davis
,,#drive03202025  from  Oakland  to  Sunnyvale  |  6:00  AM  |  $12  |  1  seat,194,,0,2025-03-20,Thursday,12,Oakland,Sunnyvale
,,#ride08282024 #ride09042024 Fremont -> Sunnyvale $22 leaving 7:45 PM 🚗,195,,1,2024-08-28,Wednesday,0,#ride08282024 #ride09042024 Fremont,Sunnyvale
,,#drive06072024 Davis to San Jose | 8:20 AM | $35 | 1 seat,196,,0,2024-06-07,Friday,35,#drive06072024 Davis,San Jose
,,#ride06012025 Sacramento to San Francisco $25 leaving 9PM,197,,1,2025-06-01,Sunday,0,#ride06012025 Sacramento,San Francisco
,,#ride06092025 Sunnyvale -> Sac | 10PM | $35 | 1 seat thx,198,,1,2025-06-09,Monday,0,#ride06092025 Sunnyvale,Sacramento
,,#ride08312024 Sac-Oakland | 8:30 PM | $30-35 | 1 seat,199,,1,2024-08-31,Saturday,0,#ride08312024 Sac,Oakland
,,#ride04032025 Berkeley-SF | 6:00 PM | $18 | 1 seat,200,,1,2025-04-03,Thursday,0,#ride04032025 Berkeley,San Francisco
,,#drive01202025 Need a drive San Francisco ➜ Sac. Budget $15 pls,201,,0,2025-01-20,Monday,15,#drive01202025 Need a drive San Francisco,Sacramento
,,#ride02272025 Need a ride San Jose to Sunnyvale. Budget $30,202,,1,2025-02-27,Thursday,0,#ride02272025 Need a ride San Jose,Sunnyvale
,,#drive12122025 San Francisco-Palo Alto | 7:45 PM | $35-43 | 1 seat,203,,0,2025-12-12,Friday,39,#drive12122025 San Francisco,Palo
,,"#drive01122025 DRIVE!! Oakland to Sunnyvale 7:45 PM $22-32
comment below",204,,0,2025-01-12,Sunday,27,#drive01122025 DRIVE!! Oakland,Sunnyvale
,,#ride11202024 RIDE!! Fremont to Oakland 6AM $35,205,,1,2024-11-20,Wednesday,0,#ride11202024 RIDE!! Fremont,Oakland
,,#drive11232025 Need a drive San Francisco-Sacramento. Budget $12,206,,0,2025-11-23,Sunday,12,#drive11232025 Need a drive San Francisco,Sacramento
,,#ride11052024  RIDE!!  from  Palo  Alto  to  San  Jose  6:30  PM  12  dollars,207,,1,2024-11-05,Tuesday,0,Palo Alto,San
,,"#ride12022024 Fremont to San Francisco | 3PM | $25 | 1 seat 🚗
pm me",208,,1,2024-12-02,Monday,0,#ride12022024 Fremont,San Francisco
,,Need a drive San Jose ➜ Berkeley. Budget $30,209,,,,,0,Need a drive San Jose,Berkeley
,,#ride11182024 San Francisco-Davis  leaving 2PM,210,,1,2024-11-18,Monday,0,#ride11182024 San Francisco,Davis
,,#drive12312024 San Jose-Fremont | 9:40 PM |  | 1 seat,211,,0,2024-12-31,Tuesday,0,#drive12312024 San Jose,Fremont
,,#ride06072024  #ride06142024  San  Jose  to  Davis  |  5:00  PM  |  $22  |  1  seat  😊,212,,1,2024-06-07,Friday,0,#ride06072024 #ride06142024 San Jose,Davis
,,from Fremont to San Jose $22 leaving 1:15 PM,213,,,,,0,Fremont,San Jose
,,#drive01042024 Sunnyvale ➜ Oakland | 3PM | $30 | 1 seat,214,,0,2024-01-04,Thursday,30,#drive01042024 Sunnyvale,Oakland
,,#ride10032025 Fremont -> Sunnyvale $10 leaving 4:15 PM,215,,1,2025-10-03,Friday,0,#ride10032025 Fremont,Sunnyvale
,,#ride02122025 Fremont to Sunnyvale | 7AM | $35 | 1 seat pls,216,,1,2025-02-12,Wednesday,0,#ride02122025 Fremont,Sunnyvale
,,"#drive09022025 Sacramento -> Oakland | 5PM | $40-48 | 1 seat pls
comment below",217,,0,2025-09-02,Tuesday,44,#drive09022025 Sacramento,Oakland
,,#ride07082024  Need  a  ride  Fremont  ➜  Davis.  Budget  $20-30  !!,218,,1,2024-07-08,Monday,0,#ride07082024 Need a ride Fremont,Davis
,,#drive10232024 from Davis to Sunnyvale | 10PM | $25-33 | 1 seat,219,,0,2024-10-23,Wednesday,29,Davis,Sunnyvale
,,#ride04092024 from Oakland to San Francisco $40 leaving 8:10 PM 🚗,220,,1,2024-04-09,Tuesday,0,Oakland,San Francisco
,,#drive03092025 from Fremont to Sacramento  leaving 9AM,221,,0,2025-03-09,Sunday,0,Fremont,Sacramento
,,#ride09032024 from Berkeley to Fremont | 9AM |  | 1 seat pls,222,,1,2024-09-03,Tuesday,0,Berkeley,Fremont
,,#ride03032025 Need a ride Sacramento-Oakland. Budget $10,223,,1,2025-03-03,Monday,0,#ride03032025 Need a ride Sacramento,Oakland
,,#ride04192025 from Sacramento to San Francisco $22-27 leaving 10:40 AM pls,224,,1,2025-04-19,Saturday,0,Sacramento,San Francisco
,,#ride08172024 Oakland to PaloA lto | 6:00 PM | $30-40 | 1 seat,225,,1,2024-08-17,Saturday,0,#ride08172024 Oakland,PaloA
,,#drive11162024 Need a drive from Sacramento to Sunnyvale. Budget $18-26,226,,0,2024-11-16,Saturday,22,Sacramento,Sunnyvale
,,#drive07252024 from San Jose to Oakland $10 leaving 10:00 AM,227,,0,2024-07-25,Thursday,10,San Jose,Oakland
,,"#ride02162024 RIDE!! Palo Alto -> Sunnyvale 5PM $20-28
flexible time",228,,1,2024-02-16,Friday,0,#ride02162024 RIDE!! Palo Alto,Sunnyvale
,,#ride08012024  Need  a  ride  Berkeley-Oakland.  Budget  $20  !!,229,,1,2024-08-01,Thursday,0,#ride08012024 Need a ride Berkeley,Oakland
,,"#drive10102024  DRIVE!!  San  Francisco  to  Sac  5:30  PM  $10
pm  me",230,,0,2024-10-10,Thursday,10,#drive10102024 DRIVE!! San Francisco,Sacramento
,,#drive07262025 Berkeley ➜ Fremont  leaving 2:00 PM !!,231,,0,2025-07-26,Saturday,0,#drive07262025 Berkeley,Fremont
,,#drive05232024 DRIVE!! from Fremont to Davis 4PM $25,232,,0,2024-05-23,Thursday,25,Fremont,Davis
,,#drive09272025 DRIVE!! Davis -> SJ 6:10 AM $10 !!,233,,0,2025-09-27,Saturday,10,#drive09272025 DRIVE!! Davis,San Jose
,,#ride08192024 San Francisco ➜ Fremont | 4PM | $18 | 1 seat,234,,1,2024-08-19,Monday,0,#ride08192024 San Francisco,Fremont
,,Fremont ➜ SF | 6AM | $20 | 1 seat thx,235,,,,,0,Fremont,San Francisco
,,#drive10272024 Sacramento ➜ Davis | 10:40 AM | $20 | 1 seat,236,,0,2024-10-27,Sunday,20,#drive10272024 Sacramento,Davis
,,#drive09082024 Need a drive from Fremont to Sacramento. Budget $25,237,,0,2024-09-08,Sunday,25,Fremont,Sacramento
,,#drive06122024 Berkeley ➜ Fremont | 12PM | $18 | 1 seat 😊,238,,0,2024-06-12,Wednesday,18,#drive06122024 Berkeley,Fremont
,,#ride02242024 Need a ride Oakland-Fremont. Budget $10,239,,1,2024-02-24,Saturday,0,#ride02242024 Need a ride Oakland,Fremont
,,#drive01122025 Need a drive Berkeley -> Fremont. Budget,240,,0,2025-01-12,Sunday,0,#drive01122025 Need a drive Berkeley,Fremont
,,#ride12132025 from Sunnyvale to San Jose | 12:15 PM | | 1 seat,241,,1,2025-12-13,Saturday,0,Sunnyvale,San Jose
,,#drive12252024 #drive01012025 Need a drive Fremont-Palo Alto. Budget 10 dollars !!,242,,0,2024-12-25,Wednesday,10,#drive12252024 #drive01012025 Need a drive Fremont,Palo
,,SF to Berkeley | 10:10 AM | $15 | 1 seat,243,,,,,0,San Francisco,Berkeley
,,#drive11272024 Fremont ➜ Sacramento $20 leaving 1PM 🚗,244,,0,2024-11-27,Wednesday,20,#drive11272024 Fremont,Sacramento
,,#ride08142024 San Jose ➜ Oakland | 5:45 PM | $35 | 1 seat,245,,1,2024-08-14,Wednesday,0,#ride08142024 San Jose,Oakland
,,#drive09082025 #drive09102025 Sacramento ➜ Sunnyvale | 5:30 PM | 20 dollars | 1 seat,246,,0,2025-09-08,Monday,20,#drive09082025 #drive09102025 Sacramento,Sunnyvale
,,#drive10282025 Need a drive Oakland-Sunnyvale. Budget $35,247,,0,2025-10-28,Tuesday,35,#drive10282025 Need a drive Oakland,Sunnyvale
,,#ride10292024 RIDE!! San Francisco -> Berkeley 10AM $15,248,,1,2024-10-29,Tuesday,0,#ride10292024 RIDE!! San Francisco,Berkeley
,,#drive02122024 #drive02192024 DRIVE!! Berkeley-Fremont 4PM $12,249,,0,2024-02-12,Monday,12,#drive02122024 #drive02192024 DRIVE!! Berkeley,Fremont
,,#ride05102025  RIDE!!  Sunnyvale  ->  Davis  1:45  PM  $35-40,250,,1,2025-05-10,Saturday,0,#ride05102025 RIDE!! Sunnyvale,Davis
,,"San Jose -> Fremont | 6:40 AM | $20 | 1 seat
anyone?",251,,,,,0,San Jose,Fremont
,,#drive09152024 #drive09162024 DRIVE!! San Jose ➜ Berkeley 7:50 PM $22,252,,0,2024-09-15,Sunday,22,#drive09152024 #drive09162024 DRIVE!! San Jose,Berkeley
,,#ride07292025 RIDE!! Berkeley ➜ San Jose 8AM $20 🚗,253,,1,2025-07-29,Tuesday,0,#ride07292025 RIDE!! Berkeley,San Jose
,,#ride11152024 Fremont-Sacramento | 9PM | $30-35 | 1 seat,254,,1,2024-11-15,Friday,0,#ride11152024 Fremont,Sacramento
,,Sunnyvale  to  San  Francisco  $10  leaving  1:40  PM,255,,,,,0,Sunnyvale,San
,,#ride12122024 Sunnyvale to San Jose $10-20 leaving 3PM,256,,1,2024-12-12,Thursday,0,#ride12122024 Sunnyvale,San Jose
,,#ride06032024 Need a ride San Jose -> Oakland. Budget $30,257,,1,2024-06-03,Monday,0,#ride06032024 Need a ride San Jose,Oakland
,,#ride12302025  #ride12312025 Need a ride Sac-Sunnyvale. Budget $15 thx,258,,1,2025-12-30,Tuesday,0,#ride12302025 #ride12312025 Need a ride Sac,Sunnyvale
,,#ride11222025 Oakland ➜ Sunnyvale | 9:45 A M| $35 | 1 seat,259,,1,2025-11-22,Saturday,0,#ride11222025 Oakland,Sunnyvale
,,#ride11012025  Need  a  ride  Sacramento  ➜  Fremont.  Budget  $15,260,,1,2025-11-01,Saturday,0,#ride11012025 Need a ride Sacramento,Fremont
,,#drive04225024 Need a drive from Sacramento to Berkeley. Budget $22,261,,0,5024-04-22,Thursday,22,Sacramento,Berkeley
,,#drive04162024  DRIVE!!  San  Francisco  ->  Berkeley  8AM  $12-17,262,,0,2024-04-16,Tuesday,14,#drive04162024 DRIVE!! San Francisco,Berkeley
,,#drive04012025 #drive04032025 Need a drive Berkeley ➜ Fremont. Budget 40 dollars pls,263,,0,2025-04-01,Tuesday,40,#drive04012025 #drive04032025 Need a drive Berkeley,Fremont
,,#drive05142025 Sacramento ➜ Davis $20 leaving 10AM,264,,0,2025-05-14,Wednesday,20,#drive05142025 Sacramento,Davis
,,#drive12312024 Berkeley-Fremont | 8:10 AM | $30-38 | 1 seat pls,265,,0,2024-12-31,Tuesday,34,#drive12312024 Berkeley,Fremont
,,#drive11092025 DRIVE!! from Sac to San Francisco 4PM 20 dollars,266,,0,2025-11-09,Sunday,20,Sacramento,San Francisco
,,#ride01232025  from  Sacramento  to  Oakland    leaving  1PM,267,,1,2025-01-23,Thursday,0,Sacramento,Oakland
,,#ride01212025  Berkeley-Sunnyvale  |  2:50  PM  |  $10  |  1  seat,268,,1,2025-01-21,Tuesday,0,#ride01212025 Berkeley,Sunnyvale
,,Need a ride Palo Alto to San Jose. Budget $10,269,,,,,0,Need a ride Palo Alto,San Jose
,,#drive08282025 #drive08292025 DRIVE!! Oakland-San Francisco 8:40 AM $40 pls,270,,0,2025-08-28,Thursday,40,#drive08282025 #drive08292025 DRIVE!! Oakland,San Francisco
,,"#ride05062025 Davis -> Palo Alto | 6PM | $22 | 1 seat pls
anyone?",271,,1,2025-05-06,Tuesday,0,#ride05062025 Davis,Palo
,,#drive07012024 DRIVE!! Davis ➜ Palo Alto 12PM 30 dollars,272,,0,2024-07-01,Monday,30,#drive07012024 DRIVE!! Davis,Palo
,,#drive12032025 Need a drive Davis-San Francisco. Budget $10,273,,0,2025-12-03,Wednesday,10,#drive12032025 Need a drive Davis,San Francisco
,,#drive10292024 Palo Alto ➜ Sacramento | 9:40 AM | | 1 seat,274,,0,2024-10-29,Tuesday,0,#drive10292024 Palo Alto,Sacramento
,,#ride11162025 Sunnyvale-Berkeley | 2:20 PM | $20 | 1 seat,275,,1,2025-11-16,Sunday,0,#ride11162025 Sunnyvale,Berkeley
,,San  Jose  ➜  Sacramento  |  9AM  |  20  dollars  |  1  seat  thx,276,,,,,0,San Jose,Sacramento
,,#drive09262024 Davis-Oakland | 4:30 PM | 15 dollars | 1 seat,277,,0,2024-09-26,Thursday,15,#drive09262024 Davis,Oakland
,,"#ride06252024 Need a ride Plao Alto to Fremont. Budget $15
flexible time",278,,1,2024-06-25,Tuesday,0,#ride06252024 Need a ride Plao Alto,Fremont
,,Fremont  ->  Berkeley  $25  leaving  4:30  PM,279,,,,,0,Fremont,Berkeley
,,"#drive05122024 DRIVE!! from Palo Alt oto Sacramento 4PM $12
flexible time",280,,0,2024-05-12,Sunday,12,,
,,Davis ➜ San Jose | 4:10 PM | $22 | 1 seat,281,,,,,0,Davis,San Jose
,,#ride02252024 from Davis to Sunnyvale | 4:30 PM | $18 | 1 seat,282,,1,2024-02-25,Sunday,0,Davis,Sunnyvale
,,Berkeley ➜ Davis $10 leaving 10:30 AM,283,,,,,0,Berkeley,Davis
,,#drive07312024 DRIVE!! Palo Alto -> Berkeley 4PM $35,284,,0,2024-07-31,Wednesday,35,#drive07312024 DRIVE!! Palo Alto,Berkeley
,,#drive08062025 DRIVE!! San Francisco to Berkeley 12PM $30,285,,0,2025-08-06,Wednesday,30,#drive08062025 DRIVE!! San Francisco,Berkeley
,,#drive03122025 Need a drive Sunnyvale ➜ Sacramento. Budget 35 dollars,286,,0,2025-03-12,Wednesday,35,#drive03122025 Need a drive Sunnyvale,Sacramento
,,#drive10242025  Sunnyvale  ➜  Sacramento  $12  leaving  6AM,287,,0,2025-10-24,Friday,12,#drive10242025 Sunnyvale,Sacramento
,,#drive12062025 Sunnyvale ➜ Berekley | 6:15 AM | $25 | 1 seat 😊,288,,0,2025-12-06,Saturday,25,#drive12062025 Sunnyvale,Berekley
,,#drive05092024 Need a drive Sacramento-SJ. Budget $10,289,,0,2024-05-09,Thursday,10,#drive05092024 Need a drive Sacramento,San Jose
,,#drive11102024  Palo  Alto  ->  Sacramento  |  8AM  |  $18-23  |  1  seat,290,,0,2024-11-10,Sunday,20,#drive11102024 Palo Alto,Sacramento
,,#ride10112024 Sacramento to Sunnyvale | 9PM | $10 | 1 seat,291,,1,2024-10-11,Friday,0,#ride10112024 Sacramento,Sunnyvale
,,#drive07232025 from Berkeley to Palo Alto $12 leaving 10:45 AM 🚗,292,,0,2025-07-23,Wednesday,12,Berkeley,Palo
,,"#drive02142024 Sunnyvale ➜ San Francisco  leaving 12PM
pm me",293,,0,2024-02-14,Wednesday,0,#drive02142024 Sunnyvale,San Francisco
,,#ride02212024 RIDE!! Palo Alto-San Jose 6:45 AM,294,,1,2024-02-21,Wednesday,0,#ride02212024 RIDE!! Palo Alto,San Jose
,,#ride12032024 Davis ➜ San Jose $40 leaving 9:45 AM,295,,1,2024-12-03,Tuesday,0,#ride12032024 Davis,San Jose
,,#ride09022025 RIDE!! Palo Alto to San Francisco 2:00 PM 🚗,296,,1,2025-09-02,Tuesday,0,#ride09022025 RIDE!! Palo Alto,San Francisco
,,#drive03262025 Davis -> Sunnyvale | 4:00 PM | $30 | 1 seat thx,297,,0,2025-03-26,Wednesday,30,#drive03262025 Davis,Sunnyvale
,,#ride04202024 Palo Alto-Sacramento $15 leaving 2:30 PM,298,,1,2024-04-20,Saturday,0,#ride04202024 Palo Alto,Sacramento
,,DRIVE!! San Francisco-Fremont 9AM $30,299,,,,,0,DRIVE!! San Francisco,Fremont
,,#ride07252024 RIDE!! from Fremont to Sacramento 8:00 AM $40-48 pls,300,,1,2024-07-25,Thursday,0,Fremont,Sacramento
,,#ride08012024  #ride08082024  Berkeley  to  San  Francisco  $35  leaving  5:15  PM,301,,1,2024-08-01,Thursday,0,#ride08012024 #ride08082024 Berkeley,San
,,#drive07302024 from Sac to San Jose | 6:00 AM |  | 1 seat 😊,302,,0,2024-07-30,Tuesday,0,Sacramento,San Jose
,,#drive10172025 Fremont -> Sacramento | 9:30 PM | $35 | 1 seat 😊,303,,0,2025-10-17,Friday,35,#drive10172025 Fremont,Sacramento
,,"#drive09052024 DRIVE!! Davis to Oakland 8:30 PM $15
pm me",304,,0,2024-09-05,Thursday,15,#drive09052024 DRIVE!! Davis,Oakland
,,#ride02072025 #ride02082025 RIDE!! from Fremont to Palo Alto 9AM $30,305,,1,2025-02-07,Friday,0,Fremont,Palo
,,#ride03212024 from Davis to San Jose 15 dollars leaving 2PM,306,,1,2024-03-21,Thursday,0,Davis,San Jose
,,#drive10172024 Berkeley to Palo Alto  leaving 9:00 AM,307,,0,2024-10-17,Thursday,0,#drive10172024 Berkeley,Palo
,,#drive06272024 DRIVE!! Berkeley ➜ Oakland 9AM $20 thx,308,,0,2024-06-27,Thursday,20,#drive06272024 DRIVE!! Berkeley,Oakland
,,#drive09182025 Davis -> Sunnyvale  leaving 1PM,309,,0,2025-09-18,Thursday,0,#drive09182025 Davis,Sunnyvale
,,"#drive01262025 Need a drive San Francisco to Berkeley. Budget 18 dollars pls
flexible time",310,,0,2025-01-26,Sunday,18,#drive01262025 Need a drive San Francisco,Berkeley
,,#drive03212024 Need a drive from Sacramento to Davis. Budget $10-15 😊,311,,0,2024-03-21,Thursday,12,Sacramento,Davis
,,#drive05262024 Sunnyvale -> Davis leaving 4:50 PM,312,,0,2024-05-26,Sunday,0,#drive05262024 Sunnyvale,Davis
,,#drive11142025  from  San  Francisco  to  Berkeley  $10-15  leaving  5PM,313,,0,2025-11-14,Friday,12,San Francisco,Berkeley
,,DRIVE!!  Palo  Alto-San  Jose  6:50  PM  $35,314,,,,,0,DRIVE!! Palo Alto,San
,,#ride11102025 #ride11112025 RIDE!! Berkeley-Fremont 9:40 AM $20-30,315,,1,2025-11-10,Monday,0,#ride11102025 #ride11112025 RIDE!! Berkeley,Fremont
,,#ride10162025 Need a ride San Francisco -> Sunnyvale. Budget,316,,1,2025-10-16,Thursday,0,#ride10162025 Need a ride San Francisco,Sunnyvale
,,#ride10012024 Fremont -> Davis  leaving 6PM,317,,1,2024-10-01,Tuesday,0,#ride10012024 Fremont,Davis
,,#drive08312025 Davis-Berkeley $35 leavnig 12:45 PM,318,,0,2025-08-31,Sunday,35,#drive08312025 Davis,Berkeley
,,#ride09192025 RIDE!! Sunnyvale ➜ San Jose 12PM $40-48,319,,1,2025-09-19,Friday,0,#ride09192025 RIDE!! Sunnyvale,San Jose
,,#ride10192025 Palo Alto-Davis | 6:15 AM | $35 | 1 seat thx,320,,1,2025-10-19,Sunday,0,#ride10192025 Palo Alto,Davis
,,#drive10032025 from Davis to Oakland $25 leaving 10PM,321,,0,2025-10-03,Friday,25,Davis,Oakland
,,d#rive08242024 Fremont to Oakland $12 leaving 9AM pls,322,,,,,0,d #rive08242024 Fremont,Oakland
,,#ride05242025 Need a ride Palo Alto to Berkeley. Budget $25,323,,1,2025-05-24,Saturday,0,#ride05242025 Need a ride Palo Alto,Berkeley
,,#drive12192025 Sacramento -> Fremont | 7AM |  | 1 seat,324,,0,2025-12-19,Friday,0,#drive12192025 Sacramento,Fremont
,,#ride04102024  Palo  Alto  to  Sacramento  $30  leaving  1PM  😊,325,,1,2024-04-10,Wednesday,0,#ride04102024 Palo Alto,Sacramento
,,#drive12262024 Berkeley -> San Francisco | 9:50 AM | $35 | 1 seat,326,,0,2024-12-26,Thursday,35,#drive12262024 Berkeley,San Francisco
,,#drive05252025 DRIVE!! Fremont-Sunnyvale 8:50 AM $25-30,327,,0,2025-05-25,Sunday,28,#drive05252025 DRIVE!! Fremont,Sunnyvale
,,#ride09232025 from Fremont to Palo Alto  leaving 9:45 AM,328,,1,2025-09-23,Tuesday,0,Fremont,Palo
,,#drive02142025 Need a drive Davis -> Oakland. Budget $10,329,,0,2025-02-14,Friday,10,#drive02142025 Need a drive Davis,Oakland
,,#ride11162025 Need a ride Palo Alto-Sacramento. Budget $20 anyone?,330,,1,2025-11-16,Sunday,0,#ride11162025 Need a ride Palo Alto,Sacramento
,,#drive07102024 Need a drive SJ-Sunnyvale. Budget $35,331,,0,2024-07-10,Wednesday,35,#drive07102024 Need a drive SJ,Sunnyvale
,,#ride03152024 RIDE!! Palo Alto-Sunnyvale 1:30 PM 😊,332,,1,2024-03-15,Friday,0,#ride03152024 RIDE!! Palo Alto,Sunnyvale
,,#ride05072024 Berkeley to Davis  leaving 10PM,333,,1,2024-05-07,Tuesday,0,#ride05072024 Berkeley,Davis
,,Need  a  ride  Sunnyvale  to  Davis.  Budget  $40,334,,,,,0,Need a ride Sunnyvale,Davis
,,#drive05262024 Need a drive Davis ➜ Sacramento. Budget,335,,0,2024-05-26,Sunday,0,#drive05262024 Need a drive Davis,Sacramento
,,#ride12272024  from  San  Jose  to  Berkeley  |  6PM  |  $10-15  |  1  seat,336,,1,2024-12-27,Friday,0,San Jose,Berkeley
,,#drive02232024  Berkeley  to  San  Francisco  $10  leaving  10:30  PM,337,,0,2024-02-23,Friday,10,#drive02232024 Berkeley,San
,,#drive01262025 Need a drive Davis to San Francisco. Budget $12-17,338,,0,2025-01-26,Sunday,14,#drive01262025 Need a drive Davis,San Francisco
,,#ride07012025 Sacramento-Sunnyvale $30 leaving 11:50 AM,339,,1,2025-07-01,Tuesday,0,#ride07012025 Sacramento,Sunnyvale
,,#ride07092025 #ride07122025 Sacramento to Palo Alto $25 leaving 9AM,340,,1,2025-07-09,Wednesday,0,#ride07092025 #ride07122025 Sacramento,Palo
,,#drive04242024 Davis ➜ Oakland  leaving 7:45 AM !!,341,,0,2024-04-24,Wednesday,0,#drive04242024 Davis,Oakland
,,#drive01302024 DRIVE!! from Sunnyvale to Sacramento 3PM $22,342,,0,2024-01-30,Tuesday,22,Sunnyvale,Sacramento
,,#drive02252025 from Berkeley to Sacramento | 8:15 PM | $40-50 | 1 seat,343,,0,2025-02-25,Tuesday,45,Berkeley,Sacramento
,,#ride08112024 Davis -> Oakland $30 leaving 3PM,344,,1,2024-08-11,Sunday,0,#ride08112024 Davis,Oakland
,,#drive05222025 DRIVE!! Berkeley -> San Jose 10:10 PM $10 pls,345,,0,2025-05-22,Thursday,10,#drive05222025 DRIVE!! Berkeley,San Jose
,,#ride01162024 Sunnyvale to Sacramento $35 leaving 9AM,346,,1,2024-01-16,Tuesday,0,#ride01162024 Sunnyvale,Sacramento
,,#drive02126025  San  Jose  ->  Oakland  |  5PM  |  $20  |  1  seat  !!,347,,0,6025-02-12,Wednesday,20,#drive02126025 San Jose,Oakland
,,"#ride01272025 RIDE!! San Jose -> Sunnyvale 5PM 40 dollars
pm me",348,,1,2025-01-27,Monday,0,#ride01272025 RIDE!! San Jose,Sunnyvale
,,#drive08282025 from Fremont to Berkeley | 7PM | $25 | 1 seat thx,349,,0,2025-08-28,Thursday,25,Fremont,Berkeley
,,#drive04162025 Need a drive from Palo Alto to Davis. Budget $35 flexible time,350,,0,2025-04-16,Wednesday,35,Palo Alto,Davis
,,#ride08292024 Oakland -> Fremont $12 leaving 1:10 PM,351,,1,2024-08-29,Thursday,0,#ride08292024 Oakland,Fremont
,,DRIVE!! Palo Alto ➜ Oakland 2PM $12,352,,,,,0,DRIVE!! Palo Alto,Oakland
,,#drive08292024 DRIVE!! Oakland -> Sacramento 7PM $15,353,,0,2024-08-29,Thursday,15,#drive08292024 DRIVE!! Oakland,Sacramento
,,#ride09252024 Sacramento to Sunnyvale | 01:20 PM | 10 dollars | 1 seat,354,,1,2024-09-25,Wednesday,0,#ride09252024 Sacramento,Sunnyvale
,,#ride10222024 Davis -> San Francisco 20 dollars laeving 8PM,355,,1,2024-10-22,Tuesday,0,#ride10222024 Davis,San Francisco
,,#drive10052024 DRIVE!! Palo Alto-San Jose 9AM 10 dollars,356,,0,2024-10-05,Saturday,10,#drive10052024 DRIVE!! Palo Alto,San Jose
,,#ride12132024 Need a ride Oakland to San Jose. Budget $35,357,,1,2024-12-13,Friday,0,#ride12132024 Need a ride Oakland,San Jose
,,"#ride05042025 Berkeley-San Jose $12-22 leaving 1:45 PM
comment below",358,,1,2025-05-04,Sunday,0,#ride05042025 Berkeley,San Jose
,,#drive01262024  DRIV!E!  Davis  ->  Palo  Alto  6PM,359,,0,2024-01-26,Friday,0,#drive01262024 DRIV!E! Davis,Palo
,,#ride08202024  SJ  ->  Sacramento  $35  leaving  2PM,360,,1,2024-08-20,Tuesday,0,#ride08202024 SJ,Sacramento
,,#drive12302025 Need a drive SJ ➜ Sunnyvale. Budget $12,361,,0,2025-12-30,Tuesday,12,#drive12302025 Need a drive SJ,Sunnyvale
,,#drive03232024 DRIVE!! San Jose -> Sunnyvale 9PM $10,362,,0,2024-03-23,Saturday,10,#drive03232024 DRIVE!! San Jose,Sunnyvale
,,"#ride10112025 RIDE!! Sunnyvale  ➜San Jose 4PM $40
pm me",363,,1,2025-10-11,Saturday,0,#ride10112025 RIDE!! Sunnyvale,San Jose
,,#drive04042025 from Oakland to Fremont $15 leaving 6:00 PM,364,,0,2025-04-04,Friday,15,Oakland,Fremont
,,#ride06052025 from Palo Alto to SJ  leaving 10:30 PM 🚗,365,,1,2025-06-05,Thursday,0,Palo Alto,San Jose
,,#ride01182024  #ride01252024  Fremont  ➜  Sac  |  2PM  |  $30  |  1  seat,366,,1,2024-01-18,Thursday,0,#ride01182024 #ride01252024 Fremont,Sacramento
,,#drive03112025 DRIVE!! Davis -> San Francisco 4:50 PM $18,367,,0,2025-03-11,Tuesday,18,#drive03112025 DRIVE!! Davis,San Francisco
,,#ride06122024  Sacramento  ->  Oakland  leaving  10AM,368,,1,2024-06-12,Wednesday,0,#ride06122024 Sacramento,Oakland
,,#ride10152025 Need a ride from San Jose to Sacramento. Budget $15-23 😊,369,,1,2025-10-15,Wednesday,0,San Jose,Sacramento
,,#drive09012024  from  Berkeley  to  Davis  |  1:45  PM  |  $15  |  1  seat,370,,0,2024-09-01,Sunday,15,Berkeley,Davis
,,#drive01132024 Berkeley-San Jose  leaving 8PM,371,,0,2024-01-13,Saturday,0,#drive01132024 Berkeley,San Jose
,,#drive10142024 DRIVE!! San Jose-San Francisco 12PM $25,372,,0,2024-10-14,Monday,25,#drive10142024 DRIVE!! San Jose,San Jose
,,#drive03282024 San Jose -> Oakland | 3:10 PM |  | 1 seat,373,,0,2024-03-28,Thursday,0,#drive03282024 San Jose,Oakland
,,#drive03052025 Need a drive Oakland-Palo Alto. Budget 40 dollars,374,,0,2025-03-05,Wednesday,40,#drive03052025 Need a drive Oakland,Palo
,,#drive03072024 DRIVE!! Berkeley-Palo Alto 11AM !!,375,,0,2024-03-07,Thursday,0,#drive03072024 DRIVE!! Berkeley,Palo
,,#ride04292025 Sacramento -> San Francisco | 3:10 PM | $25-35 | 1 seat pls,376,,1,2025-04-29,Tuesday,0,#ride04292025 Sacramento,San Francisco
,,"#drive05262024 Davis ➜ Palo Alto $22 leaving 8:20 AM
comment below",377,,0,2024-05-26,Sunday,22,#drive05262024 Davis,Palo
,,#ride12132025 RIDE!! Davis-Oakland 2:10 PM $40,378,,1,2025-12-13,Saturday,0,#ride12132025 RIDE!! Davis,Oakland
,,#drive04012025 San Francisco to Sunnyvale $35 leaving 10AM,379,,0,2025-04-01,Tuesday,35,#drive04012025 San Francisco,Sunnyvale
,,#drvie10012024 DRIVE!! Oakland-Sacramento 6PM $25,380,,,,,0,#drvie10012024 DRIVE!! Oakland,Sacramento
,,#drive06172025 DRIVE!! Davis -> Fremont 5:10 PM $12 thx,381,,0,2025-06-17,Tuesday,12,#drive06172025 DRIVE!! Davis,Fremont
,,#drive05242024 Need a drive from Berkeley to Davis. Budget $35,382,,0,2024-05-24,Friday,35,Berkeley,Davis
,,#drive10212025 #drive10222025 Sacramento ➜ Berkeley $12 leaving 11AM 🚗,383,,0,2025-10-21,Tuesday,12,#drive10212025 #drive10222025 Sacramento,Berkeley
,,#ride06072025 #ride06082025 Need a ride Fremont -> Davis. Budget $35-43,384,,1,2025-06-07,Saturday,0,#ride06072025 #ride06082025 Need a ride Fremont,Davis
,,#drive12242024  Sunnyvale  ->  Berkeley  leaving  7AM,385,,0,2024-12-24,Tuesday,0,#drive12242024 Sunnyvale,Berkeley
,,#ride11052024 Davsi to Berkeley $22 leaving 7:10 AM 😊,386,,1,2024-11-05,Tuesday,0,#ride11052024 Davsi,Berkeley
,,#drive03252024 from San Jose to Palo Alto | 10:00 AM | $15 | 1 seat 🚗,387,,0,2024-03-25,Monday,15,San Jose,Palo
,,#drive05172024 DRIVE!! SJ-Berkeley 7:20 PM $40-45,388,,0,2024-05-17,Friday,42,#drive05172024 DRIVE!! SJ,Berkeley
,,Need a drive SF -> Sacramento. Budget $18,389,,,,,0,Need a drive SF,Sacramento
,,#ride06102025 RIDE!! Palo Alto-Davis 6PM $12,390,,1,2025-06-10,Tuesday,0,#ride06102025 RIDE!! Palo Alto,Davis
,,#ride08212025  RIDE!!  Oakland  ➜  Palo  Alto  8PM  $20,391,,1,2025-08-21,Thursday,0,#ride08212025 RIDE!! Oakland,Palo
,,"#ride04202024 fro mSan Francisco to Sacramento $25 leaving 7:20 AM
flexible time",392,,1,2024-04-20,Saturday,0,#ride04202024 fro mSan Francisco,Sacramento
,,#ride12042024 RIDE!! Sunnyvale to San Jose 7:45 PM $12,393,,1,2024-12-04,Wednesday,0,#ride12042024 RIDE!! Sunnyvale,San Jose
,,#drive03112024  Davis  ->  San  Jose    leaving  7PM,394,,0,2024-03-11,Monday,0,#drive03112024 Davis,San
,,#ride02022024 Sunnyvael ➜ Palo Alto $15 leaving 11AM thx,395,,1,2024-02-02,Friday,0,#ride02022024 Sunnyvael,Palo
,,"#ride11212024 Palo Altot o Oakland | 9:20 PM | $35 | 1 seat 😊
comment below",396,,1,2024-11-21,Thursday,0,,
,,#ride10152024 Need a ride from Sunnyvale to Berkeley. Budget $25,397,,1,2024-10-15,Tuesday,0,Sunnyvale,Berkeley
,,#ride08072024 from Berkeley to San Francisco 35 dollars leaving 5PM,398,,1,2024-08-07,Wednesday,0,Berkeley,San Francisco
,,#ride07222024 Need a ride Oakland- > Sunnyvale. Budget $20 😊,399,,1,2024-07-22,Monday,0,#ride07222024 Need a ride Oakland,>
,,#ride09222024 RIDE!! Sacramento to San Jose 1:00 PM $40-50,400,,1,2024-09-22,Sunday,0,#ride09222024 RIDE!! Sacramento,San Jose
,,#drive05302024 #drive05312024 Oakland-Sacramento | 12PM | $22 | 1 seat,401,,0,2024-05-30,Thursday,22,#drive05302024 #drive05312024 Oakland,Sacramento
,,#ride07182025 RIDE!! from Sunnyvale to Fremont 4:00 PM $22-32,402,,1,2025-07-18,Friday,0,Sunnyvale,Fremont
,,#ride08152025 RIDE!! San Jose -> San Francisco 1:15 PM $12-22,403,,1,2025-08-15,Friday,0,#ride08152025 RIDE!! San Jose,San Jose
,,#drive09112024 DRIVE!! San Francisco to Oakland 9:30 PM $18,404,,0,2024-09-11,Wednesday,18,#drive09112024 DRIVE!! San Francisco,Oakland
,,#ride04102025 Davis -> Oakland | 5:50 PM | $10 | 1 seat,405,,1,2025-04-10,Thursday,0,#ride04102025 Davis,Oakland
,,"#drive04122025 DRIVE!! Sacramento-Fremont 7AM $18 pls
pm me",406,,0,2025-04-12,Saturday,18,#drive04122025 DRIVE!! Sacramento,Fremont
,,#ride0301202 4#ride03082024 RIDE!! Oakland to Berkeley 1:20 PM $15,407,,1,,,0,#ride0301202 4 #ride03082024 RIDE!! Oakland,Berkeley
,,#ride09252024 RIDE!! Oakland ➜ Sunnyvale 10AM,408,,1,2024-09-25,Wednesday,0,#ride09252024 RIDE!! Oakland,Sunnyvale
,,#drive06152024 DRIVE!! Fremont -> SF 9:40 AM $18,409,,0,2024-06-15,Saturday,18,#drive06152024 DRIVE!! Fremont,San Francisco
,,Need a drive from Palo Alto to Berkeley. Budget,410,,,,,0,Palo Alto,Berkeley
,,"#drive04062024 Berkeley ➜ Fremont 18 dollars leaving 5PM
comment below",411,,0,2024-04-06,Saturday,18,#drive04062024 Berkeley,Fremont
,,#drive08152024 DRIVE!! Sunnyvale-Berkeley 7:00 AM !!,412,,0,2024-08-15,Thursday,0,#drive08152024 DRIVE!! Sunnyvale,Berkeley
,,#ride10022024 #ride10092024 San Jose -> Berkeley $22 leaving 1:30 PM,413,,1,2024-10-02,Wednesday,0,#ride10022024 #ride10092024 San Jose,Berkeley
,,#drive05162025 Need a drive San Francisco to SF. Budget $25 pm me,414,,0,2025-05-16,Friday,25,#drive05162025 Need a drive San Francisco,San Francisco
,,#ride08272024 Sacramento-Fremont | 3PM | $30 | 1 seat 🚗,415,,1,2024-08-27,Tuesday,0,#ride08272024 Sacramento,Fremont
,,#drive12022024 from Oakland to Fremont $20 leaving 11AM,416,,0,2024-12-02,Monday,20,Oakland,Fremont
,,#drive03112024 Davis-Sunnyvale  leaving 1PM,417,,0,2024-03-11,Monday,0,#drive03112024 Davis,Sunnyvale
,,#drive12012024 Need a drive Sacramento ➜ Oakland. Budget,418,,0,2024-12-01,Sunday,0,#drive12012024 Need a drive Sacramento,Oakland
,,#drive08282025 Need a drive San Francisco-Sunnyvale. Budget $22 pls,419,,0,2025-08-28,Thursday,22,#drive08282025 Need a drive San Francisco,Sunnyvale
,,#ride08312024 RIDE! !from Sacramento to Sac 6:40 PM $12,420,,1,2024-08-31,Saturday,0,Sacramento,Sacramento
,,#ride04182025 RIDE!! from Sacramento to Oakland 7PM thx,421,,1,2025-04-18,Friday,0,Sacramento,Oakland
,,"#ride12192025  Berkeley  ➜  Palo  Alto  |  7:30  AM  |  $12  |  1  seat
anyone?",422,,1,2025-12-19,Friday,0,#ride12192025 Berkeley,Palo
,,"#ride07222025 San Francisco -> Sacramento $20-30 leaving 10PM
flexible time",423,,1,2025-07-22,Tuesday,0,#ride07222025 San Francisco,Sacramento
,,#ride01232024 Need a ride Sacramento-San Francisco. Budget $12,424,,1,2024-01-23,Tuesday,0,#ride01232024 Need a ride Sacramento,San Francisco
,,#ride01242025 #ride01252025 from Palo Alto to San Jose | 11AM | $35 | 1 seat,425,,1,2025-01-24,Friday,0,Palo Alto,San Jose
,,"#drive11082025 DRIVE!! San Jose ➜ Oakland 4PM $25
comment below",426,,0,2025-11-08,Saturday,25,#drive11082025 DRIVE!! San Jose,Oakland
,,#ride11082024 #ride11112024 Need a ride from Fremont to Oakland. Budget $25,427,,1,2024-11-08,Friday,0,Fremont,Oakland
,,#ride03152025 Need a ride Palo Alto -> Oakland. Budget $10 pls,428,,1,2025-03-15,Saturday,0,#ride03152025 Need a ride Palo Alto,Oakland
,,#ride02062025 Need a ride Fremont ➜ Oakland. Budget $20 !!,429,,1,2025-02-06,Thursday,0,#ride02062025 Need a ride Fremont,Oakland
,,#drive02252024 DRIVE!! San Jose-Sacramento 10PM $12,430,,0,2024-02-25,Sunday,12,#drive02252024 DRIVE!! San Jose,Sacramento
,,#ride06282025 Need a ride from Oakland to Palo Alto. Budget $25 🚗,431,,1,2025-06-28,Saturday,0,Oakland,Palo
,,#drive04202025 Palo Alto ➜ Sunnyvale | 9PM | $12 | 1 seat,432,,0,2025-04-20,Sunday,12,#drive04202025 Palo Alto,Sunnyvale
,,#drive10122024 Palo Alto ➜ Berkeley | 7:15 PM | $15 | 1 seat,433,,0,2024-10-12,Saturday,15,#drive10122024 Palo Alto,Berkeley
,,Need a drive Oakland ➜ Davis. Budget $35,434,,,,,0,Need a drive Oakland,Davis
,,#ride07252024 Need a ride Berkeley to Davis. Budget $25,435,,1,2024-07-25,Thursday,0,#ride07252024 Need a ride Berkeley,Davis
,,Davis-Sac  |  6:50  AM  |  $22  |  1  seat  🚗,436,,,,,0,Davis,Sacramento
,,#ride05312025 Sacramento-San Jose | 9AM | $25 | 1 seat pls,437,,1,2025-05-31,Saturday,0,#ride05312025 Sacramento,San Jose
,,#drive12282024 Need a drive San Francisco -> Sunnyvale. Budget,438,,0,2024-12-28,Saturday,0,#drive12282024 Need a drive San Francisco,Sunnyvale
,,#drive11242024 Sacramento to San Francisco | 2PM | $20-25 | 1 seat,439,,0,2024-11-24,Sunday,22,#drive11242024 Sacramento,San Francisco
,,#ride12272025 Oakland ➜ Dvais  leaving 11AM,440,,1,2025-12-27,Saturday,0,#ride12272025 Oakland,Dvais
,,#ride03032025 RIDE!! Palo Alto ➜ Berkeley 12PM $12,441,,1,2025-03-03,Monday,0,#ride03032025 RIDE!! Palo Alto,Berkeley
,,#drive02182024 DRIVE!! San Francisco -> San Jose 10:40 AM $40-48 🚗,442,,0,2024-02-18,Sunday,44,#drive02182024 DRIVE!! San Francisco,San Jose
,,#drive06092024 Need a drive SF -> Davis. Budget flexible time,443,,0,2024-06-09,Sunday,0,#drive06092024 Need a drive SF,Davis
,,#ride11302025 RIDE!! Fremont to Berkeley 8:45 PM $22,444,,1,2025-11-30,Sunday,0,#ride11302025 RIDE!! Fremont,Berkeley
,,#drive11122025 from Oakland to San Jose 15 dollars leaving 8PM,445,,0,2025-11-12,Wednesday,15,Oakland,San Jose
,,#drive04242024 Davis ➜ San Francisco | 9PM | 30 dollars | 1 seat,446,,0,2024-04-24,Wednesday,30,#drive04242024 Davis,San Francisco
,,#ride09042024  RIDE!!  from  Sacramento  to  Davis  8PM  $10,447,,1,2024-09-04,Wednesday,0,Sacramento,Davis
,,#drive08042025 DRIVE!! San Jose -> San Francisco 6AM $35 pls,448,,0,2025-08-04,Monday,35,#drive08042025 DRIVE!! San Jose,San Jose
,,#ride01122024 RIDE!! Fremont ➜ San Jose 5:40 PM $15,449,,1,2024-01-12,Friday,0,#ride01122024 RIDE!! Fremont,San Jose
,,#ride01022025  #ride01092025 Oakland-San Francisco $35 leaving 8AM,450,,1,2025-01-02,Thursday,0,#ride01022025 #ride01092025 Oakland,San Francisco
,,#drive04032025 Need a drive SF-Oakland. Budget $22 🚗,451,,0,2025-04-03,Thursday,22,#drive04032025 Need a drive SF,Oakland
,,#drive06162024 #drive06232024 San Jose-Oakland | 8:00 PM | $12 | 1 seat,452,,0,2024-06-16,Sunday,12,#drive06162024 #drive06232024 San Jose,Oakland
,,#drive10112024 from Fremont to Sunnyvale $18 leaving 10AM,453,,0,2024-10-11,Friday,18,Fremont,Sunnyvale
,,#drive10152025  DRIVE!!  Berkeley  ->  Fremont  6AM  $25,454,,0,2025-10-15,Wednesday,25,#drive10152025 DRIVE!! Berkeley,Fremont
,,"#drive08112025 DRIVE!! Sacramento ➜ Berkeley 5:10 PM $12
pm me",455,,0,2025-08-11,Monday,12,#drive08112025 DRIVE!! Sacramento,Berkeley
,,#ride01142025 RIDE!! Berkeley to Fremont 7:30 AM,456,,1,2025-01-14,Tuesday,0,#ride01142025 RIDE!! Berkeley,Fremont
,,#ride11152024 from Palo Alto to San Francisco | 1PM | $18-28 | 1 seat,457,,1,2024-11-15,Friday,0,Palo Alto,San Francisco
,,#drive01172025  Need  a  drive  from  San  Francisco  to  Sacramento.  Budget  $35,458,,0,2025-01-17,Friday,35,San Francisco,Sacramento
,,#drive01052024 #drive01072024 Palo Alto -> San Jose $12 leaving 9:20 PM pls,459,,0,2024-01-05,Friday,12,#drive01052024 #drive01072024 Palo Alto,San Jose
,,"#drive10302024 Berkeley-Davis | 8PM | 40 dollars | 1 seat
flexible time",460,,0,2024-10-30,Wednesday,40,#drive10302024 Berkeley,Davis
,,#ride04028025 Oakland ➜ Davis $12 leaving 9:40 PM,461,,1,8025-04-02,Wednesday,0,#ride04028025 Oakland,Davis
,,#drive07062024 Okaland-Sunnyvale $12 leaving 1:10 PM,462,,0,2024-07-06,Saturday,12,#drive07062024 Okaland,Sunnyvale
,,#drive11082024 San Jose-Sacramento $30 leaving 10:50 PM 🚗,463,,0,2024-11-08,Friday,30,#drive11082024 San Jose,Sacramento
,,#drive03022024 Fremont to Sunnyvale | 10:50 PM | $40 | 1 seat,464,,0,2024-03-02,Saturday,40,#drive03022024 Fremont,Sunnyvale
,,#drive04202024 Sacramento ➜ Palo Alto | 2:10 PM | $12-22 | 1 seat anyone?,465,,0,2024-04-20,Saturday,17,#drive04202024 Sacramento,Palo
,,#drive10072024  Need  a  drive  Fremont  ->  Berkeley.  Budget  $18  thx,466,,0,2024-10-07,Monday,18,#drive10072024 Need a drive Fremont,Berkeley
,,#drive07052025 SF ➜ San Jose | 7:15 PM | $20-28 | 1 seat,467,,0,2025-07-05,Saturday,24,#drive07052025 SF,San Jose
,,#ride05172024  RIDE!!  Oakland  ->  Sacramento  11:50  AM  $20-25,468,,1,2024-05-17,Friday,0,#ride05172024 RIDE!! Oakland,Sacramento
,,#ride07272024 RIDE!! San Jose to Fremont 9:30 AM $20,469,,1,2024-07-27,Saturday,0,#ride07272024 RIDE!! San Jose,Fremont
,,#drive09282024 Need a drive Davis-Berkeley. Budget,470,,0,2024-09-28,Saturday,0,#drive09282024 Need a drive Davis,Berkeley
,,#ride11102025 aPlo Alto -> Oakland | 1PM | $30 | 1 seat,471,,1,2025-11-10,Monday,0,#ride11102025 aPlo Alto,Oakland
,,#ride09162024 RIDE!! San Francisco -> Fremont 10:40 PM $18 😊,472,,1,2024-09-16,Monday,0,#ride09162024 RIDE!! San Francisco,Fremont
,,#ride07042025 #ride07072025 from Sacramento to Davis | 1PM | | 1 seat,473,,1,2025-07-04,Friday,0,Sacramento,Davis
,,#ride12022024 RIDE!! Davis ➜ Sacramento 10AM $22-32,474,,1,2024-12-02,Monday,0,#ride12022024 RIDE!! Davis,Sacramento
,,#ride06022025  Sunnyvale  to  San  Francisco  |  10AM  |  $18  |  1  seat,475,,1,2025-06-02,Monday,0,#ride06022025 Sunnyvale,San
,,#ride11272025 Need a ride San Jose ➜ San Francisco. Budget 35 dollars,476,,1,2025-11-27,Thursday,0,#ride11272025 Need a ride San Jose,San Jose
,,"#ride02222025 RIDE!! from Davis to Palo Alto 1:10 PM $40-48
flexible time",477,,1,2025-02-22,Saturday,0,Davis,Palo
,,#ride09282025  from  Sac  to  Fremon  t$40  leaving  3PM,478,,1,2025-09-28,Sunday,0,Sacramento,Fremon
,,Palo Alto to Berkeley $12 leavnig 8AM,479,,,,,0,Palo Alto,Berkeley
,,#ride12272024 Fremont-Oakland $12-17 leaving 7PM,480,,1,2024-12-27,Friday,0,#ride12272024 Fremont,Oakland
,,#ride08302025 RIDE!! SJ ➜ Sunnyvale 8AM $25-33,481,,1,2025-08-30,Saturday,0,#ride08302025 RIDE!! SJ,Sunnyvale
,,#ride01012025 RIDE!! Palo Alto to Sunnyvale 8AM,482,,1,2025-01-01,Wednesday,0,#ride01012025 RIDE!! Palo Alto,Sunnyvale
,,#drive06242025  from  Sacramento  to  Oakland  $40  leaving  2PM,483,,0,2025-06-24,Tuesday,40,Sacramento,Oakland
,,#drive11162025 DRIVE!! Palo Alto-San Francisco 3:00 PM $20,484,,0,2025-11-16,Sunday,20,#drive11162025 DRIVE!! Palo Alto,San Francisco
,,#drive10062025 San Francisco -> Oakland | 1:00 PM | $18 | 1 seat !!,485,,0,2025-10-06,Monday,18,#drive10062025 San Francisco,Oakland
,,#ride10122024  #ride10152024  RIDE!!  San  Francisco  to  Sacramento  8:40  AM,486,,1,2024-10-12,Saturday,0,#ride10122024 #ride10152024 RIDE!! San Francisco,Sacramento
,,#drive03302024 DRIVE!! Fremont-Palo Alto 10AM 20 dollars 🚗,487,,0,2024-03-30,Saturday,20,#drive03302024 DRIVE!! Fremont,Palo
,,from  Sunnyvale  to  Davis  $25  leaving  6PM,488,,,,,0,Sunnyvale,Davis
,,#drive12182025 Sunnyvale -> San Jose $40 leaving 3PM 🚗,489,,0,2025-12-18,Thursday,40,#drive12182025 Sunnyvale,San Jose
,,#ride08012024 RIDE!! Sacramento ➜ Davis 12PM $18 😊,490,,1,2024-08-01,Thursday,0,#ride08012024 RIDE!! Sacramento,Davis
,,#ride08242024 Need a ride Palo Alto to Oakland. Budget $12,491,,1,2024-08-24,Saturday,0,#ride08242024 Need a ride Palo Alto,Oakland
,,"#drive10172024 DRIVE!! San Jose-Berkeley 11:50 AM $12
pm me",492,,0,2024-10-17,Thursday,12,#drive10172024 DRIVE!! San Jose,Berkeley
,,#drive05302024 Sunnyvale -> Palo Alto | 9:40 AM | $12 | 1 seat,493,,0,2024-05-30,Thursday,12,#drive05302024 Sunnyvale,Palo
,,"#drive05272025 from San Jose to Berkeley $20 leaving 2:30 PM pls
comment below",494,,0,2025-05-27,Tuesday,20,San Jose,Berkeley
,,#ride02262025 #ride03012025 Davis ➜ Berkeley $18 leaving 6AM,495,,1,2025-02-26,Wednesday,0,#ride02262025 #ride03012025 Davis,Berkeley
,,#ride08042025 Need a ride Sunnyvale ➜ San Jose. Budget $12,496,,1,2025-08-04,Monday,0,#ride08042025 Need a ride Sunnyvale,San Jose
,,#drive08092024 from San Jose to Oakland  leaving 3PM,497,,0,2024-08-09,Friday,0,San Jose,Oakland
,,#drive01032024 Sunnyvale ➜ San Jose 18 dollars leaving 5PM,498,,0,2024-01-03,Wednesday,18,#drive01032024 Sunnyvale,San Jose
,,#ride11062025 San Francisco to Sunnyvale | 5:15 PM | $40 | 1 seat,499,,1,2025-11-06,Thursday,0,#ride11062025 San Francisco,Sunnyvale
,,#drive10152025 #drive10182025 Sunnyvale-Oakland | 5PM |  | 1 seat,500,,0,2025-10-15,Wednesday,0,#drive10152025 #drive10182025 Sunnyvale,Oakland
,,#ride06302024 RIDE!! Sunnyvale -> San Francisco 3:00 PM,501,,1,2024-06-30,Sunday,0,#ride06302024 RIDE!! Sunnyvale,San Francisco
,,#ride03072025 Need a ride Sunnyvale to Palo Alto. Budget $18,502,,1,2025-03-07,Friday,0,#ride03072025 Need a ride Sunnyvale,Palo
,,"#drive03042024 Berkeley-Oakland $30 leaving 7PM
anyone?",503,,0,2024-03-04,Monday,30,#drive03042024 Berkeley,Oakland
,,#drive10142025 DRIVE!! San Francisco ➜ Palo Alto 4:40 PM $35 pls,504,,0,2025-10-14,Tuesday,35,#drive10142025 DRIVE!! San Francisco,Palo
,,"#ride11282025 #ride12052025 Need a ride SJ -> Palo Alto. Budget $25 !!
pm me",505,,1,2025-11-28,Friday,0,#ride11282025 #ride12052025 Need a ride SJ,Palo
,,#drive12052025 #drive12072025 Davis-Palo Alto $20 leaving 8AM,506,,0,2025-12-05,Friday,20,#drive12052025 #drive12072025 Davis,Palo
,,#drive03192024 Need a drive Fremont -> Sacramento. Budget $10 comment below,507,,0,2024-03-19,Tuesday,10,#drive03192024 Need a drive Fremont,Sacramento
,,#drive10302025 Need a drive San Jose to Fremont. Budget $40,508,,0,2025-10-30,Thursday,40,#drive10302025 Need a drive San Jose,Fremont
,,#drive09182024 #drive09212024 Need a drive Oakland to Berkeley. Budget 🚗,509,,0,2024-09-18,Wednesday,0,#drive09182024 #drive09212024 Need a drive Oakland,Berkeley
,,#drive07012024 Need a drive Sacramento -> Berkeley. Budget $30,510,,0,2024-07-01,Monday,30,#drive07012024 Need a drive Sacramento,Berkeley
,,#ride05162024 Need a ride Fremont-Sacramento. Budget $40,511,,1,2024-05-16,Thursday,0,#ride05162024 Need a ride Fremont,Sacramento
,,#drive03182025 DRIVE!! Palo Alto ➜ Berkeley 9AM $30,512,,0,2025-03-18,Tuesday,30,#drive03182025 DRIVE!! Palo Alto,Berkeley
,,#ride11302025  Need  a  ride  Palo  Alto  ->  Fremont.  Budget  $10-18  pls,513,,1,2025-11-30,Sunday,0,#ride11302025 Need a ride Palo Alto,Fremont
,,#ride07262024 San Francisco-Oakland $25 leaving 12:50 PM,514,,1,2024-07-26,Friday,0,#ride07262024 San Francisco,Oakland
,,Need a ride SF ➜ Fremont. Budget $22,515,,,,,0,Need a ride SF,Fremont
,,#drive08172024 Need a drive Sunnyvale -> Palo Alto. Budget 10 dollars,516,,0,2024-08-17,Saturday,10,#drive08172024 Need a drive Sunnyvale,Palo
,,#drive04062025 DRIVE!! Berkeley to San Francisco 5:30 PM $40,517,,0,2025-04-06,Sunday,40,#drive04062025 DRIVE!! Berkeley,San Francisco
,,#ride06272025  #ride07042025 RIDE!! from San Jose to Sunnyvale 2:50 PM $20,518,,1,2025-06-27,Friday,0,San Jose,Sunnyvale
,,#drive07162024 #drive07172024 Fremont ➜ San Jose $18 leaving 6:20 AM thx,519,,0,2024-07-16,Tuesday,18,#drive07162024 #drive07172024 Fremont,San Jose
,,#ride09302024 Berkeley -> Sunnyvale $18 leaving 10PM,520,,1,2024-09-30,Monday,0,#ride09302024 Berkeley,Sunnyvale
,,"#ride08222024 Davis ➜ Fremont | 5:15 PM | $20 | 1 seat 🚗
flexible time",521,,1,2024-08-22,Thursday,0,#ride08222024 Davis,Fremont
,,#drive08212024 Fremont ➜ Sunnyvale $10 leaving 12:00 PM pls,522,,0,2024-08-21,Wednesday,10,#drive08212024 Fremont,Sunnyvale
,,#ride12142024  Palo  Alto  to  San  Francisco  15  dollars  leaving  12:50  PM,523,,1,2024-12-14,Saturday,0,#ride12142024 Palo Alto,San
,,#ride06032024 Need a ride Berkeley -> Palo Alto. Budget $15,524,,1,2024-06-03,Monday,0,#ride06032024 Need a ride Berkeley,Palo
,,#drive01142024 Palo Alto -> Sacramento $35 leaving 11AM,525,,0,2024-01-14,Sunday,35,#drive01142024 Palo Alto,Sacramento
,,#drive06102024 Need a drive Davis ➜ San Jose. Budget $20,526,,0,2024-06-10,Monday,20,#drive06102024 Need a drive Davis,San Jose
,,#drive04292024  San  Francisco  to  Fremont  $10-18  leaving  21:10  PM,527,,0,2024-04-29,Monday,14,#drive04292024 San Francisco,Fremont
,,#drive08062025 #drive08072025 Need a drive Palo Alto-Berkeley. Budget $22,528,,0,2025-08-06,Wednesday,22,#drive08062025 #drive08072025 Need a drive Palo Alto,Berkeley
,,#ride01052025 Berkeley to Oakland $15 leaving 2:40 PM,529,,1,2025-01-05,Sunday,0,#ride01052025 Berkeley,Oakland
,,"#drive06272024 DRIVE!! Palo Alto ➜ Berkeley 6:40 AM $18
anyone?",530,,0,2024-06-27,Thursday,18,#drive06272024 DRIVE!! Palo Alto,Berkeley
,,"#drive03312024 #drive04072024 San Francisco to Sacramento | 8:15 AM | $40 | 1 seat 🚗
flexible time",531,,0,2024-03-31,Sunday,40,#drive03312024 #drive04072024 San Francisco,Sacramento
,,#ride10012025 Oakland-Davis | 6:00 MA | $15 | 1 seat,532,,1,2025-10-01,Wednesday,0,#ride10012025 Oakland,Davis
,,#drive02152025 Palo Alto ➜ Oakland | 6:30 PM | $20 | 1 seat thx,533,,0,2025-02-15,Saturday,20,#drive02152025 Palo Alto,Oakland
,,"#drive01102024 SJ to San Francisco | 6AM | $22-30 | 1 seat
pm me",534,,0,2024-01-10,Wednesday,26,#drive01102024 SJ,San Francisco
,,#ride05032025 Fremont to Oakland $25 leaving 10:20 AM,535,,1,2025-05-03,Saturday,0,#ride05032025 Fremont,Oakland
,,#ride08142024 Need a ride Oakland -> Davis. Budget $12,536,,1,2024-08-14,Wednesday,0,#ride08142024 Need a ride Oakland,Davis
,,#drive10212025 from Palo Alto to Davis | 8:20 PM | $20-28 | 1 seat,537,,0,2025-10-21,Tuesday,24,Palo Alto,Davis
,,#ride05192024 from San Jose to Davis | 4:10 MP | $30 | 1 seat,538,,1,2024-05-19,Sunday,0,San Jose,Davis
,,#ride01202024 San Jose-Oakland $20 leaving 10:20 AM,539,,1,2024-01-20,Saturday,0,#ride01202024 San Jose,Oakland
,,#drive04102024 Need a drive Berkeley to Sunnyvale. Budget $12 !!,540,,0,2024-04-10,Wednesday,12,#drive04102024 Need a drive Berkeley,Sunnyvale
,,#drive04062024 from Fremont to Sunnyvale | 1PM | $25 | 1 seat,541,,0,2024-04-06,Saturday,25,Fremont,Sunnyvale
,,Need a drive from San Jose to Davis. Budget $25,542,,,,,0,San Jose,Davis
,,#drive11192024 DRIVE!! San Francisco -> Sunnyvale 1:10 PM,543,,0,2024-11-19,Tuesday,0,#drive11192024 DRIVE!! San Francisco,Sunnyvale
,,#ride50232025 RIDE!! San Francisco ➜ Palo Alto 6PM !!,544,,1,,,0,#ride50232025 RIDE!! San Francisco,Palo
,,#ride04302024 Fremont to Palo Alto | 11MA | $18 | 1 seat 😊,545,,1,2024-04-30,Tuesday,0,#ride04302024 Fremont,Palo
,,Oakland to San Francisco | 11AM | $40 | 1seat,546,,,,,0,Oakland,San Francisco
,,Oakland to San Francisco $40 leaving 7AM,547,,,,,0,Oakland,San Francisco
,,#drive02122025 San Jose-Davis $18 leaving 6:45 AM,548,,0,2025-02-12,Wednesday,18,#drive02122025 San Jose,Davis
,,"#drive07202024 DRIVE!! from San Francisco to Palo Alto 3:15 PM $22
anyone?",549,,0,2024-07-20,Saturday,22,San Francisco,Palo
,,d#rive12042024  DRIVE!!  Oakland  to  San  Jose  10:45  PM,550,,,,,0,d #rive12042024 DRIVE!! Oakland,San
,,#drive12272025 DRIVE!! Davis ➜ Sunnyvale 10:45 AM $18,551,,0,2025-12-27,Saturday,18,#drive12272025 DRIVE!! Davis,Sunnyvale
,,Fremont -> Davis | 7PM | 22 dollars | 1 seat 🚗,552,,,,,0,Fremont,Davis
,,"#ride11282025 Berkeley -> Sac | 11:20 AM |  | 1 seat
anyone?",553,,1,2025-11-28,Friday,0,#ride11282025 Berkeley,Sacramento
,,#drive10112024 Sacramento ➜ Berkeley | 9:30 PM | $12 | 1 seat,554,,0,2024-10-11,Friday,12,#drive10112024 Sacramento,Berkeley
,,#ride08082025 #ride08112025 Palo Alto ➜ Oakland | 6:30 PM | $18 | 1 seat thx,555,,1,2025-08-08,Friday,0,#ride08082025 #ride08112025 Palo Alto,Oakland
,,Need a ride from Sacramento to Sunnyvale. Budget 15 dollars,556,,,,,0,Sacramento,Sunnyvale
,,#ride10302025  RIDE!!  SF  ->  Davis  8:50  AM  35  dollars,557,,1,2025-10-30,Thursday,0,#ride10302025 RIDE!! SF,Davis
,,#drive09282025 #drive09292025 Need a drive San Francisco-Oakland. Budget 18 dollars,558,,0,2025-09-28,Sunday,18,#drive09282025 #drive09292025 Need a drive San Francisco,Oakland
,,#drive12262024 Need a drive San Jose-Palo Alto. Budget $22,559,,0,2024-12-26,Thursday,22,#drive12262024 Need a drive San Jose,Palo
,,#ride08312024 Sunnyvale ➜ Sacramento | 2PM | $22 | 1 seat,560,,1,2024-08-31,Saturday,0,#ride08312024 Sunnyvale,Sacramento
,,#ride10262024 Need a ride Oakland -> Fremont. Budget pls,561,,1,2024-10-26,Saturday,0,#ride10262024 Need a ride Oakland,Fremont
,,#drive01042025 Fremont-San Jose | 5PM | $12 | 1 seat,562,,0,2025-01-04,Saturday,12,#drive01042025 Fremont,San Jose
,,#drive10112024 #drive10122024 from Oakland to Davis $40 leaving 11AM,563,,0,2024-10-11,Friday,40,Oakland,Davis
,,#drive12022025 Need a drive Fremont ➜ Oakland. Budget 22 dollars,564,,0,2025-12-02,Tuesday,22,#drive12022025 Need a drive Fremont,Oakland
,,#ride07092024  from  Sunnyvale  to  San  Jose  |  9:15  AM  |    |  1  seat,565,,1,2024-07-09,Tuesday,0,Sunnyvale,San
,,#drive09252024  RDIVE!!  from  San  Francisco  to  Oakland  1PM  $22-27,566,,0,2024-09-25,Wednesday,24,San Francisco,Oakland
,,#drive12052025  Need  a  drive  San  Jose  to  Oakland.  Budget  25  dollars  😊,567,,0,2025-12-05,Friday,25,#drive12052025 Need a drive San Jose,Oakland
,,#ride07112024 San Jose ➜ Palo Alto | 5PM | $35-43 | 1 seat,568,,1,2024-07-11,Thursday,0,#ride07112024 San Jose,Palo
,,"#ride12292024 San Jose ➜ Sunnyvale | 10PM | $20 | 1 seat
anyone?",569,,1,2024-12-29,Sunday,0,#ride12292024 San Jose,Sunnyvale
,,"#ride09092024 Davis -> San Jose | 2:50 PM | $12 | 1 seat
comment below",570,,1,2024-09-09,Monday,0,#ride09092024 Davis,San Jose
,,#ride11202025 Oakland-Sacramento | 6:50 AM | $15 | 1 seat,571,,1,2025-11-20,Thursday,0,#ride11202025 Oakland,Sacramento
,,#ride08092024 Need a ride Davis ➜ Sunnyvale. Budget $22,572,,1,2024-08-09,Friday,0,#ride08092024 Need a ride Davis,Sunnyvale
,,#drive12282024 Sunnyvale to SJ leaving 10AM pls,573,,0,2024-12-28,Saturday,0,#drive12282024 Sunnyvale,San Jose
,,San  Jose  ➜  Oakland  |  7:00  PM  |  $10  |  1  seat  🚗,574,,,,,0,San Jose,Oakland
,,#ride10192024 RIDE!! from Sunnyvale to Sacramento 11AM $10,575,,1,2024-10-19,Saturday,0,Sunnyvale,Sacramento
,,Need  a  drive  San  Francisco  to  Palo  Alto.  Budget  $20,576,,,,,0,Need a drive San Francisco,Palo
,,#ride10212024  RIDE!!  Davis  ➜  San  Jose  2:50  PM  🚗,577,,1,2024-10-21,Monday,0,#ride10212024 RIDE!! Davis,San
,,#drive05132024 Oakland ➜ Fremont 20 dollars leaving 6AM,578,,0,2024-05-13,Monday,20,#drive05132024 Oakland,Fremont
,,#ride01292025 RIDE!! Davis-San Jose 2PM $30-38 thx,579,,1,2025-01-29,Wednesday,0,#ride01292025 RIDE!! Davis,San Jose
,,#drive02182024 #drive02212024 DRIVE!! Davis -> Palo Alto 11AM $25,580,,0,2024-02-18,Sunday,25,#drive02182024 #drive02212024 DRIVE!! Davis,Palo
,,#drive10092024  Davis-Oakland  |  7AM  |  $40-45  |  1  seat,581,,0,2024-10-09,Wednesday,42,#drive10092024 Davis,Oakland
,,#drive04212024 Need a drive from San Francisco to Berkeley. Budget $25 thx,582,,0,2024-04-21,Sunday,25,San Francisco,Berkeley
,,#ride05282025 Palo Alto -> Berkeley | 8AM | $15 | 1 seat,583,,1,2025-05-28,Wednesday,0,#ride05282025 Palo Alto,Berkeley
,,#ride02062025 SF ➜ Oakland  leaving 11:10 AM,584,,1,2025-02-06,Thursday,0,#ride02062025 SF,Oakland
,,DRIVE!! San Francisco-Berkeley 4:30 PM 18 dollars,585,,,,,0,DRIVE!! San Francisco,Berkeley
,,Davis-San Jose | 10:30 PM | $20 | 1 seat,586,,,,,0,Davis,San Jose
,,#drive02182024  San  Jose  ->  Sunnyvale  |  2:10  PM  |    |  1  seat,587,,0,2024-02-18,Sunday,0,#drive02182024 San Jose,Sunnyvale
,,#drive07182024 Berkeley to San Jose | 10:45 AM | $40 | 1 seat flexible time,588,,0,2024-07-18,Thursday,40,#drive07182024 Berkeley,San Jose
,,#ride09202024  RIDE!!  San  Francisco-Palo  Alto  6PM  $35,589,,1,2024-09-20,Friday,0,#ride09202024 RIDE!! San Francisco,Palo
,,#drive06292024 DRIVE!! Sunnyvale-SJ 6AM $15-20 !!,590,,0,2024-06-29,Saturday,18,#drive06292024 DRIVE!! Sunnyvale,San Jose
,,#drive06232024 DRIVE!! Berkeley ➜ Fremont 2:40 PM $22-32 🚗,591,,0,2024-06-23,Sunday,27,#drive06232024 DRIVE!! Berkeley,Fremont
,,#drive08122025 Fremont-Davis $30 leaving 9AM,592,,0,2025-08-12,Tuesday,30,#drive08122025 Fremont,Davis
,,#drive03292025 San Jose -> Berkeley | 9PM | 10 dollars | 1 seat,593,,0,2025-03-29,Saturday,10,#drive03292025 San Jose,Berkeley
,,#ride10132024  Sacramento  ➜  Oakland  $12  leaving  7:15  AM  😊,594,,1,2024-10-13,Sunday,0,#ride10132024 Sacramento,Oakland
,,#ride06242025 from aSn Jose to Berkeley | 3:15 PM | $20 | 1 seat 😊,595,,1,2025-06-24,Tuesday,0,aSn Jose,Berkeley
,,#drive03012024 Oakland -> Berkeley | 11:45 AM | $20 | 1 seat,596,,0,2024-03-01,Friday,20,#drive03012024 Oakland,Berkeley
,,RIDE!! from Davis to Berkeley 8:10 PM $30 !!,597,,,,,0,Davis,Berkeley
,,#drive08032024 Need a drive Oakland ➜ San Joes. Budget $10,598,,0,2024-08-03,Saturday,10,#drive08032024 Need a drive Oakland,San
,,DRIVE!! Oakland ➜ Davis 10:45 PM $20,599,,,,,0,DRIVE!! Oakland,Davis
,,#drive02282024  DRIVE!!  San  Jose  ➜  Oakland  12:40  PM  $20-25,600,,0,2024-02-28,Wednesday,22,#drive02282024 DRIVE!! San Jose,Oakland
,,#drive12242025 Need a drive SF to Sacramento. Budget 20 dollars 😊,601,,0,2025-12-24,Wednesday,20,#drive12242025 Need a drive SF,Sacramento
,,#drive03082025 from Sunnyvale to Sacramento  leaving 1:15 PM !!,602,,0,2025-03-08,Saturday,0,Sunnyvale,Sacramento
,,#ride04242025 from Berkeley to Sacramento | 7PM | $12 | 1 seat,603,,1,2025-04-24,Thursday,0,Berkeley,Sacramento
,,#ride11222024 Need a ride San Francisco-Berkeley. Budget $10,604,,1,2024-11-22,Friday,0,#ride11222024 Need a ride San Francisco,Berkeley
,,#ride05122025 eNed a ride Davis-Sunnyvale. Budget $15-25,605,,1,2025-05-12,Monday,0,#ride05122025 eNed a ride Davis,Sunnyvale
,,#drive10032024 Need a drive Sacramento -> Sunnyvale. Budget $18,606,,0,2024-10-03,Thursday,18,#drive10032024 Need a drive Sacramento,Sunnyvale
,,#drive12072025 DRIVE!! San Jose -> Oakland 10PM $22-32,607,,0,2025-12-07,Sunday,27,#drive12072025 DRIVE!! San Jose,Oakland
,,#drive04292024 DRIVE!! Sacramento ➜ Fremont 6PM 18 dollars,608,,0,2024-04-29,Monday,18,#drive04292024 DRIVE!! Sacramento,Fremont
,,#drive09142024 DRIVE!! Davis -> Oakland 6:40 PM,609,,0,2024-09-14,Saturday,0,#drive09142024 DRIVE!! Davis,Oakland
,,#drive12162024 #drive12192024 Davis ➜ San Jose $40 leaving 10AM,610,,0,2024-12-16,Monday,40,#drive12162024 #drive12192024 Davis,San Jose
,,#drive03282024 Davis ➜ San Jose | 9:20 PM | $30 | 1 seat,611,,0,2024-03-28,Thursday,30,#drive03282024 Davis,San Jose
,,#drive05152025 DRIVE!! Fremont to Sacramento 11AM $20,612,,0,2025-05-15,Thursday,20,#drive05152025 DRIVE!! Fremont,Sacramento
,,#ride05092024 from Sacramento to Davis $22 leaving 5:00 PM,613,,1,2024-05-09,Thursday,0,Sacramento,Davis
,,"RIDE!! Palo Alto ➜ SJ 11:15 AM $20
anyone?",614,,,,,0,RIDE!! Palo Alto,San Jose
,,#drive01232025 from Fremont to Sacramento $10 leaving 7:10 PM,615,,0,2025-01-23,Thursday,10,Fremont,Sacramento
,,#drive07232024 Need a drive Sacramento-San Francisco. Budget thx,616,,0,2024-07-23,Tuesday,0,#drive07232024 Need a drive Sacramento,San Francisco
,,from Sacramento to SF | 10PM | $10-20 | 1 seat,617,,,,,0,Sacramento,San Francisco
,,Sacramento -> Sunnyvale | 10:20 AM | $18 | 1 seat flexible time,618,,,,,0,Sacramento,Sunnyvale
,,#ride01202024 Palo Alto-Davis  leaving 8AM 😊,619,,1,2024-01-20,Saturday,0,#ride01202024 Palo Alto,Davis
,,#drive10092025 Need a drive Sunnyvale ➜ Palo Alto. Budget $40,620,,0,2025-10-09,Thursday,40,#drive10092025 Need a drive Sunnyvale,Palo
,,#drive05122025 #drive05142025 Berkeley to Oakland | 4PM |  | 1 seat,621,,0,2025-05-12,Monday,0,#drive05122025 #drive05142025 Berkeley,Oakland
,,#ride02282025 #ride03072025 Fremont to San Jose $22 leaving 7AM,622,,1,2025-02-28,Friday,0,#ride02282025 #ride03072025 Fremont,San Jose
,,#drive04072025 #drive04092025 Need a drive Palo Alto to Fremont. Budget 35 dollars,623,,0,2025-04-07,Monday,35,#drive04072025 #drive04092025 Need a drive Palo Alto,Fremont
,,"#drive11232024 Need a drive Davis ➜ Sacramento. Budget
comment below",624,,0,2024-11-23,Saturday,0,#drive11232024 Need a drive Davis,Sacramento
,,#ride02292024 Need a ride from Davis to San Francisco. Budget pls,625,,1,2024-02-29,Thursday,0,Davis,San Francisco
,,#ride03012025 Need a ride Fremont ➜ Palo Alto. Budget $10,626,,1,2025-03-01,Saturday,0,#ride03012025 Need a ride Fremont,Palo
,,#ride02252025 #ride02262025 Fremont -> San Jose | 1:15 PM | $40 | 1 seat thx,627,,1,2025-02-25,Tuesday,0,#ride02252025 #ride02262025 Fremont,San Jose
,,#ride04062025  Fremont-Sunnyvale  |  12PM  |  $20  |  1  seat,628,,1,2025-04-06,Sunday,0,#ride04062025 Fremont,Sunnyvale
,,#ride04062024 Need a ride from Fremont to Sacramento. Budget,629,,1,2024-04-06,Saturday,0,Fremont,Sacramento
,,#ride12092024 #ride12162024 from Fremont to Sacramento | 10:15 PM | $20 | 1 seat,630,,1,2024-12-09,Monday,0,Fremont,Sacramento
,,#ride06272025 Davis to Berkeley | 11AM | $18 | 1 seat,631,,1,2025-06-27,Friday,0,#ride06272025 Davis,Berkeley
,,from San Jose to Fremont | 3:10 PM | $20 | 1 seat,632,,,,,0,San Jose,Fremont
,,#drive09062024 Berkeley -> Sunnyvale | 10:10 PM | $30 | 1 saet pls,633,,0,2024-09-06,Friday,30,#drive09062024 Berkeley,Sunnyvale
,,#drive09072024 DRIVE!! Oakland ➜ Palo Alto 12:45 PM $25 !!,634,,0,2024-09-07,Saturday,25,#drive09072024 DRIVE!! Oakland,Palo
,,#ride01162025 RIDE!! San Francisco -> Fremont 10:40 PM 40 dollars,635,,1,2025-01-16,Thursday,0,#ride01162025 RIDE!! San Francisco,Fremont
,,DRIVE!! Sacramento -> San Francisco 6:15 AM $15-20,636,,,,,0,DRIVE!! Sacramento,San Francisco
,,#ride03292024 #ride03312024 Berkeley -> San Jose | 12:20 PM |  | 1 seat,637,,1,2024-03-29,Friday,0,#ride03292024 #ride03312024 Berkeley,San Jose
,,"#ride06092025  RIDE!!  San  Jose  ➜  San  Francisco  7AM
anyone?",638,,1,2025-06-09,Monday,0,#ride06092025 RIDE!! San Jose,San
,,#drive08282024 Need a drive San Francisco to Fremont. Budget $20,639,,0,2024-08-28,Wednesday,20,#drive08282024 Need a drive San Francisco,Fremont
,,#ride08032025 San Francisco to Oakland | 9AM | $18 | 1 seat,640,,1,2025-08-03,Sunday,0,#ride08032025 San Francisco,Oakland
,,#drive07202025 from San Jose to Oakland $15-25 leaving 12PM,641,,0,2025-07-20,Sunday,20,San Jose,Oakland
,,"#ride07092024 Sunnyvale ➜ San Jose | 6PM | $22 | 1 seat
comment below",642,,1,2024-07-09,Tuesday,0,#ride07092024 Sunnyvale,San Jose
,,#drive12152025 DRIVE!! Davis to Berkeley 11:00 AM $18,643,,0,2025-12-15,Monday,18,#drive12152025 DRIVE!! Davis,Berkeley
,,"#drive09092024 #drive09162024 San Francisco ➜ Fremont | 8PM | $15 | 1 seat 🚗
flexible time",644,,0,2024-09-09,Monday,15,#drive09092024 #drive09162024 San Francisco,Fremont
,,#ride12162025 San Francisco to Sunnyvale | 2:00 PM | $30 | 1 seat pls,645,,1,2025-12-16,Tuesday,0,#ride12162025 San Francisco,Sunnyvale
,,#drive12282025  DRIVE!!  from  Palo  Alto  to  Fremont  7AM  $22,646,,0,2025-12-28,Sunday,22,Palo Alto,Fremont
,,#ride07162025 Need a ride Oakland -> Davis. Budget $22-27 😊,647,,1,2025-07-16,Wednesday,0,#ride07162025 Need a ride Oakland,Davis
,,#drive09152024  Need  a  drive  Davis-Fremont.  Budget  $15-25,648,,0,2024-09-15,Sunday,20,#drive09152024 Need a drive Davis,Fremont
,,#ride09072025 Davis-San Jose | 7AM | $30 | 1 seat,649,,1,2025-09-07,Sunday,0,#ride09072025 Davis,San Jose
,,"#ride03122025 from San Francsico to Berkeley | 6AM | $25 | 1 seat 🚗
flexible time",650,,1,2025-03-12,Wednesday,0,San Francsico,Berkeley
,,#drive11252024 DRIVE!! Fremont -> Sacramento 11AM 😊,651,,0,2024-11-25,Monday,0,#drive11252024 DRIVE!! Fremont,Sacramento
,,#drive10112024  #drive10122024  Need  a  drive  from  Sacramento  to  Palo  Alto.  Budget,652,,0,2024-10-11,Friday,0,Sacramento,Palo
,,#drive06162025 from Berkeley to SJ | 7:10 AM | $10 | 1 seat,653,,0,2025-06-16,Monday,10,Berkeley,San Jose
,,#drive12292025 Fremont -> Sunnyvale 25 dollars leaving 6:15 PM,654,,0,2025-12-29,Monday,25,#drive12292025 Fremont,Sunnyvale
,,#ride07072024 RIDE!! from Oakland to San Francisco 6PM $12,655,,1,2024-07-07,Sunday,0,Oakland,San Francisco
,,#ride04232025 Need a ride Palo Alto -> Sunnyvale. Budget $30,656,,1,2025-04-23,Wednesday,0,#ride04232025 Need a ride Palo Alto,Sunnyvale
,,#ride10082025 RIDE!! Berkeley -> San Jose 11AM $35 pls,657,,1,2025-10-08,Wednesday,0,#ride10082025 RIDE!! Berkeley,San Jose
,,#ride11032024 RIDE!! Berkeley ➜ Davis 10:30 AM $40,658,,1,2024-11-03,Sunday,0,#ride11032024 RIDE!! Berkeley,Davis
,,#ride04062025  Sunnyvale  ➜  Palo  Alto  |  4PM  |  $25  |  1  seat,659,,1,2025-04-06,Sunday,0,#ride04062025 Sunnyvale,Palo
,,#drive12252025 #drive12262025 Berkeley ➜ Sunnyvale $25 leaving 1:20 PM,660,,0,2025-12-25,Thursday,25,#drive12252025 #drive12262025 Berkeley,Sunnyvale
,,#ride10282024 Fremont ➜ Sacramento $25 leaving 6AM,661,,1,2024-10-28,Monday,0,#ride10282024 Fremont,Sacramento
,,#ride06232024 Palo Alto to Davis | 9AM | $20 | 1 seat,662,,1,2024-06-23,Sunday,0,#ride06232024 Palo Alto,Davis
,,"#drive04152024 Oakland to Sac | 9PM | $30 | 1 seat
pm me",663,,0,2024-04-15,Monday,30,#drive04152024 Oakland,Sacramento
,,"#drive08172025 Oakland to San Francisco | 4:20 PM | $40 | 1 seat
comment below",664,,0,2025-08-17,Sunday,40,#drive08172025 Oakland,San Francisco
,,#drive03032024 Sunnyvale -> Sacramento | 12:40 PM | $12-20 | 1 seat 😊,665,,0,2024-03-03,Sunday,16,#drive03032024 Sunnyvale,Sacramento
,,#ride04272025 Need a ride Davis -> Fremont. Budget $15,666,,1,2025-04-27,Sunday,0,#ride04272025 Need a ride Davis,Fremont
,,#ride06072025 San Jose to Davis | 9:00 AM | $40 | 1 seat,667,,1,2025-06-07,Saturday,0,#ride06072025 San Jose,Davis
,,"#ride08142025 Need a ride Davis to Fremont. Budget $30
flexible time",668,,1,2025-08-14,Thursday,0,#ride08142025 Need a ride Davis,Fremont
,,#drive03302024 Need a drive San Francisco -> Sunnyvale. Budget $18 thx,669,,0,2024-03-30,Saturday,18,#drive03302024 Need a drive San Francisco,Sunnyvale
,,#drvie06172025 San Jose-SJ | 9:40 PM | $30-40 | 1 seat,670,,,,,0,#drvie06172025 San Jose,San Jose
,,#ride06082024 Need a ride Sacramento-Fremont. Budget $22,671,,1,2024-06-08,Saturday,0,#ride06082024 Need a ride Sacramento,Fremont
,,#ride12222024 San Francisco -> Palo Alto | 3PM | $10 | 1 seat,672,,1,2024-12-22,Sunday,0,#ride12222024 San Francisco,Palo
,,#ride12072025 Need a ride Fremont-Sacramento. Budget 18 dollars,673,,1,2025-12-07,Sunday,0,#ride12072025 Need a ride Fremont,Sacramento
,,Oakland-Sunnyvale $18 leaving 6:50 AM 🚗,674,,,,,0,Oakland,Sunnyvale
,,"#ride07172025 RIDE!! San Jose to Berkeley 9PM $12
comment below",675,,1,2025-07-17,Thursday,0,#ride07172025 RIDE!! San Jose,Berkeley
,,#drive08042025 DRIVE!! SJ ➜ Berkeley 9:45 PM $40,676,,0,2025-08-04,Monday,40,#drive08042025 DRIVE!! SJ,Berkeley
,,#ride11122025 RIDE!! from Oakland to Berkelye 8:40 PM 15 dollars !!,677,,1,2025-11-12,Wednesday,0,Oakland,Berkelye
,,#ride09282025 Sacramento-Sunnyvale | 9AM | $30 | 1 seat,678,,1,2025-09-28,Sunday,0,#ride09282025 Sacramento,Sunnyvale
,,#ride04262025 Need a ride from Fremont to Berkeley. Budget $10 thx,679,,1,2025-04-26,Saturday,0,Fremont,Berkeley
,,Oakland -> Davis | 6:30 PM | $35 | 1 seat,680,,,,,0,Oakland,Davis
,,#drive10172024 #drive10202024 Berkeley to Sacramento | 7PM | $22 | 1 seat ocmment below,681,,0,2024-10-17,Thursday,22,#drive10172024 #drive10202024 Berkeley,Sacramento
,,#drive01292025 Fremont -> San Francisco | 1PM | $15 | 1 seat pls,682,,0,2025-01-29,Wednesday,15,#drive01292025 Fremont,San Francisco
,,#drive10022024 DRIVE!! Sacramento ➜ San Jose 10AM $22,683,,0,2024-10-02,Wednesday,22,#drive10022024 DRIVE!! Sacramento,San Jose
,,#drive05232025 from Palo Alto to San Jose | 12PM | $22 | 1 seat thx,684,,0,2025-05-23,Friday,22,Palo Alto,San Jose
,,#ride02242024 San Francisco -> Fremont | 8:10 PM | $30-35 | 1 seat,685,,1,2024-02-24,Saturday,0,#ride02242024 San Francisco,Fremont
,,#drive08162024 from Sacramento to Palo Alto  |4PM | $35 | 1 seat,686,,0,2024-08-16,Friday,35,Sacramento,Palo
,,#drive05302024 #drive06022024 Need a drive San Francisco ➜ Sacramento. Budget thx,687,,0,2024-05-30,Thursday,0,#drive05302024 #drive06022024 Need a drive San Francisco,Sacramento
,,#drive03082024 #drive03102024 from Sacramento to SF $15 leaving 4:00 PM !!,688,,0,2024-03-08,Friday,15,Sacramento,San Francisco
,,#ride02142025 SJ ➜ Sacramento $25 leaving 2PM,689,,1,2025-02-14,Friday,0,#ride02142025 SJ,Sacramento
,,#ride12152025 Sacramento-Palo Alto | 10PM | $40 | 1 seat,690,,1,2025-12-15,Monday,0,#ride12152025 Sacramento,Palo
,,#ride02202025 Need a ride Berkeley -> Sac. Budget $12-22 thx,691,,1,2025-02-20,Thursday,0,#ride02202025 Need a ride Berkeley,Sacramento
,,#drive03222024 DRIVE!! San Francisco ➜ Oakland 10PM 30 dollars,692,,0,2024-03-22,Friday,30,#drive03222024 DRIVE!! San Francisco,Oakland
,,#drive03022025 DRIVE!! Palo Alto -> Fremont 8:10 AM,693,,0,2025-03-02,Sunday,0,#drive03022025 DRIVE!! Palo Alto,Fremont
,,#drive07182024 Need a drive Oakland ➜ San Jose. Budget,694,,0,2024-07-18,Thursday,0,#drive07182024 Need a drive Oakland,San Jose
,,#ride09182025 San Jose ➜ Berkeley | 4PM | | 1 seat,695,,1,2025-09-18,Thursday,0,#ride09182025 San Jose,Berkeley
,,#drive11102024 #drive11112024 Davis ➜ Oakland $20-25 leaving 3:45 PM,696,,0,2024-11-10,Sunday,22,#drive11102024 #drive11112024 Davis,Oakland
,,#ride04282025 Oakland to Palo Alto $10-15 leaving 6PM,697,,1,2025-04-28,Monday,0,#ride04282025 Oakland,Palo
,,#ride04282025  from  Davis  to  Sunnyvale    leaving  9:30  AM,698,,1,2025-04-28,Monday,0,Davis,Sunnyvale
,,#ride04072025 Need a ride Fremont ➜ Palo Alto. Budget $35,699,,1,2025-04-07,Monday,0,#ride04072025 Need a ride Fremont,Palo
,,"#drive11062025 Need a drive San Francisco-Palo Alto. Budget
pm me",700,,0,2025-11-06,Thursday,0,#drive11062025 Need a drive San Francisco,Palo
,,#drive02112025 Need a drive Berkeley-San Jose. Budget 22 dollars,701,,0,2025-02-11,Tuesday,22,#drive02112025 Need a drive Berkeley,San Jose
,,#ride06122024 RIDE!! Palo Alto ➜ Sacramento 3PM $18 !!,702,,1,2024-06-12,Wednesday,0,#ride06122024 RIDE!! Palo Alto,Sacramento
,,"#drive04262025 Sunnyvale ➜ Berkeley | 10:10 PM | $30-40 | 1 seat pls
comment below",703,,0,2025-04-26,Saturday,35,#drive04262025 Sunnyvale,Berkeley
,,"#drive10212024 #drive10242024 DRIVE!! Oakland ➜ Sunnyvale 12PM $25 !!
anyone?",704,,0,2024-10-21,Monday,25,#drive10212024 #drive10242024 DRIVE!! Oakland,Sunnyvale
,,#drive06022025  DRIVE!!  San  Jose  ➜  San  Francisco  7:45  AM  $22,705,,0,2025-06-02,Monday,22,#drive06022025 DRIVE!! San Jose,San
,,#ride03062024 Need a ride from San Francisco to Sunnyvale. Budget $30,706,,1,2024-03-06,Wednesday,0,San Francisco,Sunnyvale
,,#drive06152024 DRIVE!! Palo Alto -> Oakland 5PM $35-40,707,,0,2024-06-15,Saturday,38,#drive06152024 DRIVE!! Palo Alto,Oakland
,,#ride02272025 Berkeley-Palo Alto 25 dollars leaving 3:50 PM,708,,1,2025-02-27,Thursday,0,#ride02272025 Berkeley,Palo
,,#drive06112024 Berkeley-Oakland $18 leaving 11AM,709,,0,2024-06-11,Tuesday,18,#drive06112024 Berkeley,Oakland
,,#drive11022024 SF to Palo Alto $25 leaving 6PM,710,,0,2024-11-02,Saturday,25,#drive11022024 SF,Palo
,,#ride12212025 Need a ride Fremont-Sacramento. Budget $15,711,,1,2025-12-21,Sunday,0,#ride12212025 Need a ride Fremont,Sacramento
,,#drive02172025 Need a drive Sacramento-Fremont. Budget $10,712,,0,2025-02-17,Monday,10,#drive02172025 Need a drive Sacramento,Fremont
,,"#ride09192025 Need a ride Fremont ➜ Oakland. Budget $40
comment below",713,,1,2025-09-19,Friday,0,#ride09192025 Need a ride Fremont,Oakland
,,#rdive12252024 Palo Alto -> Fremont  leaving 8:30 PM,714,,,,,0,#rdive12252024 Palo Alto,Fremont
,,from  Palo  Alto  to  Oakland  $15  leaving  7PM,715,,,,,0,Palo Alto,Oakland
,,Sunnyvale to Palo Alto | 6AM | $20 | 1 seat,716,,,,,0,Sunnyvale,Palo
,,#drive01082024 #drive01112024 from Sunnyvale to Berkeley $30 leaving 12:10 PM pls flexible time,717,,0,2024-01-08,Monday,30,Sunnyvale,Berkeley
,,#ride03122025 Palo Alto -> Oakland  leaving 8:15 AM,718,,1,2025-03-12,Wednesday,0,#ride03122025 Palo Alto,Oakland
,,#ride08112025 Palo Alto to Oakland | 9:00 PM | $20 | 1 seat,719,,1,2025-08-11,Monday,0,#ride08112025 Palo Alto,Oakland
,,#ride02042025 Need a ride Oakland-Berkeley. Budget 12 dollars,720,,1,2025-02-04,Tuesday,0,#ride02042025 Need a ride Oakland,Berkeley
,,#ride03272025  San  Jose  to  SF  $20-30  leaving  6:30  PM,721,,1,2025-03-27,Thursday,0,#ride03272025 San Jose,San Francisco
,,#ride11132025 from Sacramento to Sac | 6PM | $40-48 | 1 seat,722,,1,2025-11-13,Thursday,0,Sacramento,Sacramento
,,Need  a  drive  Berkeley-Fremont.  Budget  🚗,723,,,,,0,Need a drive Berkeley,Fremont
,,#ride09042025 from Sacramento to SJ $30 leaving 10PM !!,724,,1,2025-09-04,Thursday,0,Sacramento,San Jose
,,#drive09232025 #drive09252025 Sunnyvale to Berkeley | 2:00 PM | $20-25 | 1 seat !! anyone?,725,,0,2025-09-23,Tuesday,22,#drive09232025 #drive09252025 Sunnyvale,Berkeley
,,"#drive12012025 DRIVE!! Davis-Palo Alto 1:00 PM $22 !!
pm me",726,,0,2025-12-01,Monday,22,#drive12012025 DRIVE!! Davis,Palo
,,#ride08222024 RIDE!! Oakland-Berkeley 6PM $25 🚗,727,,1,2024-08-22,Thursday,0,#ride08222024 RIDE!! Oakland,Berkeley
,,#drive05052024 Need a drive Palo Alto to Berkeley. Budget $18-28,728,,0,2024-05-05,Sunday,23,#drive05052024 Need a drive Palo Alto,Berkeley
,,#ride10052024  from  Sunnyvale  to  Berkeley  |  1PM  |  $40  |  1  seat  !!,729,,1,2024-10-05,Saturday,0,Sunnyvale,Berkeley
,,#ride12162024 RIDE!! Oakland-Sacramento 11AM $25,730,,1,2024-12-16,Monday,0,#ride12162024 RIDE!! Oakland,Sacramento
,,#ride01092025 #ride01112025 Need a ride from Sacramento to Berkeley. Budget $30,731,,1,2025-01-09,Thursday,0,Sacramento,Berkeley
,,#drive01222024 #drive01242024 Sacramento to Davis | 2PM | $10 | 1 seat,732,,0,2024-01-22,Monday,10,#drive01222024 #drive01242024 Sacramento,Davis
,,#ride11182024 Need a ride Oakland to San Francisco. Budget $15 !!,733,,1,2024-11-18,Monday,0,#ride11182024 Need a ride Oakland,San Francisco
,,#ride12242025 #ride12262025 Need a ride Davis to Sac. Budget $30,734,,1,2025-12-24,Wednesday,0,#ride12242025 #ride12262025 Need a ride Davis,Sacramento
,,#ride10282025 RIDE!! San Jose to SF 11:20 AM 2 0dollars,735,,1,2025-10-28,Tuesday,0,#ride10282025 RIDE!! San Jose,San Francisco
,,#ride01092024 Need a ride from Davis to Palo Alto. Budget $22 😊,736,,1,2024-01-09,Tuesday,0,Davis,Palo
,,#ride01132025 Palo Alto ➜ San Jose | 1PM | $25-35 | 1 seat,737,,1,2025-01-13,Monday,0,#ride01132025 Palo Alto,San Jose
,,#drive09232025 San Jose -> Palo Alto | 7:30 AM | $15-20 | 1 seat,738,,0,2025-09-23,Tuesday,18,#drive09232025 San Jose,Palo
,,#ride09232024  Need  a  ride  San  Francisco  to  Sunnyvale.  Budget  $15,739,,1,2024-09-23,Monday,0,#ride09232024 Need a ride San Francisco,Sunnyvale
,,#drive06302024 DRIVE!! Fremont to Palo Alto 10PM $20,740,,0,2024-06-30,Sunday,20,#drive06302024 DRIVE!! Fremont,Palo
,,#drive04062025  DRIVE!!  Berkeley  ➜  San  Jose  9AM  $12,741,,0,2025-04-06,Sunday,12,#drive04062025 DRIVE!! Berkeley,San
,,#drive09112025 DRIVE!! Sunnyvale-Palo Alto 8AM $35,742,,0,2025-09-11,Thursday,35,#drive09112025 DRIVE!! Sunnyvale,Palo
,,"#ride02232025 San Jose to Oakland | 8AM | $40 | 1 seat !!
flexible time",743,,1,2025-02-23,Sunday,0,#ride02232025 San Jose,Oakland
,,#ride07072025 Fremont-Sunnyvale | 8AM | $15 | 1 seat,744,,1,2025-07-07,Monday,0,#ride07072025 Fremont,Sunnyvale
,,#drive03242024 Palo Alto to San Jose leaving 7PM,745,,0,2024-03-24,Sunday,0,#drive03242024 Palo Alto,San Jose
,,"#ride06212025 #ride06242025 Fremont to Berkeley | 3:30 PM |  | 1 seat
flexible time",746,,1,2025-06-21,Saturday,0,#ride06212025 #ride06242025 Fremont,Berkeley
,,#drive09122025 San Jose ➜ Palo Alto | 3PM | $12-20 | 1 seat 😊,747,,0,2025-09-12,Friday,16,#drive09122025 San Jose,Palo
,,#drive08102024  Sunnyvale  ➜  Frmeont  $12  leaving  10PM  🚗,748,,0,2024-08-10,Saturday,12,#drive08102024 Sunnyvale,Frmeont
,,#ride04022024 RIDE!! Sacramento to Oakland 12PM 30 dollars pls,749,,1,2024-04-02,Tuesday,0,#ride04022024 RIDE!! Sacramento,Oakland
,,#ride01272025 Fremont -> Oakland | 12:15 PM | $22 | 1 seat comment below,750,,1,2025-01-27,Monday,0,#ride01272025 Fremont,Oakland
,,#drive07172024 #drive07192024 Need a driev Sacramento to San Francisco. Budget $12,751,,0,2024-07-17,Wednesday,12,#drive07172024 #drive07192024 Need a driev Sacramento,San Francisco
,,#drive11222025 Sunnyvale-Fremont 10 dollars leaving 8:20 AM,752,,0,2025-11-22,Saturday,10,#drive11222025 Sunnyvale,Fremont
,,"#drive12212024 Davis ➜ San Jose $30 leavnig 9PM
comment below",753,,0,2024-12-21,Saturday,30,#drive12212024 Davis,San Jose
,,"#ride05082024 #ride05152024 RIDE!! from San Jose to Oakland 2PM 22 dollars !!
flexible time",754,,1,2024-05-08,Wednesday,0,San Jose,Oakland
,,#drive12182024  Davis-San  Jose  $15  leaving  7AM,755,,0,2024-12-18,Wednesday,15,#drive12182024 Davis,San
,,Sacramento to Berkeley | 2:50 PM | $20 | 1 seat,756,,,,,0,Sacramento,Berkeley
,,#ride03122025 Fremont-Sunnyvale | 8:00 AM | $10 | 1 seat 😊,757,,1,2025-03-12,Wednesday,0,#ride03122025 Fremont,Sunnyvale
,,#drive09182024 Palo Alto -> Sacramento $15 leaving 11:10 AM,758,,0,2024-09-18,Wednesday,15,#drive09182024 Palo Alto,Sacramento
,,#ride05502025  San  Jose  ➜  Palo  Alto  $10  leaving  9:45  AM,759,,1,,,0,#ride05502025 San Jose,Palo
,,"#ride11302024 RIDE!! Palo Alto to San Francisco 6AM $40
comment below",760,,1,2024-11-30,Saturday,0,#ride11302024 RIDE!! Palo Alto,San Francisco
,,"#ride06072024 Need a ride from Sunnyvale to SF. Budget $30
comment below",761,,1,2024-06-07,Friday,0,Sunnyvale,San Francisco
,,#drive09152025 Fremont -> San Francisco | 11AM | $22 | 1 seat thx,762,,0,2025-09-15,Monday,22,#drive09152025 Fremont,San Francisco
,,#drive04242024 from Berkeley to Palo Alto $15-20 leaving 10:00 AM 😊,763,,0,2024-04-24,Wednesday,18,Berkeley,Palo
,,#ride09302025 RIDE!! San Jose-Berkeley 10:40 PM 15 dollars 🚗,764,,1,2025-09-30,Tuesday,0,#ride09302025 RIDE!! San Jose,Berkeley
,,#ride01242025  Need  a  ride  Palo  Alto  ➜  Sacramento.  Budget  $15,765,,1,2025-01-24,Friday,0,#ride01242025 Need a ride Palo Alto,Sacramento
,,#drive11122024 Davis ➜ SF $12 leaving 6PM,766,,0,2024-11-12,Tuesday,12,#drive11122024 Davis,San Francisco
,,#ride05042024 Need a ride San Jose -> Davis. Budget 🚗,767,,1,2024-05-04,Saturday,0,#ride05042024 Need a ride San Jose,Davis
,,#ride03112024 from San Francisco to Fremont | 1:00 PM | $30 | 1 seat,768,,1,2024-03-11,Monday,0,San Francisco,Fremont
,,#drive01262024 Sunnyvale -> Sacramento $18 leaving 9PM,769,,0,2024-01-26,Friday,18,#drive01262024 Sunnyvale,Sacramento
,,#drive08282025 Davis-Palo Alto | 4PM | $20 | 1 seat,770,,0,2025-08-28,Thursday,20,#drive08282025 Davis,Palo
,,#drive02202025 Davis -> Oakland 35 dollars leaving 5PM,771,,0,2025-02-20,Thursday,35,#drive02202025 Davis,Oakland
,,#drive05022025  Berkeley  ➜  Sunnyvale  $10  leaving  5PM,772,,0,2025-05-02,Friday,10,#drive05022025 Berkeley,Sunnyvale
,,#drive03252024 from Palo Alto to Sunnyvale | 7:40 AM | $15-23 | 1 seat thx,773,,0,2024-03-25,Monday,19,Palo Alto,Sunnyvale
,,#ride06092024  Need  a  ride  SJ-Sunnyvale.  Budget  $22,774,,1,2024-06-09,Sunday,0,#ride06092024 Need a ride SJ,Sunnyvale
,,#ride08222024 RIDE!! from Sunnyvale to Berkeley 4PM $15,775,,1,2024-08-22,Thursday,0,Sunnyvale,Berkeley
,,#ride03232025 Davis- > Fremont $15 leaving 6:50 PM,776,,1,2025-03-23,Sunday,0,#ride03232025 Davis,>
,,#drive06242024 Need a drive Sacramento ➜ Oakland. Budget $22,777,,0,2024-06-24,Monday,22,#drive06242024 Need a drive Sacramento,Oakland
,,Sunnyvale to Oakland $15 leaving 7:30 AM,778,,,,,0,Sunnyvale,Oakland
,,#drive08172025 DRIVE!! from Davis to Berkeley 3:40 PM $10-20 thx,779,,0,2025-08-17,Sunday,15,Davis,Berkeley
,,"#ride06242025  #ride06272025 Fremont ➜ Berkeley | 7:30 AM | $40-50 | 1 seat
comment below",780,,1,2025-06-24,Tuesday,0,#ride06242025 #ride06272025 Fremont,Berkeley
,,#ride05132025  RIDE!!  San  Francisco-San  Jose  6AM  $25,781,,1,2025-05-13,Tuesday,0,#ride05132025 RIDE!! San Francisco,San
,,#drive08092024 Need a drive Berkeley -> Palo Alto. Budget $35 !!,782,,0,2024-08-09,Friday,35,#drive08092024 Need a drive Berkeley,Palo
,,#drive12072025 from Palo Alto to San Francisco $15 leaving 8:20 PM,783,,0,2025-12-07,Sunday,15,Palo Alto,San Francisco
,,#ride09182025 Sacramento -> Sac $15 leaving 6:10 PM anyone?,784,,1,2025-09-18,Thursday,0,#ride09182025 Sacramento,Sacramento
,,#drive03152025 Berkeley to Davis $25 leaving 7:15 AM pls,785,,0,2025-03-15,Saturday,25,#drive03152025 Berkeley,Davis
,,#ride08142024 Need a ride Oakland ➜ SJ. Budget $15-25 !!,786,,1,2024-08-14,Wednesday,0,#ride08142024 Need a ride Oakland,San Jose
,,#drive03052024  Oakland-Berkeley  |  7:50  AM  |  $40  |  1  seat,787,,0,2024-03-05,Tuesday,40,#drive03052024 Oakland,Berkeley
,,#ride11022025 #ride11032025 RIDE!! Davis-Sacramento 8AM $18 🚗,788,,1,2025-11-02,Sunday,0,#ride11022025 #ride11032025 RIDE!! Davis,Sacramento
,,#drive02172025 #drive02192025 Palo Alto-Oakland | 6PM | $35 | 1 seat,789,,0,2025-02-17,Monday,35,#drive02172025 #drive02192025 Palo Alto,Oakland
,,#drive01072024  Need  a  drive  Palo  Alto-Sacramento.  Budget,790,,0,2024-01-07,Sunday,0,#drive01072024 Need a drive Palo Alto,Sacramento
,,"#drive07092025 Need a drive Sac-San Francisco. Budget $12
comment below",791,,0,2025-07-09,Wednesday,12,#drive07092025 Need a drive Sac,San Francisco
,,#ride02232025 RIDE!! Palo Alto -> Davis 7:15 AM $15,792,,1,2025-02-23,Sunday,0,#ride02232025 RIDE!! Palo Alto,Davis
,,"#ride05032025 #ride05052025 Oakland -> Sacramento | 9AM | $25 | 1 seat
anyone?",793,,1,2025-05-03,Saturday,0,#ride05032025 #ride05052025 Oakland,Sacramento
,,#ride04222024 from SJ to Sacramento $18 leaving 8:15 PM,794,,1,2024-04-22,Monday,0,San Jose,Sacramento
,,#ride04152024 Need a ride Davis ➜ Oakland. Budget $20,795,,1,2024-04-15,Monday,0,#ride04152024 Need a ride Davis,Oakland
,,"#ride10032025 #ride10102025 from San Francisco to Berkeley | 7PM | $20 | 1 seat
comment below",796,,1,2025-10-03,Friday,0,San Francisco,Berkeley
,,Sunnyvale -> Oakland $22 leaving 10PM thx,797,,,,,0,Sunnyvale,Oakland
,,#ride06082025  #ride06102025 Berkeley ➜ Oakland | 7AM | $20-25 | 1 seat,798,,1,2025-06-08,Sunday,0,#ride06082025 #ride06102025 Berkeley,Oakland
,,#drive02122025 DRIVE!! Sacramento -> Berkeley 11:20 AM $18,799,,0,2025-02-12,Wednesday,18,#drive02122025 DRIVE!! Sacramento,Berkeley
,,#ride12042024 #ride12062024 Sacramento ➜ Davis | 10PM | $18 | 1 seat !! anyone?,800,,1,2024-12-04,Wednesday,0,#ride12042024 #ride12062024 Sacramento,Davis
,,#ride07112024 RIED!! from San Francisco to Sunnyvale 4:30 PM $30,801,,1,2024-07-11,Thursday,0,San Francisco,Sunnyvale
,,#ride06272024 frmo Davis to Palo Alto $22 leaving 9:00 AM thx,802,,1,2024-06-27,Thursday,0,#ride06272024 frmo Davis,Palo
,,#drive06252024 Berkeley to Fremont | 8:45 AM | $40 | 1 seat,803,,0,2024-06-25,Tuesday,40,#drive06252024 Berkeley,Fremont
,,#drive03212024 Davis -> Palo Alto | 9:20 PM | 35 dollars | 1 seat,804,,0,2024-03-21,Thursday,35,#drive03212024 Davis,Palo
,,#ride03152025  RIDE!!  from  San  Francisco  to  Berkeley  7AM  $25  !!,805,,1,2025-03-15,Saturday,0,San Francisco,Berkeley
,,#drive10042025 from Berkeley to Sunnyvale | 3:30 PM | $22 | 1 seat,806,,0,2025-10-04,Saturday,22,Berkeley,Sunnyvale
,,#ride11162025 Need a ride Palo Alto ➜ Sunnyvale. Budget,807,,1,2025-11-16,Sunday,0,#ride11162025 Need a ride Palo Alto,Sunnyvale
,,#drive04032024 from Berkeley to Davis | 5PM | 15 dollars | 1 seat thx,808,,0,2024-04-03,Wednesday,15,Berkeley,Davis
,,#ride01032024 Sacramento ➜ SF | 7:30 PM | $30 | 1 seat 🚗,809,,1,2024-01-03,Wednesday,0,#ride01032024 Sacramento,San Francisco
,,#ride05272025 RIDE!! San Jose -> Palo Alto 4:30 PM $40,810,,1,2025-05-27,Tuesday,0,#ride05272025 RIDE!! San Jose,Palo
,,"#ride02172025 San Francisco-Oakland | 8AM |  | 1 saet
pm me",811,,1,2025-02-17,Monday,0,#ride02172025 San Francisco,Oakland
,,#drive11122025 Sunnyvale -> Oakland $20-28 leaving 9:30 PM,812,,0,2025-11-12,Wednesday,24,#drive11122025 Sunnyvale,Oakland
,,"#ride04232025 San Jose-Fremont | 8AM | $10 | 1 seat !!
flexbile time",813,,1,2025-04-23,Wednesday,0,#ride04232025 San Jose,Fremont
,,#drive12262024 Berkeley to Davis | 12PM | $20 | 1 seat,814,,0,2024-12-26,Thursday,20,#drive12262024 Berkeley,Davis
,,#ride01192024 Sunnyvale-San Francisco $30 leaving 6:00 AM,815,,1,2024-01-19,Friday,0,#ride01192024 Sunnyvale,San Francisco
,,"Need  a  drive  Sunnyvale  to  San  Francisco.  Budget  $30
anyone?",816,,,,,0,Need a drive Sunnyvale,San
,,#ride10272024 Oakland ➜ Palo Alto $15 leaving 6:15 PM pls flexible time,817,,1,2024-10-27,Sunday,0,#ride10272024 Oakland,Palo
,,#ride08022024 Sunnyvale-San Francisco | 11:00 AM | $22 | 1 seat,818,,1,2024-08-02,Friday,0,#ride08022024 Sunnyvale,San Francisco
,,#ride06042024 Sunnyvale ➜ San Jose | 9:10 AM | $18 | 1 seat,819,,1,2024-06-04,Tuesday,0,#ride06042024 Sunnyvale,San Jose
,,"#ride09042024 from Berkeley to Palo Alto  leaving 8P
Mpm me",820,,1,2024-09-04,Wednesday,0,Berkeley,Palo
,,#drive08212024 #drive08232024 Need a drive San Francisco ➜S unnyvale. Budget $40,821,,0,2024-08-21,Wednesday,40,#drive08212024 #drive08232024 Need a drive San Francisco,S
,,#ride10092025 RIDE!! San Francisco to Berkeley 5:20 PM $35,822,,1,2025-10-09,Thursday,0,#ride10092025 RIDE!! San Francisco,Berkeley
,,#drive11112024 DRIVE!! San Jose to Fremont 3:30 PM $22-32,823,,0,2024-11-11,Monday,27,#drive11112024 DRIVE!! San Jose,Fremont
,,#drive04292025 Need a drive from Oakland to Sunnyvale. Budget $10 😊,824,,0,2025-04-29,Tuesday,10,Oakland,Sunnyvale
,,RIDE!! Sunnyvale-Oakland 4PM $20,825,,,,,0,RIDE!! Sunnyvale,Oakland
,,Sunnyvale  ->  Fremont  $12  leaving  10:00  AM,826,,,,,0,Sunnyvale,Fremont
,,#drive02222025  DRIVE!!  Palo  Alto  to  Oakland  8:00  PM  flexible  time,827,,0,2025-02-22,Saturday,0,#drive02222025 DRIVE!! Palo Alto,Oakland
,,#ride02192025 Need a ride Palo Alto-Oakland. Budget,828,,1,2025-02-19,Wednesday,0,#ride02192025 Need a ride Palo Alto,Oakland
,,#ride01152025 Palo Alto to Sunnyvale $35-45 leaving 10AM,829,,1,2025-01-15,Wednesday,0,#ride01152025 Palo Alto,Sunnyvale
,,SF-Palo Alto 25 dollars leaving 12:40 PM,830,,,,,0,San Francisco,Palo
,,#drive06032025  Davis  ->  San  Jose  |  1:10  PM  |  $30  |  1  seat,831,,0,2025-06-03,Tuesday,30,#drive06032025 Davis,San
,,#drive06232024 Need a drive Sac ➜ Oakland. Budget $30,832,,0,2024-06-23,Sunday,30,#drive06232024 Need a drive Sac,Oakland
,,#drive10292025 Need a drive San Francisco to Palo Alto. Budget 30 dollars,833,,0,2025-10-29,Wednesday,30,#drive10292025 Need a drive San Francisco,Palo
,,#drive03512025 Berkeley-San Jose $35 leaving 9PM,834,,0,,,35,#drive03512025 Berkeley,San Jose
,,#drive02122025 DRIVE!! Oakland -> Freomnt 12PM 18 dollars,835,,0,2025-02-12,Wednesday,18,#drive02122025 DRIVE!! Oakland,Freomnt
,,"#drive07132024 from San Francisco to Oakland $30 leaving 8AM 🚗
pm me",836,,0,2024-07-13,Saturday,30,San Francisco,Oakland
,,#ride01052025 from Sacramento to Davis | 10:40 AM | $35-45 | 1 seat thx,837,,1,2025-01-05,Sunday,0,Sacramento,Davis
,,#drive12122025 DRIVE!! from Oakland to Sunnyvale 8:50 AM 40 dollars,838,,0,2025-12-12,Friday,40,Oakland,Sunnyvale
,,#ride12102025 San Francisco ➜ San Jose $15 leaving 11:00 AM,839,,1,2025-12-10,Wednesday,0,#ride12102025 San Francisco,San Jose
,,#drive01142025  Davis  ➜  Sacramento  |7  AM  |  $22  |  1  seat  !!,840,,0,2025-01-14,Tuesday,22,#drive01142025 Davis,Sacramento
,,#drive04212024 DRIVE!! from Fremont to Palo Alto 8AM $15,841,,0,2024-04-21,Sunday,15,Fremont,Palo
,,#ride06152024 RIDE!! Sacramento -> Oakland 5PM $30,842,,1,2024-06-15,Saturday,0,#ride06152024 RIDE!! Sacramento,Oakland
,,Need a drive Berkeley-Palo Alto. Bugdet $22 comment below,843,,,,,0,Need a drive Berkeley,Palo
,,#drive09262025 Berkeley to San Francisco | 5:45 PM | $18 | 1 seat,844,,0,2025-09-26,Friday,18,#drive09262025 Berkeley,San Francisco
,,#drive08202025 San Jose ➜ Fremont | 4PM | $12 | 1 seat,845,,0,2025-08-20,Wednesday,12,#drive08202025 San Jose,Fremont
,,#ride10182024 Fremont-San Jose  leaving 6PM,846,,1,2024-10-18,Friday,0,#ride10182024 Fremont,San Jose
,,#drive12072024 #drive12142024 Sunnyvale to Sacramento $35 leaving 12PM,847,,0,2024-12-07,Saturday,35,#drive12072024 #drive12142024 Sunnyvale,Sacramento
,,#drive08022025 DRIVE!! Palo Alto to Sacramento 8:20 AM $35-45,848,,0,2025-08-02,Saturday,40,#drive08022025 DRIVE!! Palo Alto,Sacramento
,,#drive12302025 DRIVE!! Berkeley to Davis 7:50 AM $10,849,,0,2025-12-30,Tuesday,10,#drive12302025 DRIVE!! Berkeley,Davis
,,#drive10172024 from Fremont to Oakland2 5 dollars leaving 7AM,850,,0,2024-10-17,Thursday,5,Fremont,Oakland2
,,#drive03242025 DRIVE!! from Berkeley to San Jose 9PM $40 flexible time,851,,0,2025-03-24,Monday,40,Berkeley,San Jose
,,#ride07212024 from San Francisco to Sacramento  leaving 6AM,852,,1,2024-07-21,Sunday,0,San Francisco,Sacramento
,,#ride02222205 Need a ride Oakland-San Jose. Budget $40-48 pls,853,,1,2205-02-22,Friday,0,#ride02222205 Need a ride Oakland,San Jose
,,#ride10042025 RIDE!! from Palo Alto to San Francisco 10PM $35,854,,1,2025-10-04,Saturday,0,Palo Alto,San Francisco
,,#drive07072025 DRIVE!! from Oakland to San Francisco 6:30 PM $20,855,,0,2025-07-07,Monday,20,Oakland,San Francisco
,,#drive05292024 DRIVE!! Palo Alto -> Fremont 5:15 PM $10,856,,0,2024-05-29,Wednesday,10,#drive05292024 DRIVE!! Palo Alto,Fremont
,,#drive06212024 San Francisco ➜ Sunnyvale 10 dollars leaving 5PM,857,,0,2024-06-21,Friday,10,#drive06212024 San Francisco,Sunnyvale
,,#drive07192025  Need  a  drive  Palo  Alto  to  Sacramento.  Budget  $15  🚗,858,,0,2025-07-19,Saturday,15,#drive07192025 Need a drive Palo Alto,Sacramento
,,#ride03262025 RIDE!! Oakland to San Francisco 1PM $10,859,,1,2025-03-26,Wednesday,0,#ride03262025 RIDE!! Oakland,San Francisco
,,#drive02092024 Palo Alto-San Francisco | 10PM | $12 | 1 seat,860,,0,2024-02-09,Friday,12,#drive02092024 Palo Alto,San Francisco
,,#ride06282025 Fremont-San Francisco $10 leaving 9:10 AM,861,,1,2025-06-28,Saturday,0,#ride06282025 Fremont,San Francisco
,,#drive07232025 Oakland -> Davis  leaving 6AM pls,862,,0,2025-07-23,Wednesday,0,#drive07232025 Oakland,Davis
,,#drive08112024 Need a drive San Francisco to Berkeley. Budget $20,863,,0,2024-08-11,Sunday,20,#drive08112024 Need a drive San Francisco,Berkeley
,,"#ride07072024  Need  a  ride  San  Francisco  ->  San  Jose.  Budget  $12-17
pm  me",864,,1,2024-07-07,Sunday,0,#ride07072024 Need a ride San Francisco,San
,,#ride04172025 from SF to Fremont | 9AM | $35 | 1 seat 🚗,865,,1,2025-04-17,Thursday,0,San Francisco,Fremont
,,#drive12262025 Palo Alto-Sac $25 leaving 8:40 AM,866,,0,2025-12-26,Friday,25,#drive12262025 Palo Alto,Sacramento
,,#drive01292024 Need a drive from Palo Alto to Oakland. Budget 40 dollars,867,,0,2024-01-29,Monday,40,Palo Alto,Oakland
,,#ride08232024 Need a ride Sunnyvale-Palo Alto. Budget $10,868,,1,2024-08-23,Friday,0,#ride08232024 Need a ride Sunnyvale,Palo
,,#ride07132024 #ride07152024 RIDE!! Fremont ➜ Berkeley 3PM thx,869,,1,2024-07-13,Saturday,0,#ride07132024 #ride07152024 RIDE!! Fremont,Berkeley
,,#ride03262025 Davis ➜ Sacramento $30 leaving 6:40 PM,870,,1,2025-03-26,Wednesday,0,#ride03262025 Davis,Sacramento
,,#ride06222024 San Jose ➜ San Francisco $22-32 leaving 10:20 AM 😊 comment below,871,,1,2024-06-22,Saturday,0,#ride06222024 San Jose,San Jose
,,"#ride12112025 Oakland-San Jose | 3:20 PM | $18 | 1 seat !!
anyone?",872,,1,2025-12-11,Thursday,0,#ride12112025 Oakland,San Jose
,,#drive07122025 SF ➜ San Jose $12 leaving 8AM,873,,0,2025-07-12,Saturday,12,#drive07122025 SF,San Jose
,,DRIVE!!  San  Jose-Palo  Alto  7PM  $20  !!,874,,,,,0,DRIVE!! San Jose,Palo
,,#ride11112025  Sacramento-San  Francisco    leaving  9:10  AM,875,,1,2025-11-11,Tuesday,0,#ride11112025 Sacramento,San
,,#drive04232025 Sunnyvale to Berkeley | 8AM | $30-35 | 1 seat,876,,0,2025-04-23,Wednesday,32,#drive04232025 Sunnyvale,Berkeley
,,#ride05102024 RIDE!! from Palo Alto to San Jose 4:15 PM $20,877,,1,2024-05-10,Friday,0,Palo Alto,San Jose
,,#drive11252024 DRIVE!! from San Francisco to Oakland 4PM $18,878,,0,2024-11-25,Monday,18,San Francisco,Oakland
,,"#ride03072025 #ride03092025 Oakland-Fremont | 5:30 PM | $10 | 1 seat
anyone?",879,,1,2025-03-07,Friday,0,#ride03072025 #ride03092025 Oakland,Fremont
,,#drive01242024 Need a drive Palo Alto -> Sacramento. Budget 40 dollars,880,,0,2024-01-24,Wednesday,40,#drive01242024 Need a drive Palo Alto,Sacramento
,,#ride05182024 RIDE!! Sacramento ➜ Fremont 3PM $25,881,,1,2024-05-18,Saturday,0,#ride05182024 RIDE!! Sacramento,Fremont
,,"#ride10062024 Need a ride San Francisco-San Jose. Budget $18
pm me",882,,1,2024-10-06,Sunday,0,#ride10062024 Need a ride San Francisco,San Jose
,,Fremont to San Jsoe $25 leaving 7:00 AM,883,,,,,0,Fremont,San
,,#drive10112024  Berkeley-Fremont  |  10PM  |  $15  |  1  seat,884,,0,2024-10-11,Friday,15,#drive10112024 Berkeley,Fremont
,,#drive08062025 #drive08132025 DRIVE!! Sacramento-Sunnyvale 9:40 PM $30,885,,0,2025-08-06,Wednesday,30,#drive08062025 #drive08132025 DRIVE!! Sacramento,Sunnyvale
,,#drive08132025 Need a drive San Francisco -> Sunnyvale. Budget $30 !!,886,,0,2025-08-13,Wednesday,30,#drive08132025 Need a drive San Francisco,Sunnyvale
,,"#drive11082025  Need  a  drive  Sunnyvale  ➜  San  Francisco.  Budget  $25
pm  me",887,,0,2025-11-08,Saturday,25,#drive11082025 Need a drive Sunnyvale,San
,,#ride11302024  Need  a  ride  from  Sacramento  to  Berkeley.  Budget  $12,888,,1,2024-11-30,Saturday,0,Sacramento,Berkeley
,,#drive01252025 Palo Alto to Berkeley $35 leaving 3PM,889,,0,2025-01-25,Saturday,35,#drive01252025 Palo Alto,Berkeley
,,#drive06182025 Need a drive from Fremont to Sacramento. Budget $35,890,,0,2025-06-18,Wednesday,35,Fremont,Sacramento
,,"#ride09142025 #ride09172025 Fremont -> San Jose $22 leaving 8:50 PM
pm me",891,,1,2025-09-14,Sunday,0,#ride09142025 #ride09172025 Fremont,San Jose
,,#ride10212025 from San Jose to Fremont  leaving 7AM,892,,1,2025-10-21,Tuesday,0,San Jose,Fremont
,,#drive02082024 from Berkeley to San Francisco | 2PM | $18 | 1 seat pm me,893,,0,2024-02-08,Thursday,18,Berkeley,San Francisco
,,#drive05012025 Palo Alto ➜ Fremont 40 dollars leaving 6AM,894,,0,2025-05-01,Thursday,40,#drive05012025 Palo Alto,Fremont
,,#ride10222025 Need a ride Berkeley -> Davis. Budget $22 !!,895,,1,2025-10-22,Wednesday,0,#ride10222025 Need a ride Berkeley,Davis
,,#drive07302025 #drive07312025 Sac -> Oakland $12 leaving 1:45 PM pls,896,,0,2025-07-30,Wednesday,12,#drive07302025 #drive07312025 Sac,Oakland
,,#ride02212024  RIDE!!  Davis  ->  Berkeley  3PM  $22-30,897,,1,2024-02-21,Wednesday,0,#ride02212024 RIDE!! Davis,Berkeley
,,#drive03012025 Need a drive Sacramento to Palo Alto. Budget $20,898,,0,2025-03-01,Saturday,20,#drive03012025 Need a drive Sacramento,Palo
,,"#drive01152025 Palo Alto -> San Francisco | 12:20 PM |  | 1 seat
pm me",899,,0,2025-01-15,Wednesday,0,#drive01152025 Palo Alto,San Francisco
,,#drive05102024 Davis to San Francisco leaving 8AM,900,,0,2024-05-10,Friday,0,#drive05102024 Davis,San Francisco
,,#drive12282024 Need a drive from Berkeley to Sacramento. Budget $30,901,,0,2024-12-28,Saturday,30,Berkeley,Sacramento
,,"#drive09182024 DRIVE!! Davis-Sunnyvale 9PM $12 pls
anyone?",902,,0,2024-09-18,Wednesday,12,#drive09182024 DRIVE!! Davis,Sunnyvale
,,"#ride03162024  Need  a  ride  San  Jose  to  Oakland.  Budget
anyone?",903,,1,2024-03-16,Saturday,0,#ride03162024 Need a ride San Jose,Oakland
,,Fremont-Davis | 8PM |  | 1 seat 😊,904,,,,,0,Fremont,Davis
,,#drive03072024 #drive03102024 DRIVE!! Sacramento-Davis 8:45 AM !!,905,,0,2024-03-07,Thursday,0,#drive03072024 #drive03102024 DRIVE!! Sacramento,Davis
,,#drive11162024 San Jose ➜ Palo Alto | 8:45 AM | $35-45 | 1 seat,906,,0,2024-11-16,Saturday,40,#drive11162024 San Jose,Palo
,,#drive10062024 Berkeley ➜ Oakland | 5:50 PM | $10 | 1 seat,907,,0,2024-10-06,Sunday,10,#drive10062024 Berkeley,Oakland
,,#drive05022025 Davis -> Palo Alto $10 leaving 7PM,908,,0,2025-05-02,Friday,10,#drive05022025 Davis,Palo
,,#drive02062024 #drive02082024 Palo Alto -> San Francisco $22 leaving 11:10 AM !!,909,,0,2024-02-06,Tuesday,22,#drive02062024 #drive02082024 Palo Alto,San Francisco
,,#ride01152025 Need a ride Berkeley ➜ Sacramento. Budget 😊,910,,1,2025-01-15,Wednesday,0,#ride01152025 Need a ride Berkeley,Sacramento
,,#drive08062024 from Palo Alto to San Francisco  leaving 9AM,911,,0,2024-08-06,Tuesday,0,Palo Alto,San Francisco
,,"#drive07132024 #drive07202024 Need a drive Sac to Oakland. Budget $20
anyone?",912,,0,2024-07-13,Saturday,20,#drive07132024 #drive07202024 Need a drive Sac,Oakland
,,#ride07152024 Need a ride San Francisco -> Berkeley. Budget $20 😊,913,,1,2024-07-15,Monday,0,#ride07152024 Need a ride San Francisco,Berkeley
,,#ride03042024 RIDE!! Palo Alto to Fremont 7AM,914,,1,2024-03-04,Monday,0,#ride03042024 RIDE!! Palo Alto,Fremont
,,#drive01262025 Berkeley-Oakland | 4PM | $12 | 1 seat,915,,0,2025-01-26,Sunday,12,#drive01262025 Berkeley,Oakland
,,#ride09112024 Palo Alto ➜ Oakland leaving 7:45 AM,916,,1,2024-09-11,Wednesday,0,#ride09112024 Palo Alto,Oakland
,,"#drive01242024 Sunnyvale -> San Jose $30 leaving 10:20 PM !!
anyone?",917,,0,2024-01-24,Wednesday,30,#drive01242024 Sunnyvale,San Jose
,,#drive05262025 SJ-Fremont $35 leaving 12:20 PM,918,,0,2025-05-26,Monday,35,#drive05262025 SJ,Fremont
,,#drive11282024 #drive12052024 Fremont to Oakland | 4PM | $22 | 1 seat,919,,0,2024-11-28,Thursday,22,#drive11282024 #drive12052024 Fremont,Oakland
,,#drive01082025 Need a drive Sa cto San Jose. Budget 15 dollars comment below,920,,0,2025-01-08,Wednesday,15,,
,,#ride01282024 from Fremont to San Jose $10 leaving 9:30 AM,921,,1,2024-01-28,Sunday,0,Fremont,San Jose
,,#drive05300224 Oakland-San Jose $35 leaving 7AM,922,,0,0224-05-30,Sunday,35,#drive05300224 Oakland,San Jose
,,"#drive05192025 DRIVE!! San Jose ➜ Sacarmento 6PM
anyone?",923,,0,2025-05-19,Monday,0,#drive05192025 DRIVE!! San Jose,Sacarmento
,,#drive08142025 Need a drive Sunnyvale ➜ Oakland. Budget $30-38,924,,0,2025-08-14,Thursday,34,#drive08142025 Need a drive Sunnyvale,Oakland
,,#ride11012024 Oakland ➜ Fermont | 10PM | 40 dollars | 1 seat,925,,1,2024-11-01,Friday,0,#ride11012024 Oakland,Fermont
,,#rdie04202024 Need a ride from Sacramento to Berkeley. Budget $25,926,,,,,0,Sacramento,Berkeley
,,#ride04082025 Oakland-San Francisco $40 leaving 8AM,927,,1,2025-04-08,Tuesday,0,#ride04082025 Oakland,San Francisco
,,#ride04182025 Berkeley-San Jose | 4PM | $22 | 1 seat,928,,1,2025-04-18,Friday,0,#ride04182025 Berkeley,San Jose
,,#ride11132024 Berkeley ➜ Fremont | 1:15 PM | $20-30 | 1 seat,929,,1,2024-11-13,Wednesday,0,#ride11132024 Berkeley,Fremont
,,#ride10102024 RIDE!! from San Jose to Davis 9AM $22,930,,1,2024-10-10,Thursday,0,San Jose,Davis
,,#ride08302024 Berkeley ➜ Palo Alto | 4PM | $35 | 1 seat thx,931,,1,2024-08-30,Friday,0,#ride08302024 Berkeley,Palo
,,#drive08272025 San Jose-Davis $25-33 leaving 8PM comment below,932,,0,2025-08-27,Wednesday,29,#drive08272025 San Jose,Davis
,,#ride06042024 Need a ride Berkeley ➜ Sacrametno. Budget $22,933,,1,2024-06-04,Tuesday,0,#ride06042024 Need a ride Berkeley,Sacrametno
,,#ride05142025 Fremont ➜ Sunnyvale | 9AM | $12 | 1 seat,934,,1,2025-05-14,Wednesday,0,#ride05142025 Fremont,Sunnyvale
,,#drive11272024  Sacramento-Berkeley    leaving  1:20  PM,935,,0,2024-11-27,Wednesday,0,#drive11272024 Sacramento,Berkeley
,,#ride06082024  RIDE!!  Sunnyvale  ➜  SF  6PM  $20,936,,1,2024-06-08,Saturday,0,#ride06082024 RIDE!! Sunnyvale,San Francisco
,,#drive04152024 DRIVE!! from Palo Alto to Davis 10PM,937,,0,2024-04-15,Monday,0,Palo Alto,Davis
,,#drive05272025  DRIVE!!  from  San  Jose  to  Sacramento  4:20  PM,938,,0,2025-05-27,Tuesday,0,San Jose,Sacramento
,,#ride02212025 Need a ride San Jose to Oakland. Budget $25 thx,939,,1,2025-02-21,Friday,0,#ride02212025 Need a ride San Jose,Oakland
,,#drive08222024  Sacramento  ->  San  Jose  $20  leaving  9AM,940,,0,2024-08-22,Thursday,20,#drive08222024 Sacramento,San
,,Berkeley ➜ Fremont $25 leaving 8AM thx,941,,,,,0,Berkeley,Fremont
,,#ride07232025 Need a ride Davis ➜ San Jose. Budget,942,,1,2025-07-23,Wednesday,0,#ride07232025 Need a ride Davis,San Jose
,,"#ride04012024  Need  a  ride  from  Fremont  to  Berkeley.  Budget  $15
comment  below",943,,1,2024-04-01,Monday,0,Fremont,Berkeley
,,#drive04292025 DRIVE!! Berekley -> Davis 9PM $12 😊,944,,0,2025-04-29,Tuesday,12,#drive04292025 DRIVE!! Berekley,Davis
,,#drive03042025 #drive03072025 from Oakland to Palo Alto | 7PM | $10 | 1 seat,945,,0,2025-03-04,Tuesday,10,Oakland,Palo
,,#drive12132024  Need  a  drive  Davis  ->  San  Jose.  Budget  $15  thx,946,,0,2024-12-13,Friday,15,#drive12132024 Need a drive Davis,San
,,#ride02052024 Need a ride Berkeley ➜ Sunnyvale. Budget $22,947,,1,2024-02-05,Monday,0,#ride02052024 Need a ride Berkeley,Sunnyvale
,,#drive01172024 DRIVE!! Fremont to Davis 1PM $35,948,,0,2024-01-17,Wednesday,35,#drive01172024 DRIVE!! Fremont,Davis
,,#drive06202024 Need a drive from Berkeley to SF. Budget $30,949,,0,2024-06-20,Thursday,30,Berkeley,San Francisco
,,#drive11212025 Need a drive San Francisco ➜ Fremont. Budget 22 dollars 😊,950,,0,2025-11-21,Friday,22,#drive11212025 Need a drive San Francisco,Fremont
,,#drive08272025 DRIVE!! from Davis to Sunnyvale 8:00 AM,951,,0,2025-08-27,Wednesday,0,Davis,Sunnyvale
,,#ride02062025 Need a ride Sunnyvale ➜ San Jose. Budget $40,952,,1,2025-02-06,Thursday,0,#ride02062025 Need a ride Sunnyvale,San Jose
,,#ride12022024  Palo  Alto  to  Berkeley  $22  leavnig  8:45  PM,953,,1,2024-12-02,Monday,0,#ride12022024 Palo Alto,Berkeley
,,Need a drive SF to Berkeley. Budget $35 !!,954,,,,,0,Need a drive SF,Berkeley
,,#drive03052024 Sacramento ➜ Oakland | 7:50 PM | $22-30 | 1 seat,955,,0,2024-03-05,Tuesday,26,#drive03052024 Sacramento,Oakland
,,#ride04232024  Fremont  to  Sunnyvale  |  1:50  PM  |  $12  |  1  seat,956,,1,2024-04-23,Tuesday,0,#ride04232024 Fremont,Sunnyvale
,,#drive05082024 Need a drive Berkeley-San Francisco. Budget $35 pls,957,,0,2024-05-08,Wednesday,35,#drive05082024 Need a drive Berkeley,San Francisco
,,#ride12072025 RIDE!! Oakland to Sunnyvale 7PM $10 🚗,958,,1,2025-12-07,Sunday,0,#ride12072025 RIDE!! Oakland,Sunnyvale
,,#drive04052024 Need a drive from Sunnyvale to Fremont. Budget flexible time,959,,0,2024-04-05,Friday,0,Sunnyvale,Fremont
,,#drive11082024 Berkeley-San Francisco $20 leaving 2:20 PM,960,,0,2024-11-08,Friday,20,#drive11082024 Berkeley,San Francisco
,,#drive09082024 #drive09152024 Fremont to San Francisco | 9AM | $18 | 1 seat pls,961,,0,2024-09-08,Sunday,18,#drive09082024 #drive09152024 Fremont,San Francisco
,,#ride02252025 RIDE!! Oakland -> Davis 11AM $15 🚗,962,,1,2025-02-25,Tuesday,0,#ride02252025 RIDE!! Oakland,Davis
,,#drive01092024 Palo Alto-Fremont | 9:00 PM | $12 | 1 seat 🚗,963,,0,2024-01-09,Tuesday,12,#drive01092024 Palo Alto,Fremont
,,#drive03032025 Sacramento -> Fremont | 6PM | $15 | 1 seat,964,,0,2025-03-03,Monday,15,#drive03032025 Sacramento,Fremont
,,#irde06282025 RIDE!! Sacramento-Davis 9PM $12,965,,,,,0,#irde06282025 RIDE!! Sacramento,Davis
,,"RIDE!! Fremont-SJ 9:50 A M$35
comment below",966,,,,,0,RIDE!! Fremont,San Jose
,,#drive11042025 DRIVE!! Davis ➜ Sacramento 10:45 PM $12,967,,0,2025-11-04,Tuesday,12,#drive11042025 DRIVE!! Davis,Sacramento
,,#drive01222024 from San Jose to Oakland | 9:10 PM |  | 1 seat,968,,0,2024-01-22,Monday,0,San Jose,Oakland
,,#drive11092025 DRIVE!! from Berkeley to Davis 4:50 PM $35 thx,969,,0,2025-11-09,Sunday,35,Berkeley,Davis
,,"#ride06092025 Need a ride San Jose ➜ Sacramento. Budget 20 dollars
comment below",970,,1,2025-06-09,Monday,0,#ride06092025 Need a ride San Jose,Sacramento
,,#ride03082024 Need a ride San Francisco ➜ Palo Alto. Budget $12 pls,971,,1,2024-03-08,Friday,0,#ride03082024 Need a ride San Francisco,Palo
,,#drive04092024 DRIVE!! Sac -> San Jose 11:40 AM $30-35,972,,0,2024-04-09,Tuesday,32,#drive04092024 DRIVE!! Sac,San Jose
,,#drive05092025 from Berkeley to SF $53 leaving 9PM,973,,0,2025-05-09,Friday,53,Berkeley,San Francisco
,,#drive01242024 Berkeley-Oakland $40-50 leaving 7:40 PM,974,,0,2024-01-24,Wednesday,45,#drive01242024 Berkeley,Oakland
,,#ride11172024 Need a ride Berkeley -> San Jose. Budget $40,975,,1,2024-11-17,Sunday,0,#ride11172024 Need a ride Berkeley,San Jose
,,#ride06242025 from Sunnyvale to San Jose leaving 9:30 PM,976,,1,2025-06-24,Tuesday,0,Sunnyvale,San Jose
,,#ride12182024 Need a ride Oakland -> Palo Alto. Budget $12,977,,1,2024-12-18,Wednesday,0,#ride12182024 Need a ride Oakland,Palo
,,#ride12232024 from Palo Alto to Sacramento $35 leaving 7PM,978,,1,2024-12-23,Monday,0,Palo Alto,Sacramento
,,"#drive03252024 San Francisco -> San Jose | 6:20 AM | $18 | 1 seat
anyone?",979,,0,2024-03-25,Monday,18,#drive03252024 San Francisco,San Jose
,,#drive02192024  DRIVE!!  Sunnyvale  ➜  Berkeley  9:45  AM  $35  pls,980,,0,2024-02-19,Monday,35,#drive02192024 DRIVE!! Sunnyvale,Berkeley
,,"#drive10282024 Need a drive from Sunnyvale to Palo Alto. Budget $18 thx
flexible time",981,,0,2024-10-28,Monday,18,Sunnyvale,Palo
,,"#drive01232025 Palo Alto -> SJ | 8AM | $35-45 | 1 seat
comment below",982,,0,2025-01-23,Thursday,40,#drive01232025 Palo Alto,San Jose
,,#ride08102024 RIDE!! Fremont-San Jose 10:00 PM,983,,1,2024-08-10,Saturday,0,#ride08102024 RIDE!! Fremont,San Jose
,,#ride07282024 #ride07312024 Sunnyvale to San Francisco $20 leaving 8AM thx flexible time,984,,1,2024-07-28,Sunday,0,#ride07282024 #ride07312024 Sunnyvale,San Francisco
,,#drive12012025 Davis to Berkeley $51-20 leaving 6AM,985,,0,2025-12-01,Monday,36,#drive12012025 Davis,Berkeley
,,#drive05092024 from Berkeley to Davis | 4:30 PM | $20 | 1 seat,986,,0,2024-05-09,Thursday,20,Berkeley,Davis
,,#drive12172024  Davis  ➜  Fremont  |  6PM  |  $20-28  |  1  seat,987,,0,2024-12-17,Tuesday,24,#drive12172024 Davis,Fremont
,,#ride04042024  Fremont-Sac  $22  leaving  11:10  AM,988,,1,2024-04-04,Thursday,0,#ride04042024 Fremont,Sacramento
,,#drive07082024 from Sunnyvale to Berkeley | 10:30 AM | $35-43 | 1 seat,989,,0,2024-07-08,Monday,39,Sunnyvale,Berkeley
,,#drive03162025 DRIVE!! Sacramento ➜ Davis 6AM,990,,0,2025-03-16,Sunday,0,#drive03162025 DRIVE!! Sacramento,Davis
,,#ride02252024 San Jose ➜ San Francisco $25 leaving 4PM,991,,1,2024-02-25,Sunday,0,#ride02252024 San Jose,San Jose
,,#drive04032024 Berkeley ➜ Fremont | 5PM | $40 | 1 seat,992,,0,2024-04-03,Wednesday,40,#drive04032024 Berkeley,Fremont
,,#drive10032024 DRIVE!! Davis -> Oakland 10:30 PM $40,993,,0,2024-10-03,Thursday,40,#drive10032024 DRIVE!! Davis,Oakland
,,#drive11292024 DRIVE!! SJ-Davis 4:50 PM $12,994,,0,2024-11-29,Friday,12,#drive11292024 DRIVE!! SJ,Davis
,,#drive01072024 Need a drive from Sac to Palo Alto. Budget,995,,0,2024-01-07,Sunday,0,Sacramento,Palo
,,#ride09282025 Need a ride San Francisco -> Fremont. Budget $20,996,,1,2025-09-28,Sunday,0,#ride09282025 Need a ride San Francisco,Fremont
,,#ride08142024 RIDE!! from Sunnyvale to Palo Alto 9:30 PM $40-48,997,,1,2024-08-14,Wednesday,0,Sunnyvale,Palo
,,#drive08222025 Oakland to Sacramento | 7AM | 22 dollars | 1 seat,998,,0,2025-08-22,Friday,22,#drive08222025 Oakland,Sacramento
,,#drive01132025  from  San  Jose  to  Fremont  |  6:00  AM  |  $22  |  1  seat  !!,999,,0,2025-01-13,Monday,22,San Jose,Fremont
,,#ride07272024  Davis  to  Sacramento  |  10:30  AM  |    |  1  seat,1000,,1,2024-07-27,Saturday,0,#ride07272024 Davis,Sacramento
,,Need a ride San Jose ➜ San Francisco. Budget $25,1001,,,,,0,Need a ride San Jose,San Jose
,,#ride04042024  #ride04072024  RIDE!!  Palo  Alto  to  Davis  7:00  AM  $15,1002,,1,2024-04-04,Thursday,0,#ride04042024 #ride04072024 RIDE!! Palo Alto,Davis
,,#ride01272025 #ride02032025 RIDE!! Berkeley-Palo Alto 10:15 PM $20,1003,,1,2025-01-27,Monday,0,#ride01272025 #ride02032025 RIDE!! Berkeley,Palo
,,#ride06252024 RIDE!! Sacramento ➜ Davis 9AM,1004,,1,2024-06-25,Tuesday,0,#ride06252024 RIDE!! Sacramento,Davis
,,#drive12242025  DRIVE!!  Berkeley  to  Oakland  9PM  comment  below,1005,,0,2025-12-24,Wednesday,0,#drive12242025 DRIVE!! Berkeley,Oakland
,,#ride12162024 San Jose -> Palo Alto | 7PM | $25-35 | 1 seat pls,1006,,1,2024-12-16,Monday,0,#ride12162024 San Jose,Palo
,,#drive08042025 Need a drive San Jose to Sunnyvale. Budget $15,1007,,0,2025-08-04,Monday,15,#drive08042025 Need a drive San Jose,Sunnyvale
,,#ride07012025 RIDE!! Berkeley -> Sunnyvale 2PM $12,1008,,1,2025-07-01,Tuesday,0,#ride07012025 RIDE!! Berkeley,Sunnyvale
,,#drive04222024 Need a drive from Oakland to Fremont. Budget $10,1009,,0,2024-04-22,Monday,10,Oakland,Fremont
,,#drive11212024  DRIVE!!  from  Davis  to  Fremont  9:50  PM  $40-50,1010,,0,2024-11-21,Thursday,45,Davis,Fremont
,,#ride10072025 #ride10102025 Need a ride San Jose ➜ Fremont. Budget $20-30 🚗,1011,,1,2025-10-07,Tuesday,0,#ride10072025 #ride10102025 Need a ride San Jose,Fremont
,,#drive06082025  Palo  Alto-Fremont  |  4PM  |  $20  |  1  seat,1012,,0,2025-06-08,Sunday,20,#drive06082025 Palo Alto,Fremont
,,#drive03262024 DRIVE!! Sacramento ➜ San Jose 6:10 AM 35 dollars,1013,,0,2024-03-26,Tuesday,35,#drive03262024 DRIVE!! Sacramento,San Jose
,,#ride01132025 RIDE!! Davis -> San Jose 10PM $35,1014,,1,2025-01-13,Monday,0,#ride01132025 RIDE!! Davis,San Jose
,,#drive07202025 Need a drive Berkeley-Fremont. Budget $10 flexible time,1015,,0,2025-07-20,Sunday,10,#drive07202025 Need a drive Berkeley,Fremont
,,#drive06242024 Berkeley-San Francisco | 6:15 PM | $40 | 1 seat,1016,,0,2024-06-24,Monday,40,#drive06242024 Berkeley,San Francisco
,,#drive02082025  DRIVE!!  San  Jose-Berkeley  4PM  $20,1017,,0,2025-02-08,Saturday,20,#drive02082025 DRIVE!! San Jose,Berkeley
,,#drive08202025 Need a drive Sunnyvale to Sacramento. Budget $10,1018,,0,2025-08-20,Wednesday,10,#drive08202025 Need a drive Sunnyvale,Sacramento
,,Need a ride Oakland to Davis. Budget $18-23 thx,1019,,,,,0,Need a ride Oakland,Davis
,,#ride12032024 San Francisco -> Palo Alto $22 leaving 7:15 PM,1020,,1,2024-12-03,Tuesday,0,#ride12032024 San Francisco,Palo
,,#drive07302025 DRIVE!! Sunnyvale-Palo Alto 10:50 PM $18,1021,,0,2025-07-30,Wednesday,18,#drive07302025 DRIVE!! Sunnyvale,Palo
,,#ride09202024 RIDE!! Sacramento -> San Jose 7:40 AM $40,1022,,1,2024-09-20,Friday,0,#ride09202024 RIDE!! Sacramento,San Jose
,,#drive01262025 Davis to Sunnyvale | 8AM | $30 | 1 seat,1023,,0,2025-01-26,Sunday,30,#drive01262025 Davis,Sunnyvale
,,#ride01192025 from SF to Sunnyvale $12 leaving 10:20 PM,1024,,1,2025-01-19,Sunday,0,San Francisco,Sunnyvale
,,#ride12272024 San Jose-Berkeley $15 leaving 12PM pls,1025,,1,2024-12-27,Friday,0,#ride12272024 San Jose,Berkeley
,,#ride02122024 Sacramento-Fremont $20 leaving9 PM 😊,1026,,1,2024-02-12,Monday,0,#ride02122024 Sacramento,Fremont
,,DRIVE!! Davis to Oakland 1:50 PM $10,1027,,,,,0,DRIVE!! Davis,Oakland
,,"#ride04022025 RIDE!! Palo Alto ➜ San Jose 8:15 AM $18
comment below",1028,,1,2025-04-02,Wednesday,0,#ride04022025 RIDE!! Palo Alto,San Jose
,,#ride07112025 Need a ride Sunnyvale-Palo Alto. Budget $40,1029,,1,2025-07-11,Friday,0,#ride07112025 Need a ride Sunnyvale,Palo
,,#ride04212024 Davis ➜ Sacramento $15 leaving 4PM,1030,,1,2024-04-21,Sunday,0,#ride04212024 Davis,Sacramento
,,San Jose-Oakland | 4:10 PM | $18 | 1 seat,1031,,,,,0,San Jose,Oakland
,,#ride03192025 RIDE!! from San Jose to San Francisco 11AM $40 !!,1032,,1,2025-03-19,Wednesday,0,San Jose,San Jose
,,#ride05022025 Sunnyvale -> Berkeley $12 leaving 12PM,1033,,1,2025-05-02,Friday,0,#ride05022025 Sunnyvale,Berkeley
,,#ride03032025 #ride03062025 Need a ride Sunnyvale ➜ Sacramento. Budget $30,1034,,1,2025-03-03,Monday,0,#ride03032025 #ride03062025 Need a ride Sunnyvale,Sacramento
,,#ride05292025 Need a ride Oakland to SJ. Budget $35-40,1035,,1,2025-05-29,Thursday,0,#ride05292025 Need a ride Oakland,San Jose
,,#drive01082025 DRIVE!! Palo Alto to Fremont 8AM $25,1036,,0,2025-01-08,Wednesday,25,#drive01082025 DRIVE!! Palo Alto,Fremont
,,"#ride09072024 RIDE!! Davis-Berkeley 12:10 PM $15
pm me",1037,,1,2024-09-07,Saturday,0,#ride09072024 RIDE!! Davis,Berkeley
,,#drive12302024  Need  a  driveS  unnyvale  ➜  Oakland.  Budget  $30,1038,,0,2024-12-30,Monday,30,#drive12302024 Need a driveS unnyvale,Oakland
,,#ride02222024 from Davis t oSacramento | 9:40 PM | $18 | 1 seat,1039,,1,2024-02-22,Thursday,0,,
,,Need a drive Palo Alto to San Jose. Budget $30-38 🚗,1040,,,,,0,Need a drive Palo Alto,San Jose
,,#drive01162024 Fremont ➜ San Jose | 12:15 PM | $15 | 1 seat !!,1041,,0,2024-01-16,Tuesday,15,#drive01162024 Fremont,San Jose
,,#ride01162025 Need a ride Palo Alto -> San Francisco. Budget $10-18 😊,1042,,1,2025-01-16,Thursday,0,#ride01162025 Need a ride Palo Alto,San Francisco
,,"Need a drive from San Franicsco to Sacramento. Budget $40
anyone?",1043,,,,,0,San Franicsco,Sacramento
,,#drive11092024 #drive11112024 DRIVE!! Fremont-Sunnyvale 9:40 PM $18,1044,,0,2024-11-09,Saturday,18,#drive11092024 #drive11112024 DRIVE!! Fremont,Sunnyvale
,,#drive02192024 DRIVE!! San Francisco ➜ Palo Alto 6PM $20,1045,,0,2024-02-19,Monday,20,#drive02192024 DRIVE!! San Francisco,Palo
,,#drive11302024  Oakland  to  Palo  Alto  $10  leaving  3PM,1046,,0,2024-11-30,Saturday,10,#drive11302024 Oakland,Palo
,,#drive10262024 Berkeley-Fremont | 12PM | $15 | 1 seat,1047,,0,2024-10-26,Saturday,15,#drive10262024 Berkeley,Fremont
,,#drive10292025 Sacramento -> Oakland $15 leaving 5:40 PM 😊,1048,,0,2025-10-29,Wednesday,15,#drive10292025 Sacramento,Oakland
,,#drive09032024 DRIVE!! Berkeley to San Jose 12:30 PM $40,1049,,0,2024-09-03,Tuesday,40,#drive09032024 DRIVE!! Berkeley,San Jose
,,"#ride05212025 Sacramento ➜ San Jose $12-17 leaving 12PM
comment below",1050,,1,2025-05-21,Wednesday,0,#ride05212025 Sacramento,San Jose
,,#drive06182024 DRIVE!! Davis-Sunnyvale 10:40 AM $22,1051,,0,2024-06-18,Tuesday,22,#drive06182024 DRIVE!! Davis,Sunnyvale
,,#ride04102024 RIDE!! from Oakland to Davis 10:15 AM,1052,,1,2024-04-10,Wednesday,0,Oakland,Davis
,,#ride06132024 Oakland-San Jose | 3:40 PM | $40 | 1 seat,1053,,1,2024-06-13,Thursday,0,#ride06132024 Oakland,San Jose
,,#ride06212024 San Jose -> Berkeley $18 leaving 8AM thx,1054,,1,2024-06-21,Friday,0,#ride06212024 San Jose,Berkeley
,,#drive03252024 DRIVE!! Sacramento -> Davis 2:50 PM $25-30,1055,,0,2024-03-25,Monday,28,#drive03252024 DRIVE!! Sacramento,Davis
,,#drive04222025 Need a drive Sacramento -> Palo Alto. Budget,1056,,0,2025-04-22,Tuesday,0,#drive04222025 Need a drive Sacramento,Palo
,,Need  a  ride  San  Jose  ➜  Davis.  Budget  $22,1057,,,,,0,Need a ride San Jose,Davis
,,#ride08132025 Sacramento to Sunnyvale | 9:20 AM | | 1 seat,1058,,1,2025-08-13,Wednesday,0,#ride08132025 Sacramento,Sunnyvale
,,Palo Alto -> Davis | 8:15 AM |  | 1 seat !!,1059,,,,,0,Palo Alto,Davis
,,"#ride12292024 from Sunnyvale to Sacramento | 3PM | $20 | 1 seat
anyone?",1060,,1,2024-12-29,Sunday,0,Sunnyvale,Sacramento
,,#drive08012024 DRIVE!! Fremont-San Jose 9PM $22,1061,,0,2024-08-01,Thursday,22,#drive08012024 DRIVE!! Fremont,San Jose
,,#drive12022025 Berkeley to Oakland | 3PM | $20 | 1 seat,1062,,0,2025-12-02,Tuesday,20,#drive12022025 Berkeley,Oakland
,,#drive11132024 #drive11152024 San Francisco to Palo Alto $40-45 leaving 11:50 AM thx,1063,,0,2024-11-13,Wednesday,42,#drive11132024 #drive11152024 San Francisco,Palo
,,#drive11142025 #drive11212025 Need a drive from Berkeley to Sac. Budget $10,1064,,0,2025-11-14,Friday,10,Berkeley,Sacramento
,,#drive11022024 Oakland -> Davis leaving 12PM,1065,,0,2024-11-02,Saturday,0,#drive11022024 Oakland,Davis
,,#ride01202024 RIDE!! Fremont-Sacramento 7PM $10,1066,,1,2024-01-20,Saturday,0,#ride01202024 RIDE!! Fremont,Sacramento
,,#drive03302025 #drive03312025 Fremont to Sunnyvale $25-35 leaving 3:10 PM,1067,,0,2025-03-30,Sunday,30,#drive03302025 #drive03312025 Fremont,Sunnyvale
,,San Jose-Oakland $35 leaving 9PM pls,1068,,,,,0,San Jose,Oakland
,,#ride11162024 RIDE!! Davis to Berkeley 10PM pls,1069,,1,2024-11-16,Saturday,0,#ride11162024 RIDE!! Davis,Berkeley
,,#drive04272024 Sunnyvale to San Francisco | 7:50 PM | $22 | 1 seat,1070,,0,2024-04-27,Saturday,22,#drive04272024 Sunnyvale,San Francisco
,,#ride12172025 Berkeley ➜ Sunnyvale | 7AM | $30 | 1 seat,1071,,1,2025-12-17,Wednesday,0,#ride12172025 Berkeley,Sunnyvale
,,#drive12262025  Davis  ->  Palo  Alto    leaving  6AM,1072,,0,2025-12-26,Friday,0,#drive12262025 Davis,Palo
,,#drive04052024 San Jose-Sacramento | 8:30 PM | $18 | 1 seat,1073,,0,2024-04-05,Friday,18,#drive04052024 San Jose,Sacramento
,,"#ride09092025 RIDE!! Oakland -> San Francisco 7AM $10
comment below",1074,,1,2025-09-09,Tuesday,0,#ride09092025 RIDE!! Oakland,San Francisco
,,#drive04062025 San Francisco -> Oakland $40-45 leaving 8AM,1075,,0,2025-04-06,Sunday,42,#drive04062025 San Francisco,Oakland
,,#drive09062025 DRIVE!! Fremont to Sacramento 1:15 PM $15-25 😊,1076,,0,2025-09-06,Saturday,20,#drive09062025 DRIVE!! Fremont,Sacramento
,,#ride01162024 Davis -> Palo Alto | 2PM | $30 | 1 seat,1077,,1,2024-01-16,Tuesday,0,#ride01162024 Davis,Palo
,,#ride12262024 #ride12282024 RIDE!! Davis -> Palo Alto 9:50 AM 35 dollars thx,1078,,1,2024-12-26,Thursday,0,#ride12262024 #ride12282024 RIDE!! Davis,Palo
,,#ride08202025  Davis  to  Fremont  25  dollars  leaving  9AM,1079,,1,2025-08-20,Wednesday,0,#ride08202025 Davis,Fremont
,,#ride09252025 Need a ride San Jose-Palo Alto. Budget 😊,1080,,1,2025-09-25,Thursday,0,#ride09252025 Need a ride San Jose,Palo
,,#drive06032024  Need  a  drive  Palo  Alto  to  Davis.  Budget  pls,1081,,0,2024-06-03,Monday,0,#drive06032024 Need a drive Palo Alto,Davis
,,#ride05152024 from Berkeley to Sac $15 leaving 10PM,1082,,1,2024-05-15,Wednesday,0,Berkeley,Sacramento
,,#ride07262024 San Francisco ➜ Berkeley | 3PM |  | 1 seat thx,1083,,1,2024-07-26,Friday,0,#ride07262024 San Francisco,Berkeley
,,#drive11092025 Palo Alto to Berkeley | 9PM |$20-28 | 1 seat,1084,,0,2025-11-09,Sunday,24,#drive11092025 Palo Alto,Berkeley
,,#ride08122024 RIDE!! Berkeley -> San Francisco 8PM $15,1085,,1,2024-08-12,Monday,0,#ride08122024 RIDE!! Berkeley,San Francisco
,,#drive02132024  DRIVE!!  Davis  ➜  SanJ  ose  6AM  $20  pls,1086,,0,2024-02-13,Tuesday,20,#drive02132024 DRIVE!! Davis,SanJ
,,#drive08282024 DRIVE!! Sacramento ➜ Oakland 10:40 PM 18 dollars 🚗,1087,,0,2024-08-28,Wednesday,18,#drive08282024 DRIVE!! Sacramento,Oakland
,,#drive05202024 Need a drive from San Francisco to Sacramento. Budget $35-43 😊,1088,,0,2024-05-20,Monday,39,San Francisco,Sacramento
,,#drive02232025 San Jose ➜ Oaklnad | 8:20 AM | $30 | 1 seat,1089,,0,2025-02-23,Sunday,30,#drive02232025 San Jose,Oaklnad
,,#ride11162025 San Francisco -> Oakland $15 leaving 6AM,1090,,1,2025-11-16,Sunday,0,#ride11162025 San Francisco,Oakland
,,#drive03282025 DRIVE!! Fremont ➜ Sunnyvale 8:15 PM,1091,,0,2025-03-28,Friday,0,#drive03282025 DRIVE!! Fremont,Sunnyvale
,,#ride12092024 #ride12112024 RIDE!! Berkeley-Davis 9:30 PM $15,1092,,1,2024-12-09,Monday,0,#ride12092024 #ride12112024 RIDE!! Berkeley,Davis
,,"#ride05092025  #ride05162025  from  San  Jose  to  Palo  Alto  |  11AM  |  $40  |  1  seat
comment  below",1093,,1,2025-05-09,Friday,0,San Jose,Palo
,,#drive04072024 #drive04102024 Fremont ➜ Palo Alto | 8AM | $30-40 | 1 seat,1094,,0,2024-04-07,Sunday,35,#drive04072024 #drive04102024 Fremont,Palo
,,#ride02292024  from  Fremont  to  San  Jose  |  10AM  |  $25  |  1  seat,1095,,1,2024-02-29,Thursday,0,Fremont,San
,,#ride07232024 Need a ride from Fremont to Berkele.y Budget $40-45,1096,,1,2024-07-23,Tuesday,0,Fremont,Berkele
,,#drive11132025 DRIVE!! Fremont -> SJ 12:20 PM $10,1097,,0,2025-11-13,Thursday,10,#drive11132025 DRIVE!! Fremont,San Jose
,,#drive01212024 SF-Oakland | 11:40 AM |  | 1 seat,1098,,0,2024-01-21,Sunday,0,#drive01212024 SF,Oakland
,,#ride08222024  Oakland  ➜  Sunnyvale  |  10:45  AM  |  12  dollars  |  1  seat  😊,1099,,1,2024-08-22,Thursday,0,#ride08222024 Oakland,Sunnyvale
,,#drive08022024 Need a drive Palo Alto-Sunnyvale. Budget pls,1100,,0,2024-08-02,Friday,0,#drive08022024 Need a drive Palo Alto,Sunnyvale
,,#drive03182024 Need a drive from San Francisco to Sacramento. Budget,1101,,0,2024-03-18,Monday,0,San Francisco,Sacramento
,,#drive05262024 Need a drive from Berkeley to San Jose. Budget $20,1102,,0,2024-05-26,Sunday,20,Berkeley,San Jose
,,#drive12182025 #drive12212025 Sacramento to Oakland $10 leaving 8:45 PM,1103,,0,2025-12-18,Thursday,10,#drive12182025 #drive12212025 Sacramento,Oakland
,,#ride05282025 Fremont ➜ San Jose | 6AM | $30 | 1 seat,1104,,1,2025-05-28,Wednesday,0,#ride05282025 Fremont,San Jose
,,Need a ride Fremont ➜ Palo Alto. Budget $12,1105,,,,,0,Need a ride Fremont,Palo
,,#drive02162024  Need  a  drive  San  Jose  ➜  SF.  Budget,1106,,0,2024-02-16,Friday,0,#drive02162024 Need a drive San Jose,San Francisco
,,#drive04082025 San Jose to Palo Alto $10 leaving 12:50 PM,1107,,0,2025-04-08,Tuesday,10,#drive04082025 San Jose,Palo
,,#ride11032024 RIDE!! from Berkeley to Davis 1PM $18-28,1108,,1,2024-11-03,Sunday,0,Berkeley,Davis
,,#drive11052025 #drive11072025 DRIVE!! from Sacramento to Davis 2:45 PM $30 thx,1109,,0,2025-11-05,Wednesday,30,Sacramento,Davis
,,"#ride12122024 San Jose ➜ Palo Alto $12-17 leaving 2:45 PM
flexible time",1110,,1,2024-12-12,Thursday,0,#ride12122024 San Jose,Palo
,,#drive03072024 DRIVE!! Fremont to Palo Alto 6AM thx,1111,,0,2024-03-07,Thursday,0,#drive03072024 DRIVE!! Fremont,Palo
,,#ride04172024 Fremont -> Davis | 1:20 PM | $30 | 1 seat 😊,1112,,1,2024-04-17,Wednesday,0,#ride04172024 Fremont,Davis
,,"#drive06012025 San Jose ➜ Davis | 3:50 PM |  | 1 seat
anyone?",1113,,0,2025-06-01,Sunday,0,#drive06012025 San Jose,Davis
,,#ride01052024 RIDE!! Palo Alto -> Berkeley 7:50 PM $30 🚗,1114,,1,2024-01-05,Friday,0,#ride01052024 RIDE!! Palo Alto,Berkeley
,,#ride11072024 Berkeley to Davis $15-20 leaving 8:30 AM,1115,,1,2024-11-07,Thursday,0,#ride11072024 Berkeley,Davis
,,#drive03112025 Sacramento-Oakland  leaving 9:50 PM,1116,,0,2025-03-11,Tuesday,0,#drive03112025 Sacramento,Oakland
,,#ride07072025 San Francisco -> Palo Alto  leaving 1:00 PM !!,1117,,1,2025-07-07,Monday,0,#ride07072025 San Francisco,Palo
,,#drive02242025 Need a drive Fremont -> Davis. Budgte $18 !!,1118,,0,2025-02-24,Monday,18,#drive02242025 Need a drive Fremont,Davis
,,#ride01172024 San Jose-Palo Alto  leaving 7PM,1119,,1,2024-01-17,Wednesday,0,#ride01172024 San Jose,Palo
,,#ride09112024 RIDE!! Sacramento ➜ Davis 11AM $18,1120,,1,2024-09-11,Wednesday,0,#ride09112024 RIDE!! Sacramento,Davis
,,#ride04212024 RIDE!! Sunnyvale-San Francisco 6:30 AM $30,1121,,1,2024-04-21,Sunday,0,#ride04212024 RIDE!! Sunnyvale,San Francisco
,,#drive09272025  DRIVE!!  Oakland  ->  Berkeley  3PM  $15,1122,,0,2025-09-27,Saturday,15,#drive09272025 DRIVE!! Oakland,Berkeley
,,#ride01152024 #ride01222024 Need a ride Davis-Fremont. Budget 25 dollars,1123,,1,2024-01-15,Monday,0,#ride01152024 #ride01222024 Need a ride Davis,Fremont
,,#drive04092025 #drive04112025 DRIVE!! Palo Alto ➜ Berkeley 10:10 PM $30-40,1124,,0,2025-04-09,Wednesday,35,#drive04092025 #drive04112025 DRIVE!! Palo Alto,Berkeley
,,#drive10312024 San Francisco-Davis | 2:50 PM | $15 | 1 seat,1125,,0,2024-10-31,Thursday,15,#drive10312024 San Francisco,Davis
,,#ride03242024 RIDE!! from Sunnyvale to San Francisco 5PM,1126,,1,2024-03-24,Sunday,0,Sunnyvale,San Francisco
,,#drive09102025 Need a drive Davis-Palo Alto. Budget $22-32,1127,,0,2025-09-10,Wednesday,27,#drive09102025 Need a drive Davis,Palo
,,#drive06292024  Sunnyvale  ➜  Oakland  |  3:45  PM  |  $18  |  1  seat,1128,,0,2024-06-29,Saturday,18,#drive06292024 Sunnyvale,Oakland
,,#ride06062025 Need a ride Sacramento -> San Francisco. Budget $25-30,1129,,1,2025-06-06,Friday,0,#ride06062025 Need a ride Sacramento,San Francisco
,,#ride08172025 Sacramento -> Fremont $10 leaving 10AM,1130,,1,2025-08-17,Sunday,0,#ride08172025 Sacramento,Fremont
,,#drive07232024  Need  a  drive  Fremont-San  Jose.  Budget  $20,1131,,0,2024-07-23,Tuesday,20,#drive07232024 Need a drive Fremont,San
,,#ride08152025 San Jose to Berkeley $30 leaving 3:00 PM,1132,,1,2025-08-15,Friday,0,#ride08152025 San Jose,Berkeley
,,#drive06172024 DRIVE!! Oakland ➜ Palo Alto 9:50 PM $12 thx,1133,,0,2024-06-17,Monday,12,#drive06172024 DRIVE!! Oakland,Palo
,,#drive12282025 #drive12292025 Berkeley-Palo Alto | 10:40 PM | $35 | 1 seat,1134,,0,2025-12-28,Sunday,35,#drive12282025 #drive12292025 Berkeley,Palo
,,#ride03292024 Need a ride Sunnyvale -> San Jose. Budget 35 dollars,1135,,1,2024-03-29,Friday,0,#ride03292024 Need a ride Sunnyvale,San Jose
,,#ride04162025  #ride04182025  Berkeley-Sunnyvale    leaving  9:40  PM,1136,,1,2025-04-16,Wednesday,0,#ride04162025 #ride04182025 Berkeley,Sunnyvale
,,#drive12302024 from San Francisco to Berkeley $18 leaving 10:50 PM,1137,,0,2024-12-30,Monday,18,San Francisco,Berkeley
,,#ride10222025 San Jose -> San Francisco $20 leaving 8AM,1138,,1,2025-10-22,Wednesday,0,#ride10222025 San Jose,San Jose
,,#ride11072025 Need a ride from Davis to San Jose. Budget $18,1139,,1,2025-11-07,Friday,0,Davis,San Jose
,,from Sacramento to Davis | 6:30 AM | $12 | 1 seat,1140,,,,,0,Sacramento,Davis
,,#drive08062024 Berkeley to Palo Alto | 6:45 PM | $30-35 | 1 seat,1141,,0,2024-08-06,Tuesday,32,#drive08062024 Berkeley,Palo
,,#drive10222024 Need a rdive San Francisco ➜ Sac. Budget $20,1142,,0,2024-10-22,Tuesday,20,#drive10222024 Need a rdive San Francisco,Sacramento
,,#ride03062024 Sunnyvale ➜ Davis $15 leaving 9AM 🚗,1143,,1,2024-03-06,Wednesday,0,#ride03062024 Sunnyvale,Davis
,,#drive03132024 DRIVE!! Sunnyvale ➜ Berkeley 2:45 PM $10,1144,,0,2024-03-13,Wednesday,10,#drive03132024 DRIVE!! Sunnyvale,Berkeley
,,"#ride05262024 RIDE!! from San Francisco to Berkeley 7AM 20 dollars
comment below",1145,,1,2024-05-26,Sunday,0,San Francisco,Berkeley
,,#drive07272025 Palo Alto-Davis $12 leaving 6AM,1146,,0,2025-07-27,Sunday,12,#drive07272025 Palo Alto,Davis
,,#ride04272042 #ride05042024 Need a ride Berkeley-Sunnyvale. Budget $35-43 😊,1147,,1,2042-04-27,Sunday,0,#ride04272042 #ride05042024 Need a ride Berkeley,Sunnyvale
,,#drive03112024 Sunnyvale-Fremont | 1:15 PM | $22 | 1 seat !!,1148,,0,2024-03-11,Monday,22,#drive03112024 Sunnyvale,Fremont
,,"#ride12192025 from SJ to Fremont | 12PM | $15 | 1 seat thx
comment below",1149,,1,2025-12-19,Friday,0,San Jose,Fremont
,,#drive01162025 from Berkeley to Palo Alto $25-35 leaving 7PM,1150,,0,2025-01-16,Thursday,30,Berkeley,Palo
,,Davis to Palo Alto $35 leaving 4:15 PM,1151,,,,,0,Davis,Palo
,,#ride08312025 Davis -> Oakland $20 leaving 7:00 PM,1152,,1,2025-08-31,Sunday,0,#ride08312025 Davis,Oakland
,,#ride08152024 Fremont -> San Jose $10 leaving 6:40 AM flexible time,1153,,1,2024-08-15,Thursday,0,#ride08152024 Fremont,San Jose
,,#ride03132025 Need a ride Palo Alto-Oakland. Budget 😊,1154,,1,2025-03-13,Thursday,0,#ride03132025 Need a ride Palo Alto,Oakland
,,#ride10072024 Need aride Fremont to San Jose. Budget $25,1155,,1,2024-10-07,Monday,0,#ride10072024 Need aride Fremont,San Jose
,,"#ride02292024 Need a ride San Jose-Berkeley. Budget $35
pm me",1156,,1,2024-02-29,Thursday,0,#ride02292024 Need a ride San Jose,Berkeley
,,RIDE!! from Sunnyvale to Davis 6:50 AM,1157,,,,,0,Sunnyvale,Davis
,,#ride11242024 Need a ride San Francisco-Berkeley. Budget $18,1158,,1,2024-11-24,Sunday,0,#ride11242024 Need a ride San Francisco,Berkeley
,,#drive05222025 Need a drive Berkeley -> Fremont. Budget,1159,,0,2025-05-22,Thursday,0,#drive05222025 Need a drive Berkeley,Fremont
,,#ride06012025 Nee da ride Fremont-Berkeley. Budget $12,1160,,1,2025-06-01,Sunday,0,#ride06012025 Nee da ride Fremont,Berkeley
,,#drive06202025 Palo Alto ➜ Sacramento | 5:40 PM | $40 | 1 seat,1161,,0,2025-06-20,Friday,40,#drive06202025 Palo Alto,Sacramento
,,#ride06292024 Need a ride from Davis to Berkeley. Budget $22 pls,1162,,1,2024-06-29,Saturday,0,Davis,Berkeley
,,#ride10112024 Need a ride Sunnyvale -> Fremont. Budget $10,1163,,1,2024-10-11,Friday,0,#ride10112024 Need a ride Sunnyvale,Fremont
,,#drive07102024 #drive07122024 aPlo Alto to San Francisco | 1:40 PM | $12 | 1 seat,1164,,0,2024-07-10,Wednesday,12,#drive07102024 #drive07122024 aPlo Alto,San Francisco
,,"#drive07242024 Need a drive Davis-Sacramento. Budget $15
flexible time",1165,,0,2024-07-24,Wednesday,15,#drive07242024 Need a drive Davis,Sacramento
,,#drive02202024 Sunnyvale to Davis $15 leaving 2:10 PM,1166,,0,2024-02-20,Tuesday,15,#drive02202024 Sunnyvale,Davis
,,#ride08122025 Need a ride San Jose ➜ Fremont. Budget $30,1167,,1,2025-08-12,Tuesday,0,#ride08122025 Need a ride San Jose,Fremont
,,#ride11132025 from Oakland to Fremont | 9AM |  | 1 seat,1168,,1,2025-11-13,Thursday,0,Oakland,Fremont
,,#drive11022025 DRIVE!! Berkeley to San Jose 1PM $35,1169,,0,2025-11-02,Sunday,35,#drive11022025 DRIVE!! Berkeley,San Jose
,,#ride07212024 RIDE!! Sacramento ➜ San Francisco 2PM $15-25,1170,,1,2024-07-21,Sunday,0,#ride07212024 RIDE!! Sacramento,San Francisco
,,#ride07192024 San Francisco ➜ Davis $18 leaving 8AM pls,1171,,1,2024-07-19,Friday,0,#ride07192024 San Francisco,Davis
,,#drive10032025 Sunnyvale -> Oakland | 10:40 PM | $35 | 1 seat,1172,,0,2025-10-03,Friday,35,#drive10032025 Sunnyvale,Oakland
,,#driev12242024 San Francisco ➜ Sunnyvale | 1PM | $25 | 1 seat,1173,,,,,0,#driev12242024 San Francisco,Sunnyvale
,,"#ride08142025 Oakland ➜ Berkeley | 12PM | $35-40 | 1 seat !!
comment below",1174,,1,2025-08-14,Thursday,0,#ride08142025 Oakland,Berkeley
,,#ride12112024 Need a ride Sunnyvale-Fremont. Budget $30-35,1175,,1,2024-12-11,Wednesday,0,#ride12112024 Need a ride Sunnyvale,Fremont
,,#drive01182024 DRIVE!! SF-Berkeley 6AM $10 🚗,1176,,0,2024-01-18,Thursday,10,#drive01182024 DRIVE!! SF,Berkeley
,,#ride02172025 #ride02202025 Need ar ide from Palo Alto to San Jose. Budget $30,1177,,1,2025-02-17,Monday,0,Palo Alto,San Jose
,,#drive10032024  Sunnyvale-Oakland    leaving  2PM,1178,,0,2024-10-03,Thursday,0,#drive10032024 Sunnyvale,Oakland
,,#ride01212024 Need a ride San Francisco ➜ Palo Alto. Budget $22,1179,,1,2024-01-21,Sunday,0,#ride01212024 Need a ride San Francisco,Palo
,,#ride05242024 San Jose -> Palo Alto 22 dollars leaving 5PM,1180,,1,2024-05-24,Friday,0,#ride05242024 San Jose,Palo
,,"#drive12222025 Oakland to Sacrmaento | 8:30 AM | $20 | 1 seat
pm me",1181,,0,2025-12-22,Monday,20,#drive12222025 Oakland,Sacrmaento
,,#ride09202024 Sacramento -> Fremont  leaving 11:45 AM 🚗,1182,,1,2024-09-20,Friday,0,#ride09202024 Sacramento,Fremont
,,#drive12152024  Need  a  drive  San  Jose  ➜  Palo  Alto.  Budget  $15-23,1183,,0,2024-12-15,Sunday,19,#drive12152024 Need a drive San Jose,Palo
,,#drive11242025 Sunnvyale -> Oakland $40-45 leaving 7:50 AM,1184,,0,2025-11-24,Monday,42,#drive11242025 Sunnvyale,Oakland
,,#ride07162024 Sunnyvale ➜ Oakland 40 dollars leaving 9:10 PM pls,1185,,1,2024-07-16,Tuesday,0,#ride07162024 Sunnyvale,Oakland
,,#drive07032024 #drive07062024 Oakland-San Jose | 4PM | | 1 seat,1186,,0,2024-07-03,Wednesday,0,#drive07032024 #drive07062024 Oakland,San Jose
,,#drive08072024 from San Jose to Davis | 8:45 PM | $22 | 1 seat,1187,,0,2024-08-07,Wednesday,22,San Jose,Davis
,,#drive01142025 DRIVE!! from Palo Alto to Sunnyvale 3PM $15,1188,,0,2025-01-14,Tuesday,15,Palo Alto,Sunnyvale
,,#drive10202025 San Jose to Sac | 9PM | $10 | 1 seat 🚗,1189,,0,2025-10-20,Monday,10,#drive10202025 San Jose,Sacramento
,,#drive08112025 Berkeley ➜ Sunnyvale | 7PM | $40 | 1 seat,1190,,0,2025-08-11,Monday,40,#drive08112025 Berkeley,Sunnyvale
,,#drive02222025 Oakland-Palo Alto | 4PM | $18 | 1 seat,1191,,0,2025-02-22,Saturday,18,#drive02222025 Oakland,Palo
,,#drive04172025 from Palo Alto to Fremont | 7AM |  | 1 seat pls,1192,,0,2025-04-17,Thursday,0,Palo Alto,Fremont
,,#drive09102024 from Davis to Sunnyvale  leaving 4:15 PM thx,1193,,0,2024-09-10,Tuesday,0,Davis,Sunnyvale
,,#drive05112025 San Francisco -> Fremont | 4:40 PM | $40 | 1 seat,1194,,0,2025-05-11,Sunday,40,#drive05112025 San Francisco,Fremont
,,San Francisco ➜ Davis leaving 3:10 MP comment below,1195,,,,,0,San Francisco,Davis
,,#drive08282025 Sunnyvale ➜ Oakland | 1PM | $22 | 1 seat,1196,,0,2025-08-28,Thursday,22,#drive08282025 Sunnyvale,Oakland
,,#drive06202025 Need a drive from Palo Alto to San Francisco. Budget thx,1197,,0,2025-06-20,Friday,0,Palo Alto,San Francisco
,,#drive02292024 Need a drive Palo Alto-San Francisco. Budget 12 dollars pls,1198,,0,2024-02-29,Thursday,12,#drive02292024 Need a drive Palo Alto,San Francisco
,,#drive12082024 San Jose-Davis $20 leaving 2PM 🚗,1199,,0,2024-12-08,Sunday,20,#drive12082024 San Jose,Davis
,,#drive09242024 #drive09272024 San Francisco-Fremont | 12:20 PM | 20 dollars | 1 seat 🚗,1200,,0,2024-09-24,Tuesday,20,#drive09242024 #drive09272024 San Francisco,Fremont
,,#ride08162025  San  Jose  ->  Sacramento  |  10AM  |  $22  |  1  seat,1201,,1,2025-08-16,Saturday,0,#ride08162025 San Jose,Sacramento
,,#ride01032024 from Davis to Sacramento 18 dollars leaving 9:00 AM,1202,,1,2024-01-03,Wednesday,0,Davis,Sacramento
,,#drive06262024 #drive06292024 from Fremont to Palo Alto | 1:15 PM |  | 1 seat,1203,,0,2024-06-26,Wednesday,0,Fremont,Palo
,,"#drive04042025 Need a drive San Francisco -> Palo Alto. Budget 🚗
flexible time",1204,,0,2025-04-04,Friday,0,#drive04042025 Need a drive San Francisco,Palo
,,#ride02292024 from Berkeley to San Jose $12 leaving 8:20 AM,1205,,1,2024-02-29,Thursday,0,Berkeley,San Jose
,,#rdive08042025 from Berkeley to Davis $15 leaving 10PM,1206,,,,,0,Berkeley,Davis
,,#drive12192024 DRIVE!! Fremont ➜ San Jose 4PM,1207,,0,2024-12-19,Thursday,0,#drive12192024 DRIVE!! Fremont,San Jose
,,#ride12052024  #ride12072024  RIDE!!  Fremont-San  Francisco  2:45  PM  $10-18  😊,1208,,1,2024-12-05,Thursday,0,#ride12052024 #ride12072024 RIDE!! Fremont,San
,,#ride11102024 Need a ride Palo Alto -> San Francisco. Budget $18-28,1209,,1,2024-11-10,Sunday,0,#ride11102024 Need a ride Palo Alto,San Francisco
,,#drive05182025 Need a drive San Jose ➜ San Francisco. Budget $10,1210,,0,2025-05-18,Sunday,10,#drive05182025 Need a drive San Jose,San Jose
,,"#ride12132025 San Jose-Berkeley | 7AM | 12 dollars | 1 seat
flexible time",1211,,1,2025-12-13,Saturday,0,#ride12132025 San Jose,Berkeley
,,#ride08032025 RIDE!! San Jose ➜ Fremont 1:40 PM $25,1212,,1,2025-08-03,Sunday,0,#ride08032025 RIDE!! San Jose,Fremont
,,#drive03212025 #drive03222025 Need a drive Berkeley ➜ Oakland. Budget $22 thx,1213,,0,2025-03-21,Friday,22,#drive03212025 #drive03222025 Need a drive Berkeley,Oakland
,,#drive01262025 Need a drive Sunnyvale -> Berkeley. Budget $12-20,1214,,0,2025-01-26,Sunday,16,#drive01262025 Need a drive Sunnyvale,Berkeley
,,#ride07202025 from San Jose to San Francisco $20 leaving 3PM thx,1215,,1,2025-07-20,Sunday,0,San Jose,San Jose
,,#drive12252024 Berkeley-San Jose | 11:40 AM | $25 | 1 seat,1216,,0,2024-12-25,Wednesday,25,#drive12252024 Berkeley,San Jose
,,#drive09072025  Need  a  drive  Sacramento  ->  Palo  Alto.  Budget  $22,1217,,0,2025-09-07,Sunday,22,#drive09072025 Need a drive Sacramento,Palo
,,#drive06202025 Need a drive from Palo Alto to Sacramento. Budget $35,1218,,0,2025-06-20,Friday,35,Palo Alto,Sacramento
,,#ride04072025 San Francisco ➜ San Jose | 6:20 AM | $35 | 1 seat,1219,,1,2025-04-07,Monday,0,#ride04072025 San Francisco,San Jose
,,#ride10092024  from  San  Jose  to  Sacramento  $10  leaving  8AM,1220,,1,2024-10-09,Wednesday,0,San Jose,Sacramento
,,"#ride06072025 from Sac to Sacramento $25 leaving 6:50 AM
anyone?",1221,,1,2025-06-07,Saturday,0,Sacramento,Sacramento
,,#driv0e2202024 Oakland-Berkeley | 3:10 PM | 35 dollars | 1 seat,1222,,,,,0,#driv0e2202024 Oakland,Berkeley
,,#ride09102024 #ride09172024 Need a ride San Jose ➜ Davis. Budget $20,1223,,1,2024-09-10,Tuesday,0,#ride09102024 #ride09172024 Need a ride San Jose,Davis
,,#ride07022025  Need  a  ride  Berkeley-Oakland.  Budget  $20-25,1224,,1,2025-07-02,Wednesday,0,#ride07022025 Need a ride Berkeley,Oakland
,,#ride08012025 RIDE!! San Francisco -> Oakland 6PM 10 dollars,1225,,1,2025-08-01,Friday,0,#ride08012025 RIDE!! San Francisco,Oakland
,,#drive05202024 Need a drive Berkeley ➜ Oakland. Budget 15 dollars pls,1226,,0,2024-05-20,Monday,15,#drive05202024 Need a drive Berkeley,Oakland
,,#drive12192025 #drive12222025 Need a drive Sacramento -> Berkeley. Budget $18,1227,,0,2025-12-19,Friday,18,#drive12192025 #drive12222025 Need a drive Sacramento,Berkeley
,,#ride10022025 Need a ride San Francisco-Davis. Budget,1228,,1,2025-10-02,Thursday,0,#ride10022025 Need a ride San Francisco,Davis
,,#drive08072025 DRIVE!! Davis -> Oakland 9:45 PM $25-30 !!,1229,,0,2025-08-07,Thursday,28,#drive08072025 DRIVE!! Davis,Oakland
,,"#ride12312024 Sunnyvale ➜ aPlo Alto $40 leaving 5:50 PM
flexible time",1230,,1,2024-12-31,Tuesday,0,#ride12312024 Sunnyvale,aPlo
,,#ride04202024 Sacramento -> San Francsico $25 leaving 9:40 PM,1231,,1,2024-04-20,Saturday,0,#ride04202024 Sacramento,San
,,#ride06062025  San  Francisco-San  Jose  |  6PM  |  $12  |  1  seat,1232,,1,2025-06-06,Friday,0,#ride06062025 San Francisco,San
,,"#drive06082024 DRIVE!! aSn Francisco -> San Jose 12PM $35 thx
anyone?",1233,,0,2024-06-08,Saturday,35,#drive06082024 DRIVE!! aSn Francisco,San Jose
,,#drive10302024  DRIVE!!  Fremont  to  Oakland  2PM  $12,1234,,0,2024-10-30,Wednesday,12,#drive10302024 DRIVE!! Fremont,Oakland
,,#ride09062024 #ride09072024 Oakland-SJ $12 leaving 9AM,1235,,1,2024-09-06,Friday,0,#ride09062024 #ride09072024 Oakland,San Jose
,,#drive04252024 DRIVE!! Oakland ➜ Palo Alto 4PM 30 dollars,1236,,0,2024-04-25,Thursday,30,#drive04252024 DRIVE!! Oakland,Palo
,,#drive11292024  San  Jose  ➜  Davis  |  11AM  |    |  1  seat,1237,,0,2024-11-29,Friday,0,#drive11292024 San Jose,Davis
,,#ride07132025 Need a ride from Sac to Sunnyvale. Budget $10,1238,,1,2025-07-13,Sunday,0,Sacramento,Sunnyvale
,,#drive05052024 Fremont-Palo Alto | 8AM | $40 | 1 seat pls,1239,,0,2024-05-05,Sunday,40,#drive05052024 Fremont,Palo
,,#drive01052025 DRIVE!! San Francisco -> Sacramento 6AM $15,1240,,0,2025-01-05,Sunday,15,#drive01052025 DRIVE!! San Francisco,Sacramento
,,#drive06262025 Davis to Palo Alto  leaving 2PM,1241,,0,2025-06-26,Thursday,0,#drive06262025 Davis,Palo
,,#drive04292025 SJ to Fremont | 3PM | $12 | 1 seat,1242,,0,2025-04-29,Tuesday,12,#drive04292025 SJ,Fremont
,,#ride09052025 from Davis to San Jose | 8:20 AM  |$25 | 1 seat !!,1243,,1,2025-09-05,Friday,0,Davis,San Jose
,,"#ride01112025 from Oakland to Fremont | 1:30 PM | $35 | 1 seat 🚗
pm me",1244,,1,2025-01-11,Saturday,0,Oakland,Fremont
,,#drive06012024 DRIVE!! Sunnyvale-Berkeley 7PM $35,1245,,0,2024-06-01,Saturday,35,#drive06012024 DRIVE!! Sunnyvale,Berkeley
,,#ride08092024 Fremont to San Francisco $12 leaving 7:15 AM,1246,,1,2024-08-09,Friday,0,#ride08092024 Fremont,San Francisco
,,#ride05032024  #ride05102024  Oakland  ->  SF  |  7:40  PM  |  $40  |  1  seat,1247,,1,2024-05-03,Friday,0,#ride05032024 #ride05102024 Oakland,San Francisco
,,#drive04222024 Davis ➜ Sac $25-30 leaving 8PM comment below,1248,,0,2024-04-22,Monday,28,#drive04222024 Davis,Sacramento
,,"#drive07122024  Fremont-Davis  35  dollars  leaving  5PM
comment  below",1249,,0,2024-07-12,Friday,35,#drive07122024 Fremont,Davis
,,#drive05032024 Need a drive from Fremont to Davis. Budget $18,1250,,0,2024-05-03,Friday,18,Fremont,Davis
,,#drive04242024 #drive05012024 Need a drive San Francisco ➜ Davis. Budget $25,1251,,0,2024-04-24,Wednesday,25,#drive04242024 #drive05012024 Need a drive San Francisco,Davis
,,"#ride05242025 Sacramento to San Francisco | 4:50 PM | $30 | 1 seat
flexible time",1252,,1,2025-05-24,Saturday,0,#ride05242025 Sacramento,San Francisco
,,#ride04012024 from Davis to Fremont | 6PM | $10 | 1 seat,1253,,1,2024-04-01,Monday,0,Davis,Fremont
,,#ride09112024 Sac -> Sacramento $15 leaving 2PM,1254,,1,2024-09-11,Wednesday,0,#ride09112024 Sac,Sacramento
,,#drive11052025 DRIVE!! Fremont-Sacramento 11AM 22 dollars,1255,,0,2025-11-05,Wednesday,22,#drive11052025 DRIVE!! Fremont,Sacramento
,,#ride01252025 RIDE!! San Francisco-Fremont 6:20 PM $20-25,1256,,1,2025-01-25,Saturday,0,#ride01252025 RIDE!! San Francisco,Fremont
,,#drive06062024 from Palo Alto to Sunnyvale $20 leaving 5:15 PM 🚗,1257,,0,2024-06-06,Thursday,20,Palo Alto,Sunnyvale
,,#drive10192025 from San Jose to Berkeley $25 leaving 4:00 PM,1258,,0,2025-10-19,Sunday,25,San Jose,Berkeley
,,#drive06292025 San Jose ➜ San Francisco | 7:45 PM | 15 dollars | 1 seat,1259,,0,2025-06-29,Sunday,15,#drive06292025 San Jose,San Jose
,,#drive08172024 Need a drive Berkeley-Palo Alto. Budget $20,1260,,0,2024-08-17,Saturday,20,#drive08172024 Need a drive Berkeley,Palo
,,#drive07292025 Berkeley-Sunnyvale | 12:00 PM | $20 | 1 seat,1261,,0,2025-07-29,Tuesday,20,#drive07292025 Berkeley,Sunnyvale
,,#ride0712202 4RIDE!! Davis to Palo Alto 6PM $25-33 🚗,1262,,1,2202-07-01,Thursday,0,#ride0712202 4RIDE!! Davis,Palo
,,Need a drive Fremont -> Sunnyvale. Budget $15,1263,,,,,0,Need a drive Fremont,Sunnyvale
,,#ride09012024  from  Palo  Alto  to  Berkeley    leaving  7AM,1264,,1,2024-09-01,Sunday,0,Palo Alto,Berkeley
,,#drive06042025 Need a drive Oakland to Fremont. Budget $10,1265,,0,2025-06-04,Wednesday,10,#drive06042025 Need a drive Oakland,Fremont
,,#drive04072024 DRIVE!! Sacramento-Sunnyvale 10:00 AM $35 thx,1266,,0,2024-04-07,Sunday,35,#drive04072024 DRIVE!! Sacramento,Sunnyvale
,,"#drive08202024 Fremont ➜ Sunnyvale $22 leaving 10:45 PM
flexible time",1267,,0,2024-08-20,Tuesday,22,#drive08202024 Fremont,Sunnyvale
,,#drive03312024 Need a drive Palo Alto-Oakland. Budget $40,1268,,0,2024-03-31,Sunday,40,#drive03312024 Need a drive Palo Alto,Oakland
,,"#ride02022024 Need a ride Sacramento-Palo Alto. Budget
pm me",1269,,1,2024-02-02,Friday,0,#ride02022024 Need a ride Sacramento,Palo
,,#ride02052025 Berkeley-Oakland | 2PM |  | 1 seat,1270,,1,2025-02-05,Wednesday,0,#ride02052025 Berkeley,Oakland
,,#ride01212025 San Jose -> Fremont $25 leaving 9PM 😊,1271,,1,2025-01-21,Tuesday,0,#ride01212025 San Jose,Fremont
,,#drive02012024 #drive02042024 DRIVE!! from Sunnyvale to San Jose 9:50 PM $10 😊,1272,,0,2024-02-01,Thursday,10,Sunnyvale,San Jose
,,"from Sunnyvale to San Jose $20-25 leaving 9AM
pm me",1273,,,,,0,Sunnyvale,San Jose
,,#drive10152024 #drive10222024 Need a drive Sacramento-Oakland. Budget $40,1274,,0,2024-10-15,Tuesday,40,#drive10152024 #drive10222024 Need a drive Sacramento,Oakland
,,#drive10112024 DRIVE!! Oakland-Fremont 9:40 AM,1275,,0,2024-10-11,Friday,0,#drive10112024 DRIVE!! Oakland,Fremont
,,#drive08312025 Need a drive Fremont-San Francisco. Budget $30 !!,1276,,0,2025-08-31,Sunday,30,#drive08312025 Need a drive Fremont,San Francisco
,,#drive12052024  Sacramento  to  Palo  Alto  $35  leaving  7AM,1277,,0,2024-12-05,Thursday,35,#drive12052024 Sacramento,Palo
,,#ride10112025 Sacramento to Davis | 7PM | $12 | 1 seat 🚗,1278,,1,2025-10-11,Saturday,0,#ride10112025 Sacramento,Davis
,,Davis ➜ Berkeley  leaving 10PM,1279,,,,,0,Davis,Berkeley
,,#ride07242042 Davis-Palo Alto | 7:15 PM | $12 | 1 seat,1280,,1,2042-07-24,Thursday,0,#ride07242042 Davis,Palo
,,Need a ride San Francisco-Fremont. Budget,1281,,,,,0,Need a ride San Francisco,Fremont
,,#drive11272025 San Francsico ➜ Sunnyvale  leaving 2:00 PM,1282,,0,2025-11-27,Thursday,0,#drive11272025 San Francsico,Sunnyvale
,,#ride07072025 #ride07142025 Davis to Sunnyvale | 10:30 A M| $40 | 1 seat,1283,,1,2025-07-07,Monday,0,#ride07072025 #ride07142025 Davis,Sunnyvale
,,"#drive01052025  Need  a  drive  Sacramento  to  Davis.  Budget  $35
comment  below",1284,,0,2025-01-05,Sunday,35,#drive01052025 Need a drive Sacramento,Davis
,,#drive11142025 San Francisco ➜ Sacramento | 9PM | $22-27 | 1 seat,1285,,0,2025-11-14,Friday,24,#drive11142025 San Francisco,Sacramento
,,#drive05082025 Plao Alto ➜ San Francisco | 4PM | $25 | 1 seat,1286,,0,2025-05-08,Thursday,25,#drive05082025 Plao Alto,San Francisco
,,#ride05252024 Need a ride Sacramento ➜ Oakland. Budget $10 !!,1287,,1,2024-05-25,Saturday,0,#ride05252024 Need a ride Sacramento,Oakland
,,#ride01062024 #ride01132024 Fremont to Oakland  leaving 10:40 PM,1288,,1,2024-01-06,Saturday,0,#ride01062024 #ride01132024 Fremont,Oakland
,,#ride11202024  Need  a  ride  Fremont  to  Sunnyvale.  Budget  $40,1289,,1,2024-11-20,Wednesday,0,#ride11202024 Need a ride Fremont,Sunnyvale
,,#ride05082025 #ride05152025 Berkeley -> San Francisco | 3PM | $40 | 1 seat thx,1290,,1,2025-05-08,Thursday,0,#ride05082025 #ride05152025 Berkeley,San Francisco
,,#drive10272025 DRIVE!! Sunnyvale-San Jose 9:30 AM $25-33,1291,,0,2025-10-27,Monday,29,#drive10272025 DRIVE!! Sunnyvale,San Jose
,,San Francisco to Berkeley $35 leaving 3PM !!,1292,,,,,0,San Francisco,Berkeley
,,#ride10202025 Need a ride Sunnyvale ➜ San Jose. Budget 25 dollars,1293,,1,2025-10-20,Monday,0,#ride10202025 Need a ride Sunnyvale,San Jose
,,#ride01122024 Need a ride SJ ➜ San Jose. Budget,1294,,1,2024-01-12,Friday,0,#ride01122024 Need a ride SJ,San Jose
,,#ride05062024 San Francisco ➜ Davis $30 leaving 6:40 PM,1295,,1,2024-05-06,Monday,0,#ride05062024 San Francisco,Davis
,,#drive10062024 San Francisco -> Fremont | 7PM |  | 1 seat 🚗,1296,,0,2024-10-06,Sunday,0,#drive10062024 San Francisco,Fremont
,,#drive10182024  San  Francisco  to  Palo  Alto  |  6:20  PM  |  $25  |  1  seat,1297,,0,2024-10-18,Friday,25,#drive10182024 San Francisco,Palo
,,#ride11172024 San Francisco to Fremont $15-25 leaving 21:45 PM,1298,,1,2024-11-17,Sunday,0,#ride11172024 San Francisco,Fremont
,,#drive10192025 DRIVE!! from Fremont to Palo Alto 5:10 PM $10,1299,,0,2025-10-19,Sunday,10,Fremont,Palo
,,#drive12302025 #drive01062026 DRIVE!! Davis-San Jose 5:50 PM $35,1300,,0,2025-12-30,Tuesday,35,#drive12302025 #drive01062026 DRIVE!! Davis,San Jose
,,#ride08232025  Need  a  ride  Davis  to  San  Jose.  Budget  12  dollars,1301,,1,2025-08-23,Saturday,0,#ride08232025 Need a ride Davis,San
,,#drive10132024 Palo Alto -> Sacramento  leaving 9PM,1302,,0,2024-10-13,Sunday,0,#drive10132024 Palo Alto,Sacramento
,,#drive12142025 Need a drive Oakland -> San Francisco. Budget thx,1303,,0,2025-12-14,Sunday,0,#drive12142025 Need a drive Oakland,San Francisco
,,#drive10042025 #drive10112025 DRIVE!! Davis to Sunnyvale 10:30 PM $22 thx,1304,,0,2025-10-04,Saturday,22,#drive10042025 #drive10112025 DRIVE!! Davis,Sunnyvale
,,#drive04092024 Berkeley to San Jose $40 leaving 5PM,1305,,0,2024-04-09,Tuesday,40,#drive04092024 Berkeley,San Jose
,,#drive02152025 Need a drive Berkeley to San Francisco. Budget $20 pls,1306,,0,2025-02-15,Saturday,20,#drive02152025 Need a drive Berkeley,San Francisco
,,#ride08112025 RIDE!! SJ-Oakland 4PM $35,1307,,1,2025-08-11,Monday,0,#ride08112025 RIDE!! SJ,Oakland
,,#ride05262025 Palo Alto ➜ Sacramento $12 leaving 6PM,1308,,1,2025-05-26,Monday,0,#ride05262025 Palo Alto,Sacramento
,,#drive05112024 Need a drive from Sunnyvale to San Jose. Budget 40 dollars,1309,,0,2024-05-11,Saturday,40,Sunnyvale,San Jose
,,#drive10242024 Oakland ➜ Fremont | 6PM | $35 | 1 seat,1310,,0,2024-10-24,Thursday,35,#drive10242024 Oakland,Fremont
,,#ride03142025  Sunnyvale  ->  San  Jose  leaving  1PM,1311,,1,2025-03-14,Friday,0,#ride03142025 Sunnyvale,San
,,#ride03072024 Need a ride Sac-Berkeley. Budget 40 dollars,1312,,1,2024-03-07,Thursday,0,#ride03072024 Need a ride Sac,Berkeley
,,#ride11232024 Oakland -> Fremont $15 leaving 11:45 AM thx,1313,,1,2024-11-23,Saturday,0,#ride11232024 Oakland,Fremont
,,#drive07262024  San  Francisco-Palo  Alto    leaving  8PM,1314,,0,2024-07-26,Friday,0,#drive07262024 San Francisco,Palo
,,"#ride12012024  RIDE!!  Oakland  ->  Sacramento  8AM  $15
anyone?",1315,,1,2024-12-01,Sunday,0,#ride12012024 RIDE!! Oakland,Sacramento
,,#drive09272024 San Jose ➜ Fremont | 9:15 AM | $40-45 | 1 seat,1316,,0,2024-09-27,Friday,42,#drive09272024 San Jose,Fremont
,,#ride01232024 Need a ride Berkeley to Fremont. Budget,1317,,1,2024-01-23,Tuesday,0,#ride01232024 Need a ride Berkeley,Fremont
,,#ride06152025  Need  a  ride  San  Jose  to  Oakland.  Budget  $40,1318,,1,2025-06-15,Sunday,0,#ride06152025 Need a ride San Jose,Oakland
,,"#ride04102025 #ride04132025 RIDE!! Oakland ➜ Berkeley 8AM $25 !!
comment below",1319,,1,2025-04-10,Thursday,0,#ride04102025 #ride04132025 RIDE!! Oakland,Berkeley
,,#ride01182025 Sunnyvale ➜ Sacramento | 7:40 AM | $30-38 | 1 seat,1320,,1,2025-01-18,Saturday,0,#ride01182025 Sunnyvale,Sacramento
,,#ride08312024 Berkeley-Sacramento $10 leaving 8:00 AM 😊,1321,,1,2024-08-31,Saturday,0,#ride08312024 Berkeley,Sacramento
,,#ride05012025 San Francisco-Fremont | 8PM |  | 1 seat,1322,,1,2025-05-01,Thursday,0,#ride05012025 San Francisco,Fremont
,,#drive07092024 DRIVE!! Sacramento ➜ Oakland 8:50 AM $15 thx,1323,,0,2024-07-09,Tuesday,15,#drive07092024 DRIVE!! Sacramento,Oakland
,,#drive06082024 Need a drive from Palo Alto to Fremont. Budget,1324,,0,2024-06-08,Saturday,0,Palo Alto,Fremont
,,#drive10302025 Need a drive from San Francisco to San Jose. Budget $40,1325,,0,2025-10-30,Thursday,40,San Francisco,San Jose
,,"#ride12092025 Need a ride San Francisco-Sacramento. Budget $22
anyone?",1326,,1,2025-12-09,Tuesday,0,#ride12092025 Need a ride San Francisco,Sacramento
,,#drive01042025 #drive01062025 DRIVE!! Oakland to San Francisco 7:00 PM,1327,,0,2025-01-04,Saturday,0,#drive01042025 #drive01062025 DRIVE!! Oakland,San Francisco
,,#drive09182024  Fremont  ➜  Davis  $15  leaving  8PM,1328,,0,2024-09-18,Wednesday,15,#drive09182024 Fremont,Davis
,,"#ride08142024 RIDE!! Oakland ➜ San Jose 8:50 AM
anyone?",1329,,1,2024-08-14,Wednesday,0,#ride08142024 RIDE!! Oakland,San Jose
,,#ride10032024 San Francisco -> Oakland $10 leaving 2:15 PM,1330,,1,2024-10-03,Thursday,0,#ride10032024 San Francisco,Oakland
,,#ride09132024 Sunnyvale -> Berkeley | 2:10 PM | $18 | 1 seat,1331,,1,2024-09-13,Friday,0,#ride09132024 Sunnyvale,Berkeley
,,#ride11102025 Need a ride Davis to Sacramento. Budget $12,1332,,1,2025-11-10,Monday,0,#ride11102025 Need a ride Davis,Sacramento
,,#drive01012025 from Freomnt to San Francisco  leaving 1PM,1333,,0,2025-01-01,Wednesday,0,Freomnt,San Francisco
,,#drive06222024 DRIVE!! San Jose to Berkeley 2:20 PM $18 pls,1334,,0,2024-06-22,Saturday,18,#drive06222024 DRIVE!! San Jose,Berkeley
,,#drive12292024 Need a drive Oakland -> Berkeley. Budget $10-18,1335,,0,2024-12-29,Sunday,14,#drive12292024 Need a drive Oakland,Berkeley
,,#drive12082024 Need a drive Oakland -> Fremont. Budget $10-20,1336,,0,2024-12-08,Sunday,15,#drive12082024 Need a drive Oakland,Fremont
,,#drive09112025 Sacramento to Fremont $12 leaving 10AM,1337,,0,2025-09-11,Thursday,12,#drive09112025 Sacramento,Fremont
,,#ride07052025  Fremont  ➜  Sunnyvale  |  8:20  PM  |    |  1  seat,1338,,1,2025-07-05,Saturday,0,#ride07052025 Fremont,Sunnyvale
,,#drive06242025 DRIVE!! from San Francisco to Sacramento 12PM $12,1339,,0,2025-06-24,Tuesday,12,San Francisco,Sacramento
,,#ride12202025 San Francisco to Sacramento $15 leaving 4:10 PM,1340,,1,2025-12-20,Saturday,0,#ride12202025 San Francisco,Sacramento
,,#ride07102024 RIDE!! from San Francisco to Berkeley 6:30 PM $12 🚗,1341,,1,2024-07-10,Wednesday,0,San Francisco,Berkeley
,,#ride12152024 RIDE!! SJ to San Francisco 8:10 AM $35,1342,,1,2024-12-15,Sunday,0,#ride12152024 RIDE!! SJ,San Francisco
,,#drive08042025  DRIVE!!  from  Sunnyvale  to  Fremont  3PM  $20  🚗,1343,,0,2025-08-04,Monday,20,Sunnyvale,Fremont
,,#ride05012024 Davis ➜ Fremont | 3PM | $22 | 1 seat,1344,,1,2024-05-01,Wednesday,0,#ride05012024 Davis,Fremont
,,#ride06232025 Need a ride San Francisco to Sunnyvale. Budget $35-43,1345,,1,2025-06-23,Monday,0,#ride06232025 Need a ride San Francisco,Sunnyvale
,,#drive06262025 #drive07032025 Fremont ➜ Sunnyvale | 6:40 AM | 12 dollars | 1 seat,1346,,0,2025-06-26,Thursday,12,#drive06262025 #drive07032025 Fremont,Sunnyvale
,,#drive03020225  #drive03052025 Need a drive Davis-Berkeley. Budget $10 thx,1347,,0,0225-03-02,Wednesday,10,#drive03020225 #drive03052025 Need a drive Davis,Berkeley
,,#ride05282025 Sunnyvale to Oakland | 6AM | $12 | 1 seat,1348,,1,2025-05-28,Wednesday,0,#ride05282025 Sunnyvale,Oakland
,,#drive03312024 #drive04032024 Davist o Berkeley $25 leaving 10:40 AM,1349,,0,2024-03-31,Sunday,25,,
,,#ride06222025 Need a ride from Fremont to Oakland. Budget $18,1350,,1,2025-06-22,Sunday,0,Fremont,Oakland
,,#drive02202025  Need  a  drive  San  Jose-Berkeley.  Budget  $25  !!,1351,,0,2025-02-20,Thursday,25,#drive02202025 Need a drive San Jose,Berkeley
,,#drive05072024  Fremont  ->  Berkeley  $10  leaving  5PM  flexible  time,1352,,0,2024-05-07,Tuesday,10,#drive05072024 Fremont,Berkeley
,,#drive10152024 DRIVE!! San Francisco ➜ Oakland 10:10 AM $12-17,1353,,0,2024-10-15,Tuesday,14,#drive10152024 DRIVE!! San Francisco,Oakland
,,#drive02252025 Berkeley to Sacramento $35 leaving 11AM,1354,,0,2025-02-25,Tuesday,35,#drive02252025 Berkeley,Sacramento
,,#drive11272025 Palo Alto -> Sacramento $25 leaving 9AM pls,1355,,0,2025-11-27,Thursday,25,#drive11272025 Palo Alto,Sacramento
,,#drive12312024 San Francisco -> Berkeley $30-38 leaving 12:30 PM,1356,,0,2024-12-31,Tuesday,34,#drive12312024 San Francisco,Berkeley
,,#drive11212025 Fremont-Berkeley $18 leaving 6:45 PM,1357,,0,2025-11-21,Friday,18,#drive11212025 Fremont,Berkeley
,,#drive08162024 Need a drive Berkeley to Sunnyvale. Budget $15,1358,,0,2024-08-16,Friday,15,#drive08162024 Need a drive Berkeley,Sunnyvale
,,"Need a drive San Jose-Sunnyvale. Budget $18-28 pls
comment below",1359,,,,,0,Need a drive San Jose,Sunnyvale
,,Need a drive San Francisco-Sacramento. Budget $12,1360,,,,,0,Need a drive San Francisco,Sacramento
,,"DRIVE!!  SF-Fremont  6AM  $30  🚗
pm  me",1361,,,,,0,DRIVE!! SF,Fremont
,,from San Francisco to Sunnyvale 40 dollars leaving 9PM,1362,,,,,0,San Francisco,Sunnyvale
,,#ride04162025 San Francisco-Palo Alto | 8:30 AM | $30 | 1 seat,1363,,1,2025-04-16,Wednesday,0,#ride04162025 San Francisco,Palo
,,#drive01182024 Need a drive from Davis to San Jose. Budget $22,1364,,0,2024-01-18,Thursday,22,Davis,San Jose
,,"#ride10252025 from Berkeley to Sunnyvale $18 leaving 11:00 AM !!
flexible time",1365,,1,2025-10-25,Saturday,0,Berkeley,Sunnyvale
,,"Oakland to San Jose $10 leaving 4PM
flexible time",1366,,,,,0,Oakland,San Jose
,,#drive01192025  DRIVE!!  Davis  ➜  Palo  Alto  10AM  20  dollars,1367,,0,2025-01-19,Sunday,20,#drive01192025 DRIVE!! Davis,Palo
,,#drive06082024 DRIVE!! San Jose-Oaklnad 12PM $10 🚗,1368,,0,2024-06-08,Saturday,10,#drive06082024 DRIVE!! San Jose,Oaklnad
,,#ride09062025 RIDE!! San Francisco -> Sunnyvale 10:50 AM $18,1369,,1,2025-09-06,Saturday,0,#ride09062025 RIDE!! San Francisco,Sunnyvale
,,#drive05082024  DRIVE!!  Sacramento  ➜  Berkeley  5PM  $12  😊,1370,,0,2024-05-08,Wednesday,12,#drive05082024 DRIVE!! Sacramento,Berkeley
,,#drive08102024  Need  a  drive  from  Fremont  to  Palo  Alto.  Budget  $22  !!,1371,,0,2024-08-10,Saturday,22,Fremont,Palo
,,#drive05202024  Fremont  ➜  San  Jose  |  1PM  |  $20  |  1  seat,1372,,0,2024-05-20,Monday,20,#drive05202024 Fremont,San
,,#drive06252025 Need a drive San Jose ➜ Davis. Budget $12,1373,,0,2025-06-25,Wednesday,12,#drive06252025 Need a drive San Jose,Davis
,,#ride04102025 Need a ride Sunnyvale-Sac. Budget thx,1374,,1,2025-04-10,Thursday,0,#ride04102025 Need a ride Sunnyvale,Sacramento
,,#ride02152024 Palo Alto -> Oakland $10 leaving 7:40 PM,1375,,1,2024-02-15,Thursday,0,#ride02152024 Palo Alto,Oakland
,,#ride10302024 Need a ride Palo Alto to Sacramento. Budget $40,1376,,1,2024-10-30,Wednesday,0,#ride10302024 Need a ride Palo Alto,Sacramento
,,#drive09192024  Need  a  drive  San  Jose-Sunnyvale.  Budget  pls,1377,,0,2024-09-19,Thursday,0,#drive09192024 Need a drive San Jose,Sunnyvale
,,#drive05162025 Sunnyvale-Palo Alto $40 leaving 4:00 PM,1378,,0,2025-05-16,Friday,40,#drive05162025 Sunnyvale,Palo
,,from Oakland to Fremont $18 leaving 8AM,1379,,,,,0,Oakland,Fremont
,,#drive11062024 DRIVE!! Davis to San Jose 12:15 PM $12,1380,,0,2024-11-06,Wednesday,12,#drive11062024 DRIVE!! Davis,San Jose
,,"#drive05302024 DRIVE!! from Fremont to Berkeley 3PM $15-23
flexible time",1381,,0,2024-05-30,Thursday,19,Fremont,Berkeley
,,#drive02032024 #drive02042024 Palo Alto -> San Jose | 5:20 PM | $12 | 1 seat 😊,1382,,0,2024-02-03,Saturday,12,#drive02032024 #drive02042024 Palo Alto,San Jose
,,#drive05072024 DRIVE!! Berkeley ➜ Davis 5:50 PM $22,1383,,0,2024-05-07,Tuesday,22,#drive05072024 DRIVE!! Berkeley,Davis
,,#drive10262024 Need a drive Oakland to Sunnyvale. Budget $18 🚗,1384,,0,2024-10-26,Saturday,18,#drive10262024 Need a drive Oakland,Sunnyvale
,,#ride08062025  #ride08072025  RIDE!!  Oakland  ➜  Palo  Alto  10:50  PM  $25  pls,1385,,1,2025-08-06,Wednesday,0,#ride08062025 #ride08072025 RIDE!! Oakland,Palo
,,"#ride12052024 San Francisco ➜ Palo Alto | 1PM | $40 | 1 seat
pm me",1386,,1,2024-12-05,Thursday,0,#ride12052024 San Francisco,Palo
,,#ride09182025 Berkeley-Sunnyvale | 3:45 PM | $22 | 1 seat,1387,,1,2025-09-18,Thursday,0,#ride09182025 Berkeley,Sunnyvale
,,#ride10012024 RIDE!! San Francisco to Oakland 6:45 PM $20-28,1388,,1,2024-10-01,Tuesday,0,#ride10012024 RIDE!! San Francisco,Oakland
,,SJ-Fremont  leaving 8:50 AM thx,1389,,,,,0,San Jose,Fremont
,,#drive08112025 Need a drive Palo Alto ➜ Sunnyvale. Budget thx,1390,,0,2025-08-11,Monday,0,#drive08112025 Need a drive Palo Alto,Sunnyvale
,,#drive11192025 Need a drive Palo Alto ➜ Fremont. Budget $15,1391,,0,2025-11-19,Wednesday,15,#drive11192025 Need a drive Palo Alto,Fremont
,,"#drive04072025  Need  a  drive  Sacramento  to  Sunnyvale.  Budget  $25
pm  me",1392,,0,2025-04-07,Monday,25,#drive04072025 Need a drive Sacramento,Sunnyvale
,,Palo Alto -> Sacramento | 6:20 PM | | 1 seat anyone?,1393,,,,,0,Palo Alto,Sacramento
,,#ride05082024 Oakland -> Sunnyvale  leaving 6PM thx,1394,,1,2024-05-08,Wednesday,0,#ride05082024 Oakland,Sunnyvale
,,#drive07072024 Need a drive San Francisco to Palo Alto. Budget $15,1395,,0,2024-07-07,Sunday,15,#drive07072024 Need a drive San Francisco,Palo
,,#drive07252025 from Sunnyvale to Sacramento $25 leaving 12PM,1396,,0,2025-07-25,Friday,25,Sunnyvale,Sacramento
,,#drive02132025 Need a drive Davis -> Sunnyvale. Budget $12,1397,,0,2025-02-13,Thursday,12,#drive02132025 Need a drive Davis,Sunnyvale
,,#drive08012024 Berkeley ➜ Palo Alto | 12:10 PM | $22 | 1 seat 🚗,1398,,0,2024-08-01,Thursday,22,#drive08012024 Berkeley,Palo
,,#ride10232025 RIDE!! Palo Alto to San Jose 8PM $18,1399,,1,2025-10-23,Thursday,0,#ride10232025 RIDE!! Palo Alto,San Jose
,,#ride04142024  Fremont  ->  Palo  Alto  $40  leaving  1:30  PM,1400,,1,2024-04-14,Sunday,0,#ride04142024 Fremont,Palo
,,#drive11062024 Palo Alto -> Berkeley $12 leaving 7AM,1401,,0,2024-11-06,Wednesday,12,#drive11062024 Palo Alto,Berkeley
,,#ride08262024 #ride08272024 San Jose -> Berkeley | 1:30 PM | $22-30 | 1 seat,1402,,1,2024-08-26,Monday,0,#ride08262024 #ride08272024 San Jose,Berkeley
,,"#drive04202024  Davis  to  Sunnyvale  $10  leaving  9AM
pm  me",1403,,0,2024-04-20,Saturday,10,#drive04202024 Davis,Sunnyvale
,,#drive07092024  DRIVE!!  Fremont  ->  Sacramento  7AM  $20,1404,,0,2024-07-09,Tuesday,20,#drive07092024 DRIVE!! Fremont,Sacramento
,,#drive08032025 from uSnnyvale to Davis $15 leaving 4PM,1405,,0,2025-08-03,Sunday,15,uSnnyvale,Davis
,,"#ride05272024 RIDE!! from Sacramento to Oakland 8PM $10-18
anyone?",1406,,1,2024-05-27,Monday,0,Sacramento,Oakland
,,#ride01162025  from  Sac  to  San  Jose  |  12:50  PM  |  $18  |  1  seat,1407,,1,2025-01-16,Thursday,0,Sacramento,San
,,#ride02132024  RIDE!!  Fremont-San  Francisco  2PM  $30,1408,,1,2024-02-13,Tuesday,0,#ride02132024 RIDE!! Fremont,San
,,#drive07272024 Need a drive Berkeley ➜ Sunnyvale. Budget $30 🚗,1409,,0,2024-07-27,Saturday,30,#drive07272024 Need a drive Berkeley,Sunnyvale
,,#ride09272025 Oakland to Sunnyvale | 10PM |  | 1 seat,1410,,1,2025-09-27,Saturday,0,#ride09272025 Oakland,Sunnyvale
,,#rdive08032024  SJ-Berkeley  leaving  4PM,1411,,,,,0,#rdive08032024 SJ,Berkeley
,,#ride08212024 Sunnyvale to SF $30 leaving 8:00 PM,1412,,1,2024-08-21,Wednesday,0,#ride08212024 Sunnyvale,San Francisco
,,#drive01192025 Need a drive San Jose-Davis. Budget thx,1413,,0,2025-01-19,Sunday,0,#drive01192025 Need a drive San Jose,Davis
,,#drive02572024 DRIVE!! Sacramento -> Fremont 8PM $30,1414,,0,,,30,#drive02572024 DRIVE!! Sacramento,Fremont
,,#drive09152024 San Francisco ➜ Berkeley  leaving 6:45 AM,1415,,0,2024-09-15,Sunday,0,#drive09152024 San Francisco,Berkeley
,,#drive06092024 Oakland -> Berkeley | 7AM | $15 | 1 seat,1416,,0,2024-06-09,Sunday,15,#drive06092024 Oakland,Berkeley
,,#ride07262025 RIDE!! Davis -> Sunnyvale 8:45 AM $12,1417,,1,2025-07-26,Saturday,0,#ride07262025 RIDE!! Davis,Sunnyvale
,,#ride12070224 Oakland -> San Francisco | 11:20 AM | $15 | 1 seat,1418,,1,0224-12-07,Tuesday,0,#ride12070224 Oakland,San Francisco
,,#drive06302024 #drive07072024 Berkeley ➜ Fremont $40 leaving 11AM,1419,,0,2024-06-30,Sunday,40,#drive06302024 #drive07072024 Berkeley,Fremont
,,Berkeley to Sunnyavle | 3:45 PM | 40 dollars | 1 seat pls,1420,,,,,0,Berkeley,Sunnyavle
,,#ride12052024 #ride12122024 San Farncisco-Oakland | 9:00 AM | | 1 seat,1421,,1,2024-12-05,Thursday,0,#ride12052024 #ride12122024 San Farncisco,Oakland
,,#ride06282025 Need a ride Oakland -> Sacramento. Budget $40,1422,,1,2025-06-28,Saturday,0,#ride06282025 Need a ride Oakland,Sacramento
,,#drive10272025 #drive11032025 Need a drive Sacramento ➜ San Francisco. Budget $20,1423,,0,2025-10-27,Monday,20,#drive10272025 #drive11032025 Need a drive Sacramento,San Francisco
,,#ride10212025  RIDE!!  from  San  Francisco  to  Sacramento  12PM  $10,1424,,1,2025-10-21,Tuesday,0,San Francisco,Sacramento
,,#ride04062025 Need a ride San Francisco to SF. Budget 10 dollars,1425,,1,2025-04-06,Sunday,0,#ride04062025 Need a ride San Francisco,San Francisco
,,#drive09222025 Fremont ➜ Davis | 6PM | $25 |  1seat,1426,,0,2025-09-22,Monday,25,#drive09222025 Fremont,Davis
,,#drive09192025  Oakland  to  Sunnyvale  |  12:40  PM  |  $18  |  1  seat  😊,1427,,0,2025-09-19,Friday,18,#drive09192025 Oakland,Sunnyvale
,,#ride07192025 Need a ride from Fremont to Berkeley. Budget $30 pls,1428,,1,2025-07-19,Saturday,0,Fremont,Berkeley
,,#drive12262024 Need a drive Oakland-Sacramento. Budget pls,1429,,0,2024-12-26,Thursday,0,#drive12262024 Need a drive Oakland,Sacramento
,,#ride07092025 Oakland ➜ San Francisco | 7:40 AM |  | 1 seat,1430,,1,2025-07-09,Wednesday,0,#ride07092025 Oakland,San Francisco
,,#ride06052024 Need a ride Oakland to San Jose. Budget $40,1431,,1,2024-06-05,Wednesday,0,#ride06052024 Need a ride Oakland,San Jose
,,#drive10152024 Need a drive Oakland -> San Francisco. Budget 20 dollars,1432,,0,2024-10-15,Tuesday,20,#drive10152024 Need a drive Oakland,San Francisco
,,#drive04162024 Need a drive San Jose-Sunnyvale. Budget $12-22,1433,,0,2024-04-16,Tuesday,17,#drive04162024 Need a drive San Jose,Sunnyvale
,,#drive06262024 Need a drive San Francisco-Fremont. Budget $18,1434,,0,2024-06-26,Wednesday,18,#drive06262024 Need a drive San Francisco,Fremont
,,DRIVE!! from San Francisco to Oakland 9:20 PM $18 thx,1435,,,,,0,San Francisco,Oakland
,,#ride02212024 RIDE!! SF -> Sacramento 7AM 40 dollars thx,1436,,1,2024-02-21,Wednesday,0,#ride02212024 RIDE!! SF,Sacramento
,,#drive07142024 Oakland to Berkeley $22 leaving 1PM pm me,1437,,0,2024-07-14,Sunday,22,#drive07142024 Oakland,Berkeley
,,San Francisco to Berekley 35 dollars leaving 10PM thx,1438,,,,,0,San Francisco,Berekley
,,"Need a ried SJ to Fremont. Budget 10 dollars
comment below",1439,,,,,0,Need a ried SJ,Fremont
,,#ride02212025 Berkeley to Sunnyvale | 7AM | $25-33 | 1 seat,1440,,1,2025-02-21,Friday,0,#ride02212025 Berkeley,Sunnyvale
,,#drive05312024 San Francisco ➜ Berkeley  leaving 2PM,1441,,0,2024-05-31,Friday,0,#drive05312024 San Francisco,Berkeley
,,#ride06242025 Fremont ➜ Davis | 11AM | $10 | 1 seat,1442,,1,2025-06-24,Tuesday,0,#ride06242025 Fremont,Davis
,,#ride05052024 Sac to Davis $40 leaving 4PM,1443,,1,2024-05-05,Sunday,0,#ride05052024 Sac,Davis
,,#ride12024024 Need a ride San Francisco ➜ Oakland. Budget !!,1444,,1,4024-12-02,Monday,0,#ride12024024 Need a ride San Francisco,Oakland
,,#ride05232024 Need a ride San Jose -> Fremont. Budget $30,1445,,1,2024-05-23,Thursday,0,#ride05232024 Need a ride San Jose,Fremont
,,#ride02272024 Oakland to Palo Alto $22 leaving 12PM 😊,1446,,1,2024-02-27,Tuesday,0,#ride02272024 Oakland,Palo
,,#drive12252024 Palo Alto-Fremont | 5:20 PM | $20-25 | 1 seat,1447,,0,2024-12-25,Wednesday,22,#drive12252024 Palo Alto,Fremont
,,#ride08292025  #ride09052025  aOkland  to  Berkeley  |  8:45  PM  |  $40  |  1  seat,1448,,1,2025-08-29,Friday,0,#ride08292025 #ride09052025 aOkland,Berkeley
,,#ride02152024  Need  a  ride  Palo  Alto  to  Fremont.  Budget  $35-45,1449,,1,2024-02-15,Thursday,0,#ride02152024 Need a ride Palo Alto,Fremont
,,#ride01122024 Berkeley -> Davis $35 leaving 7AM !!,1450,,1,2024-01-12,Friday,0,#ride01122024 Berkeley,Davis
,,#drive02042025 DRIVE!! Oakland ➜ San Francisco 11:30 AM $10 pls,1451,,0,2025-02-04,Tuesday,10,#drive02042025 DRIVE!! Oakland,San Francisco
,,from Oakland to Fremont | 6:45 PM | 25 dollars | 1 seat,1452,,,,,0,Oakland,Fremont
,,#ride05302025 #ride05312025 RIDE!! from Oakland to Berkeley 7:15 PM $15,1453,,1,2025-05-30,Friday,0,Oakland,Berkeley
,,#ride04242024 from Palo Alto to Berkeley $15 leaving 3:50 PM,1454,,1,2024-04-24,Wednesday,0,Palo Alto,Berkeley
,,#drive08012025 Need a drive Fremont-Oakland. Budget $22,1455,,0,2025-08-01,Friday,22,#drive08012025 Need a drive Fremont,Oakland
,,#ride03122024 #ride03152024 Need a ride Sunnyvale to Berkeley. Budget $12,1456,,1,2024-03-12,Tuesday,0,#ride03122024 #ride03152024 Need a ride Sunnyvale,Berkeley
,,#ride10062025 Need a ride San Jose -> Palo Alto. Budget !!,1457,,1,2025-10-06,Monday,0,#ride10062025 Need a ride San Jose,Palo
,,#ride05182025 RIDE!! SJ to San Francisco 12:10 PM $30,1458,,1,2025-05-18,Sunday,0,#ride05182025 RIDE!! SJ,San Francisco
,,#ride07042024 Need a ride Berkeley-Fremont. Budget $40,1459,,1,2024-07-04,Thursday,0,#ride07042024 Need a ride Berkeley,Fremont
,,#drive11032025 DRIVE!! Sacramento to Davis 8:30 PM,1460,,0,2025-11-03,Monday,0,#drive11032025 DRIVE!! Sacramento,Davis
,,RIDE!! Sacramento-aOkland 10AM $20,1461,,,,,0,RIDE!! Sacramento,aOkland
,,#drive06012025 DRIVE!! from Fremont to San Jose 7:50 AM $20,1462,,0,2025-06-01,Sunday,20,Fremont,San Jose
,,#drive08052025 Davis-Berkeley | 10PM | $15 | 1 seat,1463,,0,2025-08-05,Tuesday,15,#drive08052025 Davis,Berkeley
,,#rid0e8292024 Sunnyvale-Fremont $18 leaving 6:00 AM 😊,1464,,,,,0,#rid0e8292024 Sunnyvale,Fremont
,,#ride11172025 San Francisco -> Sunnyvale  leaving 4:45 PM,1465,,1,2025-11-17,Monday,0,#ride11172025 San Francisco,Sunnyvale
,,#drive11124024  Fremont-Sunnyvale  $20  leaving  12PM  thx,1466,,0,4024-11-12,Tuesday,20,#drive11124024 Fremont,Sunnyvale
,,#ride10292025 #ride11052025 RIDE!! San rFancisco -> Davis 2:20 PM $20-25,1467,,1,2025-10-29,Wednesday,0,#ride10292025 #ride11052025 RIDE!! San rFancisco,Davis
,,#drive02282025 San Francisco -> Palo Alto $15 leaving 2:10 PM,1468,,0,2025-02-28,Friday,15,#drive02282025 San Francisco,Palo
,,#ride10102024 Sacramento-Sunnyvale $20 leaving 11AM flexible time,1469,,1,2024-10-10,Thursday,0,#ride10102024 Sacramento,Sunnyvale
,,#ride01262024 RIDE!! Sacramento-Oakland 7AM $40,1470,,1,2024-01-26,Friday,0,#ride01262024 RIDE!! Sacramento,Oakland
,,#drive06142025 from Fremont to Sunnyvale | 12PM | $10 | 1 seat,1471,,0,2025-06-14,Saturday,10,Fremont,Sunnyvale
,,#drive09292025 Sunnyvale -> San Jose | 8:15 PM | $22 | 1 seat,1472,,0,2025-09-29,Monday,22,#drive09292025 Sunnyvale,San Jose
,,#drive01132025  Need  a  drive  from  Sacramento  to  San  Francisco.  Budget  $30,1473,,0,2025-01-13,Monday,30,Sacramento,San
,,#ride10282025 #ride11042025 RIDE!! from Sunnyvale to Berkeley 1:30 PM $15,1474,,1,2025-10-28,Tuesday,0,Sunnyvale,Berkeley
,,#ride12212025  #ride12282025  Need  a  ride  from  San  Jose  to  Berkeley.  Budget  $30,1475,,1,2025-12-21,Sunday,0,San Jose,Berkeley
,,#drive11252025 Berkeley -> Sunnyvale $40 leaving 6:20 PM,1476,,0,2025-11-25,Tuesday,40,#drive11252025 Berkeley,Sunnyvale
,,#ride09152025 #ride09172025 San Francisco to Sunnyvale $25 leaving 3PM,1477,,1,2025-09-15,Monday,0,#ride09152025 #ride09172025 San Francisco,Sunnyvale
,,#ride08152024 RIDE!! San Jose -> Sunnyvale 11:00 AM pls,1478,,1,2024-08-15,Thursday,0,#ride08152024 RIDE!! San Jose,Sunnyvale
,,#ride01172025 RIDE!! Sacramento to Davis 3:40 PM $20-28,1479,,1,2025-01-17,Friday,0,#ride01172025 RIDE!! Sacramento,Davis
,,#ride03312024 San Jose-San Francisco | 10AM | $30 | 1 seat 😊,1480,,1,2024-03-31,Sunday,0,#ride03312024 San Jose,San Jose
,,#drive12202024 Sacramento -> Oakland | 8AM | $20 | 1 seat,1481,,0,2024-12-20,Friday,20,#drive12202024 Sacramento,Oakland
,,#ride0925202 5San Jose ➜ San Francisco | 5:20 PM | 12 dollars | 1 seat,1482,,1,5202-09-02,Monday,0,#ride0925202 5San Jose,San Jose
,,#drive11212025 Oakland -> San Francisco $10 leaving 11AM,1483,,0,2025-11-21,Friday,10,#drive11212025 Oakland,San Francisco
,,#drive01142024 DRIVE!! San Francisco-Fremont 11AM $20 !!,1484,,0,2024-01-14,Sunday,20,#drive01142024 DRIVE!! San Francisco,Fremont
,,#ride04142024 Berkeley -> San Jose | 12:10 PM | $22-30 | 1 seat,1485,,1,2024-04-14,Sunday,0,#ride04142024 Berkeley,San Jose
,,#ride12302025 RIDE!! Sunnyvale -> Davis 3:50 PM $15,1486,,1,2025-12-30,Tuesday,0,#ride12302025 RIDE!! Sunnyvale,Davis
,,"#ride02102024 #ride02122024 Davis -> Fremont $15 leaving 7:30 PM 😊
pm me",1487,,1,2024-02-10,Saturday,0,#ride02102024 #ride02122024 Davis,Fremont
,,"#drive09072025 Need a drive from Sacramento to Palo Alto. Budget $35 😊
flexible time",1488,,0,2025-09-07,Sunday,35,Sacramento,Palo
,,#drive01202024 Need a drive Fremont ➜ Palo Alto. Budget $10,1489,,0,2024-01-20,Saturday,10,#drive01202024 Need a drive Fremont,Palo
,,#drive05312024 Sacramento -> Davis 30 dollars leaving 9:20 AM,1490,,0,2024-05-31,Friday,30,#drive05312024 Sacramento,Davis
,,#drive04282025 Need a drive Oakland -> Palo Alto. Budget $10 🚗,1491,,0,2025-04-28,Monday,10,#drive04282025 Need a drive Oakland,Palo
,,#drive12012024  DRIVE!!  Sunnyvale-Oakland  10AM  $35-43,1492,,0,2024-12-01,Sunday,39,#drive12012024 DRIVE!! Sunnyvale,Oakland
,,#drive08172025 from Fremont to Davis  leaving 9PM,1493,,0,2025-08-17,Sunday,0,Fremont,Davis
,,#ride05062025 Sacramento-Davis | 5PM | $25 | 1 seat thx,1494,,1,2025-05-06,Tuesday,0,#ride05062025 Sacramento,Davis
,,#drive12042025 Need a drive San Francisco ➜ Sunnyvale. Budget,1495,,0,2025-12-04,Thursday,0,#drive12042025 Need a drive San Francisco,Sunnyvale
,,#ride01182024 Fremont to Berkeley leaving 12PM,1496,,1,2024-01-18,Thursday,0,#ride01182024 Fremont,Berkeley
,,#ride06262025 Need a ride Sunnyvale-Fremont. Budget $25,1497,,1,2025-06-26,Thursday,0,#ride06262025 Need a ride Sunnyvale,Fremont
,,#ride02232024 Davis to San Jose | 8PM |  | 1 seat,1498,,1,2024-02-23,Friday,0,#ride02232024 Davis,San Jose
,,#drive12172024 Need a drive Fremont ➜ San Francisco. Budget $25,1499,,0,2024-12-17,Tuesday,25,#drive12172024 Need a drive Fremont,San Francisco
,,#drive08052024 Davis to Fremont $10 leaving 5:50 PM pls,1500,,0,2024-08-05,Monday,10,#drive08052024 Davis,Fremont
,,RIDE!! San Jose to San Francisco 10:45 PM $20 pm me,1501,,,,,0,RIDE!! San Jose,San Jose
,,#drive03062024 Need a drive Palo Alto ➜ San Jose. Budget $18,1502,,0,2024-03-06,Wednesday,18,#drive03062024 Need a drive Palo Alto,San Jose
,,#drive01042025  DRIVE!!  Sacramento  ➜  Sunnyvale  8:45  PM,1503,,0,2025-01-04,Saturday,0,#drive01042025 DRIVE!! Sacramento,Sunnyvale
,,#drive08292024 Palo Alto to San Jose | 7PM |  | 1 seat 🚗,1504,,0,2024-08-29,Thursday,0,#drive08292024 Palo Alto,San Jose
,,#drive08202024 DRIVE!! Sac to Sunnyvale 10PM $18,1505,,0,2024-08-20,Tuesday,18,#drive08202024 DRIVE!! Sac,Sunnyvale
,,#drive08042024 from Davis to Fremont | 3PM |  | 1 seat,1506,,0,2024-08-04,Sunday,0,Davis,Fremont
,,RIDE!! Davis-San Francisco 4:10 PM $35-40 pm me,1507,,,,,0,RIDE!! Davis,San Francisco
,,#ride03212025 Berkeley to San Francisco | 9:40 PM |  | 1 seat 😊,1508,,1,2025-03-21,Friday,0,#ride03212025 Berkeley,San Francisco
,,#drive07262025  Fremont  ➜  Oakland  $51  leaving  2PM  comment  below,1509,,0,2025-07-26,Saturday,51,#drive07262025 Fremont,Oakland
,,#drive03112024 DRIVE!! from Palo Alto to San Francisco 10:10 AM $20 flexible time,1510,,0,2024-03-11,Monday,20,Palo Alto,San Francisco
,,"#ride02072024 from Sunnyvale to San Francisco | 2:00 PM | $35 | 1 seat
comment below",1511,,1,2024-02-07,Wednesday,0,Sunnyvale,San Francisco
,,#irde04282025 RIDE!! Davis-Sacramento 4:00 PM $40-48 !!,1512,,,,,0,#irde04282025 RIDE!! Davis,Sacramento
,,"#ride02212025 Sacramento ➜ Sunnyvale $15-20 leaving 8PM thx
pm me",1513,,1,2025-02-21,Friday,0,#ride02212025 Sacramento,Sunnyvale
,,#drive09242024 form Berkeley to San Francisco $20 leaving 5PM,1514,,0,2024-09-24,Tuesday,20,#drive09242024 form Berkeley,San Francisco
,,"#drive12292025 Need a drive Berkeley ➜ Fremont. Budget $18
comment below",1515,,0,2025-12-29,Monday,18,#drive12292025 Need a drive Berkeley,Fremont
,,#ride01062024 from Oakland to SJ | 10:20 PM |  | 1 seat,1516,,1,2024-01-06,Saturday,0,Oakland,San Jose
,,#ride06022025 Need a ride Sacramento ➜ San Jose. Budget $15,1517,,1,2025-06-02,Monday,0,#ride06022025 Need a ride Sacramento,San Jose
,,#drive01102025 Davis-Sunnyvale $22 leaving 1:00 PM 😊,1518,,0,2025-01-10,Friday,22,#drive01102025 Davis,Sunnyvale
,,"#ride08292024 RIDE!! San Francisco -> Palo Alto 8:15 AM $22
pm me",1519,,1,2024-08-29,Thursday,0,#ride08292024 RIDE!! San Francisco,Palo
,,#ride10132024 San Francisco to Oakland | 10AM | 22 dollars | 1 seat 🚗,1520,,1,2024-10-13,Sunday,0,#ride10132024 San Francisco,Oakland
,,#ride01302024 San Jose ➜ Palo Alto $40-50 leaving 9:45 PM,1521,,1,2024-01-30,Tuesday,0,#ride01302024 San Jose,Palo
,,#ride11172024 San Jose ➜ Davis | 3PM | $35 | 1 seat,1522,,1,2024-11-17,Sunday,0,#ride11172024 San Jose,Davis
,,#drive08212024 DRIVE!! from Sunnyvale to Sacramento 3:30 PM $18-28,1523,,0,2024-08-21,Wednesday,23,Sunnyvale,Sacramento
,,#ride05272024 #ride05302024 Need a ride Sac ➜ Oakland. Budget $35-40,1524,,1,2024-05-27,Monday,0,#ride05272024 #ride05302024 Need a ride Sac,Oakland
,,#drive10122024  Need  a  drive  Palo  Alto  to  San  Jose.  Budget  $30,1525,,0,2024-10-12,Saturday,30,#drive10122024 Need a drive Palo Alto,San
,,#drive11012025 DRIVE!! Fremont -> Davis 7:15 PM $15,1526,,0,2025-11-01,Saturday,15,#drive11012025 DRIVE!! Fremont,Davis
,,#drive08042024 #drive08112024 Need a drive Fremont -> Palo Alto. Budget $22,1527,,0,2024-08-04,Sunday,22,#drive08042024 #drive08112024 Need a drive Fremont,Palo
,,#drive01192025  San  Francisco  to  Palo  Alto  |  12:00  PM  |  |  1  seat,1528,,0,2025-01-19,Sunday,0,#drive01192025 San Francisco,Palo
,,#drive01202025  from  Sacramento  to  Oakland    leaving  7PM,1529,,0,2025-01-20,Monday,0,Sacramento,Oakland
,,#ride08062025 #ride08132025 Fremont -> Palo Alto $30 leaving 12:40 PM,1530,,1,2025-08-06,Wednesday,0,#ride08062025 #ride08132025 Fremont,Palo
,,Berkeley-San Jose | 11AM | $12 | 1 seat pls,1531,,,,,0,Berkeley,San Jose
,,"#drive03052024 San Francisco -> San Jose $22 leaving 8:15 PM thx
anyone?",1532,,0,2024-03-05,Tuesday,22,#drive03052024 San Francisco,San Jose
,,DRIVE!! San Francisco -> Berkeley 5PM $25-35,1533,,,,,0,DRIVE!! San Francisco,Berkeley
,,"#drive09122024  Sacramento-Fremont  |  1PM  |  $35  |  1  seat
pm  me",1534,,0,2024-09-12,Thursday,35,#drive09122024 Sacramento,Fremont
,,#ride05092025 Fremont -> Sunnyvale $12l eaving 5:45 PM,1535,,1,2025-05-09,Friday,0,#ride05092025 Fremont,Sunnyvale
,,#drive09162024 DRIVE!! Berkeley-San Jose 10:10 PM $35,1536,,0,2024-09-16,Monday,35,#drive09162024 DRIVE!! Berkeley,San Jose
,,#drive12062024 #drive12132024 DRIVE!! Palo Alto-Berkeley 2PM $10,1537,,0,2024-12-06,Friday,10,#drive12062024 #drive12132024 DRIVE!! Palo Alto,Berkeley
,,"#drive02242025 Palo Alto-Fremont | 6:45 AM | $40 | 1 seat
anyone?",1538,,0,2025-02-24,Monday,40,#drive02242025 Palo Alto,Fremont
,,#ride02102024 Oakland ➜ Davis | 12PM | $35 | 1 seat,1539,,1,2024-02-10,Saturday,0,#ride02102024 Oakland,Davis
,,Sacramento ➜ SJ | 1:20 PM | $22 | 1 seat pls,1540,,,,,0,Sacramento,San Jose
,,#ride07072025 Need a ride from Sacramento to San Jose. Budget,1541,,1,2025-07-07,Monday,0,Sacramento,San Jose
,,#drive07082025 Need a drive Palo Alto ➜ Berkeley. Budget $40,1542,,0,2025-07-08,Tuesday,40,#drive07082025 Need a drive Palo Alto,Berkeley
,,"#ride06292025 RIDE!! from SF to Berkeley 6:15 PM
comment below",1543,,1,2025-06-29,Sunday,0,San Francisco,Berkeley
,,#ride05122024 Sac -> Fremont $18-26 leaving 3PM,1544,,1,2024-05-12,Sunday,0,#ride05122024 Sac,Fremont
,,#ride10282024 Palo Alto-San Francisco leaving 10AM 😊,1545,,1,2024-10-28,Monday,0,#ride10282024 Palo Alto,San Francisco
,,#ride11202024 Sac to Oakland $25 leaving 2:20 PM,1546,,1,2024-11-20,Wednesday,0,#ride11202024 Sac,Oakland
,,#drive07072024 #drive07092024 DRIVE!! from SF to San Jose 10PM $10,1547,,0,2024-07-07,Sunday,10,San Francisco,San Jose
,,#drive02232025 Sacramento-Davis leaving 8PM,1548,,0,2025-02-23,Sunday,0,#drive02232025 Sacramento,Davis
,,#ride12112025 Oakland -> Davis | 6:20 AM | $15 | 1 seat,1549,,1,2025-12-11,Thursday,0,#ride12112025 Oakland,Davis
,,#drive01242024 DRIVE!! Oakland ➜ Davis 5PM !!,1550,,0,2024-01-24,Wednesday,0,#drive01242024 DRIVE!! Oakland,Davis
,,#ride02192025 Need a ride San Francisco -> Palo Alto. Budget $30,1551,,1,2025-02-19,Wednesday,0,#ride02192025 Need a ride San Francisco,Palo
,,#drive03182024 Palo Alto-San Jose $30 leaving 2:00 PM,1552,,0,2024-03-18,Monday,30,#drive03182024 Palo Alto,San Jose
,,#ride11032025 Sunnyvale -> Davis | 10:20 AM | 40 dollars | 1 seat,1553,,1,2025-11-03,Monday,0,#ride11032025 Sunnyvale,Davis
,,#drive03052025 Palo Alto to Berkeley  leaving 12:10 PM,1554,,0,2025-03-05,Wednesday,0,#drive03052025 Palo Alto,Berkeley
,,#ride05302024 Berkeley to Davis $20 leaving 3:40 PM,1555,,1,2024-05-30,Thursday,0,#ride05302024 Berkeley,Davis
,,#ride08152025 Need a ride Palo Alto ➜ Sacramento. Budget $10,1556,,1,2025-08-15,Friday,0,#ride08152025 Need a ride Palo Alto,Sacramento
,,#ride04172024 Oakland -> San Jose | 1PM | 20 dollars | 1 seat,1557,,1,2024-04-17,Wednesday,0,#ride04172024 Oakland,San Jose
,,#drive01282025 Fremont ➜ Palo Alto $25 leaving 11AM,1558,,0,2025-01-28,Tuesday,25,#drive01282025 Fremont,Palo
,,#ride09142025 Berkeley -> Sacramento $25 leaving 2:15 PM,1559,,1,2025-09-14,Sunday,0,#ride09142025 Berkeley,Sacramento
,,#ride09132024 RIDE!! Fremont ➜ San Jose 9AM $12,1560,,1,2024-09-13,Friday,0,#ride09132024 RIDE!! Fremont,San Jose
,,#drive06012025 #drive06032025 DRIVE!! Palo Alto-Sacramento 2:30 PM $30-35 thx,1561,,0,2025-06-01,Sunday,32,#drive06012025 #drive06032025 DRIVE!! Palo Alto,Sacramento
,,#drive07022025 Berkeley ➜ Fremont | 5:40 PM | $25 | 1 seat,1562,,0,2025-07-02,Wednesday,25,#drive07022025 Berkeley,Fremont
,,#drive04202024 Palo Alto to San Francisco | 12PM | $40 | 1 seat,1563,,0,2024-04-20,Saturday,40,#drive04202024 Palo Alto,San Francisco
,,#drive03212025 Need a drive Davis to Sacramento. Budget $10-18 🚗,1564,,0,2025-03-21,Friday,14,#drive03212025 Need a drive Davis,Sacramento
,,#drive12232024 Berkeley ➜ Davis | 12PM | $35 | 1 seat,1565,,0,2024-12-23,Monday,35,#drive12232024 Berkeley,Davis
,,"#drive02272024 DRIVE!! San Francisco ➜ Sacramento 6PM $18 thx
pm me",1566,,0,2024-02-27,Tuesday,18,#drive02272024 DRIVE!! San Francisco,Sacramento
,,#drive09252025 Davis to Sacramento  leaving 11:50 AM !!,1567,,0,2025-09-25,Thursday,0,#drive09252025 Davis,Sacramento
,,#ride02092024 Need a ride San Francisco -> Palo Alto. Budget 20 dollars,1568,,1,2024-02-09,Friday,0,#ride02092024 Need a ride San Francisco,Palo
,,#drive01202025 #drive01232025 Berkeley ➜ Davis | 12:20 PM | $15-20 | 1 seat,1569,,0,2025-01-20,Monday,18,#drive01202025 #drive01232025 Berkeley,Davis
,,#drive01102025 Need a drive from Fremont to Oakland. Budget 12 dollars,1570,,0,2025-01-10,Friday,12,Fremont,Oakland
,,#ride05028025 Need a ride SF-Fremont. Budget $30,1571,,1,8025-05-02,Friday,0,#ride05028025 Need a ride SF,Fremont
,,#ride05222025 #ride05292025 Davis to Fremont | 10PM | $20 | 1 seat,1572,,1,2025-05-22,Thursday,0,#ride05222025 #ride05292025 Davis,Fremont
,,#ride10032025  Oakland  ➜  San  Francisco  $22  leaving  9PM,1573,,1,2025-10-03,Friday,0,#ride10032025 Oakland,San
,,#ride12052025 Sacramento -> Frmeont | 6:40 AM | $18-23 | 1 seat,1574,,1,2025-12-05,Friday,0,#ride12052025 Sacramento,Frmeont
,,#ride04112025 from Davis to Palo Alto $40 leaving 2:50 PM,1575,,1,2025-04-11,Friday,0,Davis,Palo
,,#drive04232025 Oakland -> Davis  leaving 10:00 AM 🚗,1576,,0,2025-04-23,Wednesday,0,#drive04232025 Oakland,Davis
,,#ride08182025 from San Jose to Fremont $40 leaving 8:15 PM,1577,,1,2025-08-18,Monday,0,San Jose,Fremont
,,#ride11202025 RIDE!! Davis -> Fremont 1PM,1578,,1,2025-11-20,Thursday,0,#ride11202025 RIDE!! Davis,Fremont
,,#drive04272025 Berkeley to Sunnyvale 35 dollars leaving 10:00 AM pls,1579,,0,2025-04-27,Sunday,35,#drive04272025 Berkeley,Sunnyvale
,,#drive09252024 Need a drive from San Jose to Fremont. Budget $20-28,1580,,0,2024-09-25,Wednesday,24,San Jose,Fremont
,,"#drive01022025  #drive01032025  Need  a  drive  Oakland  ->  Sunnyvale.  Budget  $25
flexible  time",1581,,0,2025-01-02,Thursday,25,#drive01022025 #drive01032025 Need a drive Oakland,Sunnyvale
,,#drive04162025 Need a drive Davis to San Jose. Budget $25,1582,,0,2025-04-16,Wednesday,25,#drive04162025 Need a drive Davis,San Jose
,,#ride03912024 Oakland to Fremont $18 leaving 9AM,1583,,1,,,0,#ride03912024 Oakland,Fremont
,,#ride06072025 Oakland ➜ Fremont | 8:40 PM | $22 | 1 seat pls,1584,,1,2025-06-07,Saturday,0,#ride06072025 Oakland,Fremont
,,#drive03162024 DRIVE!! Palo Alto-Fremont 8AM $12 😊,1585,,0,2024-03-16,Saturday,12,#drive03162024 DRIVE!! Palo Alto,Fremont
,,#drive02092024 Davis to Sunnyvale 20 dollars leaving 9:20 PM,1586,,0,2024-02-09,Friday,20,#drive02092024 Davis,Sunnyvale
,,#ride02222024 Fremont-Palo Alto | 11AM | $35 | 1 seat,1587,,1,2024-02-22,Thursday,0,#ride02222024 Fremont,Palo
,,#ride12292025 Fremont -> San Jose | 11AM | $18 | 1 seat,1588,,1,2025-12-29,Monday,0,#ride12292025 Fremont,San Jose
,,#drive02022024 DRIVE!! Sunnyvale-SJ 7PM,1589,,0,2024-02-02,Friday,0,#drive02022024 DRIVE!! Sunnyvale,San Jose
,,from Palo Alto to Oakland | 4:10 PM | $22 | 1 seat,1590,,,,,0,Palo Alto,Oakland
,,#ride05312024 Palo Alto ➜ Davis | 6PM | $25 | 1 seat thx,1591,,1,2024-05-31,Friday,0,#ride05312024 Palo Alto,Davis
,,#drive09112025 Berkeley ➜ Oakland | 3:45 PM |  | 1 seat !!,1592,,0,2025-09-11,Thursday,0,#drive09112025 Berkeley,Oakland
,,#ride05242024 #ride05272024 Need a ride Oakland-Sunnyvale. Budget $12-17,1593,,1,2024-05-24,Friday,0,#ride05242024 #ride05272024 Need a ride Oakland,Sunnyvale
,,#drive08292024 San Francisco ➜ Fremont | 8PM | 40 dollars | 1 seat,1594,,0,2024-08-29,Thursday,40,#drive08292024 San Francisco,Fremont
,,#ride04282025 San Francisco to Fremont | 9PM | $30 | 1 seat,1595,,1,2025-04-28,Monday,0,#ride04282025 San Francisco,Fremont
,,#ride02222024 Oakland -> Fremont | 10AM | $25-35 | 1 seat 😊,1596,,1,2024-02-22,Thursday,0,#ride02222024 Oakland,Fremont
,,#drive10112025 Oakland-San Jose | 10:00 AM | $10 | 1 seat,1597,,0,2025-10-11,Saturday,10,#drive10112025 Oakland,San Jose
,,#drive02232024 DRIVE!! San Francisco to Davis 4PM $15-20,1598,,0,2024-02-23,Friday,18,#drive02232024 DRIVE!! San Francisco,Davis
,,#drive11012024 San Francisco -> Sunnyvale | 4:10 PM |  | 1 seat,1599,,0,2024-11-01,Friday,0,#drive11012024 San Francisco,Sunnyvale
,,#drive01172025 Palo Alto ➜ Fremont $18-23 leaving 2PM,1600,,0,2025-01-17,Friday,20,#drive01172025 Palo Alto,Fremont
,,#drive11142025 #drive11212025 Fremont ➜ Palo Alto 20 dollars leaving 10PM,1601,,0,2025-11-14,Friday,20,#drive11142025 #drive11212025 Fremont,Palo
,,#drive07262024 Berkeley to Oakland | 7:20 PM | $25 | 1 seat 🚗,1602,,0,2024-07-26,Friday,25,#drive07262024 Berkeley,Oakland
,,#drive02032024 #drive02102024 Need a drive San Jose-San Francisco. Budget $40,1603,,0,2024-02-03,Saturday,40,#drive02032024 #drive02102024 Need a drive San Jose,San Jose
,,#ride08182024 San Jose -> Palo Alto | 1PM | $22 | 1 seat 🚗,1604,,1,2024-08-18,Sunday,0,#ride08182024 San Jose,Palo
,,#ride07092024 Sunnyvale-Berkeley $40 leaving 7PM,1605,,1,2024-07-09,Tuesday,0,#ride07092024 Sunnyvale,Berkeley
,,#drive07272024 DRIVE!! from San Jose to Palo Alto 7:45 PM $12,1606,,0,2024-07-27,Saturday,12,San Jose,Palo
,,#ride04122025 RIDE!! from San Jose to Berkeley 6:50 AM $18 !!,1607,,1,2025-04-12,Saturday,0,San Jose,Berkeley
,,#drive08112025 San Jose ➜ Oakland $10 leaving 6PM,1608,,0,2025-08-11,Monday,10,#drive08112025 San Jose,Oakland
,,Need a drive Davis ➜ Palo Alto. Budget $40 anyone?,1609,,,,,0,Need a drive Davis,Palo
,,#drive09272024 DRIVE!! Sunnyvale to Berkeley 8PM $30,1610,,0,2024-09-27,Friday,30,#drive09272024 DRIVE!! Sunnyvale,Berkeley
,,#ride10132024 #ride10162024 RIDE!! Sacramento ➜ Palo Alto 4:20 PM $22,1611,,1,2024-10-13,Sunday,0,#ride10132024 #ride10162024 RIDE!! Sacramento,Palo
,,#ride05032024 San Jose-Oakland | 1PM | 40 dollars | 1 seat,1612,,1,2024-05-03,Friday,0,#ride05032024 San Jose,Oakland
,,#drive10012024 DRIVE!! Palo Alto ➜ Fremont 4PM 10 dollars !!,1613,,0,2024-10-01,Tuesday,10,#drive10012024 DRIVE!! Palo Alto,Fremont
,,#drive01032024  Palo  Alto  ➜  Davis  $15  leaving  1:40  PM,1614,,0,2024-01-03,Wednesday,15,#drive01032024 Palo Alto,Davis
,,#drive06262025 from San Jose to San Francisco | 9:30 PM | $40 | 1 seat,1615,,0,2025-06-26,Thursday,40,San Jose,San Jose
,,from San Jose to Fremont $30-40 leaving 12:00 PM,1616,,,,,0,San Jose,Fremont
,,#ride04202025 San Jose ➜ Fremont | 2:50 PM | $40-50 | 1 seat,1617,,1,2025-04-20,Sunday,0,#ride04202025 San Jose,Fremont
,,#ride08192025 Need a ride Berkeley to San Francisco. Budget $18-28,1618,,1,2025-08-19,Tuesday,0,#ride08192025 Need a ride Berkeley,San Francisco
,,#drvie10142024 DRIVE!! SJ to Davis 12PM $15 🚗,1619,,,,,0,#drvie10142024 DRIVE!! SJ,Davis
,,#ride04192024 Oakland -> Davis $18 leaving 5:10 PM,1620,,1,2024-04-19,Friday,0,#ride04192024 Oakland,Davis
,,#ride02182024 Oakland-Fremont $35 leaving 7AM,1621,,1,2024-02-18,Sunday,0,#ride02182024 Oakland,Fremont
,,#ride06012025  from  Sacramento  to  San  Jose  $18  leaving  5PM,1622,,1,2025-06-01,Sunday,0,Sacramento,San
,,#ride11122024 #ride11132024 RIDE!! Palo Alto ➜ Oakland 10:00 PM $30 😊,1623,,1,2024-11-12,Tuesday,0,#ride11122024 #ride11132024 RIDE!! Palo Alto,Oakland
,,#ride06082024 Oakland -> Palo Alto | 4:30 PM | $12 | 1 seat !!,1624,,1,2024-06-08,Saturday,0,#ride06082024 Oakland,Palo
,,#ride05062024 #ride05132024 RIDE!! Berkeley to San Francisco 5PM $20,1625,,1,2024-05-06,Monday,0,#ride05062024 #ride05132024 RIDE!! Berkeley,San Francisco
,,#drive05152024 Oakland -> San Francisco $30 leaving 10PM,1626,,0,2024-05-15,Wednesday,30,#drive05152024 Oakland,San Francisco
,,#drive04202025  DRIVE!!  from  Sunnyvale  to  Berkeley  6:50  AM  $10,1627,,0,2025-04-20,Sunday,10,Sunnyvale,Berkeley
,,#ride05292024 Need a ride San Jose-Davis. Budget $25,1628,,1,2024-05-29,Wednesday,0,#ride05292024 Need a ride San Jose,Davis
,,#ride07292024 San Francisco to Davis $15 leaving 9:15 PM,1629,,1,2024-07-29,Monday,0,#ride07292024 San Francisco,Davis
,,#drive03232024  Need  a  drive  Sunnyvale  to  San  Francisco.  Budget  $12,1630,,0,2024-03-23,Saturday,12,#drive03232024 Need a drive Sunnyvale,San
,,"#drive12242024  Need  a  drive  from  Sunnyavle  to  Sacramento.  Budget  $10
comment  below",1631,,0,2024-12-24,Tuesday,10,Sunnyavle,Sacramento
,,#ride02182025 RIDE!! Davis ➜ Sacramento 9:40 PM $25,1632,,1,2025-02-18,Tuesday,0,#ride02182025 RIDE!! Davis,Sacramento
,,"#ride11232025 RIDE!! from Davis to Oakland 8PM $12 😊
comment below",1633,,1,2025-11-23,Sunday,0,Davis,Oakland
,,#ride06132024 Davis to Sunnyvale | 8PM | $40 | 1 seat,1634,,1,2024-06-13,Thursday,0,#ride06132024 Davis,Sunnyvale
,,#drive03302024  DRIVE!!  Fremont  to  SJ  6AM  $22,1635,,0,2024-03-30,Saturday,22,#drive03302024 DRIVE!! Fremont,San Jose
,,#drive01292025 from San Jose to Berkeley | 8PM | $20 | 1 seat,1636,,0,2025-01-29,Wednesday,20,San Jose,Berkeley
,,#drive01142025 Need a drive Fremont to Palo Alto. Budget $40,1637,,0,2025-01-14,Tuesday,40,#drive01142025 Need a drive Fremont,Palo
,,#drive10222024 Sunnyvale-San Francisco | 5:02 PM | $12 | 1 seat thx,1638,,0,2024-10-22,Tuesday,12,#drive10222024 Sunnyvale,San Francisco
,,SJ to Berkeley | 6AM | $20 | 1 seat pls,1639,,,,,0,San Jose,Berkeley
,,#ride03262024 Davis -> Berkeley | 8AM | $18 | 1 seat 🚗,1640,,1,2024-03-26,Tuesday,0,#ride03262024 Davis,Berkeley
,,#drive07042024  Sunnyvale  ➜  San  Francisco  $12  leaving  2:00  PM,1641,,0,2024-07-04,Thursday,12,#drive07042024 Sunnyvale,San
,,Sacramento -> Davis | 1:10 PM | $22 | 1 seat,1642,,,,,0,Sacramento,Davis
,,#drive11082025  #drive11102025 Oakland ➜ Sacramento | 9PM | $10 | 1 seat pls,1643,,0,2025-11-08,Saturday,10,#drive11082025 #drive11102025 Oakland,Sacramento
,,#ride12142025  Need  a  ride  from  Sunnyvale  to  Sacramento.  Budget,1644,,1,2025-12-14,Sunday,0,Sunnyvale,Sacramento
,,#drive03212024 from Oakland to Palo Alto $40 leaving 2PM 😊,1645,,0,2024-03-21,Thursday,40,Oakland,Palo
,,#ride06142025 Oakland -> Sunnyvale $15-23 leaving 8:00 AM,1646,,1,2025-06-14,Saturday,0,#ride06142025 Oakland,Sunnyvale
,,#ride02182025 Berkeley ➜ Sunnyvale $20-25 leaving 3:50 PM,1647,,1,2025-02-18,Tuesday,0,#ride02182025 Berkeley,Sunnyvale
,,#drive10182024 Need a drive Fremont-Palo Alto. Budget $18-26,1648,,0,2024-10-18,Friday,22,#drive10182024 Need a drive Fremont,Palo
,,#drive11302025 San Jose-Sunnyvale | 7AM | $12-17 | 1 seat !!,1649,,0,2025-11-30,Sunday,14,#drive11302025 San Jose,Sunnyvale
,,#ride11132024 Palo Alto to Oakland $35 leaving 10:10 AM,1650,,1,2024-11-13,Wednesday,0,#ride11132024 Palo Alto,Oakland
,,#drive02012025 Palo Alto-Oakland | 1:10 PM | $30 | 1 seat,1651,,0,2025-02-01,Saturday,30,#drive02012025 Palo Alto,Oakland
,,#drive07212024  DRIVE!!  San  Francisco-Berkeley  6:20  AM  $30  😊,1652,,0,2024-07-21,Sunday,30,#drive07212024 DRIVE!! San Francisco,Berkeley
,,#drive05192025  DRIVE!!  uSnnyvale-Oakland  12:30  PM  $35  pls,1653,,0,2025-05-19,Monday,35,#drive05192025 DRIVE!! uSnnyvale,Oakland
,,RIDE!! from Sacramento to Berkeley 10:20 AM,1654,,,,,0,Sacramento,Berkeley
,,#drive07112024 #drive07132024 Berkeley ➜ Sacramento $10 leaving 6PM,1655,,0,2024-07-11,Thursday,10,#drive07112024 #drive07132024 Berkeley,Sacramento
,,#ride11162025 Need a ride from Berkeley to Davis. Budget 40 dollars,1656,,1,2025-11-16,Sunday,0,Berkeley,Davis
,,Sacramento ➜ Oakland | 9PM | 12 dollars | 1 seat,1657,,,,,0,Sacramento,Oakland
,,#ride04202024 Need a ride Sacramento-Fremont. Budget $22,1658,,1,2024-04-20,Saturday,0,#ride04202024 Need a ride Sacramento,Fremont
,,"#drive01212024 Sacramento-San Francisco | 3:15 PM | $25 | 1 seat !!
lfexible time",1659,,0,2024-01-21,Sunday,25,#drive01212024 Sacramento,San Francisco
,,#drive08282025  DRIVE!!  from  Sacramento  to  San  Francisco  1PM  $25,1660,,0,2025-08-28,Thursday,25,Sacramento,San
,,#drive03102024 Need a drive Oakland -> San Jose. Budget $22-32,1661,,0,2024-03-10,Sunday,27,#drive03102024 Need a drive Oakland,San Jose
,,#drive12012025 DRIVE!! from Berkeley to Sacramento 5PM $15-25 🚗,1662,,0,2025-12-01,Monday,20,Berkeley,Sacramento
,,#drive03302025  Need  a  drive  from  San  Francisco  to  Davis.  Budget  $15  thx,1663,,0,2025-03-30,Sunday,15,San Francisco,Davis
,,#ride09232024 San Jose ➜ Palo Alto $15 leaving 9:50 PM,1664,,1,2024-09-23,Monday,0,#ride09232024 San Jose,Palo
,,#ride10032025 Sunnyvale -> Davis | 6PM | $30 | 1 seat,1665,,1,2025-10-03,Friday,0,#ride10032025 Sunnyvale,Davis
,,#drive04042025 Need a drive Sacramento -> Berkeley. Budget $25 😊,1666,,0,2025-04-04,Friday,25,#drive04042025 Need a drive Sacramento,Berkeley
,,#drive07292025 DRIVE!! Sunnyvale -> Oakland 11:30 AM,1667,,0,2025-07-29,Tuesday,0,#drive07292025 DRIVE!! Sunnyvale,Oakland
,,Need a drive Sacramento ➜ Palo Alto. Budget $20,1668,,,,,0,Need a drive Sacramento,Palo
,,#drive06032024 Need a drive from San Jose to San Francisco. Budget $25,1669,,0,2024-06-03,Monday,25,San Jose,San Jose
,,#ride03032024 #ride03062024 Fremont ➜ San Francisco | 3:30 PM | $12 | 1 seat thx,1670,,1,2024-03-03,Sunday,0,#ride03032024 #ride03062024 Fremont,San Francisco
,,#ride07312024 Need a ride Berkeley-Sunnyvale. Budget,1671,,1,2024-07-31,Wednesday,0,#ride07312024 Need a ride Berkeley,Sunnyvale
,,#ride04172025 RIDE!! Sunnyvale ➜ Oakland 3:40 PM $20,1672,,1,2025-04-17,Thursday,0,#ride04172025 RIDE!! Sunnyvale,Oakland
,,"#drive11012025 Need a drive Berkeley -> Palo Alto. Budget $35 pls
comment below",1673,,0,2025-11-01,Saturday,35,#drive11012025 Need a drive Berkeley,Palo
,,#drive02062025 San Jose ➜ Sacramento leaving 5:00 PM,1674,,0,2025-02-06,Thursday,0,#drive02062025 San Jose,Sacramento
,,#drive12062024 San Francisco to Berkeley | 6AM | $304-0 | 1 seat !!,1675,,0,2024-12-06,Friday,152,#drive12062024 San Francisco,Berkeley
,,#drive05022024 #drive05032024 from Palo Alto to SJ | 8:00 AM | $1 0| 1 seat,1676,,0,2024-05-02,Thursday,11,Palo Alto,San Jose
,,#ride11052024  Berkeley  ➜  Sac  $12  elaving  3:45  PM  thx,1677,,1,2024-11-05,Tuesday,0,#ride11052024 Berkeley,Sacramento
,,#ride11282024 RIDE!! Oakland ➜ Sunnyvale 9PM $40,1678,,1,2024-11-28,Thursday,0,#ride11282024 RIDE!! Oakland,Sunnyvale
,,#ride10302024  Sunnyvale  ->  Sacramento    leaving  7AM,1679,,1,2024-10-30,Wednesday,0,#ride10302024 Sunnyvale,Sacramento
,,#drive07212025 DRIVE!! Sacramento-San Francisco 7:10 AM $40 😊,1680,,0,2025-07-21,Monday,40,#drive07212025 DRIVE!! Sacramento,San Francisco
,,#drive09122025 Fremont to Sacramento | 12PM | $30 | 1 seat !!,1681,,0,2025-09-12,Friday,30,#drive09122025 Fremont,Sacramento
,,#drive09062024 San Francisco-Palo Alto | 7:15 PM | $22 | 1 seat 😊,1682,,0,2024-09-06,Friday,22,#drive09062024 San Francisco,Palo
,,#ride12312025 Oakland -> Sacramento | 9:10 AM | $22 | 1 seat,1683,,1,2025-12-31,Wednesday,0,#ride12312025 Oakland,Sacramento
,,#ride08152024 Need a ride Oakland to Sunnyvale. Budget $10-20,1684,,1,2024-08-15,Thursday,0,#ride08152024 Need a ride Oakland,Sunnyvale
,,#drive12032025 Oakland -> Sacramento | 4PM | $15 | 1 seat comment below,1685,,0,2025-12-03,Wednesday,15,#drive12032025 Oakland,Sacramento
,,#ride08252025  RIDE!!  San  Jose-Sac  10AM  $10,1686,,1,2025-08-25,Monday,0,#ride08252025 RIDE!! San Jose,Sacramento
,,#drive01062024 from San Francisco to Palo Alto $30 leaving 7PM,1687,,0,2024-01-06,Saturday,30,San Francisco,Palo
,,#ride09142024  RIDE!!  Sunnyvale-Berkeley  7:10  PM  $12  pls,1688,,1,2024-09-14,Saturday,0,#ride09142024 RIDE!! Sunnyvale,Berkeley
,,#drive12022025 Palo Alto-Oakland | 1:20 PM | | 1 seat,1689,,0,2025-12-02,Tuesday,0,#drive12022025 Palo Alto,Oakland
,,San Jose ➜ San Francisco $18-23 leaving 1PM,1690,,,,,0,San Jose,San Jose
,,"#drive03282024  San  Jose-Palo  Alto  $40  leaving  6:30  AM
flexible  time",1691,,0,2024-03-28,Thursday,40,#drive03282024 San Jose,Palo
,,#drive09152025 Need a drive Fremont -> Sacramento. Budget $40-48,1692,,0,2025-09-15,Monday,44,#drive09152025 Need a drive Fremont,Sacramento
,,#ride01232025  RIDE!!  from  Oakland  to  San  Jose  10:20  PM  $10-15,1693,,1,2025-01-23,Thursday,0,Oakland,San
,,#ride08072025 SJ-Sac $12 leaving 8AM,1694,,1,2025-08-07,Thursday,0,#ride08072025 SJ,Sacramento
,,#drive04232024 Davis to Palo Alto $25 leaving 8AM,1695,,0,2024-04-23,Tuesday,25,#drive04232024 Davis,Palo
,,#ride01122025 RIDE!! from Oakland to Sacramento 10AM $35,1696,,1,2025-01-12,Sunday,0,Oakland,Sacramento
,,"#drive10222024 DRIVE!! Palo Alto ➜ Berkeley 11:45 AM $10
comment below",1697,,0,2024-10-22,Tuesday,10,#drive10222024 DRIVE!! Palo Alto,Berkeley
,,#drive07262025 #drive08022025 Need a drive Sacramento-Berkeley. Budget $18,1698,,0,2025-07-26,Saturday,18,#drive07262025 #drive08022025 Need a drive Sacramento,Berkeley
,,#ride07152025  Oakland  to  Sunnyvale  |  10AM  |  $10  |  1  seat,1699,,1,2025-07-15,Tuesday,0,#ride07152025 Oakland,Sunnyvale
,,#drive02072025 DRIVE!! San Francisco -> San Jose 7:30 AM $25,1700,,0,2025-02-07,Friday,25,#drive02072025 DRIVE!! San Francisco,San Jose
,,#ride05132025 RIDE!! Fremont -> San Jose 9:00 AM,1701,,1,2025-05-13,Tuesday,0,#ride05132025 RIDE!! Fremont,San Jose
,,"#ride10132024 RIDE!! San Jose-Sacramento 7:20 PM $20-25 😊
comment below",1702,,1,2024-10-13,Sunday,0,#ride10132024 RIDE!! San Jose,Sacramento
,,Need a drive Davis-Palo Alto. Budget $12 thx,1703,,,,,0,Need a drive Davis,Palo
,,#ride07132024 RIDE!! Davis -> Palo Alto 4:40 PM $12 😊,1704,,1,2024-07-13,Saturday,0,#ride07132024 RIDE!! Davis,Palo
,,#drive10212024 Need a drive Oakalnd to San Francisco. Budget $25-33,1705,,0,2024-10-21,Monday,29,#drive10212024 Need a drive Oakalnd,San Francisco
,,#drive04042024 Need a drive Sunnyvale -> Berkeley. Budget 25 dollars,1706,,0,2024-04-04,Thursday,25,#drive04042024 Need a drive Sunnyvale,Berkeley
,,#drive07302024  #drive07312024  San  Francisco  ➜  Oakland  $30  leaving  7:45  PM,1707,,0,2024-07-30,Tuesday,30,#drive07302024 #drive07312024 San Francisco,Oakland
,,#drive06252024 Sacramento ➜ Oakland | 10:15 AM | $10 | 1 seat,1708,,0,2024-06-25,Tuesday,10,#drive06252024 Sacramento,Oakland
,,#ride06152025 Davis ➜ San Francisco | 7PM | $35 | 1 seat thx,1709,,1,2025-06-15,Sunday,0,#ride06152025 Davis,San Francisco
,,#drive04192024 Fremont to Davis | 3:10 PM | $15 | 1 seat,1710,,0,2024-04-19,Friday,15,#drive04192024 Fremont,Davis
,,"#drive08252025 from Palo Alto to Sac | 7PM | $10-18 | 1 seat
comment below",1711,,0,2025-08-25,Monday,14,Palo Alto,Sacramento
,,#drive10172025 from Sunnyvale to Oakland | 2PM | 22 dollars | 1 seat pls,1712,,0,2025-10-17,Friday,22,Sunnyvale,Oakland
,,#drive11232024 DRIVE!! Berkeley to Sunnyvale 9AM $18,1713,,0,2024-11-23,Saturday,18,#drive11232024 DRIVE!! Berkeley,Sunnyvale
,,#drive11172025 DRIVE!! from Palo Alto to San Francisco 9AM $15-23 pls,1714,,0,2025-11-17,Monday,19,Palo Alto,San Francisco
,,#ride08032024 RIDE!! San Jose-Davis 11AM $22-27,1715,,1,2024-08-03,Saturday,0,#ride08032024 RIDE!! San Jose,Davis
,,#ride07102024  Need  a  ride  Oakland  ➜  SF.  Budget  !!,1716,,1,2024-07-10,Wednesday,0,#ride07102024 Need a ride Oakland,San Francisco
,,"#drive02102024 #drive02122024 Davis to Fremont | 8AM | $15 | 1 seat
comment below",1717,,0,2024-02-10,Saturday,15,#drive02102024 #drive02122024 Davis,Fremont
,,#drive05132025 DRIVE!! from Davis to Palo Alto 8AM $10 🚗,1718,,0,2025-05-13,Tuesday,10,Davis,Palo
,,Oakland-San Jose 20 dollars leaving 1PM,1719,,,,,0,Oakland,San Jose
,,"#drive11012025 DRIVE!! Fremont ➜ Palo Alto 7:00 PM $20
anyone?",1720,,0,2025-11-01,Saturday,20,#drive11012025 DRIVE!! Fremont,Palo
,,#ride06282024 Berkeley ➜ San Jose | 8AM | $22 | 1 seat thx,1721,,1,2024-06-28,Friday,0,#ride06282024 Berkeley,San Jose
,,#drive06052024 Need a drive San Francisco to Oakland. Budget $25,1722,,0,2024-06-05,Wednesday,25,#drive06052024 Need a drive San Francisco,Oakland
,,#ride07062024 Berkeley ➜ Fremont | 7PM | $40 | 1 seat thx,1723,,1,2024-07-06,Saturday,0,#ride07062024 Berkeley,Fremont
,,Need a drive San Francisco ➜ Sunnyvale. Budget 30 dollars 🚗,1724,,,,,0,Need a drive San Francisco,Sunnyvale
,,"#ride05182025 Need a ride from SF to San Jose. Budget $25
pm me",1725,,1,2025-05-18,Sunday,0,San Francisco,San Jose
,,Davis ➜ Oakland $10 leaving 5PM,1726,,,,,0,Davis,Oakland
,,#drive07142025 Sacramento-San Jose  leaving 6:50 AM 🚗,1727,,0,2025-07-14,Monday,0,#drive07142025 Sacramento,San Jose
,,#drive07222024 DRIVE!! from Berkeley to San Francisco 6:10 AM $10,1728,,0,2024-07-22,Monday,10,Berkeley,San Francisco
,,#drive01192025 DRIVE!! Oakland-Davis 9AM $30,1729,,0,2025-01-19,Sunday,30,#drive01192025 DRIVE!! Oakland,Davis
,,#drive11192024 Need a drive Palo Alto -> SJ. Budget 30 dollars !!,1730,,0,2024-11-19,Tuesday,30,#drive11192024 Need a drive Palo Alto,San Jose
,,#ride03132024  Oakland  ➜  San  Jose  |  8PM  |  $10  |    1seat,1731,,1,2024-03-13,Wednesday,0,#ride03132024 Oakland,San
,,#ride05122025 Need a ride Oakland ➜ Berkeley. Budget $25 🚗,1732,,1,2025-05-12,Monday,0,#ride05122025 Need a ride Oakland,Berkeley
,,#drive09082025 Fremont to Berkeley | 6AM | $30 | 1 seat thx,1733,,0,2025-09-08,Monday,30,#drive09082025 Fremont,Berkeley
,,#drive09122024 Need a drive Berkeley-San Jose. Budget $22,1734,,0,2024-09-12,Thursday,22,#drive09122024 Need a drive Berkeley,San Jose
,,#ride10312025 Sunnyvale-Oakland  leaving 6:45 PM,1735,,1,2025-10-31,Friday,0,#ride10312025 Sunnyvale,Oakland
,,#ride10152024 #ride10172024 Sacramento ➜ San Francisco $18 leaving 4PM,1736,,1,2024-10-15,Tuesday,0,#ride10152024 #ride10172024 Sacramento,San Francisco
,,#ride06012024 RIDE!! OaklandD-avis 7PM $35-40,1737,,1,2024-06-01,Saturday,0,#ride06012024 RIDE!! OaklandD,avis
,,#ride08062025  Need  a  ride  San  Jose  ->  Oakland.  Budget  20  dollars,1738,,1,2025-08-06,Wednesday,0,#ride08062025 Need a ride San Jose,Oakland
,,#ride08272024  Sunnyvale  ->  Davis    leaving  10:20  PM,1739,,1,2024-08-27,Tuesday,0,#ride08272024 Sunnyvale,Davis
,,#drive01312024  Need  a  drive  Sunnyvale  to  Oakland.  Budget  😊,1740,,0,2024-01-31,Wednesday,0,#drive01312024 Need a drive Sunnyvale,Oakland
,,#ride09112025 San Francisco to Fremont | 6PM | $35 | 1 seat pls,1741,,1,2025-09-11,Thursday,0,#ride09112025 San Francisco,Fremont
,,#ride03282024 RIDE!! Oakland to Sunnyvale 12:50 PM $30,1742,,1,2024-03-28,Thursday,0,#ride03282024 RIDE!! Oakland,Sunnyvale
,,#ride01312024 from San Francisco to San Jose $12 leaving 10:45 PM,1743,,1,2024-01-31,Wednesday,0,San Francisco,San Jose
,,#drive01072024 #drive01082024 DRIVE!! from Davis to Sunnyvale 9:15 PM !!,1744,,0,2024-01-07,Sunday,0,Davis,Sunnyvale
,,#ride09022025 Fremont to Berkeley | 7PM | $22 | 1 seat thx,1745,,1,2025-09-02,Tuesday,0,#ride09022025 Fremont,Berkeley
,,#drive11122025 Davis ➜ Berkeley $12 leaving 8PM,1746,,0,2025-11-12,Wednesday,12,#drive11122025 Davis,Berkeley
,,#ride03232024 Berkeley-Sac | 7:30 PM | $10-18 | 1 seat 🚗,1747,,1,2024-03-23,Saturday,0,#ride03232024 Berkeley,Sacramento
,,#drive08162024  #drive08192024  DRIVE!!  Sunnyvale  ->  Davi  s10PM  $40,1748,,0,2024-08-16,Friday,40,#drive08162024 #drive08192024 DRIVE!! Sunnyvale,Davi
,,#ride08292024 Oakland -> San Jose  leaving 1:20 PM,1749,,1,2024-08-29,Thursday,0,#ride08292024 Oakland,San Jose
,,#ride02032025 Need a ride SJ ➜ Fremont. Budget 25 dollars,1750,,1,2025-02-03,Monday,0,#ride02032025 Need a ride SJ,Fremont
,,#ride11022025 #ride11052025 Need a ride Fremont to San Francisco. Budget $12,1751,,1,2025-11-02,Sunday,0,#ride11022025 #ride11052025 Need a ride Fremont,San Francisco
,,#drive10142025 Fremont to San Jose | 4PM | 35 dollars | 1 seat,1752,,0,2025-10-14,Tuesday,35,#drive10142025 Fremont,San Jose
,,Palo Alto ➜ Sarcamento | 8PM | $22 | 1 seat,1753,,,,,0,Palo Alto,Sarcamento
,,#ride01152024 RIDE!! San Francisco ➜ Berkeley 11:45 AM $12 pls,1754,,1,2024-01-15,Monday,0,#ride01152024 RIDE!! San Francisco,Berkeley
,,#ride05262025 from Palo Alto to San Francisco | 6:20 PM | 40 dollars | 1 seat,1755,,1,2025-05-26,Monday,0,Palo Alto,San Francisco
,,#drive04242024  Need  a  drive  Oakland-San  Francisco.  Budget  $20,1756,,0,2024-04-24,Wednesday,20,#drive04242024 Need a drive Oakland,San
,,Fremont-San Francisco | 10AM | $30 | 1 seat 😊,1757,,,,,0,Fremont,San Francisco
,,#ride05172024 #ride05242024 from Sacramento to Davis | 12:20 PM | $12 | 1 seat,1758,,1,2024-05-17,Friday,0,Sacramento,Davis
,,#drive06142025 Sac ➜ San Jose | 10:30 AM | | 1 seat,1759,,0,2025-06-14,Saturday,0,#drive06142025 Sac,San Jose
,,#ride03082024 #ride03092024 from Davis to Oakland | 5PM | $22 | 1 seat,1760,,1,2024-03-08,Friday,0,Davis,Oakland
,,#drive06192025  Palo  Alto  ->  San  Francisco  $30  leaving  4:45  PM  😊,1761,,0,2025-06-19,Thursday,30,#drive06192025 Palo Alto,San
,,#drive12312025 Need a drive from Sunnyvale to Oakland. Budget $10-20,1762,,0,2025-12-31,Wednesday,15,Sunnyvale,Oakland
,,"#ride06252025 Oakland-San Francisco | 7:30 AM | $35 | 1 seat
flexible time",1763,,1,2025-06-25,Wednesday,0,#ride06252025 Oakland,San Francisco
,,#ride11272024 RIDE!! San Jose to Oakland 11:40 AM $10,1764,,1,2024-11-27,Wednesday,0,#ride11272024 RIDE!! San Jose,Oakland
,,#ride11022025 Sacramento -> Palo Alto | 9:00 AM | 12 dollars | 1 seat 🚗,1765,,1,2025-11-02,Sunday,0,#ride11022025 Sacramento,Palo
,,#ride04252024 from Sacramento to Berkeley $25 leaving 9:40 PM,1766,,1,2024-04-25,Thursday,0,Sacramento,Berkeley
,,#ride07272025 Need a ride Fremont to Berkeley. Budget 30 dollars 😊,1767,,1,2025-07-27,Sunday,0,#ride07272025 Need a ride Fremont,Berkeley
,,#drive02012024 Oakland -> Sunnyvale $12 leaving 7AM,1768,,0,2024-02-01,Thursday,12,#drive02012024 Oakland,Sunnyvale
,,#ride05132025  San  Francisco  to  Oakland  |  11:30  AM  |  22  dollars  |  1  seat,1769,,1,2025-05-13,Tuesday,0,#ride05132025 San Francisco,Oakland
,,#drive10252024 #drive10282024 San Francisco -> Sunnyvale | 10:45 AM |  | 1 seat,1770,,0,2024-10-25,Friday,0,#drive10252024 #drive10282024 San Francisco,Sunnyvale
,,from Oakland to Bekreley $20 leaving 8PM,1771,,,,,0,Oakland,Bekreley
,,#ride06212025 #ride06222025 San Jose to Oakland | 7AM |  | 1 seat thx,1772,,1,2025-06-21,Saturday,0,#ride06212025 #ride06222025 San Jose,Oakland
,,r#ide01022024 San Jose-San Francisco  leaving 7:40 AM,1773,,,,,0,r #ide01022024 San Jose,San Jose
,,"#drive10212024 Fremont ➜ Sunnyvale l eaving 12PM
pm me",1774,,0,2024-10-21,Monday,0,#drive10212024 Fremont,Sunnyvale
,,#ride01012024 Need a ride San Jose-Sunnyvale. Budget,1775,,1,2024-01-01,Monday,0,#ride01012024 Need a ride San Jose,Sunnyvale
,,#ride05102025 RIDE!! Davis -> Berkeley 9:15 AM $12,1776,,1,2025-05-10,Saturday,0,#ride05102025 RIDE!! Davis,Berkeley
,,#drive06072025 from San Francisco to San Jose | 2PM | $35 | 1 seat,1777,,0,2025-06-07,Saturday,35,San Francisco,San Jose
,,#drive04142025 DRIVE!! Sac to Oakland 10:15 AM $30-38,1778,,0,2025-04-14,Monday,34,#drive04142025 DRIVE!! Sac,Oakland
,,#drive04062025  DRIVE!!  Sacramento  ->  Berkeley  8:20  PM  $30,1779,,0,2025-04-06,Sunday,30,#drive04062025 DRIVE!! Sacramento,Berkeley
,,#drive01152024 Fremont -> San Francisco $25 leaving 8AM,1780,,0,2024-01-15,Monday,25,#drive01152024 Fremont,San Francisco
,,Fremont-Palo Alto | 10:30 PM | $30 | 1 seat,1781,,,,,0,Fremont,Palo
,,#ride05082025 #ride05112025 San Francisco ➜ San Jose  leaving 11:15 AM,1782,,1,2025-05-08,Thursday,0,#ride05082025 #ride05112025 San Francisco,San Jose
,,#ride08922024 RIDE!! San Jose-Palo Alto 7:40 AM 😊,1783,,1,,,0,#ride08922024 RIDE!! San Jose,Palo
,,"#ride02122024  #ride02142024  Sacramento  ➜  Berkeley    leaving  10PM
anyone?",1784,,1,2024-02-12,Monday,0,#ride02122024 #ride02142024 Sacramento,Berkeley
,,#drive12032025 #drive12052025O akland -> Sunnyvale | 12:20 PM | $25 | 1 seat,1785,,0,2025-12-03,Wednesday,25,#drive12032025 #drive12052025O akland,Sunnyvale
,,#ride11112025 Fremont to Davis | 8:20 AM | $25-35 | 1 seat thx,1786,,1,2025-11-11,Tuesday,0,#ride11112025 Fremont,Davis
,,#drive10262025 #drive10292025 Need a drive Oakland -> Berkeley. Budget $18 pls,1787,,0,2025-10-26,Sunday,18,#drive10262025 #drive10292025 Need a drive Oakland,Berkeley
,,#ride06232024 Need a ride from Oakland to Berkeley. Budget $15,1788,,1,2024-06-23,Sunday,0,Oakland,Berkeley
,,#drive04122024 Oakland -> Palo Alto $30 leaving 2:00 PM,1789,,0,2024-04-12,Friday,30,#drive04122024 Oakland,Palo
,,#drive03172025  #drive0318202 5Need a drive from Davis to Fremont. Budget,1790,,0,2025-03-17,Monday,0,Davis,Fremont
,,#ride01232024 from Sunnyvale to SJ  leaving 4PM,1791,,1,2024-01-23,Tuesday,0,Sunnyvale,San Jose
,,#drive08242025 San Jose-Davis | 10AM | $12 | 1 seat,1792,,0,2025-08-24,Sunday,12,#drive08242025 San Jose,Davis
,,#drive06242025 DRIVE!! Oakland -> Berkeley 6:00 PM,1793,,0,2025-06-24,Tuesday,0,#drive06242025 DRIVE!! Oakland,Berkeley
,,#drive04252024 Need a drive Oakland ➜ Fremont. Budget $25,1794,,0,2024-04-25,Thursday,25,#drive04252024 Need a drive Oakland,Fremont
,,#drive10082024 from San Francisco to Palo Alto | 9:45 AM | $15 | 1 seat,1795,,0,2024-10-08,Tuesday,15,San Francisco,Palo
,,#ride12062024  Fremont  ➜  Palo  Alto  $35  leaving  5:00  PM,1796,,1,2024-12-06,Friday,0,#ride12062024 Fremont,Palo
,,#ride08292024 Need a ride Sacramento-San Francisco. Budget 15 dollars 😊,1797,,1,2024-08-29,Thursday,0,#ride08292024 Need a ride Sacramento,San Francisco
,,#drive09022025 Sacramento -> Sunnyvale $18 leaving 8PM 😊,1798,,0,2025-09-02,Tuesday,18,#drive09022025 Sacramento,Sunnyvale
,,#ride11172025 from Sacramento to Fremont  leaving 10:50 AM,1799,,1,2025-11-17,Monday,0,Sacramento,Fremont
,,"#ride10112025 RIDE!! Sacramento ➜ Palo Alto 8:50 PM 18 dollars
pm me",1800,,1,2025-10-11,Saturday,0,#ride10112025 RIDE!! Sacramento,Palo
,,#ride05272024 Need a ride Sunnyvale ➜ Palo Alto. Budget $25 pls,1801,,1,2024-05-27,Monday,0,#ride05272024 Need a ride Sunnyvale,Palo
,,#drive08182025  Need  a  drive  Sunnyvale  ➜  Berkeley.  Budget  $40,1802,,0,2025-08-18,Monday,40,#drive08182025 Need a drive Sunnyvale,Berkeley
,,#ride07292025 Need a ride Fremont ➜ Berkeley. Budget $40 pls,1803,,1,2025-07-29,Tuesday,0,#ride07292025 Need a ride Fremont,Berkeley
,,#drive06102025 Davis ➜ eBrkeley $12-22 leaving 11:00 AM,1804,,0,2025-06-10,Tuesday,17,#drive06102025 Davis,eBrkeley
,,#drive12222024 #drive12252024 DRIVE!! Fremont -> Palo Alto 10:20 AM $15 !!,1805,,0,2024-12-22,Sunday,15,#drive12222024 #drive12252024 DRIVE!! Fremont,Palo
,,#drive07202025 from Sacramento to SF 40 dollars leaving 2PM,1806,,0,2025-07-20,Sunday,40,Sacramento,San Francisco
,,Need a drive Sunnyvale-Sacramento. Budget,1807,,,,,0,Need a drive Sunnyvale,Sacramento
,,#drive03282024 Need a drive Sacramento to Palo Alto. Budget 40 dollars 🚗,1808,,0,2024-03-28,Thursday,40,#drive03282024 Need a drive Sacramento,Palo
,,#drive05282025  Need  a  drive  San  Francisco  ->  Palo  Alto.  Budget  $22,1809,,0,2025-05-28,Wednesday,22,#drive05282025 Need a drive San Francisco,Palo
,,#drive06142025 Need a drive San Jose to Davis. Budget $40,1810,,0,2025-06-14,Saturday,40,#drive06142025 Need a drive San Jose,Davis
,,#ride01292024 RIDE!! Berkeley to San Jose 9PM $25,1811,,1,2024-01-29,Monday,0,#ride01292024 RIDE!! Berkeley,San Jose
,,#drive06242025 Need a drive from Berkeley to Fremont. Budget $20-30,1812,,0,2025-06-24,Tuesday,25,Berkeley,Fremont
,,#ride06222024 Fremont to Palo Alto $22 leaving 12PM,1813,,1,2024-06-22,Saturday,0,#ride06222024 Fremont,Palo
,,#ride07252024 San Jose ➜ Sacramento | 10:00 AM | $40 | 1 seat,1814,,1,2024-07-25,Thursday,0,#ride07252024 San Jose,Sacramento
,,"#drive05072024 DRIVE!! Davis -> San Jose 5:30 PM $40 😊
comment below",1815,,0,2024-05-07,Tuesday,40,#drive05072024 DRIVE!! Davis,San Jose
,,#dirve10102024  San  Jose  ➜  Davis  $10  leaving  4PM,1816,,,,,0,#dirve10102024 San Jose,Davis
,,#ride06042024 #ride06072024 from Fremont to Berekley $20-30 leaving 9:10 PM,1817,,1,2024-06-04,Tuesday,0,Fremont,Berekley
,,Need  a  drive  San  Francisco-Sacramento.  Budget  $30-38,1818,,,,,0,Need a drive San Francisco,Sacramento
,,#drive06102024  #drive06122024 Need a drive Sacramento -> San Jose. Budget $15 pls,1819,,0,2024-06-10,Monday,15,#drive06102024 #drive06122024 Need a drive Sacramento,San Jose
,,#ride12312024 Need a ride San Francisco to Berkeley. Budget $22,1820,,1,2024-12-31,Tuesday,0,#ride12312024 Need a ride San Francisco,Berkeley
,,#ride04252025 San Jose ➜ Davis $25 leaving 2:30 PM,1821,,1,2025-04-25,Friday,0,#ride04252025 San Jose,Davis
,,#drive09082025 Need a drive Sunnyvale-Fremont. Budget $35,1822,,0,2025-09-08,Monday,35,#drive09082025 Need a drive Sunnyvale,Fremont
,,#ride07032025 Need a ride San Francisco -> Sunnyvale. Budget $40,1823,,1,2025-07-03,Thursday,0,#ride07032025 Need a ride San Francisco,Sunnyvale
,,#drive07312025 #drive08022025 Sacramento ➜ San Francisco | 2PM | $35 | 1 seat,1824,,0,2025-07-31,Thursday,35,#drive07312025 #drive08022025 Sacramento,San Francisco
,,#ride05232024  Need  a  ride  Berkeley  ->  Palo  Alto.  Budget,1825,,1,2024-05-23,Thursday,0,#ride05232024 Need a ride Berkeley,Palo
,,#drive12012025 San Jose ➜ Sunnyvale $40 leaving 10AM,1826,,0,2025-12-01,Monday,40,#drive12012025 San Jose,Sunnyvale
,,#drive11212025  DRIVE!!  Sunnyvale-Palo  Alto  11AM  $40  😊,1827,,0,2025-11-21,Friday,40,#drive11212025 DRIVE!! Sunnyvale,Palo
,,#drive03072025 Sunnyvale ➜ Berkeley | 5:30 PM | $10-20 | 1 seat,1828,,0,2025-03-07,Friday,15,#drive03072025 Sunnyvale,Berkeley
,,"#ride07152024 Berkeley -> Sac $40-45 leaving 6PM
flexible time",1829,,1,2024-07-15,Monday,0,#ride07152024 Berkeley,Sacramento
,,#drive03172024 Need a drive Davis -> San Jose. Budget $10 😊,1830,,0,2024-03-17,Sunday,10,#drive03172024 Need a drive Davis,San Jose
,,#ride01212024 #ride01282024 RIDE!! from Sacramento to Fremont 2:40 PM $40 pls,1831,,1,2024-01-21,Sunday,0,Sacramento,Fremont
,,#drive07132024 Sacramento ➜ Berkeley $40 leaving 10AM,1832,,0,2024-07-13,Saturday,40,#drive07132024 Sacramento,Berkeley
,,#drive09162025 DRIVE!! Fremont ➜ San Francisco 11:20 AM,1833,,0,2025-09-16,Tuesday,0,#drive09162025 DRIVE!! Fremont,San Francisco
,,#rdive10252024  DRIVE!!  San  Jose  ->  Berkeley  9AM  🚗,1834,,,,,0,#rdive10252024 DRIVE!! San Jose,Berkeley
,,"#drive02052025  Palo  Alto  ➜  Berkeley  $35  leaving  8:40  PM
comment  below",1835,,0,2025-02-05,Wednesday,35,#drive02052025 Palo Alto,Berkeley
,,#ride06192024 #ride06212024 Palo Alto to SF $12 leaving 11AM,1836,,1,2024-06-19,Wednesday,0,#ride06192024 #ride06212024 Palo Alto,San Francisco
,,#drive10222024 Sunnyvale ➜ San Jose | 9PM | $25-33 | 1 seat,1837,,0,2024-10-22,Tuesday,29,#drive10222024 Sunnyvale,San Jose
,,#drive10132025  from  Palo  Alto  to  Sacramento  |  8:15  AM  |    |  1  seat,1838,,0,2025-10-13,Monday,0,Palo Alto,Sacramento
,,#drive10212025  Oakland-Sacramento  |  6AM  |  $18  |  1  seat,1839,,0,2025-10-21,Tuesday,18,#drive10212025 Oakland,Sacramento
,,#ride06132025  Davis  to  Berkeley  |  7:40  AM  |  |  1  seat,1840,,1,2025-06-13,Friday,0,#ride06132025 Davis,Berkeley
,,#ride05022024 Oakland-Fremont | 7:30 PM | $10 | 1 seat 😊,1841,,1,2024-05-02,Thursday,0,#ride05022024 Oakland,Fremont
,,#ride06072025 Sacramento ➜ Berkeley  leaving 8:40P M,1842,,1,2025-06-07,Saturday,0,#ride06072025 Sacramento,Berkeley
,,"#drive08252025 Palo Alto-Fremont $15 leaving 7AM
anyone?",1843,,0,2025-08-25,Monday,15,#drive08252025 Palo Alto,Fremont
,,#ride09112024 Need a ride from Davis to San Francisco. Budget $15,1844,,1,2024-09-11,Wednesday,0,Davis,San Francisco
,,#drive12162024 Need a drive Sunnyvale to Palo Alto. Budget $40,1845,,0,2024-12-16,Monday,40,#drive12162024 Need a drive Sunnyvale,Palo
,,#drive12022025  SF-San  Jose  $22  leaving  4PM,1846,,0,2025-12-02,Tuesday,22,#drive12022025 SF,San
,,#ride01062024 Need a ride Fremont-Sacramento. Budget $35-40,1847,,1,2024-01-06,Saturday,0,#ride01062024 Need a ride Fremont,Sacramento
,,#ride06022024 RIDE!! Fremont -> Sacramento 9:45 AM $18 pls,1848,,1,2024-06-02,Sunday,0,#ride06022024 RIDE!! Fremont,Sacramento
,,"#drive11172024 from Sacramento to Oakland $18-28 leaving 5:40 PM
comment below",1849,,0,2024-11-17,Sunday,23,Sacramento,Oakland
,,#ride04022025  Need  a  ride  SJ  ->  San  Jose.  Budget  $12,1850,,1,2025-04-02,Wednesday,0,#ride04022025 Need a ride SJ,San
,,Need a drive San Jose -> San Francisco. Budget $12-17 pls,1851,,,,,0,Need a drive San Jose,San Jose
,,#drive02052025 from Davis to Berkeley | 10PM | $18 | 1 seat,1852,,0,2025-02-05,Wednesday,18,Davis,Berkeley
,,#ride05112024 Sunnyvale-Berkeley | 4PM | $20-28 | 1 seat pls,1853,,1,2024-05-11,Saturday,0,#ride05112024 Sunnyvale,Berkeley
,,Need a drive San Francisco ➜ Sunnyvale. Budget $15-25,1854,,,,,0,Need a drive San Francisco,Sunnyvale
,,#ride09212025 Fremont-San Jose $22 leaving 10:15 PM,1855,,1,2025-09-21,Sunday,0,#ride09212025 Fremont,San Jose
,,Need a drive Berkeley to Sacramento. Budget $15-20 thx,1856,,,,,0,Need a drive Berkeley,Sacramento
,,RIDE!!  Sunnyvale  to  Sacramento  12PM  $10,1857,,,,,0,RIDE!! Sunnyvale,Sacramento
,,#drive06212024 DRIVE!! from San Jose to Berkele y7:10 PM $12,1858,,0,2024-06-21,Friday,12,San Jose,Berkele
,,#drive12062024 Berkeley-San Francisco $40 leaving 9AM,1859,,0,2024-12-06,Friday,40,#drive12062024 Berkeley,San Francisco
,,#drive02252024 from San Jose to Berkeley | 5:30 PM | $18 | 1 seat 🚗,1860,,0,2024-02-25,Sunday,18,San Jose,Berkeley
,,"#ride05102024 Sacramento-Oakland $35 leaving 1PM
comment below",1861,,1,2024-05-10,Friday,0,#ride05102024 Sacramento,Oakland
,,#ride08092024 San Jose ➜ Fremont  leaving 6:50 PM !!,1862,,1,2024-08-09,Friday,0,#ride08092024 San Jose,Fremont
,,#drive06292025 Need a drive from Berkeley to Fremont. Budget $12,1863,,0,2025-06-29,Sunday,12,Berkeley,Fremont
,,#drive08202025 Berkeley ➜ San Jose $12 leaving 2:00 PM 😊,1864,,0,2025-08-20,Wednesday,12,#drive08202025 Berkeley,San Jose
,,#ride08192024  Sacramento-Berkeley  $22  leaving  2PM,1865,,1,2024-08-19,Monday,0,#ride08192024 Sacramento,Berkeley
,,from Oakland to San Francisco $25 leaving 8:15 PM thx,1866,,,,,0,Oakland,San Francisco
,,#ride12192025 Oakland-Berkeley | 11:45 AM | $15-25 | 1 seat !!,1867,,1,2025-12-19,Friday,0,#ride12192025 Oakland,Berkeley
,,#ride11242025 Sunnyvale-Davis | 9:15 AM | $10-18 | 1 seat 😊,1868,,1,2025-11-24,Monday,0,#ride11242025 Sunnyvale,Davis
,,#drive03182025 #drive03202025 from San Francisco to Davis | 11:00 AM |  | 1 seat,1869,,0,2025-03-18,Tuesday,0,San Francisco,Davis
,,#drive06132025 DRIVE!! Oakland-San Jose 12PM $35-43,1870,,0,2025-06-13,Friday,39,#drive06132025 DRIVE!! Oakland,San Jose
,,#ride01042025 #ride01072025 from Berkeley to Davis 22 dollars leaving 3:30 PM thx,1871,,1,2025-01-04,Saturday,0,Berkeley,Davis
,,"#drive04072025 DRIVE!! Palo Alto-Sunnyvale 10AM
comment below",1872,,0,2025-04-07,Monday,0,#drive04072025 DRIVE!! Palo Alto,Sunnyvale
,,#ride10282024 from Oakland to Sunnyvale $25 leaving 9PM,1873,,1,2024-10-28,Monday,0,Oakland,Sunnyvale
,,#ride08262024 Need a ride from San Jose to Sunnyvale. Budget $15,1874,,1,2024-08-26,Monday,0,San Jose,Sunnyvale
,,RIDE!! Palo Alto to Berkeley 6PM $15,1875,,,,,0,RIDE!! Palo Alto,Berkeley
,,"#ride10082024 Oakland ➜ Fremont  leaving 8PM
anyone?",1876,,1,2024-10-08,Tuesday,0,#ride10082024 Oakland,Fremont
,,#ride10292025 Need a ride from Fremont to SJ. Budget $18-23 thx,1877,,1,2025-10-29,Wednesday,0,Fremont,San Jose
,,#drive03022025  DRIVE!!  San  Jose-Berkeley  7AM  $35-40,1878,,0,2025-03-02,Sunday,38,#drive03022025 DRIVE!! San Jose,Berkeley
,,#ride03202024  #ride03272024  Berkeley  to  Fremont  $22-27  leaving  6:30  AM  😊,1879,,1,2024-03-20,Wednesday,0,#ride03202024 #ride03272024 Berkeley,Fremont
,,#drive09062024 DRIVE!! Fremont ➜ San Francisco 2:30 PM $12-20,1880,,0,2024-09-06,Friday,16,#drive09062024 DRIVE!! Fremont,San Francisco
,,#ride11062024 Sacramento-Davis $30 leaving 6PM thx,1881,,1,2024-11-06,Wednesday,0,#ride11062024 Sacramento,Davis
,,#ride07262024 RIDE!! Palo Alto ➜ Sacramento 10AM $18,1882,,1,2024-07-26,Friday,0,#ride07262024 RIDE!! Palo Alto,Sacramento
,,#ride11172025 Need a ride Sunnyvael -> Berkeley. Budget $35,1883,,1,2025-11-17,Monday,0,#ride11172025 Need a ride Sunnyvael,Berkeley
,,#drive03042025 DRVIE!! Berkeley to Oakland 8AM 😊,1884,,0,2025-03-04,Tuesday,0,#drive03042025 DRVIE!! Berkeley,Oakland
,,#ride03302025 from Fremont to Sunnyvale | 11AM |  | 1 seat pls,1885,,1,2025-03-30,Sunday,0,Fremont,Sunnyvale
,,#ride11112025 RIDE!! Berkeley to Davis 11AM $35,1886,,1,2025-11-11,Tuesday,0,#ride11112025 RIDE!! Berkeley,Davis
,,#drive01052024 Berkeley -> San Francisco | 7AM | $12 | 1 seat 🚗,1887,,0,2024-01-05,Friday,12,#drive01052024 Berkeley,San Francisco
,,#drive09092025  eBrkeley  to  Sacramento  30  dollars  leaving  6:10  PM,1888,,0,2025-09-09,Tuesday,30,#drive09092025 eBrkeley,Sacramento
,,#drive03272024 Davis -> Berkeley | 3PM |  | 1 seat pls,1889,,0,2024-03-27,Wednesday,0,#drive03272024 Davis,Berkeley
,,#ride03252025 from Sunnyvale to Sac $35 leaving 9PM,1890,,1,2025-03-25,Tuesday,0,Sunnyvale,Sacramento
,,#drive07032025 Need a drive Sacramento -> San Jose. Budget $30 pls,1891,,0,2025-07-03,Thursday,30,#drive07032025 Need a drive Sacramento,San Jose
,,#ride08012025 #ride08082025 RIDE!! from San Francisco to Sacramento 9:10 PM $12 thx,1892,,1,2025-08-01,Friday,0,San Francisco,Sacramento
,,#drive01272025 Need a drive from Oakland to Berkeley. Budget,1893,,0,2025-01-27,Monday,0,Oakland,Berkeley
,,#ride11202024 frmo San Francisco to Davis  leaving 3:50 PM,1894,,1,2024-11-20,Wednesday,0,#ride11202024 frmo San Francisco,Davis
,,#ride05222024 Need a ride from Fremont to Sunnyvale. Budget,1895,,1,2024-05-22,Wednesday,0,Fremont,Sunnyvale
,,#drive12312025 from Sacramento to San Jose $22 leaving 6:45 PM,1896,,0,2025-12-31,Wednesday,22,Sacramento,San Jose
,,#ride06242024 from Fremont to Sunnyvale $25 leaving 01:45 AM !!,1897,,1,2024-06-24,Monday,0,Fremont,Sunnyvale
,,#ride11052024 Need a ride Palo Alto-Fremont. Budget $25,1898,,1,2024-11-05,Tuesday,0,#ride11052024 Need a ride Palo Alto,Fremont
,,#ride10262024 #ride11022024 Need a ride San Francisco -> Palo Alto. Budget,1899,,1,2024-10-26,Saturday,0,#ride10262024 #ride11022024 Need a ride San Francisco,Palo
,,#ride10132024 #ride10162024 from Sunnyvale to San Jose | 4PM | $30 | 1 seat thx,1900,,1,2024-10-13,Sunday,0,Sunnyvale,San Jose
,,#ride02222024 from San Jose to Berkeley | 10:15 AM | $25 | 1 seat 🚗,1901,,1,2024-02-22,Thursday,0,San Jose,Berkeley
,,#drive09032025 Fremont-Palo Alto $25 leaving 6AM 😊,1902,,0,2025-09-03,Wednesday,25,#drive09032025 Fremont,Palo
,,#ride02140225 Need a ride from San Jose to Palo Alto. Budget $25,1903,,1,0225-02-14,Monday,0,San Jose,Palo
,,#ride01272025 RIDE!! Oakland -> Palo Alto 11:00 AM $40,1904,,1,2025-01-27,Monday,0,#ride01272025 RIDE!! Oakland,Palo
,,#ride01212024 Need a ride from San Jose to SF. Budget $18,1905,,1,2024-01-21,Sunday,0,San Jose,San Francisco
,,#drive12202024 Palo Alto -> Berkeley $35 leaving 1:50 PM,1906,,0,2024-12-20,Friday,35,#drive12202024 Palo Alto,Berkeley
,,#drive02162025  #drive02232025  Need  a  drive  Sunnyvale-Fremont.  Budget  $30  🚗,1907,,0,2025-02-16,Sunday,30,#drive02162025 #drive02232025 Need a drive Sunnyvale,Fremont
,,#ride05122025  Need  a  ride  Davis  ->  Oakland.  Budget  $10,1908,,1,2025-05-12,Monday,0,#ride05122025 Need a ride Davis,Oakland
,,#drive03062024 Need a drive from San Francisco to Sunnyvale. Budget $15,1909,,0,2024-03-06,Wednesday,15,San Francisco,Sunnyvale
,,#drive03082025 Need a drive San Francisco to Palo Alto. Budget,1910,,0,2025-03-08,Saturday,0,#drive03082025 Need a drive San Francisco,Palo
,,#ride06202025  San  Francisco  ->  Pal  oAlto    leaving  11AM,1911,,1,2025-06-20,Friday,0,#ride06202025 San Francisco,Pal
,,#ride02022024 RIDE!! San Francisco to Sunnyvale 12:45 PM $20,1912,,1,2024-02-02,Friday,0,#ride02022024 RIDE!! San Francisco,Sunnyvale
,,#ride09242024 from Berkeley to Oakland $10 leaving 12:10 PM,1913,,1,2024-09-24,Tuesday,0,Berkeley,Oakland
,,#ride06202024 Sacramento -> Fremont $20 leaving 11AM,1914,,1,2024-06-20,Thursday,0,#ride06202024 Sacramento,Fremont
,,#ride05202024 San Jose ➜ SF | 12PM | $18-26 | 1 seat,1915,,1,2024-05-20,Monday,0,#ride05202024 San Jose,San Francisco
,,#ride10272024 RIDE!! Fremont ➜ San Jose 10:20 AM,1916,,1,2024-10-27,Sunday,0,#ride10272024 RIDE!! Fremont,San Jose
,,#ride04102024 San oJse ➜ Sacramento | 4:45 PM | $12 | 1 seat,1917,,1,2024-04-10,Wednesday,0,#ride04102024 San oJse,Sacramento
,,#ride05142025 RIDE!! Sacramento-Palo Alto 10:40 AM $35,1918,,1,2025-05-14,Wednesday,0,#ride05142025 RIDE!! Sacramento,Palo
,,#ride01182025  Oakland-San  Jose  $30  leaving  9AM  🚗,1919,,1,2025-01-18,Saturday,0,#ride01182025 Oakland,San
,,#drive06272025 from Davis to Oakland | 7PM |  | 1 seat !!,1920,,0,2025-06-27,Friday,0,Davis,Oakland
,,"#drive11282025  San  Francisco  ➜  Fremont  $25  leaving  5:30  PM
pm  me",1921,,0,2025-11-28,Friday,25,#drive11282025 San Francisco,Fremont
,,#drive01062025 #drive01072025 DRIVE!! Berkeley -> Sunnyvale 9:20 AM,1922,,0,2025-01-06,Monday,0,#drive01062025 #drive01072025 DRIVE!! Berkeley,Sunnyvale
,,#drive11032024 Need a drive from Berkeley to Sacramento. Budget $30-38,1923,,0,2024-11-03,Sunday,34,Berkeley,Sacramento
,,Sunnyvale -> Sacramento $18l eaving 6AM,1924,,,,,0,Sunnyvale,Sacramento
,,#drive02232024 DRIVE!! from Sacramento to Fremont 7:50 AM $22,1925,,0,2024-02-23,Friday,22,Sacramento,Fremont
,,#drive01042025 DRIVE!! San Francisco-Sacramento 2PM $40,1926,,0,2025-01-04,Saturday,40,#drive01042025 DRIVE!! San Francisco,Sacramento
,,#ride06152024 RIDE!! Sunnyvale -> Fremont 8PM $30 🚗 flexible time,1927,,1,2024-06-15,Saturday,0,#ride06152024 RIDE!! Sunnyvale,Fremont
,,#drive11042025 Need a drive Sacramento-Fremont. Budget $15,1928,,0,2025-11-04,Tuesday,15,#drive11042025 Need a drive Sacramento,Fremont
,,#ride06282025 Sacramento ➜ Fremont | 12:15 PM | $35 | 1 seat,1929,,1,2025-06-28,Saturday,0,#ride06282025 Sacramento,Fremont
,,#drive11132025 Palo Alto -> Fremont $30 leaving 10:00 PM !!,1930,,0,2025-11-13,Thursday,30,#drive11132025 Palo Alto,Fremont
,,#ride05012025 Need a ride Sacramento to Davis. Budget 35 dollars,1931,,1,2025-05-01,Thursday,0,#ride05012025 Need a ride Sacramento,Davis
,,#drive11042025  #drive11072025  Sunnyvale-Sacramento  $12-22  leaving  12PM,1932,,0,2025-11-04,Tuesday,17,#drive11042025 #drive11072025 Sunnyvale,Sacramento
,,#ride01062025 Sunnyvale-Palo Alto | 6AM | $12-20 | 1 seat !!,1933,,1,2025-01-06,Monday,0,#ride01062025 Sunnyvale,Palo
,,"#drive09272025 DRIVE!! Oakland ➜ San Jose 4:15 PM $30 🚗
comment below",1934,,0,2025-09-27,Saturday,30,#drive09272025 DRIVE!! Oakland,San Jose
,,#drive01202024 DRIVE!! Berkeley to Sacramento 8PM $25,1935,,0,2024-01-20,Saturday,25,#drive01202024 DRIVE!! Berkeley,Sacramento
,,#ride02072024  Need  a  ride  Palo  Alto-Oakland.  Budget  25  dollars  pls,1936,,1,2024-02-07,Wednesday,0,#ride02072024 Need a ride Palo Alto,Oakland
,,#ride04172025 San Jose-Fremont $18 leaving 6AM,1937,,1,2025-04-17,Thursday,0,#ride04172025 San Jose,Fremont
,,#ride01162024 RIDE!! Sac to Oakland 8AM 35 dollars,1938,,1,2024-01-16,Tuesday,0,#ride01162024 RIDE!! Sac,Oakland
,,#drive10092025 Sa nFrancisco to Sacramento | 4:15 PM |  | 1 seat,1939,,0,2025-10-09,Thursday,0,#drive10092025 Sa nFrancisco,Sacramento
,,#ride01262024 Need a ride Sunnyvale to Oakland. Budget $40,1940,,1,2024-01-26,Friday,0,#ride01262024 Need a ride Sunnyvale,Oakland
,,#ride06152024 Sacramento ➜ San Jose | 10AM | $18 | 1 seat,1941,,1,2024-06-15,Saturday,0,#ride06152024 Sacramento,San Jose
,,#drive07132024  DRIVE!!  Berkeley  to  Sunnyvale  8AM  $10  thx,1942,,0,2024-07-13,Saturday,10,#drive07132024 DRIVE!! Berkeley,Sunnyvale
,,#drive07182025 Berkeley to Davis $20-25 leaving 6PM,1943,,0,2025-07-18,Friday,22,#drive07182025 Berkeley,Davis
,,#ride09252024 Berkeley to San Jose | 9AM | $10 | 1 seat thx,1944,,1,2024-09-25,Wednesday,0,#ride09252024 Berkeley,San Jose
,,#drive04072024 Need a drive San Francisco to Sunnyvale. Budget $10,1945,,0,2024-04-07,Sunday,10,#drive04072024 Need a drive San Francisco,Sunnyvale
,,#drive07222025  from  Oakland  to  San  Jose  |  2PM  |    |  1  seat  😊,1946,,0,2025-07-22,Tuesday,0,Oakland,San
,,#ride05202025 Need a ride San Francisco to San Jose. Budget,1947,,1,2025-05-20,Tuesday,0,#ride05202025 Need a ride San Francisco,San Jose
,,#ride06142024 from Fremont to Sacramento $20 leaving 9:15 AM thx,1948,,1,2024-06-14,Friday,0,Fremont,Sacramento
,,#drive05142024 DRIVE!! Davis ➜ Sunnyvale 3:10 PM $20-30,1949,,0,2024-05-14,Tuesday,25,#drive05142024 DRIVE!! Davis,Sunnyvale
,,#drive02212025 San Jose-Fremont | 10AM | $22 | 1 seat,1950,,0,2025-02-21,Friday,22,#drive02212025 San Jose,Fremont
,,#ride07292025 Need a ride San Francisco ➜B erkeley. Budget $22 !!,1951,,1,2025-07-29,Tuesday,0,#ride07292025 Need a ride San Francisco,B
,,#drive11292025  #drive11302025  DRIVE!!  Oakland  ->  SJ  10:15  PM  $18-23,1952,,0,2025-11-29,Saturday,20,#drive11292025 #drive11302025 DRIVE!! Oakland,San Jose
,,#ride12252025 RIDE!! Palo Alto ➜ Fremont 10PM $40 🚗,1953,,1,2025-12-25,Thursday,0,#ride12252025 RIDE!! Palo Alto,Fremont
,,#drive10212025 Davis -> Fremont | 5:45 PM | $18 | 1 seat,1954,,0,2025-10-21,Tuesday,18,#drive10212025 Davis,Fremont
,,#drive10302024 Palo Alto ➜ Berkeley  leaving 11:15 AM,1955,,0,2024-10-30,Wednesday,0,#drive10302024 Palo Alto,Berkeley
,,#drive01232025 Palo Alto-Oakland | 9:50 AM | $40 | 1 seat,1956,,0,2025-01-23,Thursday,40,#drive01232025 Palo Alto,Oakland
,,#drive03272025 DRIVE!! Fremont -> Oakland 4:00 PM $30,1957,,0,2025-03-27,Thursday,30,#drive03272025 DRIVE!! Fremont,Oakland
,,#ride08202025 RIDE!! Oakland -> Sunnyvale 4:15 PM $10,1958,,1,2025-08-20,Wednesday,0,#ride08202025 RIDE!! Oakland,Sunnyvale
,,#ride02262025 RIDE!! Palo Alto-Davis 11:30 AM $25,1959,,1,2025-02-26,Wednesday,0,#ride02262025 RIDE!! Palo Alto,Davis
,,#drive11252024 Berkeley -> Sunnyvale 20 dollars leaving 7AM,1960,,0,2024-11-25,Monday,20,#drive11252024 Berkeley,Sunnyvale
,,#drive01182025  Need  a  drive  Fremont  ➜  Berkeley.  Budget,1961,,0,2025-01-18,Saturday,0,#drive01182025 Need a drive Fremont,Berkeley
,,"#drive11192024 DRIVE!! San Francisco ➜ Oakland 3:50 PM $22-32 thx
comment below",1962,,0,2024-11-19,Tuesday,27,#drive11192024 DRIVE!! San Francisco,Oakland
,,from Davis to San Jose $15 leaving 10AM,1963,,,,,0,Davis,San Jose
,,#drive03022025 DRIVE!! from Davis to Palo Alto 7PM $30,1964,,0,2025-03-02,Sunday,30,Davis,Palo
,,#drive08172024 DRIVE!! from Fremont to Davis 3:00 PM $40 😊,1965,,0,2024-08-17,Saturday,40,Fremont,Davis
,,#ride06192024 RIDE!! Sacramento-Fremont 7:45 PM $25,1966,,1,2024-06-19,Wednesday,0,#ride06192024 RIDE!! Sacramento,Fremont
,,#ride08202024 Need a rdie Oakland ➜ Sunnyvale. Budget $15,1967,,1,2024-08-20,Tuesday,0,#ride08202024 Need a rdie Oakland,Sunnyvale
,,#drive01122024 Palo Alto to Oakland $35 leaving 9:45 AM,1968,,0,2024-01-12,Friday,35,#drive01122024 Palo Alto,Oakland
,,#ride09042024 Need a ride Sunnyvale -> Oakland. Budget thx,1969,,1,2024-09-04,Wednesday,0,#ride09042024 Need a ride Sunnyvale,Oakland
,,#ride09042024 Palo Alto ➜ Sunnyvale | 11:15 AM | $12 | 1 seat,1970,,1,2024-09-04,Wednesday,0,#ride09042024 Palo Alto,Sunnyvale
,,#drive08072025 from Oakland to Berkeley | 9PM |  | 1 seat,1971,,0,2025-08-07,Thursday,0,Oakland,Berkeley
,,#drive12142025 DRIVE!! SJ-Palo Alto 8:50 AM $22-32,1972,,0,2025-12-14,Sunday,27,#drive12142025 DRIVE!! SJ,Palo
,,#ride06052024 Oakland ➜ Sunnyvale | 1:40 PM | $25 | 1 seat,1973,,1,2024-06-05,Wednesday,0,#ride06052024 Oakland,Sunnyvale
,,#ride03072024 San Jose to San Francisco | 10AM |  | 1 seat,1974,,1,2024-03-07,Thursday,0,#ride03072024 San Jose,San Jose
,,#ride01072024  Sunnyvale  ->  Fremont  $30  leaving  2PM,1975,,1,2024-01-07,Sunday,0,#ride01072024 Sunnyvale,Fremont
,,#ride02252024 Fremont ➜ Oakland | 5:50 PM | $30 | 1 seat comment below,1976,,1,2024-02-25,Sunday,0,#ride02252024 Fremont,Oakland
,,#drive12192024  #drive12212024  Need  a  drive  Fremont  ➜  Sunnyvale.  Budget,1977,,0,2024-12-19,Thursday,0,#drive12192024 #drive12212024 Need a drive Fremont,Sunnyvale
,,#drive06232024 #drive06252024 from Sacramento to Oakland | 10PM | 12 dollars | 1 seat,1978,,0,2024-06-23,Sunday,12,Sacramento,Oakland
,,#drive03222024 DRIVE!! San Francisco-Sacramento 9AM 10 dollars,1979,,0,2024-03-22,Friday,10,#drive03222024 DRIVE!! San Francisco,Sacramento
,,#ride06302025 RIDE!! Palo Alto to Fremont 3PM $30,1980,,1,2025-06-30,Monday,0,#ride06302025 RIDE!! Palo Alto,Fremont
,,#ride01032024 RIDE!! San Jose to Sunnyvale 7PM $25,1981,,1,2024-01-03,Wednesday,0,#ride01032024 RIDE!! San Jose,Sunnyvale
,,#drive05022025 DRIVE!! from San Francisco to Sunnyvale 12:40 PM 10 dollars,1982,,0,2025-05-02,Friday,10,San Francisco,Sunnyvale
,,#drive12092024 Need a drive Palo Alto to San Jose. Budget $20,1983,,0,2024-12-09,Monday,20,#drive12092024 Need a drive Palo Alto,San Jose
,,#drive05102025 DRIVE!! from Berkeley to Davis 5PM $40-45 thx,1984,,0,2025-05-10,Saturday,42,Berkeley,Davis
,,"#drive05032025  DRIVE!!  Sunnyvale-Palo  Alto  4:30  PM  $12
comment  below",1985,,0,2025-05-03,Saturday,12,#drive05032025 DRIVE!! Sunnyvale,Palo
,,#drive10132024 DRIVE!! Berkeley to San Jose 3PM 20 dollars !!,1986,,0,2024-10-13,Sunday,20,#drive10132024 DRIVE!! Berkeley,San Jose
,,#ride03052025 Fremont-Oakland | 6:40 PM |  | 1 seat,1987,,1,2025-03-05,Wednesday,0,#ride03052025 Fremont,Oakland
,,"#ride06052025 RIDE!! from Fremont to Sacramento 11AM $15
comment below",1988,,1,2025-06-05,Thursday,0,Fremont,Sacramento
,,"#ride09232025 Sunnyvale -> San Francisco $18 leaving 2:45 PM
pm me",1989,,1,2025-09-23,Tuesday,0,#ride09232025 Sunnyvale,San Francisco
,,#drive03072024  Need  a  drive  Oakland  ➜  Palo  Alto.  Budget  $20  🚗,1990,,0,2024-03-07,Thursday,20,#drive03072024 Need a drive Oakland,Palo
,,"#drive06182025 Fremont -> San Francisco | 5PM | $40 | 1 seat
flexible time",1991,,0,2025-06-18,Wednesday,40,#drive06182025 Fremont,San Francisco
,,#drive12132025  DRIVE!!  San  Jose  to  Davis  5PM  $18-26,1992,,0,2025-12-13,Saturday,22,#drive12132025 DRIVE!! San Jose,Davis
,,#drive11252025 DRIVE!! San Jose to Berkeley 8:40 PM $35,1993,,0,2025-11-25,Tuesday,35,#drive11252025 DRIVE!! San Jose,Berkeley
,,#ride12092025 Need a ride Oakland-San Jose. Budget $10-18,1994,,1,2025-12-09,Tuesday,0,#ride12092025 Need a ride Oakland,San Jose
,,#ride06132024 from Palo Alto to San Jose | 12PM | 40 dollars | 1 seat,1995,,1,2024-06-13,Thursday,0,Palo Alto,San Jose
,,#drive04242025  Need  a  drive  from  Davis  to  Sunnyvale.  Budget  !!,1996,,0,2025-04-24,Thursday,0,Davis,Sunnyvale
,,#drive10192025 Need a drive Oakland-San Francisco. Budget $35,1997,,0,2025-10-19,Sunday,35,#drive10192025 Need a drive Oakland,San Francisco
,,Need a ride from Fremont to Palo Alto. Budget,1998,,,,,0,Fremont,Palo
,,#ride07132025 RIDE!! Berkeley -> Sacramento 3:40 PM $40-50,1999,,1,2025-07-13,Sunday,0,#ride07132025 RIDE!! Berkeley,Sacramento
,,#ride04192025 Oakland to Berkeley | 9:15 PM |  | 1 seat !!,2000,,1,2025-04-19,Saturday,0,#ride04192025 Oakland,Berkeley
