post_id,post_text
1,Davis to Fremont | 2PM | $40 | 1 seat pls
2,Need a drive aSn Francisco ➜ Palo Alto. Budget $10
3,#drive09102025 DRIVE!! San Jose to Berkeley 9AM 22 dollars
4,#drive04022025 DRIVE!! Davis -> San Jose 7:45 AM thx
5,#ride08122025 from San Jose to Fremont $18-28 leaving 8:50 AM
6,#ride02262025 Davis -> San Francisco $12 leaving 9AM pls
7,#ride05212024 Sunnyvale-Davis | 10PM | | 1 seat
8,#ride02952025 from Oakland to SF $30 leaving 4PM
9,#ride12202025 from Fremont to SJ | 6:50 AM | $35 | 1 seat
10,#ride07062025 Need a ride Davis-Berkeley. Budget $40 pls
11,#ride05192025 Fremont to Oakland | 6:50 AM | 40 dollars | 1 seat
12,#drive05092024 from SF to Palo Alto $22 leaving 6AM 🚗
13,#ride09282025 Need a ride Palo Alto -> Oakland. Budget
14,#ride08152025  Need  a  ride  Berkeley-Oakland.  Budget
15,#ride12042024 Sunnyvale-Davis $25 leaving 10AM
16,#drive11292025 Oakland -> Berkeley | 7:30 PM | $12 | 1 seat thx anyone?
17,#drive11082024 DRIVE!! Palo Alto  ➜San Francisco 11:45 AM $40-48
18,#ride03312024  Oakland  to  Berkeley  $18  leaving  9:10  AM  😊
19,#ride04042024 Need a ride Sunnyvale -> Fremont. Budget $22
20,#drive02192024 Davis -> Oakland $35 leaving 10PM
21,#drive11282025 DRIVE!! from Berkeley to Palo Alto 2:50 PM $12 thx
22,#ride02032024 Fremont to San Jose $15 leaving 10AM
23,"DRIVE!! San Francisco-Palo Alto 4PM $30-40 😊
pm me"
24,#drive11032024  DRIVE!!  from  SJ  to  Oakland  7AM  $35
25,#drive10312025 DRIVE!! from Palo Alto to Sacramento 6MP 😊
26,"#ride04222024 Oakland to Berkeley $30 leaving 5PM thx
pm me"
27,#drive02122025 DRIVE!! Davis -> Oakland 6:10 AM $20
28,San Francisco ➜ Sacramento $12 leaving 2PM
29,"#ride05062024 Need a ride Fremont-Davis. Budget $12
flexible time"
30,#ride07042025 Oakland-Sacramento $40 leaving 9:15 PM pls
31,#drive08082025 DRIVE!! Davis to San Jose 4PM $15
32,#drive02022024 from Berkeley to Davis $25 leaving 10:30 AM
33,#ride04222024  from  Sacramento  to  Palo  Alto  $22  leaving  10:50  AM
34,#ride09172204  RIDE!!  Sac-Palo  Alto  6:10  PM  $30  😊
35,#drive03302024 #drive04062024 Sunnyvale-San Jose $20-25 leaving 10:50 PM 🚗
36,#drive07242024 #drive07262024 Need a drive from Palo Alto to Sunnyvale. Budget $25
37,San Jose ➜ Palo Alto | 9:00 PM |  | 1 seat
38,#ride03102024  Oakland  ->  Sunnyvale  |  8:20  PM  |  $40  |  1  seat
39,#drive08022024 Sunnyvale-Palo Alto | 6PM | $10-15 | 1 seat 😊
40,#ride12072025 #ride12082025 Need a ride Fremont-Berkeley. Budget
41,#drive02072025 DRIVE!! Oakland -> San Jose 4:15 PM $15
42,Sacramento to San Francisco | 7:00 AM | $15-25 | 1 seat pls
43,Need a drive from Palo Alto to Berkeley. Budget $10
44,#ride02132024 Sacramento ➜ San Francisco $20 leaving 12PM
45,#ride09032024 Need a ride Plao Alto -> Oakland. Budget $22
46,#drive09242025 Davis ➜ San Jose  elaving 5:45 PM
47,RIDE!! Sunnyvale -> Berkeley 4:15 PM $35
48,#ride10292024 RIDE!! Palo Alto-San Jose 12PM $12
49,San Francisco-Oakland | 8:45 AM |  | 1 seat pls
50,#ride10052025 San Francisco-aSn Jose $12-22 leaving 8:20 PM
51,#drive01092024  Oakland-Berkeley  |  9:20  PM  |  $40  |  1  seat  pls
52,#ride06092024 San Francisco -> San Jose  leaving 1PM pls
53,from Sac to Fremont | 9:20 AM | $10 | 1 seat
54,#ride06142024 Fremont -> San Francisco | 4PM | $30 | 1 seat
55,"#ride02252025  RIDE!!  Davis-Berkeley  3PM  $35  😊
flexible  time"
56,#drive07032025 Sunnyvale ➜ Oakland | 8PM | $20-30 | 1 seat
57,#drive04042025 SF to Sacramento $15 leaving 11:15 AM
58,#drive03062025 #drive03092025 DRIVE!! San Francisco ➜ Sacramento 4:00 PM $18-26 thx
59,#drive08292024 Palo Alto ➜ Berkeley | 1:00 PM | 18 dollars | 1 seat
60,#drive02282024  DRIVE!!  Palo  Alto  ➜  San  Francisco  4:45  PM  $30
61,#drive12282025  DRIVE!!  from  Davis  to  Freomnt  12PM  $40
62,#ride10232025 Need a ridef rom Palo Alto to Davis. Budget $35 pls
63,#ride07192024 Davis-Sunnyvale $25-30 leaving 10PM
64,#drive08012025  San  Francisco-Sacramento  |  11AM  |  $25  |  1  seat  pls
65,#ride02242024 Need a ride from Berkeley to San Jose. Budget $35
66,#ride12302025 RIDE!! Sacramento to Berkeley 8AM $25 !!
67,#drive03132025 Need a drive Davis-Palo Alto. Budget $10-18
68,"#drive10272024 Need a drive Oakland -> Sunnyvale. Budget
pm me"
69,#drive10112025 Need a drive Davis ➜ Fremont. Budget $12
70,"#ride02092025 RIDE!! Oakland to Davis 9PM $15
anyone?"
71,#drive12252025 Berkeley-Sacramento | 5PM | | 1 seat
72,"#drive10102024 Davis to Oakladn | 2PM |  | 1 seat
flexible time"
73,#drive04162025 Berkeley to Sunnyvale | 5:10 PM | $35 | 1 seat
74,#ride03212024 Need a ride Palo Alto -> Berkeley. Budget $10
75,#drive09162025  DRIVE!!  Oakland  ➜  Sunnyvale  7:20  AM  30  dollars  !!
76,#ride02142024 Need a ride from Sacramento to Berkeley.B udget $35
77,#drive06172025 DRIVE!! Oakland ➜ Sunnyvale 4PM $35
78,#ride05302024 Need a ride SJ-San Jose. Budget $18
79,#ride09272025 from Palo Alto to Oakland | 10:30 PM | 12 dollars | 1 seat
80,#ride02172024 San Francisco ➜ Davis | 12:10 PM | $12 | 1 seat
81,#ride04012024 #ride04032024 RIDE!! Plao Alto -> Berkeley 2PM $10-18
82,#ride02282025 Need a ride Berkeley-Sunnyvale. Budget
83,#drive05072025 from Davis to Sacramento leaving 6AM
84,#ride12302025 Need a ride from Sunnyvale to Oakland. Budget $40
85,#drive08182025 Need a drive Sacramento -> Palo Alto. Budget $20
86,#ride02252024 San Francisco -> Berkeley $25 leaving 6:00 PM
87,#ride09272024 #ride09292024 San Francisco ➜ Davis | 11:50 MA | $10 | 1 seat
88,#ride08072024 Oakland-Davis | 2:45 PM | $35 | 1 seat
89,"#ride05122024 #ride05192024 Need a ride Palo Alto to Sunnyvale. Budget $40 !!
comment below"
90,#drive02102025 DRIVE!! Oakland to Palo Alto 9PM $22
91,#ride01092024  Palo  Alto-Sacramento    leaving  2:10  PM  😊
92,#drive11302024 from Davis to Sunnyvale 30 dollars leaving 6:00 PM
93,#ride04012024 Davis ➜ Sacramento | 12PM | $22 | 1 seat
94,#ride09272025  RIDE!!  San  Francisco-Berkeley  9:20  AM  $25
95,#ride10102025 Need a ride from Oakland to San Francisco. Budget 😊
96,#drive12062024 Need a drive Berkeley-Davis. Budget
97,#drive08022025 #drive08032025 Oakland-San Francisco $10 leaving 10AM
98,#drive01282024 Need a drive Oakland -> Fremont. Budget $40 🚗
99,#ride04192024 Fremont -> Oakland | 8AM | $25 | 1 seat pm me
100,#ride10052025 RIDE!! Palo Alto ➜ Sac 8:45 PM 22 dollars
101,#ride10252025 San Jose ➜ Berkeley $30-40 leaving 11AM
102,#drive09152025 Berkeley ➜ San Francisco $25-35 leaving 8:50 PM 🚗 pm me
103,#drive02272024 from Sacramento to Sunnyvale $40-50 leaving 7AM !!
104,#ride07252024 from Sacramento to Berkeley 10 dollars leaving 10AM
105,"#drive02012025 DRIVE!! San Francisco -> Sacramento 3:40 PM $20 !!
anyone?"
106,Need a drive Sacramento -> Fremont. Budget $30
107,#drive06092024  Berkeley  to  Sunnyvale  |  1:30  PM  |  $40  |  1  seat
108,#ride09152025  #ried09162025  Sunnyvale  ->  San  Jose  $22  leaving  8:30  PM
109,#ride08262024 from Berkeley to Sacramento $10 laeving 2:00 PM
110,"#ride11182025 Need a ride Sacramento-Oakland. Budget 😊
pm me"
111,#ride09172025 Palo Alto ➜ Fremont | 2PM | $10-18 | 1 seat
112,"#drive03142024 DRIVE!! SJ to Oakland 1PM $20
pm me"
113,"#ride09222024 Need a ride Berkeley-SF. Budget $20
pm me"
114,#drive06192024 from San Jose to Sunnyvale  leaving 6:00 PM
115,#drive03302025 DRIVE!!S an Francisco-Sunnyvale 7:15 AM $10-20 😊
116,#drive02152025 Sunnyvale to San Francisco $15-23 leaving 7PM
117,"#drive11052024 DRIVE!! Palo Alto ➜ Sacramento 1PM $30-35
flexible time"
118,#ride10252025 #ride10272025 San Jose -> San Francisco | 11:10 AM |  | 1 seat
119,#drive07132024 #drive07202024 DRIVE!! Berkeley-Palo Alto 10AM $35 pls
120,#ride02092024 San Francisco ->S an Jose | 5PM | 35 dollars | 1 seat
121,#drive08062025 Need a drive Sunnyvale to Palo Alto. Budget $20 thx
122,#drive08092024 #drive08122024 Oakland to Palo Alto $10-20 leaving 9:40 PM 😊
123,#drive12182024 DRIVE!! San Jose-Davis 8:50 PM $10
124,#ride06222025 #ride06252025 San Francisco-Palo Alto | 6PM | $12 | 1 seat pls
125,#drive02102025 from Oakland to San Jose leaving 11:00 AM
126,RIDE!! San Jose -> Berkeley 6AM $22-30 🚗
127,#drive12102024 Fremont ➜ Sac  leaving 6:00P M
128,#ride12012025 #ride12082025 RIDE!! Davis ➜ San Francisco 9:00 AM $20
129,#ride09302025 San Jose ➜ Fremont $15 leaving 2PM
130,#drive04182025 DRIVE!! from Sunnyvale toP alo Alto 4:50 PM $18 😊
131,#drive03092024  Need  a  drive  Fremont-Sunnyvale.  Budget  $22-30  thx
132,#drive07312024 Davis-Sacramento | 10AM | $15 | 1 seat
133,#drive01122025 DRIVE!! from San Francisco to Oakland 10AM $15-23
134,#drive05022025  Sacramento-San  Jose  |  1PM  |  12  dollars  |  1  seat
135,#drive06232024 Sunnyvale to Palo Alto | 7:40 AM | $20-25 | 1 seat pls
136,#drive06182025 #drive06212025 Need a drive Sacramento to Fremont. Budget pls
137,#ride09102024 Need a ride Fremont -> Berkeley. Budget $40
138,#drive03252024 Berkeley ➜ Sunnyvale | 7:10 PM | $30 | 1 seat
139,#ride10242024 #ride10262024 RIDE!! from Palo Alto to Fremont 1PM $30
140,#ride06242025 Need a ride San Jose -> Berkeley. Budget $15 thx
141,"#drive05062024 DRIVE!! Davis-Sunnyvale 10:45 PM $18
comment below"
142,#ride05092024 Sunnyval e➜ Oakland | 11:30 AM | $25 | 1 seat
143,#drive08272025  DRIVE!!  SJ  ➜  Palo  Alto  10PM  $30
144,"#ride02282024 Sunnyvale -> Fremont | 11:30 AM |  | 1 seat
flexible time"
145,#ride03022025  Need  a  ride  Oakland  ➜  San  Jose.  Budget  $20  🚗
146,#ride03292024 RIDE!! Berkeley ➜ Davis 6PM $25-35 🚗
147,#ride08312025 San Francisco to Palo Alto $18 leaving 12PM !!
148,#ride01172024  from  San  Francisco  to  Davis  $20  leaving  9PM
149,"#drive08292025  Fremont  to  Palo  Alto  |  8:10  PM  |  $20  |  1  seat  😊
anyone?"
150,#drive08182025 Sunnyvale-Davis $25 leaving 10PM
151,#ride01242025 from Berkeley to Oakland | 10:30 PM | $30 | 1 seat
152,#drive04282025 #drive04302025 Nede a drive San Francisco ➜ Fremont. Budget $18-23
153,#drive03142024  San  Jose  ->  Oakland  |  4PM  |    |  1  seat  pls
154,#ride06232025 Fremont-Palo Alto | 5PM | $10 | 1 seat
155,#ride07122024 Palo Alto-Berkeley | 8:20 AM | $30 | 1 seat
156,"#ride07292024  from  San  Jose  to  Davis  $30  leaving  12PM
pm  me"
157,#drive04032025  Sunnyvale  ➜  Oakland  $20  leaving  8:20  PM
158,#drive10122025  Oakland-Berkeley  $18  leaving  4:45  PM
159,#ride04202024 Davis-Oakland  leaving 2:40 PM thx
160,#drive11082025  San  Jose  ->  Fremont  |  8PM  |  $22-30  |  1  seat
161,#ride02212025 from Palo Alto to Oakland | 10PM | $18 | 1 seat
162,#drive02032025 DRIVE!! Sacramento -> Fremont 10AM $15 pls
163,#ride09092024 Need a ride Berkeley to Davis. Budget $40
164,#ride01202024 #ride01212024 Oakland ➜ Davis | 10AM | $15-23 | 1 seat thx
165,#ride04212025 Palo Alto-San Francisco | 8AM | $10 | 1 seat
166,#ride04072025 Need a ride from Oakland to San Jose. Budget $12 thx
167,#ride06022025 San Jose-Oakland $35 elaving 7PM
168,#ride07062025 RIDE!! San Jose to Davis 2PM $35 thx
169,#ride04222024 Palo Alto to SJ | 4:30 PM | $30 | 1 seat
170,#ride02262025 Sunnyvael-Sacramento | 7PM | $30-38 | 1 seat
171,#ride07102024 Need a ride Sunnyvale -> San Francisco. Budget $12
172,#drive02032025 Sunnyvale -> Sacramento 18 dollasr leaving 10AM
173,#drive10282024 Need a drive Sacramento ➜ Sunnyvale. Budget
174,#drive03222025 Palo Alto ➜ San Jose $40-48 leaving 8AM
175,San Francisco to SJ $15 leaving 1PM
176,from Oakland to Davis | 5PM | $20 | 1 seat 🚗
177,#ride01062025 Need a ride from Berkeley to Sunnyvale. Budget $20
178,"#ride12162024 Oakland ➜ San Francisco | 12:00 PM | $18 | 1 seat
anyone?"
179,#ride11292025 RIDE!! Sacramento -> Davis 7:45 AM 12 dollars 😊
180,#ride09132024 Oakland to San Francisco | 9AM | $10-15 | 1 seat
181,#ride05122024 RIDE!! SJ -> Berkeley 8:45 AM $35
182,#drive12132025 Need a drive San Jose to San Francisco. Budget $30-38
183,#ride10092025 Berkeley -> Sacramento | 6AM | 35 dollars | 1 seat
184,#ride06202024 Need a ride Sacramento -> SJ. Budget $25
185,#drive02022025 Davis-Sunnyvale  leaving 1:10 PM
186,#ride11082024 Need a ride from Davis to San Francisco. Budget 22 dollars !!
187,#drive08042025 Need a drive Sacramento -> Palo Alto. Budget $18
188,#ride08182025 Oakland to San Francisco | 12:45 PM | $22-27 | 1 seat
189,#drive01072024 Need a drive from Palo Alto to Oakland. Budget $12
190,#ride03032025 San Jose-Sacramento | 2PM | $18 | 1 seat
191,#drive08262025 Sacramento to Oakland $30 leaving 9AM
192,#ride12022024 Need a ride San Francisco-Berkeley. Budget 25 dollars
193,#ride12212025 Nede a ride from Davis to San Jose. Budget $20-30
194,#ride10172024  Need  a  ride  Oakland  ->  Davis.  Budget  $25
195,#ride09042025 RIDE!! Fremont ➜ San Jose 2:50 PM $22 😊
196,#ride04162025 RIDE!! from Sunnyvale to Davis 6PM $40
197,#ride05102025 Need a ride Sacramento ➜ Oakland. Budget $15
198,#drive07292025  Palo  Alto  ->  Oakland  |  9AM  |  $22  |  1  seat  flexible  time
199,#drive12112024 Palo Alto to Sunnyvale | 6:15 PM | $18 | 1 seat
200,#ride07072024 Oakland ➜ San Francisco 12 dollars leaving 10:10 AM
201,"#ride02192024 Oakland to Fremont | 7:40 AM | $20 | 1 seat
anyone?"
202,#drive04232025 Palo Alto -> San Jose | 6PM | $20 | 1 seat 😊
203,Fremont-Berkeley | 10PM | 12 dollars | 1s eat !!
204,#drive03232024 Need a driev Palo Alto -> San Francisco. Budget 😊
205,"#drive09272024 San Francisco-Palo Alto 25 dollars leaving 11AM
pm me"
206,#drive12302024  San  Francisco-Fremont  |  1:20  PM  |  10  dollars  |  1  seat  pls
207,#ride09162024 Need a ride Sunnyvale-Sacramento. Budget
208,#drive03082025 Need a drive SJ-Davis. Budget $35
209,#ride07032025 Berkeley -> Davis | 6:50 PM | $25 | 1 seat
210,#drive03152025 DRIVE!! Oakland ➜ Palo Alto 12:54 PM $15 😊
211,#ride06292024 from SF to Sunnyvale | 5PM | $25 | 1 seat pls
212,#drive10042024 #drive10052024 DRIVE!! aSn Jose ➜ Davis 5PM $12 thx
213,#ride12312025 from Fremont to Berkeley $25-33 leaving 6AM
214,#drive05232024  DRIVE!!  Davis  ➜  Berkeley  7:10  AM  $25  😊
215,#ride02022024  Berkeley-Palo  Alto  |  10:50  PM  |  $40  |  1  seat  😊
216,#drive09112025 Palo Alto -> Berkeley $30 leaving 8:15 AM
217,Davi  sto  SJ  |  6AM  |  |  1  seat
218,#ride02252024 from Berkeley to Sunnyvale $25 leaving 2:10 PM
219,#drive08142025 Palo Alto to Berkeley $40 leaving 7PM 🚗
220,#drive05302024 #drive06022024 Need a drive Berkeley to San Francisco. Budget 35 dollars
221,#ride08242024 Need a ride from Palo Alto to Fremont. Budget $40
222,#drive10312025 San Francisco to SJ | 6PM | $20-28 | 1 seat 🚗
223,#drive06242024  San  Francisco  to  San  Jose  |  12PM  |    |  1  seat
224,#ride05122025 San Francisco ➜ Sunnyvale $22-27 leaving 6:15 PM
225,#ride01172024 RIDE!! SunnyvaleS-acramento 9:10 PM $15
226,#rid0e8242024 Sunnyvale to Oakland $12 leaving 6PM
227,Davis  ->  SF  $12  leaving  10:40  PM
228,#drive05142025 #drive05162025 DRIVE!! Sunnyvale-Berkeley 5:45 PM $12-20
229,#ride07312025 SJ to Fremont | 7PM | $30-38 | 1 seat
230,#ride10282024 RIDE!! Davis -> Sunnyvale 6:00 AM $30
231,#ride11072025  Need  a  ride  Fremont-Davis.  Budget  15  dollars
232,#ride06122025 from Fremont to San Francisco $35 leaving 4PM
233,#drive02112024  Need  a  drive  Davis-Sunnyvale.  Budget  $12  🚗
234,#drive02242024 Oakland ➜ Sunnyvale  leaving 6PM
235,#drive04012204  #drive04042024  Fremont-Palo  Alto  leaving  1PM  thx
236,#drive03192024 Davis ➜ San Jose | 7PM | $15 | 1 seat thx
237,#drive07252024 DRIVE!! Okaland -> Sunnyvale 5:50 PM $18
238,"#ride04222025 Sunnyvale-Fremont | 10PM | $22 | 1 seatf
lexible time"
239,"#ride07212024 #ride07222024 RIDE!! Fremont -> Davis 6PM $35
flexible time"
240,#ride06112024 Need a ride from Fremont to Berkeley. Budget 18 dollars
241,#ride10272024 RIDE!! Berkeley -> Davis 8AM $30
242,#ride12032025 Need a ride from Sunnyvale to Davis. Budget $25-30
243,#ride01312025  Need  a  rid  efrom  San  Jose  to  Berkeley.  Budget  $25
244,#ride03232025 RIDE!! Fremont -> Palo Alto 1PM 30 dollars
245,#drive03202025 DRIVE!! Davis to Berkeley 2PM $20
246,#ride09242025 #ride09262025 Oakland -> San Jose $22-30 leaving 7:15 PM
247,#ride12062025 San Jose -> Oakland | 3PM | $18 | 1 seat
248,#ride02052025 from Berkeley to San Jose $22 leaving 8:50 PM
249,#drive11012025 San Jose ➜ Davis | 8PM | $25 | 1 seat 🚗
250,#ride04112024 RIDE!! Palo Alto ➜ San Jose 4PM
251,"#ride08212025 #ride08282025 Need a ride San Francisco to Sunnyvale. Budget $25
anyone?"
252,"#ride07192025 RIDE!! Berkeley >- Fremont 8:10 PM $22
comment below"
253,#ride10202025 San Francisco -> Berkeley 18 dollars leaving 7AM 🚗
254,"#drive06132025 #drive06162025 from Fremont to San Jose | 5PM | $22 | 1 seat
comment below"
255,#ride12262024 San Fracnisco to SF | 4PM | $18 | 1 seat
256,#drive01102025 Palo Alto -> Fremont | 10:15 PM | $20 | 1 seat flexible time
257,#drive11262024 Need a drive Davis to Palo Alto. Budget $30 😊
258,#ride02122024 #ride02192024 RIDE!! Fremont ➜ Davis 8PM $25-30
259,#drive01012025 San Francisco to San Jose | 2PM | $35 | 1 seat
260,#drive07312025  DRIVE!!  Palo  Alto  ➜  Berkeley  6:50  AM  $15
261,#drive04242025 San Francisco -> Sacramento | 9:15 PM | 12 dollars | 1 seat
262,#ride01082024 Fremont to Palo Alto | 7:10 AM | 30 dollars | 1 seat
263,#drive08170224 DRIVE!! Fremont-Sacramento 8AM $18
264,#ride12052025 RIDE!! from Sacramento to Davis 4:40 PM $18 pls
265,#drive03292025 Need a drive Oakland to Sunnyvale. Budget $30
266,#ride01192024 SJ -> San Jose $20-30 leaving 2PM !! anyone?
267,#ride07162025 Need a ride Sacramento -> Davis. Budget $25 flexible time
268,#drive03242024 Sunnyvale ➜ Sacramento $12 leaving 2PM
269,#ride02242024 Need a ride Sunnyvale to Palo Alto. Budget $10 thx
270,#drive11032025 Sacramento ➜ Sunnyvale | 8:00 PM |  | 1 seat pls
271,"#drive05052024 Palo Alto to Oakland $20 leaving 6AM
comment below"
272,#drive02172025 San Francisco ➜ Sunnyvale | 7PM |$ 10 | 1 seat !!
273,#drive12082025 Need a drive Palo Alto -> Sunnyvale. Budget $35
274,#ride01222025  #ride01292025  Berkeley  to  Sacramento  $25-33  leaving  11AM
275,from Davis to Fremont | 9AM | $10 | 1 seat
276,#drive10222025 Fremont -> San Jose | 10AM | $18 | 1 seat
277,#drive08112024 Need a drive Sacramento-Sunnyvale. Budget $10-15 thx
278,#drive05132024 Fremont-Oakland | 6PM | $15 | 1 seat
279,#drive02012025 Davis to San Jose | 7:30 PM | $40 | 1 seat
280,"#ride01212025 Oakland to Davis  leaving 1:10 PM
flexible time"
281,#ride10012024 Need a ride Palo Alto ➜ Davis. Budget $20-28
282,#drive08212025 San Francisco to Palo Alto | 9:20 PM | $25 | 1 seat
283,#drive04122025  DRIVE!!  Oakland-Sacramento  11AM  $15
284,#drive09032024 San Francisco-Berkeley | 8:40 PM | $12 | 1 seat
285,#drive07142025 Need a drive San Jose ➜ Berkeley. Budget $40 pls
286,#drive02032025 #drive02062025 Need a drive Sunnyvale -> Berkeley. Budget
287,#drive05072025  #drive05082025  DRIVE!!  Sac  ->  Berkeley  10:30  PM  $20
288,#drive10082025 Oakland ➜ Sunnyvale $10 leaving 8PM
289,#ride02092025 Need a ride from San Jose to Palo Alto. Budget $35
290,Palo Alto to Sunnyvale | 10:50 AM | $15 | 1 seat
291,"#drive08112024 Sunnyvale to Sacramento 10 dollars leaving 5PM
comment below"
292,#drive09012025 Need a drive Oakland-Sac. Budget $40 🚗
293,#ride02252025 RIDE!! Davis to Sunnyvale 9PM $12
294,#drive05182024  Davis  ->  Berkeley    leaving  1:50  PM
295,"#drive04072025 from PaloA lto to Fremont | 4PM |  | 1 seat
anyone?"
296,#drive01302025 #drive02012025 San Jose ➜ Sacramento $22 leaving 8:50 PM
297,#ride05132025  Need  a  ride  Palo  Alto  ➜  Davis.  Budget  $25
298,#drive03092025 Palo Alto to Davis $10 leaving 10:45 AM
299,#ride03312024 #ride04072024 RIDE!! Palo Alto-Sacramento 5:20 PM $22 !!
300,#drive09282025 Need a drive Fremont -> uSnnyvale. Budget 10 dollars
301,#drive02282024 Need a drive San Jose -> SF. Budget $22
302,#ride09162024 Sunnyvale -> Davis leaving 5PM flexible time
303,#ride01262025 from Oakland to Fremont | 8PM | $10 | 1 seat
304,"#ride09222025 RIDE!! San Francisco-Sunnyvale 7:10 PM $203-0
anyone?"
305,#drive01042024 Palo Alto-San Jose  leaving 4:50 PM
306,#drive09252024  Need  a  drive  from  San  Jose  to  Sunnyvale.  Budget
307,#ride02072025 Oakland ➜ Sacramento $40 leaving 9AM
308,#drive01042025 Need a drive from Sunnyvale to Davis. Budget $18-26 😊
309,Need a ride Davis-Palo Alto. Budget $30
310,#drive06182025 Need a drive from Sacramento to Oakland. Budget $30 thx
311,"#ride02192024 Palo Alto to San Jose $10 leaving 6PM
anyone?"
312,#ride01042025 Oakland-Davis $30 leaving 7AM 😊
313,#ride10302025  Need  a  ride  San  Jose  ->  Sacramento.  Budget  $15
314,#ride11102024 Sac ➜ Berkeley 40 dollars leaving 12PM
315,#drive06172024 from Davis to Fremont | 10:20 PM | $20 | 1 seat
316,#ride06012024 Palo Alto-Fremont | 1:30 PM | $40 | 1 seat
317,#drive05302025 San Francisco -> San Jose | 7PM | $12 | 1 seat 🚗
318,"#ride05052024 Need a ride Sacramento to Oakland. Budget pls
comment below"
319,#drive40052024 Need a drive Fremont ➜ San Francisco. Budget 15 dollars
320,#drive09282025 Palo Alto-Fremont $40 leaving 8:30 PM
321,Palo Alto to Oakland | 12:45 PM | $35 | 1 seta
322,#ride03072024 RIDE!! Fremont ➜ Palo Alto 8:45 PM $30 !!
323,#ride0110202 5#ride01122025 Davis -> San Jose $10 leaving 2PM
324,"#ride06052025 from Sunnyvale to Fremont  leaving 8AM
flexible time"
325,#ride10132024 RIDE!! Davis -> SF 8:30 PM $30 😊
326,#drive07112025 DRIVE!! Davis-San Jose 9:40 PM $20-25
327,#drive05292025 from Oakland to Berkeley $30 leaving 1PM
328,#drive09052025 #drive09082025 from Oakland to Fremont 20 dollars leaving 5:20 PM
329,#ride09302024 Need a ride Fremont ➜ Sunnyvale. Budget 🚗
330,#ride12052025 RIDE!! Palo Alto ➜ Sunnyvale 6:40 AM $12-17 pls
331,#drive05302025 DRIVE!! Daivs to Sacramento 10:20 AM $35
332,#ride11192024 Palo Alto ➜ Fremont $30 leaving 12:15 PM
333,#drive06112025 Sacramento-SJ $18 leaving 1:30 PM
334,"#drive05072025 DRIVE!! Berkeley ➜ San Jose 4PM $40 pls
anyone?"
335,#ride07122025 Palo Alto -> San Jose  leaving 8AM !!
336,#ride07112024  Sacramento  ➜  SF  |  6PM  |  $10-20  |  1  seat  thx
337,#ride10092024 from San Jose to Sacramento | 12:30 PM | 40 dollars | 1 seat
338,#ride10062025 Sunnyvale -> San Francisco | 10:20 AM | $35 | 1 seat
339,#ride01172024 Need a ride Oakland ➜ San Francisco. Budget 12 dollars
340,#drive12232024 Need a drive Sunnyvale to Fremont. Budget $12
341,#drive11082025  #drive11152025  Need  a  drive  San  Francisco-Palo  Alto.  Budget  20  dollars
342,#drive04152024 DRIVE!! Oakland to Sunnyvale 9:40 AM $30
343,#drive01292024  San  Francisco  ➜  Sacramento  $20  leaving  9AM  🚗
344,#drive12032025 DRIVE!! Palo Alto-San Jose 6:30 AM $18 thx
345,#drive08202025 San Jose ➜ Oakland | 5:40 PM | $18 | 1 seat thx
346,"#ride02262024 Need a ride Berkeley-Oakland. Budget $22-30
comment below"
347,#drive02262024 Need a drive Oakland to San Francisco. Budget 😊
348,#drive02202025 #drive02212025 DRIVE!! from Palo Alto to Sunnyvale 6PM $35
349,#drive01082025 DRIVE!! Palo Alto ➜ Fremont 6PM $10
350,#drive08222025 #drive08252025 Need a drive Davis -> Berkeley. Budget $18
351,#drive03082024 Oakland-Davis $18-28 leaving 7:50 PM
352,#drive06222024 Oakland-San Francisco | 1:45 PM | $25-35 | 1 seat
353,#ride07122024 RIDE!! Fremont to Berkeley 6:00 PM $18
354,#drive12252024 Need a drive Palo Alto -> San Jose. Budget $25-33
355,#ride12082024 Need a ride San Jose to Davis. Budget $30-35 flexible time
356,#driv1e0022025  Davis  to  Sacramento  $12  leaving  9PM
357,#drive04232024  from  Berkeley  to  San  Jose  $25-35  leaving  9:20  PM
358,"#drive01292024 Need a drive SF-Sac. Budget $25
comment below"
359,#ride06272025 Palo Alto-Sunnyvale $40 leaving 2PM
360,#ride03012024  Need  a  ride  from  San  Francisco  to  Sacramento.  Budget  $20
361,#ride04012024 San Jose ➜ Davis | 10:20 AM | 18 dollars | 1 seat
362,#ride01092025 Need a ride Palo Alto ➜ San Francisco. Budget $15
363,#ride10092024  #ride10122024  RIDE!!  Davis  ->  Palo  Alto  8:45  AM  $20
364,#drive02112024 Fremont ➜ Sacramento $40 leaving 7:40 AM pls
365,#ride11042024  Need  a  ride  San  Jose  ➜  Davis.  Budget  $15  🚗
366,"#drive09132025 Sacramento ➜ Sunnyvale | 9AM |  | 1 seat
comment below"
367,#ride03192025 RIDE!! Davis-Berkeley 2PM $22 🚗
368,#ride09212025 Davis to Palo Alto | 2:20 PM | $10-15 | 1 seat
369,"#ride07172025 RIDE!! San Francisoc -> Oakland 9PM
flexible time"
370,#ride12222024 Need a ride San Jose -> San Francisco. Budget 30 dollars
371,#ride03112024 Need a ride Sac -> San Jose. Budget $12
372,#ride04262025 RIDE!! Sunnyvale -> Davis 6:00 AM 🚗
373,#ride11252024 Need a ride Sunnyvale ➜ Oakland. Budget $18
374,#drive06032024 from Palo Alto to Sunnyvale | 1PM | $10 | 1 seat
375,#ride09182025 Davis to San Jose | 5PM | $18 | 1 seat thx
376,#ride05142025 Sunnyvale-San Francisco  leaving 9:00 AM
377,#drive07152025 from Fremont to Berkeley $18 leaving 10AM
378,#ride10102024  RIDE!!  Fremont  to  Sunnyvale  3PM  $40
379,#drive05022025 Need a drive Palo Alto to Sacramento. Budget $20-25
380,"#ride06110225 #ride06122025 from Sunnyvale to Sacramento | 9PM | $18 | 1 seat
pm me"
381,#ride11032025 RIDE!! Oakland-Fremont 8:50 AM $10
382,#ride06052025 San Jose ➜ Oakland | 8:00 AM | $35 | 1 seat
383,#ride04282025 Need a ride Sunnyval e➜ San Francisco. Budget $30 pls
384,#ride11112024  RIDE!!  from  Palo  Alto  to  San  Francisco  12:45  PM  $20-25
385,#ride02292024 Fremont to Berkeley | 9AM | $18 | 1 seat 🚗
386,#ride09182025 Need a ride Sunnyvale -> San Francisco. Budget
387,#drive05172025 Need a drive San Jose -> SF. Budget $35
388,#ride11282025 Fremont to Sac | 7AM | 22 dollars | 1 seat
389,#drive09032024 Need a drive SJ to San Francisco. Budget $12
390,#ride08152025 Fremont -> Davis $30 leaving 12PM
391,#ride04022024 Need a ride Sacramento-San Jose. Budget $40-50
392,#ride05232025 RIDE!! San Jose-Davis 11AM $40-48 thx
393,#drive10162025  DRIVE!!  from  SJ  to  Sacramento  8:40  PM  $30
394,#ride08262025 San Francisco -> San Jose | 6:40 PM | $22 | 1 seat
395,#ride04272024 from Davis to San Francisco | 3:00 PM | $35 | 1 seat
396,#drive06072024 DRIVE!! Berkeley to Oakland 6AM $10-15
397,#drive11212025 San Jose to Davis | 2:15 PM | $25 | 1 seat
398,#drive11022024 #drive11052024 Davis-Oakland $40-45 leaving 1:50 PM
399,#drive02132024 DRIVE!! Sacramento to Sunnyvale 9:10 AM $10
400,#ride10132024 from Fremont to SJ $10 leaving 7:50 PM thx
401,d#rive03062024 San Jose to Fremont | 6PM |  | 1 seat
402,#ride04122024 Need a ride Fremont -> San Francisco. Budget $12
403,#ride07192025 RIDE!! Oakland ➜ Berkeley 11AM thx
404,#drive08122025 Need a drive from Sunnyvale to Palo Alto. Budget $22 pls
405,"#ride11192024  RIDE!!  Fremont  ➜  Palo  Alto  3PM  $15-25
pm  me"
406,"#drive12292025  Need  a  drive  Sacramento-Oakland.  Budget  $22  🚗
pm  me"
407,#ride12032024 SF ➜ Berkeley | 1:10 PM | $25 | 1 seat 😊
408,#ride06022024 #ride06052024 RIDE!! from Berkeley to Sunnyvale 10:50 PM $22
409,#ride10232025 RIDE!! Sunnyvale -> San Farncisco 7AM $40 🚗
410,#drive03162024 DRIVE!! Palo Alto-San Jose 12PM $12
411,#ride07162025 Palo Alto-San Francisco | 10PM | $15 | 1 seat 😊
412,"#ride01112025 RIDE!! Fremont -> Oakland 10AM $20 🚗
anyone?"
413,"#ride07162024 Need a ride Palo Alto to Sunnyvale. Budget $15
comment below"
414,#ride07262024 Need a ride Oakland -> Sacramento. Budget $40 🚗
415,#ride04122024 #ride04142024 RIDE!! Berkeley to Sunnyvale 10:30 AM $25
416,#ride09092024 RIDE!! Palo Alto-Oakland 11AM 😊
417,#ride06282025 Need a ride Davis-Sunnyvale. Budget $15
418,#ride04272024 RIDE!! from Oakland to Sacramento 9:00 AM 😊 anyone?
419,#ride02172025 Fremont to Berkeley | 8PM | $20 | 1 seat
420,Berkeley-San Francisco | 12:15 PM | $18 | 1 seat
421,#ride12122025 RIDE!! Berkeley ➜ Fremont 10AM $22 😊
422,#drive11042024 Davis ➜ Palo Alto | 8:20 PM | 40 dollars | 1 seat
423,#drive09012024 Need a drive Oakland to Berkeley. Budget $40
424,#ride12192024 RIDE!! Palo Alto-Sac 9PM 40 dollars thx
425,#ride06162024 Need a ride Palo Alto-Berkeley. Budget $30 😊
426,#ride10102024 #ride10132024 Need a ride Palo Alto-SF. Budget $15
427,#ride03122025  #ride03132025  from  Sacramento  to  San  Jose  |  7PM  |  22  dollars  |  1  seat
428,#drive10192024 DRIVE!! from Sunnyvale to San Francisco 8PM $10
429,#drive11092024 Need a drive from Sacramento to San Francisco. Budget 10 dollars
430,#ride03232024 RIDE!! Sunnyvale to Fremont 12PM $15 thx
431,#ride11022025  Berkeley-Oakland  $12-17  leaving  8AM
432,#drive07232024 Sunnyvale -> Oakland $12 leaving 7AM
433,Need a ride San Francisco-Sac. Budget $25
434,#drive08212025  Need  a  drive  from  Palo  Alto  to  Berkeley.  Budget  $20
435,"#ride08122025 #ride08132025 Sacramento-San Francisco 15 dollars leaving 10:50 PM
comment below"
436,#ride01292024 Need a ride from Oakland to Fremont. Budget $20
437,#drive12022025 #drive12092025 Davis ➜ Oakland | 9AM | $35-45 | 1 seat
438,#drive01102024 San Francisco-Palo Alto $35 leaving 3:10 PM
439,Berkeley  to  San  Jose  $18  leaving  4PM  😊
440,#drive02252025 Berkeley to Oakland $22 leaving 10:15 PM
441,#ride01082025 RIDE!! Sunnyvale-Sacramento 7PM thx
442,#drive11152024 Sacramento -> Oakland $35 leaving 9:45 AM
443,#drive07282024 Need a drive San Francisco ➜ San Joes. Budget $10 🚗
444,#drive02292024 Fremont to San Jos e20 dollars leaving 12PM
445,"#ride07182024 RIDE!! San Francisco ➜ Fremont 5:00 PM $20
flexible time"
446,#ride03232024 RIDE!! SJ -> Palo Alto 7PM $12 !!
447,#drive09062024 San Jose to Palo Alto | 12PM | $12-17 | 1 seat
448,#ride06252024 RIDE!! from Palo Alto to Sunnyvale 2:20 PM $25-35
449,#ride01072025 Need a ride from Fremont to Davis. Budget $15
450,#drive12282024 Need a drive Sunnyvale to Sac. Budget
451,#ride07122025 #ride07142025 Davis to Sunnyvale | 5:15 PM | $40 | 1 seat
452,#ride02152025 #ride02172025 Palo Alto-Sunnyvale $22 leaving 9PM
453,#ride08202025 Fremont -> Palo Alto | 4:30 PM | $10 | 1 seat
454,#ride11172025 Need a ride from Sunnyvale to San Francisco. Budget $15
455,#driv0e2122025 San Jose to Sac | 6:50 PM | $15 | 1 seat
456,#ride02072025 Need a ride Fremont -> Palo Alto. Budget $15
457,#drive10282025 Davis -> Sacramento | 9:30 PM | | 1 seat
458,#drive07012024 #drive07022024 DRIVE!! Berkeley-SJ 1:50 PM $22
459,#ride03142024 #ride03172024 Berkeley ➜ Fremont $22 leaving 10:30 AM
460,#drive04172025 DRIVE!! from Sac to Berkeley 4PM
461,#drive01112024 #drive01142024 DRIVE!! from Sacramento to Palo Alto 4:50 PM $10
462,"#ride06272024 Fremont -> Sunnyvale | 3:45 PM | $35 | 1 seat
pm me"
463,"#drive07192025 Need a drive Fremont -> Davis. Budget $35-40 !!
comment below"
464,Berkeley ➜ Fremont | 6PM | $22 | 1 seat 😊
465,#drive08232024 Sacramento -> Sunnyvale  leaving 1:20 PM
466,"#drive09162024 Need a drive Sunnyvale -> Davis. Budget $12
pm me"
467,#drive04272025 DRIVE!! Fremont to Davis 5PM $35
468,#ride11132025 RIDE!! Davis -> SJ 10AM $20
469,#ride10272025 Need a ride Oakland ➜ Sacramento. Budget $40
470,#ride02262024 #ride02822024 RIDE!! from SF to Sunnyvale 7:45 AM $12
471,#drive03052024 DRIVE!! Oakland ➜ Berkeley 6PM $25
472,#ride11262024  Need  a  ride  from  Fremont  to  Davis.  Budget  $15-25
473,#drive08132024 DRIVE!! Oakland-San Jose 10PM $18 thx
474,#drive05252024 Need a drive from Berkeley to San Jose. Budget $20
475,#ride06112024 Need a ride Berkeley -> San Jose. Budget $30
476,#ride07102024 Berkeley to San Jose 15 dollars leaving 8PM !!
477,#ride12212024 Need a ride from Oakland to Berkeley. Budget $30
478,#drive10072025 Need a drive Davis -> San Francisco. Budget $12
479,#ride06092025 Need a ride Davis-Sunnyvale. Budget pls
480,#drive08012025 SF-SJ $18 leaving 5PM
481,#ride08222024  #ride08242024  RIDE!!  Fremont  ➜  Davis  4:40  PM  $12
482,#ride03292025 RIED!! Davis to Fremont 3:30 PM $35
483,#drive06152025 from Oakland to Davis | 1:45 PM | $10 | 1 seat
484,#drive09262025 Palo Alto-San Jose | 9PM | $12 | 1 seat
485,#drive02072024 Need a drive from Palo Alto to Sacramento. Budget $12-17
486,#drive11232024 Need a drive Davis to San Francisco. Budget $35
487,#ride02232024 Need a ride from Sacramento to Davis. Budget $22 thx
488,#drive08252052 #drive09012025 Berkeley-Fremont | 10PM | $30 | 1 seat
489,#drive06062024 from Berkeley to Fremont leaving 1PM
490,#drive08122024 DRIVE!! San Jose ➜ Oakland 5:15 PM $30
491,#drive12252024  DRIVE!!  Sac-Davis  7AM$  10
492,#drive06162024 from Sunnyvale to Berkeley | 6:45 PM | $12 | 1 seat
493,"#drive12042025 Need a drive Sunnyvale -> San Jose. Budget
flexible time"
494,#ride08312025 Need a ride Sunnyvale-Oakland. Budget 15 dollars
495,#drive05072024 from Fremont to SJ | 1:10 PM | $12 | 1 seat
496,RIDE!!  Sacramento  ->  Sunnyvale  8:10  PM  $15  !!
497,#ride04112024 Palo Alto ➜ Oakland $22 leaving 2:20 PM 😊
498,#drive01012024 Sunnyvale -> Fremont | 6PM | $30 | 1 seat !!
499,#ride06232024  Need  a  ride  Fremont  to  Palo  Alto.  Budget  $30
500,#drive06062025 San Jose ➜ Berkeley $30-38 leaving 12PM
501,"#ride11262025 RIDE!! Palo Alto ➜ San Francisco 8PM $30-35 😊
anyone?"
502,#drive05062024 Need a drive Palo Alto ➜ Oakland. Budget $12
503,#ride09192025 Need a ride from Davis to Berkeley. Budget $35 🚗
504,#drive12182024 Need a drive San Francisco -> San Jose. Budget $10
505,#drive12072024 Berkeley-Palo Alto | 5:45 PM | $18 | 1 seat
506,#drive05252025 Sunnyvale to Fremont 25 dollars leaving 8:50 AM
507,#drive12052025 DRIVE!! Davis to San Jose 4PM $18
508,#drive12062025 Davis -> Sunnyvale $12 leaving 7:20 AM
509,#ride09092024 RIDE!! Fremont-Oakland 1:40 PM $15
510,#drive05082024  from  Davis  to  Sunnyvale  |  12:20  PM  |  $40  |  1  seat  !!
511,#ride09052025 Fremont ➜ Oakland $15 leaving 1PM
512,#ride11282024 RIDE!! Sacramento -> San Francisco 9AM $22-03
513,#drive06292024 from Palo Alto to Berkeley | 10:45 PM | $30 | 1 seat
514,#ride10022025 from Oakland to Davis | 6AM | $18 | 1 seat !!
515,#ride03032024 San Jose -> Sacramento $18 leaving 4PM
516,#drive12042024 Need a drive from San Francisco to Sunnyvale. Budget $12
517,#ride11192025  Need  a  ride  from  San  Jose  to  Oakland.  Budget  $40-48  pls  flexible  time
518,"#drive10042024 Sunnyvale -> Sacramento $20 leaving 7PM
anyone?"
519,"#drive03302025 San Jose-Berkeley | 9:40 AM | $25 | 1 seat
comment below"
520,DRIVE!! Oakland-San Francisco 12:40 PM 25 dollars
521,#drive05262024 San Jose ➜ Sunnyvale | 6PM | $22 | 1 seat
522,#drive12172024 Need a drive San Jose -> San Francisco. Budget $10
523,#ride04232025 San Jose to Palo Alto | 12:45 PM | $40 | 1 seat
524,#drive12192025  #drive12202025  Need  a  drive  from  Sunnyvale  to  Berkeley.  Budget  $35
525,#drive06102024  DRIVE!!  Davis-Palo  Alto  6PM  $35
526,#drive11132024 #drive11152024 DRIVE!! Sacramento ➜ Oakland 7:10 AM
527,#drive0802202 5from Sunnyvale to San Francisco | 7:15 AM | $15 | 1 seat
528,#ride08252025 Need a ride San Francisco-Davis. Budget $15
529,#drive12062025 Need a drive SJ-Fremont. Budget $25
530,#drive05102024 DRIVE!! Fremont -> Oakland 1:50 PM 😊
531,#ride07172025 Need a ride Sunnyvale ➜ Palo Alto. Budget $10-15
532,#ride03222025  Berkeley  ➜  San  Francisco  |  8PM  |  $20  |  1  seat
533,#ride06162025 San Jose -> Oakland | 10:50 PM | | 1 seat
534,#ride06022025 from Fremont to San Francisco | 4PM | 40 dollars | 1 seat
535,#drive06202024 DRIVE!! Fremont to Berkeley 8PM $18 thx
536,#ride08242025 RIDE!! San Jose-Berkeley 3PM $22
537,#drive11212025 Oakland -> San Jose | 7:20 PM | $18 | 1 seat
538,#ride09192025 RIDE!! San Francisco ➜ San Jose 5:10 PM $30
539,#ride02072025 from Sunnyvale to Fremont $10 leaving 2:30 PM thx
540,#drive12212025 DRIVE!! Davis -> Palo Alto 11AM $40 😊
541,"#ride02142025 Fremont ➜ SJ $35-40 leaving 8AM
pm me"
542,#drive07172025 Sunnyvale ➜ Davis | 12:45 PM | $12 | 1 seat 🚗
543,#drive01312024 Need a drive Palo Alto-Sunnyvale. Budget $20
544,#drive10272025 DRIVE!! Palo Alto-Berkeley 4:15 PM $40-48
545,#ride04092025  Need  a  ride  Oaklan-dSacramento.  Budget  $18
546,#ride11182025 RIDE!! Berkeley to Oakland 5:40 PM $18-28
547,#drive06282024  Need  a  drive  from  Palo  Alto  to  Oakland.  Budget  $35  😊
548,#drive11262025 DRIVE!! Oakland -> Sacramento 6PM $30-40
549,#drive09242024  from  Sacramento  to  Palo  Alto  |  2:40  PM  |  $10  |  1  seat
550,#ride01012025 Oakland ➜ Sacramento | 4:20 PM | $18-28 | 1 seat
551,#ride05312025 RIDE!! San Francisco-Oakland 7:00P M $18
552,#ride04222024  Oakland  to  Berkeley  |  1:40  PM  |  $25  |  1  seat
553,#drive10232024 DRIVE!! Fremont to San Jose 8:00 PM $40-50
554,#drive10152024 San Jose-Davis 18 dollars leaving 11AM 😊
555,#driev03242025 DRIVE!! San Francisco-San Jose 6:30 PM $35
556,"#drive05252024  Sacramento  ➜  SF  |  9AM  |  $35  |  1  seat  🚗
comment  below"
557,#ride04062025  #ride04072025  RIDE!!  Fremont  ➜  San  Francisco  10:15  AM  $15
558,#ried02242025 San Jose -> Fremont | 3:30 PM | $22-32 | 1 seat
559,#ride01132025 Need a ride from Sacramento to San Jose. Budget $40-50
560,#ride09272024 #ride10042024 RIDE!! Berkeley-San Francisco 9AM $18
561,#ride02222024 Oakland-Davis  leaving 7:00 AM
562,"#drive11282024 Need a drive from San Jose to Berkeley. Budget $40
pm me"
563,#ride04082024 Need a ride from San Jose to Sunnyvale. Budget comment below
564,#ride04132024 #ride04152024 from Fremont to Davis | 1:00 PM | $10 | 1 seat !!
565,#ride11122024 Davis to Berkeley $35 leaving 9:40 PM
566,#ride09172025  Davis  to  Sunnyvale  |  9:40  PM  |    |  1  seat  !!
567,Need a drive Oakland -> Davis. Budget pls
568,"#drive07272024 Need a drive from Davis to San Francisco. Budget $22
anyone?"
569,#ride09022025 Need a ride Davis -> Berkeley. Budget $30 thx
570,"#ride08192024 Palo Alto-Davis | 7:30 PM | $18 | 1 seat
flexible time"
571,#ride09122024 San Jose to Sunnyvale $18-23 leaving 10:20 PM
572,#ride06022025 from Palo Alto to Fremont|  9:45 PM | $18 | 1 seat
573,#ride11102024 Sunnyvale to Oakland $20 leaving 7AM 🚗
574,#ride02192025 #ride02262025 RIDE!! Sunnyvale to Oakland 10:50 AM $25 pm me
575,#drive07302024 #drive08022024 Sunnyvale ➜ San Jose $30 leaving 12:45 PM
576,"#ride06222025 Sunnyvale -> SF | 9:10 PM |  | 1 seat 😊
comment below"
577,#drive08162024 #drive08232024 Need a drive Sunnyvale -> Berkeley. Budget $15-25
578,#ride02132024 Need a ride Oakland to Davis. Budget $10
579,#ride09222025 Need a ride from Sunnyvale to Oakland. Budget $10 !!
580,#drive02252024 Need a drive Berkeley -> Davis. Budget 2$0
581,#drive05292025 #drive05312025 Sunnyvale -> SJ | 6:30 AM | $25-33 | 1 seat
582,#ride08202024  Sacramento  ->  SJ  $15  leaving  6:50  AM
583,#ride08132024 Need a ride Sac to Berkeley. Budget $22 pls
584,#drive03242024  DRIVE!!  Sunnyvale  to  San  Jose  3PM  $40  comment  below
585,#ride12292025 #ride01052026 from Oakland to Sacramento $10-20 leaving 7:20 PM
586,#drive05272025 Oakland-Fremont $15 leaving 3:40 PM
587,#ride11222024  Berkeley  to  Davis  |  6:20  AM  |  $25  |  1  seat  !!
588,#drive05032024 Need a drive Sacramento-Davis. Budget $40-48 😊
589,#drive05102025 Need a drive Oakland to Sunnyvale. Budget $40
590,#ride11022025  Need  a  ride  San  Francisco  ->  Palo  Alto.  Budget  $22
591,#drive04202024 DRIVE!! San Francisco to Palo Alto 3PM $22
592,#drive02192024 Sunnyvale -> SJ | 12:10 PM | $35 | 1 seat
593,#ride01302024 Fremont-Palo Alto | 1:00 PM | $18-28 | 1 seat pls
594,#ride07282025 RIDE!! Sacramento to Davis 8:30 AM $35
595,#ride04072024 RIDE!! from Fremont to Oakland 12PM
596,#ride07122024 IRDE!! Sacramento ➜ Davis 10:00 AM $18-28 thx
597,#drive01282025 DRIVE!! San Jose ➜ Palo Alto 10PM 12 dollars comment below
598,#ride02142024 Fremont -> Oakland $10 leaving 7AM
599,#drive11012024 from Oakland to Berkeley $30 leaving 6:45 PM 😊
600,#ride12302024 Sacramento ➜ Palo Alto | 6:15 PM | $35-40 | 1 seat !!
601,#ride10262025 RIDE!! from San Jose to Sac 6AM $18 pls
602,#ride01252025 Berkeley to Davis | 2:20 PM | $20 | 1 seat
603,#drive06142025 DRIVE!! SJ ➜ San Francisco 3:50 PM $30-38
604,"#drive03182025 Sunnyvale-Oakland | 1PM | $15 | 1 seat
flexible time"
605,#ride10092024  San  Jose-Berkeley  $18  leaving  6PM
606,#ride06272025 Need a ride San Francisco ➜ Davis. Budget $15-20
607,#ride02262024 Need a ride Berkeley ➜ Sunnyvale. Budget
608,#ride09082024 Berkeley-San Francisco $40-48 leaving 10:00 AM 🚗
609,#drive09122025 DRIVE!! San Francisco ➜ Davis 7PM $12
610,#ride06212024 Fremont -> Berkeley | 8:45 AM | $35 | 1 seat
611,#drive11022025 Davis-San Francisco $30 leaving 10AM 🚗
612,"#drive09132025 Berkeley -> Sacramento $25 leaving 11:45 AM
pm me"
613,#ride07282025  RIDE!!  SF  ➜  San  Francisco  5PM  $18
614,#ride12032024 Sacramento ➜ San Francisco | 5:15 PM | $20 | 1 seat pls
615,"#drive02152025 Palo Alto -> Berkeley | 7AM | $25 | 1 seat
pm me"
616,#drive08312024  from  San  Francisco  to  Berkeley  |  9:10  AM  |  $15  |  1  seat
617,#ride07012025 Need a ride from Oakland to San Francisco. Budget $35-40
618,#ride02232025 #ride03022025 Need a ride San Jose ➜ San Francisco. Budget $12-20
619,#ride12212025 Need a ride from Davis to Sunnyvale. Budget 🚗
620,Need a drive Berkeley ➜ Palo Alto. Budget $40 😊
621,"#drive11242025 DRIVE!! Berkeley ➜ San Francisco 11AM 22 dollars !!
comment below"
622,#drive02112025 DRIVE!! from Berkeley to San Francisco 9:40 MA
623,#drive01092024 #drive01112024 from Sunnyvale to Palo Alto | 4:40 PM | $30 | 1 seat pm me
624,#ride06152025 #ride06222025 RIDE!! Sunnyvale to Berkeley 5:00 PM $30
625,#ride04112024 #ride04142024 from Palo Alto to Sacramento $35 leaving 6:50 PM
626,#drive01052024  #drive01072024 Need a drive San Francisco to Berkeley. Budget 25 dollars
627,#drive10132025 #drive10152025 DRIVE!! Davis -> Palo Alto 1:50 PM $25 😊
628,#ride09092024 RIDE!! San Jose ➜ Berkeley 9PM $15
629,#drive11182024 Need a drive Sunnyvale ➜ Fremont. Budget
630,#drive12292025  #drive01052026 from San Jose to Palo Alto  leaving 10:20 PM pls
631,#ride04062025 RIDE!! Oakland-Sunnyvale 1:40 PM $35-43
632,#drive04042024  from  Fremont  to  Berkeley  10  dollars  leaving  6AM
633,#drive10072024 San Jose ➜ Davis | 11AM | $10-15 | 1 seat
634,#ride01292025 Need a ride Fremont-Sac. Budget 22 dollars
635,#drvie02082025 San Jose -> SF | 5PM | $40 | 1 seat
636,#ride01212024  RIDE!!  Fremont  ->  Palo  Alto  9AM  $22
637,#ride12242024 RIDE!! Sacramento-Palo Alto 1:00 PM 35 dollars pls
638,#ride05292024 Davis -> Sacramento | 9AM | $15 | 1 seat
639,#ride02112025 Need a ride from Fremont to Davis. Budget $40
640,#drive06052025  from  Berkeley  to  Sunnyvale  |  11AM  |  $10  |  1  seat
641,#ride11222025 Fremont to Berkeley | 12PM | 20 dollars | 1 seat 😊
642,#ride03222025 #ride03232025 RIDE!! Berkeley-San Jose 11:00 AM 🚗
643,#drive09092025 Need a drive Fremont -> Davis. Budget $20
644,#drive11112025 Need a drive from Sunnyvale to Davis. Budget 12 dollars
645,#ride05182024 Fremont-Sacramento | 10AM | $25-33 | 1 seat
646,#ride01222024 San Francisco ➜ Palo Alto | 7PM |  | 1 seat 😊
647,#ride10112025 from Sacramento to Berkeley | 9AM | $40-45 | 1 seat
648,#drive12162024 from Sacramento to Palo Alto | 6PM | $10 | 1 seat
649,#ride03142024 Fremont-Palo Alto  leaving 12PM !!
650,#drive02012025 San Francisco-Palo Alto | 9:15 AM | $10 | 1 seat
651,"#drive12302024 Need a drive San Jose -> Fremont. Budget thx
anyone?"
652,#ride05072025 San Jose ➜ San Francisco | 3PM | $18 | 1s eat
653,#drive09122024 #drive09132024 Davis-San Jose | 3PM | $18 | 1 seat !!
654,"#ride07212025 Need a ride from Oakland to Sunnyvale .Budget $35-40 !!
anyone?"
655,"#ride06172025 RIDE!! from San Francisco to Davis 8PM $22 😊
flexible time"
656,#ride02152024 RIDE!! from Davis to Sunnyvale 7PM $20
657,#drive04062024 #drive04092024 Davis ➜ Fremont | 8:20 AM | 30 dollars | 1 seat thx
658,#drive07202024 DRIVE!! Sacramento to Oakland 2:15 PM 22 dollars
659,#ride11242024 RIDE!! Fremont to Oakland 10:00 PM $12 🚗
660,#ride02032024  RIDE!!  Oakland  ->  Palo  Alto  4:20  PM
661,#ride05152025 RIDE!! San Francisco -> Sunnyvale 8:30 PM 35 dollars !!
662,#drive06262024 Fremont-Sacramento | 1PM | $22 | 1 seat 😊
663,#drive07032025 Need a drive Oakland -> Sacramento. Budget $20
664,#ride10262024 from Oakland to San Francisco | 3:15 PM |  | 1 seat
665,#ride12282024 RIDE!! Sacramento to Sunnyvale 5:10 PM $22
666,#ride11212024 Oakland ➜ Davis | 10AM| $22 | 1 seat
667,#ride07242025 Need a ride Sunnyvale-Oakland. Budget $20 pls
668,#drive05102025 Fremont to Oakland  leaivng 1:50 PM
669,#drive02152024  SJ  ➜  Berkeley  |  8:50  PM  |  $20  |  1  seat
670,Oakland-Sacramento $2-028 leaving 6PM
671,#ride06142024  Berkeley  ➜  Sunnyvale  |  11AM  |  $22  |  1  seat
672,#ride09022025 RIDE!! Berkeley to Sacramento 9:30 PM $20
673,#drive11212025 #drive11222025 Need a drive from Sac to SJ. Budget $10 thx
674,#ride12182025 Palo Alto -> Sacramento | 4:45 PM | $30 | 1 seat
675,#ride02082025 Need a ride Berkeley ➜ Sacramento. Budget $30
676,"#drive03152025 Palo Alto ➜ San Jose | 8:50 PM | $12-22 | 1 seat
comment below"
677,"#ride11042025 Palo Alto to Davis $20 leaving 7:15 AM
pm me"
678,#drive07152025 DRIVE!! Sunnyvale to San Jose 6:10 AM
679,#drive05092025 Need a drive from Fremont to Sunnyvale. Budget $18
680,#drive07202024  DRIVE!!  Fremont  to  Sacramento  10AM  $35
681,#drive11222025 Need a drive Davis -> Palo Alto. Budegt $40
682,#ride01212024 Need a ride San Francisco -> Palo Alto. Budget
683,Oakland -> Davis | 3PM | $20 | 1 seat 😊
684,#drive06032024 Need a rdive Fremont -> San Francisco. Budget
685,"#ride09172024 RIDE!! San Francisco ➜ San Jose 9AM $20-28 😊
flexible time"
686,#ride11132025  Oakland-Sacramento  |  3:50  PM  |  $30-35  |  1  seat
687,#ride01252024 San Jose -> Sunnyvale | 6PM | $10 | 1 seat
688,#ride04172025 Need a ride from Berkeley to Oakland. Budget
689,#drive09122024 Davis-Fremont | 7:40 AM | 12 dollars | 1 seat
690,#drive10282024 Davis to Sunnyvale | 11:10 AM | $30 | 1 seat
691,#drive01282024  San  Francisco  ➜  Palo  Alto  $12  leaving  5:15  PM
692,#ride10212024 Fremont to Berkeley | 5:50 PM | $18-23 | 1 seat
693,#drive06262024 Need a drive Fremont-San Jose. Budget $10
694,#drive04262025 Need a drive San Jose to Palo Alto. Budget $15 !!
695,Palo  Alto  ->  Sunnyvale  $10-20  leaving  6AM
696,Need a ride Sacramento to Berkeley. Budget thx
697,#drive12042024 Fremont ➜ Oakland  leaving 9PM
698,#ride08192025 San Francisco ➜ Palo Alto 22 dollars leaving 10AM
699,#ride07242024 Oakland ➜ Fremont$ 22 leaving 3PM !!
700,#drive10292025 DRIVE!! Palo Alto ➜ Sacramento 10AM $25
701,#drive05292025 Need a drive Sacramento to SF. Budget $12
702,#drive06022024 Sunnyvale -> Fremont | 4:15 PM | $15 | 1 seat 🚗
703,#ride12242025 RIDE!! SF -> Palo Alto 1:20 PM $30
704,#drive04192025  #drive04222025  Need  a  drive  San  Jose  ->  Oakland.  Budget
705,#drive05222025  DRIVE!!  Palo  Alto-SF  8PM  $20
706,"#ride01302024 Fremont-Sunnyvale $10 leaving 1:30 PM
comment below"
707,#ride07302025 Palo Alto to San Jose | 6PM |  | 1 seat
708,#ride05152025  Palo  Alto  to  Sacramento  18  dollars  leaving  1:40  PM
709,#ride07122025 Sacramento ➜ Oakland $15 leaving 9AM pls
710,#drive01252025 Need a drive from Sunnyvale to Sacramento. Budget 18 dollars !!
711,#drive11222024  from  Sacramento  to  Oakland  |  7AM  |  $30  |  1  seat
712,"#drive07182025 DRIVE!! from Palo Alto to Berkeley 1PM $15
comment below"
713,#ride02032024 Need a ride Sacramento to Davis. Budget $12-17
714,#drive06032024 Need a drive Davis -> Sacramento. Budget $35
715,#drive12202025 DRIVE!! Davis -> San Francisco 4PM $18 🚗
716,#drive11242024 Sacramento to Oakland  leaving 6AM
717,#drive11232025 from San Jose to Oakland | 2PM | $25-30 | 1 seat 😊
718,#ride01302024 Need a ride Sunnyvale to Oakland. Budget comment below
719,#ride05132025 Palo Alto to Davis $30 leaving 7:20 PM
720,#ride09052025 Berkeley to Oakland | 7AM | $40 | 1 seat
721,#ride12272024 Palo Alto to San Francisco | 9:30 PM | $20 | 1 seat
722,#drive07122025 Berkeley-San Jose $18 leaving 9PM
723,#drive05202025 Berkeley to San Francisco | 12:30 PM | $12 | 1 seat
724,"#ride10012025 Davis ➜ San Francisco $22 leaving 8:00 AM
flexible time"
725,#ride05212025 Need a ride Berkeley to Oakland. Budget $25
726,#ride03282024  Davis  ➜  Oakland    leaving  7PM
727,from San Jose to Fremont $20 leaving 2PM 😊
728,#ride02182025 from Berkeley to Sacramento | 4PM | $30 | 1 seat
729,#drive08292025 Need a drive Sacramento ➜ Sunnyvale. Budget 15 dollars
730,#drive12082024 from Palo Alto to San Jose $20 leaving 5PM
731,#ride11252024 RIDE!! Davis ➜ Sunnyvale 10PM $10-15
732,#drive11242025 DRIVE!! San Francisco -> Palo Alto 6PM
733,#drive01262025 Sacramento -> Sunnyvale $20 leaving 8:00 PM
734,#drive10242025 Berkeley-Fremont $25 leaving 10AM
735,#ride08022025 Need a ride Berkeley to Oakland. Budget $22
736,#drive12212024 San Jose ➜ Fremont | 5:45 PM | $30-38 | 1 seat
737,#driev03172024  Need  a  drive  Sunnyvale  ->  Davis.  Budget  $15-20  thx
738,#drive01252024 Need a drive from Sunnyvale to San Jose. Budget $20 thx
739,#ride07122024 San Jose-Davis | 11:45 AM | 22 dollars | 1 seat
740,#drive04112025  DRIVE!!  from  Fremont  to  SF  1PM  $20-25
741,#ride11032024  RIDE!!  from  Davis  to  Fremont  9AM  $22  🚗
742,#ride11292025 Oakland to Palo Alto  leaving 11:15 AM
743,#ride10272024 Sac -> Sacramento $40 leaving 4:50 PM comment below
744,#drive11272024 DRIVE!! from San Jose to Davis 7:15 PM $22
745,#drive09142024 DRIVE!! SJ-Davis 7PM $15-25
746,"#drive08102024 Palo Alto ➜ Davis | 7:40 PM | $30 | 1 seat
pm me"
747,"#drive09192024 Need a drive from Oakland to Palo Alto. Budget $12 !!
anyone?"
748,#ride05182025 Davis-Sunnyvale | 4PM |  | 1 seat
749,#drive04142025 Need a drive Davis ➜ Berkeley. Budget $25
750,#drive02032024  Oakland  ->  Fremont  $12  leaving  8:15  AM  🚗
751,#drive12112024 Palo Alto -> Berkeley 20 dollars leaving 8:30 AM
752,#drive02032025 from Sacramento to Davis | 10:45 AM | $18 | 1 seat !!
753,#ride09062024 #ride09092024 RIDE!! from San Francisco to Sunnyvale 9PM $25
754,#rid0e7202024  Oakland-Berkeley  |  10:10  AM  |  $40  |  1  seat
755,#ride08312025  RIDE!!  Oakland-Sacramento  10:30  PM  35  dollars
756,"#drive10022024 Need a drive Berkeley to San Jose. Budget
anyone?"
757,#drive03122024 Oakland ➜ Sunnyvale $18 leaving 10PM
758,"#ride04162024 RIDE!! from San Jose to Sacramento 11:00 AM $20
pm me"
759,#ride06252024 Palo Alto-Sacramento | 8PM | $12 | 1 seat
760,#ride05132024 RIDE!! Sunnyvale-Fremont 8AM 10 dollars
761,#drive03192025 Sacramento-Davis | 9AM |  | 1 seat pls
762,#ride11192025 #ride11202025 Need a ride San Jose -> Oakland. Budget $18 thx
763,#drive08172024 Need a drive Davis -> Oakland. Budget $40
764,#ride06282025 Need a ride from San Jose to Sunnyvale. Budget $18
765,#ride04232025 from Berkeley to Palo Alto | 9AM |  | 1 seat
766,#ride06112024 Palo Alto-Sacramento | 1:10 PM | $40-45 | 1 seat
767,#ride12312025  RIDE!!  Davis  ➜  San  Jose  2PM  $20
768,#ride12022024 Berkeley-Fremont | 8AM | $10-15 | 1 seat thx
769,"#ride08052025 #ride08122025 Palo Alto to Davis | 6AM | $30 | 1 seat
anyone?"
770,"#ride06272024 Fremont-Oakland $35 leaving 5PM
anyone?"
771,#ride10012025 RIDE!! San Jose-San Francisco 2PM $22
772,#drive01212024 #drive01220224 San Francisco-Fremont | 7PM |  | 1 seat
773,#drive08062025 #drive08132025 Davis to Fremont | 7:15 AM | $35 | 1 seat
774,#ride05252025 Sacramento to Davis $18 leaving 3PM thx
775,Palo Alto to Davis | 1:40 PM |  | 1 seat
776,#ride03152025 Need a ride Sunnyvale -> San Francisco. Budget $15
777,#ride04222025  RIDE!!  San  Francisco-Palo  Alto  4:15  PM  $12
778,#ride04272024 Davis-Sacramento $20-25 leaving 10:30 AM
779,#drive05072025 San Jose ➜ Oakland | 1:40 PM | 15 dollars | 1 seat
780,"#drive05062024 #drive05072024 SF -> Davis $30 leaving 7AM
comment below"
781,#ride08172024 Need a ride Davis-Palo Alto. Budget $12 !!
782,#drive10242025 DRIVE!! Sunnyvale ➜ Palo Alto 10:40 PM $10
783,#ride07072025 Need a ride from San Jose to Oakland. Budget $30
784,#drive05032025 Berkeley to Fremont $30 leaving 6AM
785,#ride04092025 Need a ride San Francisco-Sunnyvale. Budget $20
786,#ride08272025 Palo Alto to SF $35-40 leaving 2:15 PM
787,#ride09242025 Need a ride Davis-Fremont. Budget $40 🚗
788,#ride06192025 Davis to Sunnyvale | 9AM | $12 | 1 seat
789,#ride07102025  from  Palo  Alto  t  oSan  Francisco  $40  leaving  6AM  !!
790,#driev05122024  DRIVE!!  Sacramento  ➜  Palo  Alto  3PM
791,#ride05192025  Berkeley  ➜  Sacramento  $40  leaving  3PM
792,#ride07032025 RIDE!! Palo Alto to San Francisco 10PM $12
793,Need a ride Oakland ➜ Sunnyvale. Budget $30-35 pls
794,San Jose to Sunnyvale $30 leaving 10AM
795,#drive10222025 Sacramento-Oakland $30 leaving 9:40 AM
796,#ride10242025 RIDE!! from Palo Alto to Davis 12:40 PM $30
797,"#ride03292025 Palo Alto -> Davis $18 leaving 10:15 PM thx
pm me"
798,#ride04132024 from Berkeley to Sacramento | 9PM | $12 | 1 seat
799,#drive01012024 DRIVE!! Palo Alto -> Davis 9PM 2$5
800,#ride01222024 Need a ride Palo Alto-Oakland. Budget $40
801,#ride01062024 from Berkeley to San Francisco  leaving 7PM
802,#ride09252024 Need a ride Oakland ➜ Berkeley. Budget $40-45
803,#ride08102024 #ride08172024 Palo Alto -> San Francisco | 1PM | $22-27 | 1 seat anyone?
804,DRIVE!! Davis to San Jose 7PM $15
805,#drive05112024 Need a drive Berkeley ➜ San Jose. Budget $12
806,#drive07272024 Need a drive Davis ➜ Sunnyvale. Budget $15 comment below
807,#ride01172025 Oakland -> Fremont $18-23 leaving 3PM !!
808,#drive04152025  DRIVE!!  Sunnyvale  to  Palo  Alot  7AM  $10  😊
809,#ride10102025 Davis -> San Jose $25 leaving 7PM
810,#ride02172025 RIDE!! Palo Alto ➜ Sunnyvale 5PM $22
811,#ride05082025 Need a ride Fremont to Berkeley. Budget $25
812,#drive07302024 from Palo Alto to Sacramento 25 dollars leaving 7PM
813,#ride01222024 #ride01232024 San Francisco-Sunnyvale $304-0 leaving 4PM
814,#ride06272024 RIDE!! from Berkeley to San Jose 11AM $20
815,"#drive09202024  from  Sacramento  to  Sunnyvale  |  4:45  PM  |  $40-48  |  1  seat
comment  below"
816,#ride12242025  Palo  Alto  ➜  Fremont  |  7PM  |  $18-23  |  1  seat
817,"#drive70142025  Berkeley  ->  Oakland  $12  leaving  7:00  PM
flexible  time"
818,#drive10292024  #drive10302024  DRIVE!!  from  San  Francisco  to  Oakland  11AM  $35
819,#ride02082025  #ride02092025  Need  a  ride  from  SF  to  Davis.  Budget  $10  🚗
820,"#drive07072025 from Davis to Berkeley | 9AM | $18-23 | 1 seat 😊
anyone?"
821,#drive10082024 DRIV!E! Berkeley-Fremont 2:00 PM 10 dollars
822,San Jose ➜ SJ | 10:30 AM | $30 | 1 seat
823,#ride05082025 Need a ride Davis ➜ Berkeley. Budget $18
824,#ride02152024 Oakland ➜ San Francisco | 3PM | 15 dollars | 1 seat
825,#ride01922025 #ride09192025 Fremont -> Davis $20 leaving 9AM
826,"#drive08112025 from San Francisco to Fremont  leaving 7:30 AM
anyone?"
827,"#drive04192024 Need a drive Palo Alto -> Sacramento. Bduget 25 dollars !!
anyone?"
828,#ride06012024  #ride06042024  Need  a  ride  from  Sunnyvale  to  Palo  Alto.  Budge  t$25  thx
829,Oakland  ➜  Sac  |  3PM  |  $25  |  1  seat  🚗
830,#drive05022025 DRIVE!! Sacramento ➜ Oakland 4:40 PM $18
831,#drive01092025 #drive01122025 DRIVE!! San Jose-Berkeley 10AM
832,#ride03052024 #ride03082024 RIDE!! Berkeley-Oakland 10:20 AM $12 pls
833,#drive10262024 San Jose-Sunnyvale | 8AM |  | 1 seat 😊
834,#ride11012024 Need a ride Sacramento -> Berkeley. Budget
835,#ride01032024  Oakland  to  San  Francisco  |  65:0  AM  |  $22  |  1  seat
836,#drive07062025 #drive07082025 Berkeley -> Davis leaving 3PM
837,#drive04142025 rFemont -> Sunnyvale $30 leaving 3:50 PM
838,#ride12202024 Need a ride Davis-San Jose. Budget $10
839,#drive12022025 Need a drive Sacramento ➜ Palo Alto. Budget $12
840,#ride08172024 RIDE!! Oakland ➜ Sarcamento 5:40 PM $20-28
841,#drive10142025 Sacramento to Fremont $40-50 leaving 10:00 PM
842,#ride07072025  San  Jose  ->  Oakland  |  8PM  |  $18  |  1  seat
843,#ride12292024 #ride01052025 RIDE!! San Francisco -> Palo Alto 10:10 PM $35-40
844,#ride08292025  Palo  Alto  ->  Fremont  $35-43  leaving  11AM
845,RIDE!!  aSn  Jose  to  Oakland  2:40  PM  $18
846,#ride04212024 Need a ride Berkeley to Sunnyvale. Budget $20
847,#drive01132025 Oakland ➜ Fremont | 6:50 AM | $18 | 1 seat !!
848,#drive01262025 Need a drive from Davis to Fremont. Budget $18 🚗
849,"#ride03162024 Fremont to San Jose | 10:00 AM |  | 1 seat
anyone?"
850,#drive01252024 #drive01272024 Oakland ➜ Berkeley | 6PM | $40 | 1 seat
851,#ride09272024 Oakland -> Davis $35 leaving 7PM
852,#drive12142025 Need a drive from San Francisco to Sacramento. Budget $15-23
853,#drive07032024 San Francisco ➜ Sacramento | 11AM | 10 dollars | 1 seat 🚗
854,#drive09292024 Need a drive Fremont-Palo Alto. Budget $12 🚗
855,"#drive11252025 #drive12022025 Need a drive Davis -> Sacramento. Budget $12-20 pls
anyone?"
856,#drive08132024 Need a drive Berkeley ➜ Palo Alto. Budget $30
857,#ride12162025 RIDE!! Berkeley-San Jose 3PM $30
858,#drive05102024 Need a drive from Palo Alto to San Jose. Budget $12-22
859,#drive02212024 DRIVE!! San Francisco ➜ SF 9:20 AM $15-20
860,#ride05142025 Oakland to Fremont 22 dollars leaving 11:30 AM
861,#ride08202025 RIDE!! Fremont to Davis 8:45 AM
862,#ride09222025 from Fremont to San Francisco 25 dollars leaving 9PM thx
863,#ride12252024  Sacramento  to  San  Jose  $10-20  leaving  10AM
864,#ride11192025 RIDE!! from San Jose to Oakland 5:50 PM $18
865,#drive05292024 DRIVE!! Fremont ➜ Davis 12:50 PM $20
866,#drive11262024 Fremont ➜ Sunnyvale  leaving 12:50 PM
867,#drive05222025 DRIVE!! Fremont-Berkeley 9:10 PM $10-20
868,#drive12252024 DRIVE!! Fremont ➜ Sacramento 6PM $25
869,Fremont  to  Palo  Alto  |  6:45  AM  |  $12-17  |  1  seat  !!
870,#drive05202025  Need  a  drive  Davis  to  SF.  Budget
871,#drive01162025  Need  a  drive  Fremont  ->  Sac.  Budget  25  dollars
872,"#ride11132024 Davis-Berkeley $15 leaving 5PM
flexible time"
873,#ride09062025 from San Francisco to Fremont $40-45 leaving 12PM
874,#drive07182024 San Jose -> Berkeley $12 leaving 10AM thx
875,#ride02082025 Fremont ➜ Sunnyvale $18 leaving 4PM
876,#ride02172024 RIDE!! Oakland ➜ Davis 11:20 AM
877,#drive03112024 San Jose ➜ Davis | 7:40 AM | $30 | 1 seat
878,#ride08292024 Need a ride Fremont to Sacramento. Budget $30 comment below
879,#ride02292024 Need a ride Palo Alto-Sacramento. Budget $30
880,#ride09282024 #ride09292024 Palo Alto ➜ Davis $15 leaving 3:40 PM
881,#ride06132024  Need  a  ride  Sunnyvale  ➜  Davis.  Budget  $40  pls
882,#drive12052024 Need a drive Sacramento -> Oakland. Budget $25-30 🚗
883,#drive11032024  Need  a  drive  Sunnyvale-SF.  Budget  $20
884,#ride11262025 Need a ride San Francisco to Oakland. Budget 25 dollars
885,#drive12162025 Palo Alto -> Oakland | 8:45 AM | $35 | 1 seat
886,#ride12062024 RIDE!! San Jose-Davis 9AM $20
887,Need a drive San Francisco-Fremont. Budget $25
888,#drive06252025 Need a drive Oakland-Sacramento. Budget $30-38
889,#ride12262024 Palo Alto to Fremont $20 leaving 7AM comment below
890,#ride06272024  #ride06282024 San Jose -> Berkeley | 9PM | $15-20 | 1 seat
891,#ride03072024 from Sacramento to Palo Alto $15 leaving 7:40 AM
892,#drive02232024 DRIVE!! from San Francisco to Fremont 5PM $35
893,#ride04072024 Oakland ➜ San Francisco $20 leaving 8PM 😊
894,#ride04232025 San Francisco-San Jose | 1:00 PM | $18 | 1 seat 😊
895,#ride08162025 #ride08232025 San Francisco to Palo Alto | 11AM | $22 | 1 seat
896,#ride03192025 RIDE!! from San Jose to Sacramento 11:20 AM $18
897,#drive04022024 Davis ➜ San Jose $22 leaving 6AM thx
898,#drive09142025 DRIVE!! from Fremont to Palo Alto 1:40 PM $12
899,Palo Alto ➜ Davis | 5:20 PM | 30 dollars | 1 seat 🚗
900,Need a ride Oakland to SJ. Budget $22-32 !!
901,"#ride05022025 from Oakland to SF $40-48 leaving 8AM
flexible time"
902,#ride07232025 RIDE!! Palo Alto ➜ San Jose 10:40 AM $35 🚗
903,#drive09252024  DRIVE!!  San  Jose  to  San  Francisco  8:45  PM  $10  😊
904,#ride08302024  Sacramento  ➜  Oakland  $18  leaving  5PM
905,#ride04272024 #ride04282024 Berkeley -> Fremont | 7PM |  | 1 seat pls
906,#drive08302025  DRIVE!!  Sacramento  ->  Fremont  10PM
907,"#drive07182025 DRIVE!! Fremont -> Berkeley 9AM $20
comment below"
908,#ride01022025  Need  a  ride  Davis  ->  San  Jose.  Budget  $20  😊
909,#ride12122025 Need a ride San Jose to Davis. Budget $10-15
910,"#ride07112025 RIDE!! San Jose ➜ SF 10AM $35 😊
anyone?"
911,#ride11192025 from San Jose to Sacramento | 11:20 AM | $25 | 1 seat pls
912,"#ride11102025 Berkeley-San Jose | 12PM | $12 | 1 seat
flexible time"
913,#ride01152024  RIDE!!  Berkeley-Oakland  10PM  $15
914,#drive02092025 Need a drive Sunnyvale ➜ Oakland. Budget $25 !! comment below
915,#ride07012025 #ride07022025 Need a ride Sunnyvale to Berkeley. Budget $15
916,#ride11212025  Need  a  ride  Berkeley-Fremont.  Budget  $35
917,#ride07252025 Need a ride San Francisco-Fremont. Budget $12
918,"DRIVE!!  Berkeley  to  Fremont  8PM  $10-20
flexible  time"
919,#ride12082024 Need a ride Davis -> Berkeley. Budget $22-32
920,RIDE!! Palo Alto-Oakland 9AM $15
921,"#ride03272024  #ride03292024 RIDE!! San Francisco-Sunnyvale 11AM $35
pm me"
922,#drive10032025 Sac -> Davis | 10AM | $20 | 1 seat
923,#drive03052024 Need a drive Fremont -> Palo Alto. Budget $35
924,#drive02272024 Oakland to Davis 40 dollars leaving 9PM
925,"#drive09022025  San  Francisco  to  Davis  |  1PM  |    |  1  seat
pm  me"
926,#drive11032042 Davis-San Jose  leaving 9AM
927,#ride10302024 Need a ride from Fremont to San Jose. Budget $25 😊 comment below
928,#drive11242024 Need a drive Fremont-Davis. Budget $25-33 thx
929,#drive04072025 Oakland-Sunnyvale | 5PM | $25-30 | 1 seat
930,#ride05142024 Berkeley -> Fremont | 6:30 AM |  | 1 seat
931,#ride05132025 Sacramento -> San Francisco $35 leaving 8:45 AM
932,#ride04162024  San  Francisco-Oakland  |  10PM  |  $20  |  1  seat
933,#ride11142025 #ride11212025 Palo Alto-Davis $20 leaving 1PM
934,"#drive08022024 Need a drive Palo Alto ➜ San Francisco. Budget $30
flexible time"
935,#drive03202025 San Jose-Oakland $22 leaving 2:00 PM
936,#drive04062025 Need a drive from Fremont to Oakland. Budget $30
937,#ride03812024 Sacramento to Oakland  leaving 11:50 AM
938,#ride11162024 Need a ride Oakland ➜ Sacramento. Budget $35 thx
939,#drive11042025 Berkeley ➜ Davis $40-50 leaving 6:15 PM
940,#ride07182024 Davis-Sunnyvale | 9:50 AM | $18 | 1 seat
941,#ride07312024 from San Jose to Fremont | 8PM | $15 | 1 seat
942,#drive10022024  Sunnyvale  ->  Fremont  |  7:00  PM  |  $20  |  1  seat
943,#ride04162025 RIDE!! from Berkeley to Sunnyvale 9:30 PM $12-17 thx
944,#ride11242024 RIDE!! San Francisco-Palo Alto 5:15 PM $15
945,#ride08072024 #ride08092024 RIDE!! from Fremont to Sacramento 3:50 PM $30
946,"#drive05272024 Need a drive Davis ➜ Palo Alto. Budget $202-5
anyone?"
947,#drive06022024 DRIVE!! Fremont -> San Jose 3PM $40-48
948,#ride03312025 RIDE!! Oakland ➜ San Jose 7:50 AM
949,#drive03102024 Need a drive San Francisco to Sunnyavle. Budget $22 pls
950,#ride07132025 Oakland -> Sunnyvale | 4:15 PM | $25-33 | 1 seat thx
951,#ride03142024  Fremont  ->  Oakland  $40-48  leaving  7:40  PM
952,#ride11192024 from Fremont to Berkeley | 11AM | $22 | 1 seat
953,#drive04252025  Need  a  drive  Sunnyvale  ->  Palo  Alto.  Budget  10  dollars
954,#drive02242024 from San Jose to Oakland | 7:15 AM | | 1 seat
955,#drive04302024 Sna Jose -> Sacramento $40 leaving 12:15 PM
956,#drive07232024 Need a drive Oakland to San Jose. Budget $30 🚗
957,#drive05022024 DRIVE!! Sacramento -> Berkeley 4PM $12 !!
958,#drive05242025 DRIVE!! San Jose to Palo Alto 8PM $25 !!
959,#drive12042024 #drive12112024 DRIVE!! Fremont ➜ Oakland 7:40 PM $30-40
960,"#drive03252024  Need  a  drive  Fremont  ➜  Sacramento.  Budget  $25-30
comment  below"
961,#ride11052024 Fremont -> Palo Alto 18 dollars leaving 12:40 PM
962,#drive12172025 DRIVE!! Oakland-Palo Alto 8AM $15-23
963,#ride09052024 Need a ride from SF to Berkeley. Budget
964,#ride12282025 from Fremont to Oakland | 12:15 PM | $22-03 | 1 seat
965,#drive05142025 Need a drive Berkele y➜ Davis. Budget $20
966,#drive01112024 San Jose-Berkeley $20 leaving 4:30 PM
967,#drive04062025 from San Jose to Sacramento | 5PM | $40 | 1 seat
968,#ride10302024 Palo Alto-San Jose $22 leaving 7AM
969,#drive07142024 Need a drive from Sunnyvale to Fremont. Budget $10
970,DRIVE!! from Fremont to Sunnyvale 10PM $30-40
971,#ride07192024 San Francisco-Berkeley | 9:40 AM | $12 | 1 seat thx
972,#drive07252025 DRIVE!! San Francisco-SF 9PM $25
973,#ride01272024 Fremont -> Palo Alto | 9:10 PM | $10 | 1 seat
974,Need a drive Davis-San Francisco. Budegt $12 pls
975,#drive11132025 Davis-Fremont $20 leaving 12:30 PM
976,#drive01312024 San Jose -> Sunnyvale | 3:10 PM | $03 | 1 seat
977,"#ride09062025 RIDE!! from Sacramento to Sunnyvale 6AM 12 dollars
comment below"
978,#ride03292025  Oakland  to  Berkeley  $35-40  leaving  6PM  🚗
979,"San Jose -> Palo Alto | 12:40 PM |  | 1 seat 🚗
pm me"
980,#ride12052025 Need a ride Berkeley -> Fremont. Budget $10-20
981,#ride07252024 Oakland ➜ San Jose $12 leaving 7PM 🚗
982,#ride11052025 Palo Alto to Berkeley $25 leaving 2:40 PM
983,#drive05262025 San Jose ➜ Palo Alto | 6:40 PM | $10 | 1 seat
984,#drive12232024 DRIVE!! Davis ➜ Sacramento 7:10 PM
985,"#drive04132024 Need a drive Sunnyvale ➜ Palo Alto. Budget $10 pls
flexible time"
986,"#ride06262024 #ride06282024 Sunnyvale to Berkeley  leaving 3:10 PM
anyone?"
987,"#drive01312024 Berkeley ➜ Sunnyvale $12 leaving 12PM
pm me"
988,#ride09302025 RIDE!! from Palo Alto to San Francisco 3:20 PM
989,#drive07082025 Need a drive from Sacramento to Berkeley. Budget $20-30 thx
990,#drive09262024 #drive10032024 Need a drive San Jose -> Oakland. Budget $20 😊
991,#ride12132024 RIDE!! Davis ➜ San Francisco 6AM $15
992,#drive10302024 DRIVE!! San Jose to Berkeley 5PM
993,"#ride10292024 Need a ride Oakland ➜ Palo Alto. Budget 30 dollars 🚗
comment below"
994,#drive06272024 Need a drive Davis-San Jose. Budget $15
995,#drive01142024 #drive01152024 DRIVE!! Palo Alto-Oakland 3:50 PM $35
996,#drive06222025 #drive06242025 DRIVE!! Fremont -> Davis 6AM $10-20
997,#ride08112024  RIDE!!  San  Jose  ->  Sunnyvale  6:15  PM  $40  😊
998,#ride11192025 Need a ride Fremont to Davis. Budget $18
999,"#drive10202024 #drive10222024 Need a drive Fremont ➜ Sacramento. Budget $20
comment below"
1000,#drive07162024 from Palo Alto to Berkeley $25 leaving 5:30 PM 😊
1001,#drive03122024  from  Davis  to  Fremont  |  7:50  PM  |    |  1  seat
1002,#ride12042025 RIDE!! San Francisco -> Sac 9PM $15-25
1003,#ride06112024 Palo Alto to Berkeley | 8AM | 22 dollars | 1 seat
1004,"#drive03092025 Need a drive Sunnyvale ➜ Berkeley. Budget 15 dollars
pm me"
1005,#drive12182025 DRIVE!! Davis ➜ Berkeley 10PM 15 dollars
1006,#drive10072025 from Fremont to San Franicsco | 5:30 PM | 18 dollars | 1 seat pls
1007,#ride01042025 San Jose-Berkeley | 4:10 PM | $15 | 1 seat
1008,#drive12042024 Need a rdive Oakland -> San Francisco. Budget $35 thx
1009,#drive10192024 DRIVE!! from Oakland to San Francisco 9:45 A M$35
1010,#ride05012025 #ride05032025 Davis to Berkeley | 9PM | | 1 seat 🚗
1011,#drive10292025  Need  a  drive  Berkeley  ➜  SF.  Budget  $12
1012,#ride11082024 RIDE!! from San Francisco to Berkeley 9AM
1013,#ride06042025 from Berkeley to Sunnyvale $18 leaving 5:40 PM
1014,#ride01292025 RIDE!! San Francisco ➜ Davis 9AM $35
1015,#ride08042024 RIDE!! Palo Alto-Berkeley 2:15 PM $30 thx
1016,#drive06102024 Fremont-San Jose $25 leaving 10AM
1017,#drive01182025 DRIVE!! Sacramento-Fremotn 10AM $22
1018,#ride02102024 RIDE!! Fremont-San Francisco 5:00 PM $40
1019,#ride03092024  Need  a  ride  Oakland-Sunnyvale.  Budget
1020,San Francisco ➜ San Jose $18 leaving 6:15 PM
1021,"#drive09242025 Sa nJose-Palo Alto $10 leaving 9PM
flexible time"
1022,#drive03272024 #drive03282024 Palo Alto-Sunnyvale | 2:30 PM | $35 | 1 seat
1023,#drive04032024 Need a drive Fremont to San Jose. Budget $25
1024,#drive03152024 DRIVE!! Oakland to Sunnyvale 9:30 AM $35-45 thx
1025,#ride10182025 #ride10192025 Need a ride Berkeley ➜ SJ. Budget $18
1026,"#ride07182024 from Sunnyvale to Palo Alto | 8PM | $40 | 1 seat
pm me"
1027,#ride01122025 San Francisco to Davis | 6AM | $22 | 1 seat
1028,"#ride08212025 San Francisco -> SF 40 dollars leaving 12PM pls
anyone?"
1029,#ride05282024 Need a ride Sacramento ➜ Sunnyvale. Budget $30
1030,#ride12212025  Need  a  ride  from  Sunnyvale  to  San  Jose.  Budget  $10  😊
1031,#ride09042024  RIDE!!  Palo  Alto  ->  Davis  6:00  PM  $22
1032,#drive02092025 from Sa nFrancisco to San Jose $30 leaving 3:10 PM
1033,#ride10072025 Need a ride SF ➜ Fremont. Budget $12
1034,#ride02232025  Need  a  ride  Oakland  to  Palo  Alto.  Budget  $40
1035,#ride12222024 #ride12252024 from Palo Alto to Oakland  leaving 12:50 PM
1036,#drive01022024 DRIVE!! Oakland -> Palo Alto 8PM $20-30 !!
1037,#drive03042024 Sunnyvale ➜ Oakland $15 leaving 11:20 AM
1038,#drive05292024 Need a drive Fremont-Davis. Budget $25
1039,#ride03022025  #ride03052025  Fremont  to  Berkeley  |  10:50  AM  |  $25  |  1  seat
1040,"#ride04062025 Berkeley ➜ Sunnyvale | 3:20 PM | $15-25 | 1 seat
flexible time"
1041,#ride09222025 #ride09292025 RIDE!! Oakland ➜ Berkeley 11:50 AM $30
1042,#ride05212024 #ride05222024 RIDE!! Oakland -> San Francisco 11AM $20 flexible time
1043,Fremont to Berkeley $20-28 leaving 4:00 PM thx
1044,#drive08132025 Sunnyvale -> San Francisco | 9:15 AM |  | 1 seat 😊
1045,#drive11052024 Berkeley-Oakland | 11AM | 10 dollars | 1 seat
1046,#ride06102025 Need a ride from Fremont to Sacramento. Budget $40-45
1047,#drive08272025 Oakland-SJ $20-25 leaving 7:40 PM 🚗
1048,#rdive02182024 Sacramento to Fremont | 2PM | $35 | 1 seat
1049,#drive06172024  from  Oakland  to  Palo  Alto  $10  leaving  2:20  PM
1050,#ride11062024 RIDE!! Oakland-San Francisco 4PM 20 dollars !!
1051,"#drive10022025 San Jose to Davis | 4PM | $40 | 1 seat 🚗
anyone?"
1052,#drive03012025 Palo Alto to Oakland $12-17 leaving 10:45 PM
1053,#ride02242024 #ride03022024 Berkeley to Palo Alto | 8AM | $35 | 1 seat 😊
1054,#drive09172025 Berkeley to Palo Alto $15 leaving 8AM
1055,#ride03302025 Need a ride Oakland to San Jose. Budget $15
1056,#drive06142025 Oakland to Sacramento | 3PM | $30 | 1 seat
1057,#ride03272024 Need a ride from Palo Alto to Sacramento. Budget $40
1058,#drive09202024 DRIVE!! Fremont -> Oakland 3:20 PM pls
1059,"#ride11282024  Sunnyvale  to  Palo  Alto  |  1:15  PM  |  $35  |  1  seat
comment  below"
1060,#drive03212024 Fremont to Sacramento $30 leaving 7PM 🚗
1061,#ride02052024 Sunnyvale to Davis  leaving 9:50 AM
1062,Palo Alto -> Oakland $10 leaving 9PM 😊
1063,DRIVE!! Davis ➜ Sac 8:40 PM $35
1064,#drive03172024 Palo Alto ➜ Fremont $18 leaving 6:45 AM 🚗
1065,Oakland -> Sacramento | 9:45 PM | 40 dollars | 1 seat
1066,#drive01302025 San Francisco ➜ SJ $15 leaving 11:40 AM
1067,#drive04042024 San Jose-SF | 8PM |  | 1 seat
1068,#drive12272024 DRIVE!! Palo Alto ➜ Fremont 4PM $25
1069,"#drive07102024 Berkeley -> SF | 3PM | $18 | 1 seat
comment below"
1070,#drive04052024 #drive04062024 DRIVE!! Fremont -> San Jose 8:00 AM 10 dollars
1071,#drive08082025 Need a drive Davis ➜ Berkeley. Budget $35 thx
1072,#ride10182024 #ride10202024 San Francisco-Palo Alto $12 leaving 9:45 AM
1073,#ride02202025 Davis ➜ San Jose | 11:30 AM | 25 dollars | 1 seat
1074,#ride03072025 Need a ride from Sacramento to Berkeley. Budget
1075,#drive05032024 Sacramento -> Berkeley $40 leaving 2:50 PM
1076,#drive03182025  Need  a  drive  Berkeley  ➜  Oakland.  Budget  $15
1077,#drive05242024  fromO  akland  to  San  Francisco  |  7PM  |    |  1  seat
1078,#drive07282025  Davis  ->  Sunnyvale  40  dollars  leaving  7:20  PM
1079,#drive08312025 DRIVE!! Sacramento -> Oakland 5:00 PM $30
1080,#ride05302025 #ride06022025 Oakland ➜ Sacramento $40-45 leaving 10PM
1081,"#ride01292024 Berkeley to San Francisco $10 leaving 5PM 🚗
pm me"
1082,Need a drive Oakland to Davis. Budget thx
1083,#ride08102024 RIDE!! from Dvais to Palo Alto 8:45 PM $10 😊
1084,#drive07062025 Davis to Sunnyvale $35 leaving 4PM
1085,#ride04262024  RIDE!!  Fremont-Oakland  11AM  $40  !!
1086,#drive10282024  San  Francisco  ->  Davis  $20  leaving  1:00  PM
1087,#ride05182025 Need a ride San Jose to San Francisco. Budget 18 dollars
1088,#drive08112024 San Jose ➜ Sacramento $15 leaving 9:40 AM
1089,#ride11192024 San Francisco ➜ Berkeley $25 leaving 9:00 AM
1090,#ride07072025 Berkeley ➜ Oakland | 2:45 PM | $10 | 1 seat
1091,#drive10072025 DRIVE!! Davis to Oakland 10AM $18
1092,#ride11062025 Palo Alto to Oakland $10 leaving 11:40 AM
1093,#drive03152025 DRIVE!! Berkeley ➜ Oakland 12:40 PM $12
1094,#ride05272025 Need a ride Sunnyvale to Oakland. Budget $35
1095,#ride11092024 Davis ➜ Oakland | 5:15 PM |  | 1 seat
1096,#drive12122024  DRIVE!!  San  Francisco  ➜  Oakland  7:10  PM  $12  thx
1097,#ride05112024 RIDE!! Oakland ➜ San Jose 3PM 22 dollars
1098,#drive04222025 Berkeley-Palo Alto | 11AM | $10-18 | 1 seat
1099,#drive11182024 Palo Alto to Berkeley $25 leaving 7:40 AM
1100,#drive05102025  Sac  ➜  Oakland  |  6AM  |  $30  |  1  seat
1101,#drive10032024 San Francisco-Berkeley $10-18 leaving 9PM
1102,#drive05132024 Sacramento -> Sunnyvale  leaving 11:20 AM
1103,#drive12232024 DRIVE!! from Sunnyvale to Sacramento 1:20 PM $18 😊
1104,#ride04052024 San Jose-Berkeley | 5PM | $30 | 1 seat
1105,#drive04102024 DRIVE!! San Francisco to Berkeley 11:30 AM 10 dlolars
1106,#drive12122024  San  Jose-Davis  |  6PM  |  $15-25  |  1  seat
1107,#drive11302025 Palo Alto to Oakland | 2:50 PM | 22 dollars | 1 seat
1108,"#ride05312024 Davis to Sacramneto  leaving 5PM
comment below"
1109,#drive11302024  Need  a  drive  Sunnyvale  ➜  SF.  Budget  $10  thx
1110,#drive08192024 Need a drive Oakland to Berkeley. Budget $12-17
1111,#drive09262025  Sacramento  ➜  San  Jose    leaving  10:00  PM
1112,#ride05232024 from San Francisco to Berkeley  leaving 9:15 AM
1113,#drive06202024 Need a drive Oakland-Sunnyvale. Budget 20 dollars !!
1114,#ride02192025 Oakland ➜ Sunnyvale | 7:15 AM | $25 | 1 seat
1115,#drive10182024 Berkeley ➜ Fermont | 2PM | $35 | 1 seat
1116,#drive04032025 #drive04102025 Need a drive from Oakland to Fremont. Budget
1117,"#drive04262025 from SJ to Palo Alto  leaving 8PM
anyone?"
1118,#ride07172024 RIDE!! Sacramento -> Davis 8:00 AM $20
1119,#ride05252024 Sunnyvale -> Berkeley 18 dollars leaving 9:30 PM pls
1120,#ride12142025 Fremont-Palo Alto | 8:15 AM |  | 1 seat
1121,#ride03202024  RIDE!!  Oakland  to  San  Jose  4PM  $10
1122,#drive09012024 DRIVE!! Fremont ➜ Palo Alto 8AM $15
1123,#ride12162024 Oakland-Sunnyvale 20 dollars leaving 11:15 AM
1124,#drive12092025 #drive12122025 DRIVE!! Sacramento to Sunnyvale 12:15 PM $30-35
1125,#ride11132024 RIDE!! Davis-Palo Alto 5PM
1126,#drive12092024 Palo Alto-Berkeley | 10PM | $25 | 1 seat
1127,Need a ride Berkeley to Oakland. Budget 35 dollars
1128,#drive12192024 #drive12202024 Davis ➜ Fremont | 10AM | $40 | 1 seat
1129,#drive04192024 DRIVE!! Sac to San Francisco 8:10 PM $15-23
1130,"#drive02222024 Davis to SF | 9:50 PM | $18 | 1 seat 😊
comment below"
1131,#ride09242025 RIDE!! from San Jose to Oakland 11:20 AM $22
1132,#ride12232024 from Davis to Palo Alto $25 leaving 12:15 PM
1133,"#ride09032025 #ride09052205 Need a ride Davis -> Oakland. Budget $18-23
pm me"
1134,#drive03212024 Need a drive from Sunnyvale to San Jose. Budget
1135,#ride09172024 Sacramento-Davis | 8PM | $12 | 1 seat
1136,#ride03112025 Sacramento to Davis $30 leaving 7:30 AM
1137,#ride08112025 #ride08142025 Need a ride Sunnyvale to SJ. Budget
1138,#drive40252025  Palo  Alto  ➜  Sac  |  1PM  |  $15-25  |  1  seat  !!
1139,#drive12142024 Davis ➜ Palo Alto | 9:10 PM | 12 dollars | 1 seat anyone?
1140,#drive11252024 San Jose-Palo Alto | 7PM | $35-45 | 1 seat 😊 pm me
1141,#drive11272025 Need a drive Palo Alto-San Jose. Budget $25
1142,#drive09132025 from Oakland to Berkeley | 7AM | $18-26 | 1 seat
1143,#drive01062025  Need  a  drive  from  Davis  to  Berkeley.  Budget
1144,#drive11272025  San  Jose  to  San  Francisco  |  1PM  |    |  1  seat
1145,#drive02162025 #drive02192025 Davis -> Oakland $10-18 leaving 9PM !!
1146,from Davis to Fremont | 6AM | $10 | 1 seat
1147,#ride03302042 Oakland -> Sacramento | 10:15 PM | $18 | 1 seat
1148,#drive10112024 DRIVE!! Oakland-Sunnyvale 9:45 AM $12
1149,#drive03282025  Need  a  drive  Oakland-San  Jose.  Budget
1150,#ride07142024 Need a ride Davis -> Fremont. Budget $30 🚗 pm me
1151,#drive04172024  from  Berkeley  to  Sacramento  $25  leaving  7:50  AM
1152,Oakland-San Jose | 3PM | $35 | 1 seat
1153,RIDE!! Palo Alto ➜ Fremont 7:50 AM $25
1154,#drive10082024  Need  a  drive  Fremont  ->  Sacramento.  Budget  $40
1155,#drive01272025 Need a drive from Sacramento to Fremont. Budget $35
1156,#drive08032025  DRIVE!!  San  Francisco  ➜  Sunnyvale  11AM  40  dollars
1157,#drive03302024 DRIVE!! from San Jose to Palo Alt o8:30 PM $18
1158,#drive12062025 from Berkeley to Davis leaving 12PM
1159,#drive01042024 Berkeley-Palo Alto $15 leaving 8AM
1160,#drive02022025 Fremont-San Jose | 1:15 PM | $10 | 1 seat
1161,#ride09092025  Need  a  ride  from  San  Francisco  to  Berkeley.  Budget  $12  !!
1162,#drive01172024 DRIVE!! Oakland to Berkeley 9:30 AM $25-35
1163,#ride12042025 RIDE!! SF to Oakland 5PM pls
1164,#ride10312025 RIDE!! Fremont-SJ 1:50 PM $18
1165,"#ride12292025 Davis -> San Jose $15-20 leaving 12PM
comment below"
1166,#ride09052024 Sacramento -> Oakland | 9AM | $22-27 | 1 seat
1167,#ride10032024 Sacramento -> SJ | 2:10 PM | $30 | 1 seat
1168,#drive05202024 Need a drive Fremont to San Francisco. Budget $22
1169,#drive01022025    #drive01042025  Need  a  drive  from  SF  to  San  Francisco.  Budget  $35
1170,#drive10022024  Sunnyvale  ➜  Davis  $22  leaving  3:15  PM  🚗
1171,#drive11052024 DRIVE!! Sacramento ➜ Fremont 12:15 PM $25 😊
1172,#drive04272025 #drive05042025 Need a drive San Jose -> SF. Budget $35 thx
1173,#drive06202024 #drive02672024 Need a drive Fremont ➜ San Jose. Budget $20
1174,#rdive11142024 DRIVE!! Davis ➜ San Jose 1PM
1175,#ride02122025 Sunnyvale to Sacramento $10 leaving 10:45 PM
1176,#drive10162024 DRIVE!! Berkeley ➜ Oakland 8:40 PM $10
1177,#ride04092025 Fremont -> Sunnyvale 10 dollars leaving 11AM
1178,#drive11252024 San Frnacisco to San Jose  leaving 2PM
1179,#drive01172025  Need  a  drive  from  San  Jose  to  San  Francisco.  Budget  $10  pls
1180,#drive05152025 Fremont to Palo Alto $10 leaving 9PM 😊
1181,#drive11192024 Palo Alto -> Sunnyvale | 3PM | $20 | 1 seat
1182,#drive02142025 DRIVE!! San Francisc o➜ Davis 1:10 PM $15
1183,#ride11012025 RIDE!! San Francisco ➜ Sac 11:45 AM $35
1184,"#ride05172025 Berkeley to Oakland $22 leaving 5PM
anyone?"
1185,Davis -> San Francisco | 11AM | $10 | 1 seat
1186,#drive04092025  Need  a  drive  Fremont  ->  Davis.  Budget  20  dollars  !!
1187,#ride09072025 #ride09412025 Oakland -> Fremont $18 leaving 4:10 PM
1188,#ride10102024 #ride10172024 RIDE!! Davis to Palo Alto 4PM $15 😊
1189,"#ride01162025 Oakland to San Jose | 9AM | $30 | 1 seat
comment below"
1190,#ride11242025 Palo Alto-San Francisco | 10AM | $40 | 1 seat
1191,#drive01042025 Fremont -> Berkeley | 3PM | $20 | 1 seat pls
1192,#ride01172024 RIDE!! Fremont -> Davi s7:00 PM $12
1193,#ride01312024 from Davis to Fremont $30 leaving 9:15 AM
1194,#ride09102025 San Francisco ➜ Palo Alto $40-48 leaving 12:15 PM
1195,#drive05242024 #drive05312024 Sunnyvale to Davis | 7:45 PM | $15 | 1 seat
1196,#ride12022025 Need a ride from San Francisco to Sunnyvale. Budget $18
1197,#drive06272025  Berkeley-Oakland  |  9:45  PM  |  $10  |  1  seat  🚗
1198,#ride03072024 Fremont -> San Jose | 8PM |  | 1 seat
1199,Fremont  ➜  SF  |  9:20  PM  |  $15-23  |  1  seat
1200,#drive12142024 DRIVE!! Fremont ➜ San Francisco 11AM $25
1201,#ride01132024 RIDE!! San Francisco -> Sacramento 8:45 PM
1202,#ride11192024  #ride11222024  Need  a  ride  San  Jose-Palo  Alto.  Budget  $35
1203,#ride10092024 #ride10102024 Fremont -> Sunnyvale $20 leaving 7:00 PM
1204,RIDE!! from Davis to Oakland 7:15 PM $12 thx
1205,from Fremont to Palo Alto $12-17 leaving 6AM
1206,#ride01082025 #ride01102025 Davis to San Francisco $40 leaving 8PM !!
1207,Davis  ->  Palo  Alto  20  dollars  leaving  5:20  PM
1208,#ride07182024 Need a ride Sacramento ➜ San Francisco. Budget $18 🚗
1209,#ride04102024 RIDE!! San Francisco to Sacramento 10:10 PM $40
1210,#drive10022025  Palo  Alto-San  Jose  $12  leaving  8AM
1211,#ride03262025 Need a ride Sacramento to SJ. Budget
1212,#ride05302024 Need a ride Sunnyvale -> Palo Alto. Budget 😊
1213,"#ride03032024 Sunnyvale ➜ Berkeley $18 leaving 1:30 PM
anyone?"
1214,"Need a drive Berkeley ➜ Sacramento. Budget 10 dollars
pm me"
1215,#ride08082025 Need a ride Fremont -> Berkeley. Budget
1216,#ride05192025 Davis -> Snunyvale $18 leaving 9:20 AM
1217,"#ride03122025 Need a ride Palo Alto -> Sunnyvale. Budget $10
comment below"
1218,#drive04142025 DRIVE!! Davis to San Francisco 5:15 PM $15
1219,"#ride01262024 San Francisco-San Jose $30 leaving 12PM !!
flexible time"
1220,#ride04082024 Berkeley to Fremont $20 leaving 2:45 PM
1221,#drive12072042 Oakland-Sacramento  leaving 8PM thx
1222,"#drive02162025 DRIVE!! Fremotn ➜ Oakland 7:30 AM $18
flexible time"
1223,#drive08182024 Fremont -> Berkeley $10 leaving 1PM
1224,"#drive08132024 DRIVE!! Palo Alto-Sunnyvale 7:15 AM $10 thx
pm me"
1225,#ride04072024 #ride04082024 from Palo Alto to San Francisco | 8PM | $10 | 1 seat
1226,#drive12252052 Sacramento -> Palo Alto | 8:10 AM | $15 | 1 seat
1227,#drive12062025 Need a drive Davis to Berkeley. Budget
1228,#drive04202024 Need a drive Berkeley-Oakland. Budget
1229,#ride01132024 Sunnyvale to Davis $15 leaving 12:45 PM
1230,#drive09052024 DRIVE!! Fremont to Oakland 4:15 PM $10 !!
1231,Sunnyvale ➜ Sacramento | 5:00 PM | $40 | 1 seat
1232,#ride06042025 Need a ride SF -> Fremont. Budget $30 !!
1233,#drive10072024 Berkeley to San Francisco | 10:30 AM | $10 | 1 seat !!
1234,#drive04162024 DRIVE!! Fremont-SJ 10PM $20 😊
1235,#drive09142024 Berkeley-Davis | 8:00 AM | 10 dollars | 1 seat flexible time
1236,#drive07212025 Need a drive Oakland ➜ Berkeley. Budget 20 dollars
1237,#ride01242025 Oakland to San Jose | 5PM | $15 | 1 seat comment below
1238,#ride08202025 RIDE!! San Jose -> Oakland 7PM $18-23
1239,#drive10022025 Need a drive San Jose-Sunnyvale. Budget $18
1240,#ride06232024 RIDE!! San Jose -> San Francisco 6:15 AM $12-20 thx
1241,#ride12222024 from Palo Alto to Fremont $30 leaving 10PM
1242,#drive04042025 San Francisco ➜ Fremont | 9AM | $12 | 1 seat
1243,#drive09102025 Sunnyvale ➜ San Francisco | 9:20 AM |  | 1 seat
1244,#ride03252024 RIDE!! Sunnyvale -> Davis 12:00 PM $20-25
1245,#drive09252024 DRIVE!! Oakland -> Frmeont 11AM $18 !!
1246,#drive07032025 San Francisco-Oakland | 9:30 AM | $12 | 1 seat
1247,#drive04122025 #drive04132025 Need a drive San Francisco-Oakland. Budget thx
1248,#drive04022024 Need a drive Davis ➜ San Francisco. Budget 🚗
1249,"#ride10092024 Oakland-Sunnyvale $15 leaving 8AM thx
flexible time"
1250,#ride04092025 Palo Alto to San Frnacisco 25 dollars leaving 7PM
1251,#ride02272025 RIDE!! from Berkeley to Fremont 7:10 PM $35
1252,#ride02012025 Need a ride Fremont -> Oakland. Budget $20-30
1253,#drive06052024 Fremont -> Oakland | 11:40 AM | $30 | 1 seat pls
1254,#drive03232025 Berkeley to Oakland $25-33 leaving 6:20 AM
1255,#ride08052025 Oakland -> San Francisco | 10:20 AM | $10 | 1 seat !!
1256,#ride10042024 RIDE!! San Francisco -> Palo Alto 9:50 AM $12 !!
1257,#drive08302025 DRIVE!! Palo Alto to Oakland 10PM $25
1258,#drive09042025  Need  a  drive  Sacramento-Davis.  Budget
1259,#drive05232024  #drive05302024  SF  to  Sacramento  |  12:00  PM  |  $20  |  1  seat
1260,#drive11022024 DRIVE!! Palo Alto ➜ Oakland 6AM $18
1261,#ride11182025 RIDE!! Sunnyvale to Oakland 11:00 AM $30
1262,#drive08152024 Sac ➜ Fremont  leaving 1:10 PM
1263,#drive09132024 Need a drive Sunnyvale-Berkeley. Budget $22 !!
1264,#ride07242024 San Jose -> Sunnyvale | 2PM | $35 | 1 seat 😊
1265,#ride03032025 #ride03102025 RIDE!! from Fremont to Berkeley 5:40 PM $10
1266,#drive07032025 Need a drive from Oakland to Berekley. Budget $22
1267,#ride09052024 RIDE!! Fremont -> Davis 3PM $12-17
1268,#ride08022025 RIDE!! Berkeley -> Palo Alto 10AM 40 dollars
1269,#drive11092024 Nee da drive Davis ➜ Oakland. Budget
1270,#drive06132025  from  Davis  to  San  Francisco  |  3PM  |    |  1  seat  !!
1271,#ride03092025 from SF to Sacramento $12 leaving 6:45 AM
1272,#ride03182025 San Jose -> Berkeley $22 leaving 2PM
1273,"#drive11052025 Sacramento -> Sunnyvale $25 leaving 8PM
flexible time"
1274,Sunnyvale ➜ Oakland $12 leaving 9MA pls
1275,#ride04142025 Need a ride from Sacramento to Sunnyvale. Budget $10
1276,#ride02192025 Need a ride San Francisco-Sunnyvale. Budget 25 dollars
1277,#ride03232024 Sac- > Fremont $22 leaving 10AM
1278,#drive08242025 #drive08272025 Need a drive San Francisco ➜ Berkeley. Budget 25 dollars
1279,#ride11222024 Sacramento to San Francisco $25 leaving 7PM
1280,#drive02122024 Need a drive Sacramento to Palo Alto. Budget $15 🚗
1281,#drive09152025 DRIVE!! from Sacramento to Davis 9PM $18
1282,#drive11292024 DRIVE!! Berkeley -> Oakland 9:15 PM $30-35
1283,#ride11052025 RIDE!! Sunnyvale ➜ San Francisco 10:00 AM $10-20
1284,#ride07062024 #ride07072024 San Francisco to San Jose | 8:40 PM | $20 | 1 seat
1285,"#drive07182024 Need a drive Sunnyvale to Sacramento. Budget $12
comment below"
1286,#ride07112024 Need a ride Palo Alto-Davis. Budget $25
1287,#drive06012024 DRIVE!! Palo Alto to San Jose 6AM $20
1288,#drive06152025 DRIVE!! San Jose ➜ Davis 7PM
1289,#drive02072025 from San Francisco to Sacramento leaving 11:50 AM
1290,#ride04212024 Sunnyvale -> Oakland $40 leaving 10PM thx
1291,#drive09112025  DRIVE!!  from  Sunnyvale  to  Sacramento  2:45  PM  $20
1292,#drive08062024 Need a drive Berkeley -> Palo Alto. Budget
1293,#drive08302024 San Jose-Fremont | 5:45 PM | $22-30 | 1 seat
1294,#drive03012025 from Sunnyvale to Fremont | 3:40 PM | $25 | 1 seat !!
1295,#ride04142024 Palo Alto -> Sac $35 leaving 10:15 AM
1296,#ride01042024  San  Jose  to  Sacramento  $18  leaving  7AM
1297,#ride05026025 Need a ride Berkeley to Davis. Budget 18 dollars pls
1298,#ride07052025 RIDE!! from San Francisco to Fremont 7AM $10
1299,#ride12242025 #ride12262025 San Francisco to Oakland $20 leaving 10:20 PM
1300,#drive10132024 Sacramento-San Jose $30 leaving 4:50 PM 😊
1301,#ride05312025 RIDE!! from Berkeley to SJ 9AM $22-30
1302,#ride07142025 #ride07152025 Sunnyvale to San Francisco $20 leaving 8PM
1303,#ride12082025  from  Sunnyvale  to  Berkeley  |  9:45  PM  |  $18  |  1  seat
1304,Sunnyvale -> San Francisco $25-30 leaving 9PM
1305,#drive03022024 Oakland to Sacramento 40 dollars leaving 7:30 AM
1306,#ride11182024 Need a ride Davis -> Berkeley. Budget $40
1307,#ride05082025 Davis ➜ San Jose $40 leaving 7:20 PM
1308,#drive01072024 Sacramento -> Fremont | 9PM |  | 1 seat
1309,#ride01012024 San Jose to Davis | 4:20 PM | $18 | 1 seat 🚗
1310,#drive0822202 5DRIVE!! San Francisco-Sac 2PM 10 dollars
1311,#drive10272025 Davis -> Fremont | 9:20 AM |  | 1 seat !!
1312,#drive11052024  Sacramento-Oakland  18  dollars  leaving  10:40  PM
1313,#drive01312024 Need a drive San Jose -> Sacramento. Budget $25-33
1314,#drive06292025 DRIVE!! PaloA lto-Fremont 3PM pls
1315,#ride12272025 SJ -> San Jose $22 leaving 3:10 PM
1316,#ride10192025 Sunnyvale-Oakland $22 leaving 7:15 PM
1317,#drive04122025 San Jose -> Palo Alto $15 leaving 3:45 PM
1318,#drive04042024 Berkeley to San Jose | 1PM | $30 | 1 seat
1319,#drive04162025 Need a drive Sacramento -> Sac. Budget $10
1320,"#ride04052024  Davis  ot  Sacramento  |  2:40  PM  |    |  1  seat  !!
flexible  time"
1321,#ride04252025 Davis ➜ San Francisco | 12PM | $20 | 1 seat
1322,#ride05212025 Palo Alto -> Fremont | 5:20 PM | $40 | 1 seat !!
1323,#drive06102024 Oakland to Palo Alto $20 leaving 3PM
1324,"#drive01052025 Palo Alto ➜ Davis | 4:00 PM | $22 | 1 seat !!
flexible time"
1325,#drive09052025 DRIVE!! from San Francsico to San Jose 12:45 PM $25 !!
1326,"#drive01182025 Palo Alto-Fremont | 12PM | $20 | 1 seat
pm me"
1327,#drive09262025 Need a drive Palo Alto-San Francisco. Budget $35 !!
1328,#drive02132025 DRIVE!! Fremont -> Davis 10:20 PM
1329,#ride11142025 #ride11212025 Need a ride Berkeley-Palo Alto. Budget 12 dollars
1330,#drive09272025 Palo Alto -> Fremont | 3PM | $12 | 1 seat
1331,"#ride10292025 Need a ride Oakland -> Sunnyvale. Budget $35
anyone?"
1332,#drive10072024 DRIVE!! Fremont-Palo Alto 11AM $40
1333,#ride08142025 Need a ride from San Francisco to Oakland. Budget $18
1334,#ride03022024  RIDE!!  Fremont-San  Francisco  12:30  PM  $12
1335,#ride03152024 Need a ride San Jose ➜ Berkeley. Budget $12
1336,#ride08012024 Berkeley-Palo Alto $12 leaving 4:10 PM
1337,#ride08082025  RIDE!!  from  Berkeley  to  Davis  4PM
1338,#drive09232025 San Jose -> SF | 11:15 AM | $18-26 | 1 seat
1339,"#drive01252025 DRIVE!! Berkeley -> Palo Alto 6AM $20
anyone?"
1340,#ride09192024 Need a ride Berkeley ➜ San Jose. Budget $25
1341,#drive09232025 Palo Alto -> Davis $20 leaving 3:15 PM
1342,#ride07182024 Need a ride Davis-Berkeley. Budget $30
1343,#ride01142024 Fremont-Davis | 11AM | $10 | 1 seat
1344,#ride12062025 Need a ride Berkeley -> Palo Alto. Budget 12 dollars
1345,"#ride07282024 from Sunnyvale to Oakland $15-20 leaving 11AM
comment below"
1346,"#ride04272025  Sunnyvale-Berkeley  |  9PM  |    |  1  seat
flexible  time"
1347,#ride09092024 #ride09162024 Palo Alto-Oakland $30 leaving 4:00 PM 🚗
1348,#drive07082024 Need a drive Berkeley -> Sunnyvale. Budget 25 dollars 😊
1349,#drive05182025 San Francisco-Sacramento | 7PM | $25 | 1 seat
1350,#drive08152025 Sacramento -> Berkeley | 10PM | $20 | 1 seat 😊
1351,#drive06182024 Need a drive from Sacramento to San Jose. Budget $25
1352,#drive01122025 Need a drive Fremont ➜ San Francisco. Budget 20 dollars
1353,#ride09162025 Davis ➜ Sunnyvale $30 leaving 4:10 PM
1354,#drive11272025 San Jose-Fremont | 10PM | $18 | 1 seat
1355,#ride05092024  RIDE!!  from  Oakland  to  Berkeley  10PM  $25  flexible  time
1356,#ride09042024 RIDE!! from Palo Alto to Fremont 7PM $35
1357,#drive07212025 #drive07242025 DRIVE!! Palo Alto ➜ Fremont 3:30 PM $10
1358,#drive04282024 Oakland to Fremont | 6:20 AM | $25 | 1 seat
1359,"#drive05212024 #drive05232024 Sacramento ➜ San Jose | 6:15 AM | $20 | 1 seat
comment below"
1360,#ride10162025 #ride10232025 San Jose to Okaland | 7AM | $30 | 1 seat
1361,#rdive01162025 San Francisco -> Palo Alto $40-45 leaving 1PM
1362,"San Francisco-Davis | 11:40 AM | $20-25 | 1 seat
pm me"
1363,#ride04212024 RIDE!! Berkeley to Sunnyvale 4PM 22 dollars !!
1364,#ride02132025 Berkeley ➜ Palo Alto $15 leaving 7AM 😊
1365,#drive05172025 Berkeley ➜ Oakland $22-32 leaving 11:50 AM
1366,#drive04302025 DRIVE!! Berkeley-Sacramento 11AM $35
1367,#drive04292024 #drive05062024 DRIVE!! Davis -> Berkeley 2PM
1368,#drive02242024 Palo Alto ➜ Berkeley | 9PM | $12-20 | 1 seat
1369,#drive07132025 Oakland -> Palo Alto 22 dollars leaving 10AM
1370,#drive11092024 DRIVE!! Sacramento ➜ Oakland 10PM
1371,d#rive04252024 Davis-Berkeley | 11AM | $25-33 | 1 seat
1372,#ride07192025 Fremont ➜ San Francisco $35-43 leaving 12:00 PM
1373,#drive03042025  Need  a  drive  Fremont  to  San  Francisco.  Budget  $12
1374,#ride10042025 Need a ride San Francisco-San Jose. Budget 4$0
1375,#ride04272024  RIDE!!  from  Sunnyvale  to  SF  1:50  PM  $35
1376,#ride02232024    #ride02242024  RIDE!!  San  Jose  ➜  Oakland  5PM  $15
1377,#ride06282024  Need  a  ride  Sacramento  ->  San  Jose.  Budget  $40  thx
1378,#ride03222024 Need a ride from Palo Alto to San Francisco. Budget $30! !
1379,#drive09102024  Need  a  drive  Berkeley  ➜  Sacramento.  Budget  $20
1380,#ride08062025 RIDE!! from Sunnyvale to San Francisco 11:10 AM
1381,#ride04242025 Oakland -> Sunnyvale $15 leaving P3M
1382,#ride07042025 Need a ride Berkeley to Fremont. Budget $15
1383,#drive03232024 DRIVE!! Berkeley -> Sunnyvale 7AM $15 !!
1384,#drive08052025 from Sac to Palo Alto $12 leaving 3PM
1385,#drive08202025 Need a drive Berkeley ➜ Fremont .Budget $15
1386,#ride07132024 RIDE!! Sacramento to Davis 7:20 PM $30
1387,#ride03262025 Fremont-Palo Alto $10 leaving 8PM
1388,#drive05262025 DRIVE!! Fremont to San Jose 9AM $15
1389,#drive02192024 Oakland ➜ Davis | 6:15 AM | $12 | 1 seat
1390,#drive08092025 Palo Alto-Berkeley | 5PM | $25 | 1 seat thx
1391,#ride08282024 RIDE!! Fremont-San Jose 7:15 PM $25 pls
1392,#drive09032024 DRIVE!! Palo Alto to SJ 9:40 PM $12
1393,#ride12122025 Davis ➜ Fremont 12 dollars leaving 7PM thx
1394,#ride09282024 Need a ride Palo Alto -> Fremont. Budget $18
1395,#ride03062025 Oakland ➜ San Francisco $10 leavign 8:45 PM
1396,#drive06212024 #drive06282024 from Sunnyvale to Davis | 6PM | $40 | 1 seat
1397,#drive12022024 Need a drive San Francisco-Palo Alto. Budget $15
1398,#drive06042024  Oakland  to  Sunnyvale  $12  leaving  6:50  AM
1399,#ride09232025 RIDE!! Sunnyvale-Palo Alto 9:15 AM 22 dollars
1400,#drive07142025 Davis to Fremont | 9:45 PM | $35 | 1 seat
1401,#drive0504202 5DRIVE!! Fremont -> Sunnyvale 8PM $30 !!
1402,#ride01282024 from Oakland to Berkeley  leaving 6AM
1403,#ride08302024  RIDE!!  San  Francisco-Sacramento  11:40  AM  35  dollars
1404,#drive04222025 San Jose ➜ Sacramento $30 leaving 4PM !!
1405,#drive09252024 Need a drive Sacramento➜ Sunnyvale. Budget $22
1406,Sacramento ➜ San Jose | 6:15 AM | $25-33 | 1 seat
1407,#ride07082024 Oakland to Sacramento $10 leaving 3PM
1408,#drive07052024 Need a drive Fremont-Davis. Budget $12
1409,#ride07142025 Need a ride SF to San Francisco. Budget $10
1410,#drive10212024 #drive10242024 Need a drive San Francisco ➜ Oakland. Budget 35 dollars
1411,#ride10252024 Need a ride Sacramento ➜ Berkeley. Budget $20
1412,"#ride07032024 #ride07052024 RIDE!! from San Francisco to Palo Alto 9:45 AM $15-25
flexible time"
1413,#drive04112024  Sacramento  ->  Davis  |  9:40  AM  |  $20  |  1  seat
1414,#ride09182024 RIDE!! from Sunnyvale to Berkeley 7AM $12
1415,#ride06062024 RIDE!! Sunnyvale-Fremont 10:30 AM $18
1416,#drive11142025 San Francisco ➜ Sacramento 22 dollars leaving 7AM thx
1417,#ride01212024 Need a ride Fremont -> Berkeley. Budget $30 😊
1418,#drive05232025 Need a drive Davis-Palo Alto. Budget !!
1419,#drive01062025 Need a drive from Sacramento to Palo Alto. Budget $30 🚗
1420,"#ride07062025 from Berkeley to San Jose | 7PM | $12 | 1 seat
anyone?"
1421,#drive08052025 Need a drive from Sacramento to Palo Alto. Budget 12 dollars
1422,#drive06182025 #drive06202025 Oakland-San Jose | 8:10 PM | $35-40 | 1 seat
1423,#ride05012024 Davis ➜ Fremont $20 leaving 2PM
1424,#ride10312024 Oakland ➜ Berkeley | 6:00 AM | $40 | 1 seat
1425,#drive03152024 Sunnyvale to Sacramento  leaving 2:00 PM
1426,#ride02122025 Sacramento ➜ Berkeley | 8:10 AM | $10 | 1 seat
1427,#ride03222025 #ride03242025 Need a ride Sacramento -> Sunnyvale. Budget 10 dollars
1428,#drive07262024 Need a drive Berkeley -> Sunnyvale. Budget $81 thx
1429,#ride12122025 Sunnyvale-Davis | 7:15 PM | $35 | 1 seat
1430,#ride10282024 SJ ➜ Oakland | 1PM | $12-17 | 1 seat
1431,#ride10072025 #ride10102025 from Fremont to SJ | 5PM |  | 1 seat
1432,#rid0e1182024 Need a ride Oakland-San Jose. Budget $22
1433,"#ride01022025  RIDE!!  Berkeley  ➜  Oakland  12:10  PM  $20
pm  me"
1434,#ride10182024 Sunnyvale-San Francisco $15 leaving 3:45 PM
1435,#drive08302025  Oakland-Fremont  |  7AM  |  $30-38  |  1  seat
1436,#ride05082025 Need a ride Oakland-Davis. Budget $18
1437,#ride11122024 #ride11132024 RIDE!! Fremont-Berkeley 6AM $20 pls
1438,#drive09122025 Sunnyvale to Sacramento $35-45 leaving 8PM thx
1439,#drive08042024 from Oakland to San Jose | 10PM | $15 | 1 seat 😊
1440,#drive04282025 Sunnyvale to Sacramento $15 leaving 9AM !!
1441,#drive12082024 DRIVE!! Sunnyvale to Fremont 11AM $22-30 !!
1442,#ride12082024 Berkeley to San Jose | 7:20 AM | $18 | 1 seat !!
1443,#drive08092024 Fremont-San Francisco $30 leaving 6:00 PM
1444,#drive05302024 Oakland ➜ San Francisco | 7:30 AM |  | 1 seat
1445,#ried02192025 RIDE!! San Jose ➜ Sunnyvale 12PM
1446,#drive08192024 DRIVE!! from Sunnyvale to aOkland 11AM $35 thx
1447,#ride10092024  RIDE!!  Davis-Sacramento  5:20  PM  $20
1448,#ride05062024 #ride05072024 RIDE!! Fremont to Palo Alto 7:30 PM 18 dollars
1449,"#drive12072024 DRIVE!! Davis to Fremont 11AM 35 dollars
flexible time"
1450,#ride09202025 San Jose-SF | 8AM | $20 | 1 seat
1451,#ride05232025 Fremont to Davis $35 leaving 7:50 PM
1452,#ride04132025 RIDE!! San Francisco to Sunnyvale 7:30 AM pls
1453,#ride01032025 Palo Alto -> San Jose | 11AM | $35 | 1 seat
1454,#ride06032024 San Francisco to Sacramento | 8:40 AM | $12-20 | 1 seat
1455,#drive07152025 Sacramento ➜ Palo Alto | 10PM | $35-43 | 1 seat flexible time
1456,#drive02052025  #drive02072025  DRIVE!!  Berkeley  to  Oakland  2PM  $20
1457,"#drive12152025 Need a drive Berkeley ➜ Fremont. Budget $15 pls
flexible time"
1458,#ride12202024 #ride12222024 RIDE!! from Sac to Oakland 5:20 PM $30
1459,#drive06302025 #drive07012025 Fremont-Sunnyvale | 6PM | 22 dollars | 1 seat
1460,#ride06172025 Need a ride from SJ to San Jose. Budget
1461,#ride01162025 Need a ride San Jose to San Francisco. Budget $12
1462,#ride08012024  Sunnyvale  to  San  Jose  $22  leaving  10:50  AM
1463,#drive01112024 San Jose to Sacramento | 6PM | $25 | 1 seat
1464,#ride10192024 #ride10262024 Sunnyvale to Oakland | 10AM | $25 | 1 seat 😊
1465,#drive04192024 Need a drive Berkeley-Sunnyvale. Budget $10
1466,#rid0e3202024 Davis -> Berkeley $12 leaving 7:15 PM
1467,#drive04212025 Need a drive Sac-San Francisco. Budget $20 🚗
1468,#drive06292025  from  Palo  Alto  to  Oakland  $12  leaving  11:20  AM  !!
1469,#ride10072025 RIDE!! Berkeley to SF 5:00 PM
1470,#drive02202025 #drive02222025 SJ -> San Jose $40 leaving 2:15 PM
1471,#driev05092024 DRIVE!! from Berkeley to Sacramento 2PM $12-22
1472,#drive06032024 Need a drive Sunnyvale-Davis. Budget $35-40
1473,#ride10022025 Palo Alto -> Sacramento | 6:00 AM | $18 | 1 seat
1474,#drive06082024 Berkeley ➜ Sacramento | 8AM | $35 | 1 seat
1475,#ride01142024 Need a ride Oakland -> Sunnyvale. Budget $25-35
1476,DRIVE!! Sac ➜ Sunnyvale 10PM $20
1477,#drive12202024 from Palo Alto to Sac $35 leaving 11:15 AM
1478,#ride07142024 RIDE!! from Berkeley to San Francisco 7:10 AM $40-48 !!
1479,#ride12302024 Need a ride Davis ➜ Fremont. Budget $20
1480,#ride04222024 Need a ride Sunnyvale to San Francisco. Budget $15 !!
1481,"#ride06082024 #ride06112024 RIDE!! Fremont ➜ Palo Alto 1:50 PM $25-30 thx
comment below"
1482,#drive10192024  Need  a  drive  Sunnyvale  ➜  Berkeley.  Budget  $15
1483,#ride01212025 Sunnyvale ➜ Palo Alto  leaving 5:10 PM thx
1484,#rdie05212024 RIDE!! SF-Davis 8PM $12-20 thx
1485,#ride11162024 Need a ride Palo Alto-Sunnyvale. Budget $25 pls
1486,#drive05012025 Berkeley ➜ Fremont | 11AM | $15 | 1 seat
1487,#drive03022024 Davis -> Palo Alto $20 leaving 3PM
1488,#ride01302024 Need a ride from San Francisco to Sunnyvale. Budget 20 dollars thx
1489,#ride08272024 RIDE!! Davis -> Berkeley 11:30 AM
1490,#drive09302025  Palo  Alto-San  Francisco  $12  leaving  6AM
1491,#ride03032024 Sacramento to Fremont | 12:20 PM | $18 | 1 seat
1492,#drive05212025 #drive05222025 Sacramento -> Fremont $22 leaving 8:40 AM
1493,"#drive07262024 Fremont ➜ San Jose 35 dollars leaving 7:10 PM
comment below"
1494,#drive09092024 Need a drive from Fremont to SF. Budget
1495,"#ride09272025  Nee  da  ride  Davis  ->  Fremont.  Budget  $35
anyone?"
1496,#drive03162025 #drive30192025 SJ to Palo Alto $30 leaving 2PM 😊
1497,#drive06262025 DRIVE!! Sunnyvale -> Sacramento 8:20 AM $12-22
1498,#drive03082025 #drive03112025 Berkeley -> Oakland $20 leaving 8MA 🚗
1499,#ride08082024  Oakland  ->  San  Francisco  35  dollars  leaving  10:20  AM
1500,#drive02222025 Davis to San Jose | 11:20 AM | $22 |1  seat pls
1501,Palo Alto to Oakland $35 leaving 5:50 PM
1502,#ride10012025 from Berkeleyt o SF | 7PM |  | 1 seat thx
1503,#ride07112024 RIDE!! Oakland to Sunnyvale 6PM $10
1504,#ride10052024 from Fremont to Davis  leaving 9PM thx
1505,#drive10082024 Berkeley ➜ Davis $10-20 leaving 8:40 AM
1506,#drive10112025 Davis to Fremont | 6:50 PM | 35 dollars | 1 seat
1507,#drive01262025 Davis to Oakland | 10:10 PM |  | 1 seat
1508,#rdive06052025 San Francisco-San Jose | 3PM | 40 dollars | 1 seat pls
1509,#drive05012025 #drive05042025 from Sac to Fremont | 1:30 PM |  | 1 seat
1510,#ride09142024 #ride09162024 Need a ride San Jose ➜ Fremont. Budget 18 dollars
1511,#drive02172024 DRIVE!! Davis -> San Jose 10AM
1512,#ride07262025 San Francisoc ➜ San Jose | 12PM | $15 | 1 seat !!
1513,#ride06152024 Need a ride Sunnyvale toS F. Budget $25
1514,"#drive11292024 from Davis to Oakland $35 leaving 4PM
pm me"
1515,"#drive12152025 Sacramento to Berkeley | 4:40 PM | $40 | 1 seat thx
comment below"
1516,#drive07032025 #drive07042052 from Palo Alto to Fremont leaving 11:30 AM
1517,#ride10212025 Sacramento-Palo Alto 12 dollars leaving 7PM
1518,#drive10242025  DRIVE!!  Sacramento-Davis  7AM  $22
1519,#ride11032025 Fremont ➜ Oakland $22 leaving 10:00 PM
1520,#ride03152024  San  Jose  ➜  San  Francisco  |  9:15  AM  |  40  dollars  |  1  seat
1521,#drive03302024 Need a drive from Fremont to Sacramento. Budget thx
1522,RIDE!!  Berkeley  to  Davis  10:40  PM  $18
1523,#ride06162024 #ride06192024 Need a ride from Davis to San Jose. Budget $30
1524,#drive09122025 from Berkeley to Oakland | 4:00 PM | $20 | 1 seat
1525,#ride02092025 RIDE!! Sacarmento ➜ San Jose 2PM $10
1526,#ride02012024 RIDE!! from Berkeley to Palo Alto 6:00 AM $18
1527,#drive02272024 DRIVE!! from Sac to SJ 11AM $30-38
1528,"#ride12252024 #ride01012025 Fremont to San Jose | 8PM | $30-38 | 1 seat
comment below"
1529,#ride04012024 from Berkeley to Sacramento $40 leaving 11AM 🚗
1530,#ride11052024 #ride11062024 San Jose-Davis $35 leaving 12:10 PM
1531,#ride10202024 #ride10272024 Sa nFrancisco -> Berkeley | 8AM |  | 1 seat
1532,#drive01122025 San Jose-SF $20 leaving 12:15 PM
1533,#ride08272025 Need a ride Berkeley to Davis. Budget $12
1534,#ride06152024  from  SF  to  Fremont  |  7AM  |  $15  |  1  seat
1535,#ride12082025 Oakland -> Fremont | 11:10 AM | $18 | 1 seat
1536,#ride01022024 RIDE!! Palo Alto -> Sunnyvale 11AM $35-45
1537,#drive03042025 from Fremont to Sunnyvale | 11:10 AM | $18 | 1 seat
1538,#ride07282024  RIDE!!  Davis  ➜  Palo  Alto  3:50  PM  $30-40  pls
1539,Need a drive Sacramento -> Oakland. Budget 12 dollars
1540,#ride04162025  Need  a  ride  San  Francisco  ➜  Palo  Alto.  Budget  $35
1541,#ride02082025  from  Oakland  to  Sunnyvale  |  4:10  PM  |  $12  |  1  seat
1542,#ride08222025 #ride08292025 Need a ride Sacramento-Sac. Budget $22 thx
1543,#ride11182024 RIDE!! Sacramento-Berkeley 6PM $20 thx
1544,#drive06212024 from Davis to Sunnyvale | 7PM | $40 | 1 seat pm me
1545,#ride06182025  RIDE!!  from  Palo  Alto  to  Berkeley  6:00  AM  40  dollars
1546,"#drive08242024  Sunnyvale  ➜  Palo  Alto  $10-18  leaving  9:40  PM
flexible  time"
1547,#ride03062025 #ride03092025 Fremont -> Sac $22 leaving 6PM
1548,#ride05082025  Sunnyvale-San  Jose  $12  leaving  6:00  AM
1549,Berkeley-Sacramento | 9PM | $12 | 1 seat
1550,#ried03152025 Need a ride from Oakland to Fremont. Budget thx
1551,#ride04082025 RIDE!! Sunnyvale to Berkeley 6AM $10
1552,#drive07052024 DRIVE!! Sunnyvale-Berkeley 6:50 AM $30
1553,#ride10042025 from Fremont to San Francisco $10 leaving 9PM
1554,#ride02272024 San Francisco ➜ Sacramento $12 leaving 7AM
1555,#drive12232025 Fremont ➜ Palo Alto | 6PM | $18 | 1 seat
1556,Berkeley -> Oakland $22-27 leaving 7AM
1557,#ride11202024 Need a ride San Francisco ➜ Sacramento. Budget 🚗
1558,#ride01062024 Need a ride Sunnyvale-San Francisco. Budget $12-20
1559,#ride08072024 from Sunnyvale to San Jose | 6:30 AM | $20 | 1 seat 😊
1560,#drive03162025 Need a drive San Jose-Berkelye. Budget 30 dollars
1561,#ride08132024 Need a ride Sunnyvale-Fremont. Budget $12
1562,#ride02292024 RIDE!! San Francisco ➜ Oakland 8:15 AM $30
1563,#drive10252025 Need a drive San Jose ➜ San Francisco. Budget
1564,#ride06162025 Davis-Berkeley $30 leaving 12:20 PM
1565,#drive01092024 DRIVE!! Berkeley -> Sacramento 9AM $40 pls
1566,#drive12182025 San Francisco to Sacramento | 7AM | $40 | 1 seat
1567,#ride07280225 San Jose-San Francisco | 7PM | $20 | 1 seat
1568,#ride02072025 Need a ride from San Jose to Palo Alto. Budget $25-33 !!
1569,#ride10262024 Fremon tto San Francisco $12 leaving 7AM
1570,#ride09212025 #ride09282025 Fremont-Oakland $12-22 leaving 6:40 AM !!
1571,#ride12122024 Need a ride Oakland to Berkeley. Budget $18
1572,#ride01132024  RIDE!!  Davis  to  Fremont  3PM  $40-45
1573,#ride03152025  San  Francisco-Berkeley  |  1PM  |  $18  |  1  seat
1574,#ride07212024 RIDE!! Palo Alto-Oakland 12:40 PM 10 dollars
1575,#ride01252025 Sacramento -> Sunnyvale $40 leaving 9:30 PM
1576,from Davis to San Francisco | 10AM | $18 | 1 seat
1577,#ride08012025 Need a ride from Sunnyvale to Sacramento. Budget $35
1578,#drive11112024 Need a drive Fremont ➜ Sacramento. Budget $12
1579,#ride04142025 RIDE!! Sacramento -> Sunnyvale 6:30 PM $12
1580,"#drive10292025 DRIVE!! Davis to Palo Alto 11AM $22
anyone?"
1581,#ride06142024  Need  a  ride  San  Jose  ->  Davis.  Budget  $20  flexible  time
1582,#ride11282024 RIDE!! Oakland-Berkeley 7:45 AM 20 dollars
1583,#drive11012025 San Jose ➜ Berkeley | 11:50 AM | $12 | 1 seat
1584,#ride01152024  RIDE!!  Berkeley-Sunnyvale  1:50  PM  $25
1585,#drive01262025 #drive02022025 Fremont to Berkeley | 5:10 PM | $25-30 | 1 seat pls
1586,#ride12092024 #ride12112024 San Francisco -> Davis | 10AM | $10-18 | 1 seat
1587,#drive02062024 Fremont ➜ San Jose  leaving 11:20 AM
1588,#ride10032025 Fremont ➜ Davis | 7AM |  | 1 seat !!
1589,#drive01202024  Davis  ➜  Oakland  |  10AM  |  $40  |  1  seat
1590,#drive06162024 San Jose to San Francisco 22 dollars leaving 12PM
1591,#ride08092025 RIDE!! from Oakland to Sunnyvale 2PM $35
1592,#ride07182025 from Sunnyvale to Sacramento | 5:30 PM |  | 1 seat !!
1593,#drive01232024 #drive01302024 DRIVE!! Sunnyvale to Sacramento 4PM $10-18
1594,#ride10222025 Need a ride Sac -> Palo Alto. Budget $20-25
1595,#ride10162024 Need a ride Palo Alto-Fremont. Budget
1596,#ride11172024 Sacramento ➜ San Jose $30-38 leaving 7AM
1597,#ride08272025 #ride08292025 Oakland-Fremont $40 leaving 10PM
1598,"#drive04082024 San Jose to Davis $35 leaving 11AM !!
flexible time"
1599,#drive07232025 Need a drive from San Francisco to San Jose. Budget 18 dollars 😊
1600,#ride08312024 Need a ride San Jose to Sunnyvale. Budget
1601,Need a drive San Jose to Sunnyvale. Budget $18-23
1602,#ride12132024 San Francisco -> Sacramento | 11:10 AM |  | 1 seat
1603,#drive12262025 Need a drive Oakland to Berkeley. Budget $22
1604,#drive02122025 from San Francisco to Fremont $18 leaving 4:20 PM pls
1605,Palo Alto -> Oakland $12 leaving 11:00 AM
1606,#drive02062025 SJ ➜ Fremont | 2:45 PM | $30 | 1 seat
1607,#ride05062024 Need a ride SJ -> San Francisco. Bduget
1608,#ride01102024 Sacramento to San Francisco | 7:30 AM | $15 | 1 seat
1609,#ride08082025 San Jose to Sunnyvale | 9:50 AM | $12 | 1 seat
1610,#ride10202025 Davis ➜ Fremont $35 leaving 12PM 😊
1611,#drive03032024 DRIVE!! Oakland-Davis 8:40 PM $30
1612,#rid1e1032025 RIDE!! Davis -> San Francisco 1PM $30-38
1613,#drive02182025 DRIVE!! San Francisco-San Jose 5PM $22
1614,"#drive05102024  from  San  Francisco  to  Fremont  $15  leaving  11:15  AM
comment  below"
1615,#ride10132025 San Jose to Sunnyvale | 8:15 AM | $20 | 1 seat
1616,#ride05152024 Davis -> San Jose | 9PM | $30 | 1 seat
1617,#ride12092025 Need a ride from Sunnyvale to Oakland. Budget $35
1618,#drive04132025 Need a drive Palo Alto-Sunnyvale. Budget 12 dollars
1619,#ride04082025 RIDE!! Berkeley ➜ San Francisco 10PM
1620,#ride03172024 Need a ride Sunnyvale to Oakland. Budget
1621,#ride05162024 #ride05232024 Davis-Fremotn  leaving 9:10 PM
1622,#ride10262025 Berkeley to Sunnyvale | 2PM | $20 | 1 seat
1623,#drive09082024 Davis -> Palo Alto  leaving 7PM
1624,#drive07222025 Need a drive Sacramento to Fremont. Budget !!
1625,#drive07082024 Palo Alto-Davis $18 leaving 10PM
1626,#drive11042024 Need a drive from Davis to San Jose. Budget 35 dollars
1627,#ride01072024 from Oakland to Palo Alto | 8AM | 20 dollars | 1 seat
1628,#drive12032025  DRIVE!!  San  Francisco-Fremont  4:40  PM  $40  😊
1629,#ride06302024 Need a ride from Berkeley to Sacramento. Budget $25 pls
1630,#ride03042024 Davis-SF $12 leaving 11AM
1631,#ride09052025  Palo  Alto  ➜  Sacramento    leaving  8PM
1632,#drive03212025  DRIVE!!  Fremont  ->  San  Jose  10:30  AM  $30
1633,#drive10212025  DRIVE!!  Berkeley-Palo  Alto  11AM  $20
1634,#ride03122025 RIDE!! Sunnyvale ➜ San Francisco 11:20 AM $12
1635,#drive12102024 from Sacramento to Fremont  leaving 11:45 AM
1636,#drive02252024 DRIVE!! Sac ➜ Berkeley 4PM
1637,#ride01242025 Sunnyvale to Sac $40 leaving 12:20 PM
1638,#drive02172025 DRIVE!! Sunnyvale-Berkeley 6AM $40
1639,#drive09172025 Need a drive Fremont -> San Francisco. Budget
1640,#ride09092024 from San Francisco to Sacramento | 2:10 PM | 22 dollars | 1 seat
1641,#ride10212025  Sunnyvale  ➜S  acramento  |  10:45  AM  |  $30-38  |  1  seat
1642,#ride06292024 RIDE!! Fremont-SF 8:15 AM $20-28
1643,#ride04162024 Palo Alto to Sacramento | 9AM | $35 | 1 seat
1644,#drive02122024 #drive02192024 San Jose-Sunnyvale  leaving 12:00 PM 🚗
1645,#ride03142025 Davis -> Oakland | 4:15 PM | $40 | 1 seat !!
1646,#ride01192024 SF-Sacramento  leaving 5PM
1647,#ride07262024 RIDE!! Oakland ➜ San Jose 8:45 AM $30
1648,#ride01142025 from Sunnyvale to Sacramento | 10:50 PM | $35 | 1 seat
1649,"#drive11132025 Sacramento to Fremont $10 leaving 1:00 PM
flexible time"
1650,#ride02082025 Need a ride from Fremont to Berkeley. Budget
1651,#ride03142024 Davis-San Jose | 9:10 AM | $30 | 1 seat
1652,#drive06082025 San Francisco to Davis 40 dollars leaving 5:15 PM thx
1653,#ride08062025 from Oakland to Fremont$ 20 leaving 7:50 PM
1654,#ride04192024  #ride04212024  Sacramento  ->  San  Francisco  $30  leaving  5PM
1655,#ride08082024 RIDE!! San Jose-Palo Alto 9AM 40 dollars
1656,#drive10052024 Berkeley to Oakland leaving 12PM 🚗
1657,#drive01112025 Davis to Fremont $20 leaving 2:45 PM
1658,#drive06142025  from  Davis  to  Oakland  |  2:45  PM  |  $20  |  1  seat
1659,#drive09052024 Need a drive Sacramento to Davis. Budge t$15 thx
1660,#ride07092024  Need  a  ride  Sunnyvale  to  San  Francisco.  Budget  $35-40
1661,#drive10062024 Berkeley to Oakland  leaving 6:50 PM 🚗
1662,"#drive05162024 Need a drive Oakland-Sunnyvale. Budget $10
anyone?"
1663,#ride10242025 RIDE! !from Fremont to San Francisco 9:45 AM $25
1664,RIDE!! Sunnyvale to Fremont 6:30 PM $20 pls
1665,Sacramento-San Jose | 6:40 PM |  | 1 seat pls
1666,#drive12192025 DRIVE!! Fremont ➜ Oakland 3PM $40 😊
1667,#drive07042024 Sacramento -> San Francisco | 3:40 MP | $15-23 | 1 seat
1668,"#ride06222024  Need  a  ride  San  Jose  ->  Berkeley.  Budget  $18
flexible  time"
1669,#ride04102024  #ride04112024  RIDE!!  Davis-Berkeley  6:00  AM  $35-40
1670,#drive04292025 Need a drive San Francisco-Sacramento. Budget 10 dollars
1671,"#drive08242025 Need a drive San Francisco-Sunnyvale. Budget
anoyne?"
1672,#drive04172025 Need a drive from Davis to Sunnyvale. Budget $35
1673,#drive12192024 Need a drive Oakland ➜ Berkeley. Budget
1674,Davis -> San Jose | 10AM | $15-23 | 1 seat
1675,#ride08282024 Davis -> San Francisco $10 leaving 4PM
1676,#drive05022024 #drive05032024 Need a drive San Francisco to Davis. Budget $20
1677,#ride08012024  RIDE!!  Sac-Fremnot  8:20  PM  $40
1678,#ride07052024 RIDE!! Fremont ➜ Palo Alto 1PM $22-32
1679,#ride02112024  Need  a  ride  from  Berkeley  to  Sacramento.  Budget  $30-40
1680,#drive04142024 Need a drive Sunnyvale to San Francisco. Budget $25
1681,#ride11222025 RIDE!! from Sunnyvale to Sacramento 10AM $30
1682,#drive09232024 Need a drive from Berkeley to Oakland. Budget $35 !!
1683,#drive10182025 Need a drive from Berkele yto Sacramento. Budget
1684,#drive02262025  DIRVE!!  Fremont-Sacramento  3:20  PM
1685,#ride04112025 Need a ride from Sacramento to Sunnyvale. Budget 30 dollars
1686,#drive10182025 Davis-Fremont | 3PM | $15 | 1 seat
1687,#drive03262024 Need a drive Berkeley -> San Francisco. Budget 22 dollars
1688,"#drive05052024 Need a drive San Francisco to Berkeley. Budget $40-48 😊
flexible time"
1689,#drive05112024 from San Jose to Fremont | 9PM | 22 dollars | 1 seat pls
1690,#ride01012024 Need a ride Fremont -> San Jose. Budget $18 🚗
1691,#drive10112024 #drive10182024 Oakalnd -> Davis | 6:30 AM | $12 | 1 seat
1692,#ride01242025 RIDE!! San Jose to Fremont 3:20 PM 20 dollars
1693,#drive03282024 Fremont-Oakland $40 leaving 6PM
1694,"#ride01022025 Need a ride Oakland-Palo Alto. Budget $18 thx
comment below"
1695,#drive10032024 Need a drive Fremont to Davis. Budget
1696,"#drive09092025 from San Jose to San Francisco  leaving 6AM 🚗
comment below"
1697,#ried01062025 Davis ➜ Fremont 22 dollars leaving 10AM
1698,#ride05312025 Fremont -> Palo Alto | 6PM | $18-26 | 1 seat !!
1699,#drive11242024  Sunnyvale  ➜  Sacramento  |  6PM  |  30  dollars  |  1  seat
1700,#drive08102025 Need a drive Berkeley to San Jose. Budget $18
1701,"#drive05102024 Need a drive from Berkeley to San Jose. Budget $30 thx
comment below"
1702,#drive08012024 Oakland to San Jose $35 leavign 7:15 AM
1703,#ride08152025 Need a ride San Francisco to Oakland. Budget $12 !!
1704,#ride09232024 from Fremont to Berkeley | 7:40 AM | $15 | 1 seat
1705,#ride06222024  Need  a  ride  from  San  Jose  to  Sacramento.  Budget
1706,#drive03082025 DRIVE!! from San Jose to Berkeley 12PM $20
1707,#ride07262025 Sacarmento-San Jose | 6PM | $15-20 | 1 seat
1708,#ride03102025 RIDE!! Berkeley to Sacramento 10AM $35
1709,#drive02072024 San Francisco-Palo Alto  leaving 9:45 AM
1710,#ride12302024 Need a ride from Berkeley to Sac. Budget $12
1711,#ride07062025 Palo Alto -> Oakalnd | 3PM | $30 | 1 seat
1712,#ride04302024 San Jose ➜ San Francisco $22 leaving 10:45 PM
1713,#ride04142024 Fremont-Sunnyvale $15 leaving 1PM
1714,#drive10122025  Oakland  to  Palo  Alto  |  2:10  PM  |    |  1  seat
1715,#ride09252024 Oakland ➜ Palo Alto | 5:40 PM | $35 | 1 seat
1716,#ride04142025 Palo Alto-Fremont $10 leaving 4PM 😊
1717,#ride07312025 San Francisco to Sacramento $18 leaving 3PM
1718,#drive08162025 San Francisco to Berkeley  |3:10 PM |  | 1 seat pls
1719,#ride06042024 Oakland to Davis | 6:00 AM | $20 | 1 seat
1720,#ride05092025 Need a ride Berkeley ➜ Sunnyvale. Budget $12
1721,#drive04152025  Need  a  drive  San  Francisco-Davis.  Budget  $25
1722,#drive07152025 DRIVE!! Sacramento-Davis 3:50 PM $18
1723,Fremont to Sacramento leaivng 6:30 AM
1724,#ride04162024 from Davis to Palo Alto  leaving 3:50 PM pls
1725,#ride09022024 from SF to Berkeley $20 leaving 2PM
1726,#irde08222025 #ride08242025 Need a ride from Sunnyvale to Palo Alto. Budget $20
1727,#drive11082024  Need  a  drive  San  Jose  ➜  Berkeley.  Budget  $35  🚗
1728,#ride04062025 RIDE!! Davis to San Francisco 10:30 AM
1729,#ride10132025 San Jose to Fremont leaving 8:00 AM flexible time
1730,"#drive11082025 San Jose to Sacramento  leaving 10:00 PM
anyone?"
1731,#drive05192024 San Jose-San Francisco | 8AM |  | 1 seat
1732,#drive04182024 Need a drive SF -> Oakland. Bduget $22
1733,#ride01052025  RIDE!!  San  Jose-Berkeley  9:20  AM  $12  pls
1734,#drive07202025 Need a drive San Jose-Oakland. Budget $25 thx
1735,#drive11212025 Need a drive Oakland ➜ Palo Alto. Budget $10
1736,#ride12202024 Need a ride from Davis to Fremont. Budget $40-48
1737,#drive07142024 DRIVE!! from Berkeley to Oakland 8AM $25 🚗
1738,"#drive09062024  Davis  ➜  Fremont  $22-27  leaving  10:10  AM
anyone?"
1739,#drive04272025 Need a drive Palo Alto ➜ Davis. Budget $35 pls
1740,"#drive10202024 from San Francisco to Fremont | 10AM |  | 1 seat
flexible time"
1741,#ride10312025 Need a ride San Francisco ➜ Sunnyvale. Budget $10-18
1742,#ride02132025 Sacramento -> Berkeley $15 leaving 4PM
1743,#drive04232025 from Sacramento to Berkeley $18 leaving 6:40 PM pls
1744,#ride05142024 Need a ride Davis -> Sunnyvale. Budget $40
1745,#drive07292025  Sacramento-Berkeley  |  10AM  |  $12  |  1  seat  😊
1746,#drive04292024 Need a drive Oakland -> San Francisco. Budget $10
1747,#ride12222025  Need  a  ride  San  Francisco  ➜  Davis.  Budget  $10  !!
1748,Sacramento -> Oakland | 6PM | $15 | 1 seat
1749,#drive09222025 DRIVE!! San Jose-Oakland 11:10 AM 15 dollars
1750,#drive02052024 DRIVE!! Palo Alto -> Davis 8:45 PM $10
1751,#ride11282024 Need a ride Davis ➜ Fremont. Budget $25 !!
1752,#ride09052024 Need a ride Berkeley-Sacramento. Budget $25
1753,#ride10082024 Need a ride Oakland ➜ Palo Alto. Budget $40
1754,#drive09252025  DRIVE!!  Sunnyvale  ->  Sacramento  2:50  PM  $22-30
1755,#ride06042024 Berkeley -> San Jose | 4:15 PM | $18 | 1 seat
1756,#ride11142025 Need a ride Davis-San Jose. Budget $25 🚗
1757,"#drive03052025 Sunnyvale ➜ San Jose 12 dollars leaving 11AM 🚗
flexible time"
1758,#drive09022025  DRIVE!!  Sacramento  to  San  Francisco  10AM  $15-25
1759,#ride03112024 RIDE!! Sunnyvale to San Jose 12:50 PM $22-32
1760,#drive08252025 #drive08262025 DRIVE!! Davis ➜ San Francisco 10:30 PM $30
1761,#ride02052024  #ride02122024 San Francisco -> SF | 7AM | $22 | 1 seat
1762,#ride10162025 Berkeley-San Francisco $12 leaving 10:15 AM
1763,#drive01082024 Need a drive from Sunnyvale to Palo Alto. Budget
1764,#ride01222025 RIDE!! San Francisco-San Jose 4PM $22
1765,"#ride02012024 Need a ride from Berkeley to Fremont. Budget $35
flexible time"
1766,#drive06112025 Sac ➜ SF  leaving 6PM
1767,#ride04232025  Fremont  to  Oakland    leaving  4:10  PM
1768,#ride11062024 RIDE!! Oakland ➜ San Francisco 7:40 PM $20
1769,#ride01012024 RIDE!! Fremont to San Francisco 1:10 PM $30
1770,#ride11152025 San Francisco-San Jose | 9AM | $20 | 1 seat
1771,#ride10232025  #ride10252025 Need a ride Davis-San Francisco. Budget $15
1772,#ride11282024 Sunnyvale to Oakland $18 leaving 1:15 PM
1773,#drive05172024 Need a drive from Fremont to Palo Alto. Budget $12-22
1774,#ride05052024  Need  a  ride  San  Jose-Oakland.  Budget  15  dollars
1775,#drive07212024 San Jose-San rFancisco | 5PM | $22 | 1 seat
1776,Sacramento to Fremont $25-33 leaving 9PM
1777,#ride04222025 Oakland ➜ Davis $35 leaving 2PM
1778,#drive09122025 Oakland to Davis | 4:30 PM | $22 | 1 seat
1779,#ride09092024 Need a ride Davis to Sunnyvale. Budget $10
1780,#drive06082024 Oakland -> San Jose | 6:10 PM | $20 | 1 seat !!
1781,#drive12312025 Oakland ➜ Sunnyvale | 5:00 PM | $22 | 1 seat
1782,#ride08082024 #ride08102024 from San Francisco to Palo Alto $18 leaving 11:45 AM
1783,#ride04032025  Sunnyvale  ->  Fremont  |  5PM  |    |  1  seat  !!
1784,#ride01112024 #ride01132024 Need a ride Oakland to Fremont. Budget $22
1785,#ride11132024 #ride11162024 RIDE!! San Jose-Palo Alto 7PM $18
1786,"#ride02112025 San Francisco ➜ Berkeley 20 dollars leaving 10:40 AM
comment below"
1787,#drive01272024 #drive02032024 from Palo Alto to SJ | 4PM | $12 | 1 seat 😊
1788,#ride11212025 San Jose to Sunnyvale $40 leaving 8PM
1789,#ride04072024 Sunnyvale to San Jose leaving 7AM anyone?
1790,"#drive07112025 DRIVE!! San Francisco -> Sacramento 1PM $10
comment below"
1791,#drive01242025 DRIVE!! from San Francisco to Davis 8:00 AM $20
1792,#ride01102025 RIDE!! Sacramento to Fremont 3PM $10 😊
1793,#ride04092025 #ride04162025 Need a ride from Fremont to Davis. Budget $30
1794,#ride11102025 Need a ride Davis to Fremont. Budget $18
1795,#drive03192024 DRIVE!!P alo Alto -> Oakland 8:00 AM $35
1796,#drive10152025 Need a drive San Jose -> Sunnyvale. Budget $18
1797,#ride03102024 Need a ride Berkeley-Sunnyvale. Budget $25
1798,#drive08022025 Need a drive Fremont-Palo Alto. Budget $12-17
1799,#drive09152024 #drive09172024 San Jose ➜ San Francisco $30 leaving 6:30 PM 😊
1800,#ride02292024  Need  ar  ide  San  Jose  ➜  San  Francisco.  Budget  $15-25
1801,#ride01082024 from Sunnyvale to San Jose $18 leaving 11AM
1802,Berkeley-San Francisco $10 leaving 9:10 AM
1803,#ride04282025 from Fremont to Berkeley $12 leaving 6AM
1804,#ride06302205 #ride07022025 Need a ride Sacramento to Davis. Budget $18
1805,#drive06012025 #drive06022025 DRIVE!! from Sunnyvale to San Francisco 10:15 PM $10
1806,#ride03172024 RIDE!! Sunnyvale -> Davis 12PM $15
1807,"#ride02242025 San Francisco -> Palo Alto  leaving 12PM !!
flexible time"
1808,#drive02042025  #drive02062025  from  Sacramento  to  San  Francisco  |  11:45  AM  |  $22  |  1  seat
1809,#ride11092024 Need a ride Sacramento ➜ Fremont. Budget $25
1810,#ride08212024 from Fremont to San Jose  leaving 4:15 PM 😊
1811,#ride06042024  San  Francisco  ➜  Fremont  $18  leaving  9:45  AM
1812,#drive09032025 Need a drive Sacramento-Fremont. Budget $10 !!
1813,#ride12222024 Need a ride Davis ➜ Palo Alto. Budget $15-20
1814,#ride04222025 RIDE!! Palo Alto -> Berkeley 10AM $35-43 flexible time
1815,#ride04202024 Palo Alto ➜ Sunnyvale | 6:10 PM | $35 | 1 seat
1816,#ride01252024 Davis-Oakland $15-23 leaving 2:10 PM
1817,#ride04222025 RIDE!! Sacramento -> Fremont 9:30 AM $30
1818,#drive06212024 Davis -> Sunnyvale $35 leaving 2PM
1819,#ride06022024 Palo Alto-SJ | 7PM | $20 | 1 seat
1820,#ride03032024 Need a ride Sunnyvale ➜ San Francisco. Budget $40-50 🚗
1821,#ride11032024  Sac  ➜  Palo  Alto  $40  leaving  8AM
1822,#drive05042024 from Oakland to San Jose | 5PM | $18 | 1 seat thx
1823,#drive07152024 San Jose -> Fremont $20 leaving 6PM
1824,#ride06122025  #ride06132025  Sunnyvale  ->  Palo  Alto  |  9:45  PM  |  $15-23  |  1  seat
1825,#drive05272024 San Francisco -> Sacramento 15 dollars leaving 12PM
1826,#drive05072025 DRIVE!! Oakland -> San Francisco 12PM $18
1827,#ride10262025 RIDE!! from Davis to Palo Alto 4:20 PM 30 dollars
1828,#ride12142025 RIDE!! San Jose ➜ Sunnyvale 12PM $25
1829,#drive10292025  Need  a  drive  Sunnyvale-SF.  Budget  $35  🚗
1830,#drive04202024 #drive04232024 San Jose-Davis | 11:45 AM | $12-17 | 1 seat
1831,#ride08122024  Need  a  ride  Sacramento  ->  Oakland.  Budget  $10
1832,#ride08122025  #ride08142025 Need a ride Davis ➜ Fremont. Budget $15
1833,#drive01262025 DRIVE!! Palo Alto -> Davis 10AM $15
1834,"#ride01012024 Palo Alto-Fremont $20 leaving 10:15 AM
anyone?"
1835,#drive08262025 Sacramento -> Palo Alto | 6AM | $20 | 1 seat !!
1836,#ride09082025 San Jose -> Davis  leaving 9AM 😊
1837,#ride01142025 RIDE!! Sunnyvale-Oakland 10PM $10
1838,#ride12072024 RIDE!! San Francisco-Oakland 9:00 PM
1839,"#ride10082024 San Francisco ➜ Oakland | 11AM | $20 | 1 seat
anyone?"
1840,#drive11202025 from SF to Fremont | 9:50 PM | $12 | 1 seat 😊
1841,#ride08132024 Palo Alto ➜ Sunnyvale $20 leaving 8:15 PM
1842,#drive08112024 Need a drive Davis -> Palo Alto. Budget
1843,Palo Alto ➜ Fremont $10 leaving 8:30 AM
1844,#ride08262024 #ride09022024 Need a ride Sacramento -> Fremont. Budget $30-38
1845,#drive11212025 San Francisco ➜ Palo Alto | 8PM | 10 dollars | 1 seat 😊
1846,#ride03082024 RIDE!! Oakland ➜ Palo Alto 2:30 PM $40 pls
1847,#ride06212024 Need a ride Sunnyvale -> Davis. Budget $30
1848,#ride12142025 from Oakland to Berkeley $10 leaving 6:50 PM !!
1849,#ride09182024 Palo Alto to SF | 10:30 PM | $40-48 | 1 seat
1850,#ride01062025 from San Jose to Palo Alto | 3:15 PM | $10-18 | 1 seat
1851,#ride11142024 Need a ride Fremont ➜ San Francisco. Budget $10
1852,#drive08262024 Davis -> Oakland | 5:10 PM | $40 | 1 seat
1853,#drive05232024 Palo Alto ➜ Oakland $25 leaving 6:30 PM thx
1854,#drive10232024 Need a drive San Francisco-Oakland. Budget $25
1855,#drive09302024 San Francisco-Fremont $12 leaving 4:50 PM
1856,#drive10282025 Oakland to Davis $10 leaving 4:20 PM pm me
1857,#drive09182024 DRIVE!! Davis -> Sac 4:15 PM $40
1858,#drive08202024 San Jose-Oakland | 6AM | $35 | 1 seat
1859,#ride09012025 Need a ride Palo Alto-Davis. Budget $20
1860,#drive12242025 Need a drive from Sacramento to San Jose. Budget 10 dollars thx
1861,#ride01212024 RIDE!! Sacramento to Oakland 11:10 AM 40 dollars
1862,#ride04282025 RIDE!! San Jose-Berkeley 8PM $35-45
1863,#drive04142025 Davis -> San Francisco $35 leaving 2PM
1864,#ride03172024 Need a ride San Francicso ➜ Oakland. Budget 😊
1865,Palo Alto to Sunnyvale | 7:10 PM |  | 1 seat
1866,#ride09172025 Need a ride Palo Alto to San Jose. Budget
1867,"#drive08252025 Fremont to Berkeley  leaving 1:30 PM
anyone?"
1868,#drive06172025 Fremont to Davis $25 leaving 10:00 PM thx
1869,#drive01072025 San Jose-Sacramento | 10:10 AM | $25 | 1 seat
1870,#ride12102024 Davis ➜ San Francisco | 3PM | $15-25 | 1 seat
1871,DRIVE!! Davis-San Francisco 8PM $35
1872,#ride01122024 RIDE!! Palo Alto -> San Jose 10AM $20 🚗
1873,Berkeley -> SJ | 10:40 PM | $20-25 | 1 seat
1874,RIDE!! Fremont -> Sunnyvale 7:15 AM
1875,#ride09222024 Davis-Berkeley | 1:10 PM |  | 1 seat
1876,#ride09122025  San  Jose  ->  Sunnyvale  |  2:15  PM  |  $15-20  |  1  seat
1877,#drive10042025 Davis to San Jose $30 leaving 8PM
1878,#drive03132025  Sunnyvale  ->  San  Francisco  $1  0leaving  6PM
1879,#ride07172025  Sacramento-Davis  $35  leaving  10AM
1880,#drive09232025 DRIVE!! Davis ➜ Berkeley 6:50 AM 22 dollars
1881,#drive01252025 Need a drive Berkeley-San Jose. Budget pls
1882,#drive08022025  Fremont-San  Jose  |  12:45  PM  |  $20-28  |  1  seat  🚗
1883,#drive08102025 DRIVE!! Berkeley to Sunnyvale 10PM $40 😊
1884,Sunnyvale ➜ SJ $30 leaving 8:45 PM
1885,#drive05142042 from SJ to Oakland | 5PM | $12-22 | 1 seat
1886,#ride10132025 RIDE!! from San Francisco to SJ 12:00 PM pm me
1887,#drive05272024 Oakland to Palo Alto $35 leaving 6AM
1888,#ride09102024 Need a ride from Davis to Oakland. Budget $12
1889,#ride08082024 Need a ride Palo Alto -> Fremont. Budget $30
1890,"#drive05152024 Need a drive Sunnyvale to Davis. Budget $25
anyone?"
1891,#drive07112025 from San Jose to Palo Alto $25-30 leaving 3:10 PM thx
1892,#ride06142024  RIDE!!  Oakland  ->  San  Francisco  10:00  AM  $20-25
1893,#ride12302025 Palo Alto -> Fremont | 4:10 PM |  | 1 seat
1894,#drive11202024 DRIVE!! Fremont ➜ SF 6:40 AM $25
1895,#ride12162025 San Francisco-Fremont | 9:15 AM |  | 1 seat
1896,#ride05272024  from  Sunnyvale  to  SF  |  6:20  AM  |  $40  |  1  seat  pls
1897,Need a ride Palo Alto to Oakland. Budget 12 dollars thx
1898,#drive04042025 Sacramento ➜ Fremont $40 leaving 1:40 PM
1899,"#ride03072024 RIDE!! Davis ➜ San Francisco 5:40 PM $40 pls
pm me"
1900,#ride12262025 Davis to Berkeley | 10:10 MA | $10 | 1 seat
1901,from Fremont to Sacramento | 6:40 AM | 35 dollars | 1 seat thx
1902,"#drive09162024 Sacramento-Davis | 1:20 PM |  | 1 seatp
m me"
1903,#drive03212024 Need a drive Sacramento to Fremont. Budget $18
1904,#drive11042025 Palo Alto ➜ Fremont | 10:20 AM | $20 | 1 seat
1905,#ride05292024 Need a ride Sacramento-Palo Alto. Budget $30
1906,#drive02192024 DRIVE!! from Berkeley to Sunnvyale 6:50 PM $20
1907,"#ride08152025  from  Fremont  to  Oakland  |  10PM  |  $25-30  |  1  seat
anyone?"
1908,#drive11232024 Need a drive from Oakland to Palo Alto. Budget $22
1909,#drive01202024 Davis-Berkeley | 8:45 AM | $40 | 1 seat
1910,"#ride09282025  RIDE!!  San  Jose-Sacramento  7AM  $15-20  😊
flexible  time"
1911,#ride11232024 Oakland ➜ Sacramento | 8:15 PM | $22 | 1 seat
1912,#drive05012025  DRIVE!!  from  Palo  Alto  to  Berkeley  6PM  $40
1913,#ride09212025  Palo  Alto  to  San  Jose  $20  leaving  10PM
1914,#drive11222024 Need a drive Berkeley -> Sunnyvale. Budget $25-35
1915,#drive08312024 from Davis to Berkeley | 6AM | $25 | 1 seat
1916,#drive08212024 Need a drive Oakland ➜ Palo Alto. Budget $40 thx
1917,#ride03082025 Need a ride Fremont to Sacramento. Budget $40 !!
1918,#ride03112024  from  Oakland  to  San  Francisco  |  11:15  AM  |  15  dollars  |  1  seat
1919,#ride09082024 RIDE!! Fremont-San Jose 10PM $30-35
1920,#ride01222024 Need a ride Davis -> Oakland. Budget $20 🚗
1921,#drive04132025 Berkeley-San Francisco $12 leaving 5:30 PM
1922,#drive09122024  #drive09152024  Palo  Alto-Sunnyvale  $22-30  leaving  9:30  AM  !!
1923,#driev06032025 Need a drive San Francisco-Davis. Budget $40-48 pls
1924,"#ride06112025 IRDE!! Palo Alto to SJ 3:45 PM $15-25 🚗
comment below"
1925,#drive02152024  San  Jose  ➜  Sunnyvale  $35-40  leaving  4:45  PM
1926,"#ride09112024 RIDE!! from San Jose to SJ 4PM $18
pm me"
1927,#ride09012024 Need a ride Fremont ➜ Sunnyvale. Budget $22
1928,#ride01032025 Sunnyvale to Fremont $15 leaving 10PM
1929,"#drive05262025 Need a drive Sunnyvale -> Fremont. Budget $12-17
flexible time"
1930,#ride09222024 Need a ride San Jose -> Fremont. Budget $12
1931,#drive11282024 Fremont ➜ San Francisco $15 leaving 12:45 PM
1932,#irde08102025 Need a ride Sunnyvale-Palo Alto. Budget $25
1933,#drive02162024 Davis-Oakland 30 dollars leavign 1PM
1934,#drive08152024  DRIVE!!  from  Sunnyvale  to  Palo  Alto  6PM  $15-20
1935,#drive0916202 5Sacramento-SF $35 leaving 5PM
1936,#ride08022024 RIDE!! Fremont ➜ Oakland 8AM $35
1937,#drive11122024  DRIVE!!  Davis  ➜  Sunnyvale  10PM  $40
1938,#ride10092024 Need a ride Sacramento ➜ Sunnyvale. Budget 25 dollars pls
1939,"DRIVE!! Palo Alto to Oakland 8AM $35
pm me"
1940,#ride07202024  #ride07222024  Need  a  ride  Fremont-San  Francisco.  Budget  $22
1941,#ride07042024 RIDE!! Sacramento ➜ SJ 9PM $30
1942,#ride05132024 #ride05152024 RIDE!! Fremont to San Francisco 2PM $18
1943,"#ride10082025 San Jose to Davis | 9AM | $25 | 1 seat
flexible time"
1944,#ride05122025 RIDE!! Sacramento ➜ SF 6PM $30
1945,#ride03312025 from Oakland to San Francisco | 10AM | $15-20 | 1 seat !!
1946,#drive03102025 Need a drive Berkeley ➜ Davis. Budget 18 dollars
1947,#ride02042024 RIDE!! Davis-Sunnyvale 7AM 18 dollars
1948,#drive07292025 from Oakland to Berkeley | 7PM | | 1 seat
1949,#drive02272024 San Jose to Fremont | 10:10 PM | $35 | 1 seat
1950,#drive11022025 Berkeley -> Fremont $12 leaving 8:30 AM
1951,#ride12092025 Sunnyvale ➜ Fremotn $35 leaving 9:40 PM
1952,#drive12272024 #drive01032025 Sunnyvale-Palo Alto | 7PM | $35 | 1 seat
1953,#drive05212025 Palo Alto -> San Jose | 8:00 AM | $25 | 1 seat
1954,#ride10172025 RIDE!! Fremont -> Berkeley 8:50 AM $25 🚗
1955,#drive05062024 #drive05092024 DRIVE!! from Oakland to Palo Alto 9AM $12
1956,#ride11232024 #ride11252024 RIDE!! from Oakland to Sacramento9 PM $18
1957,#drive08252025 DRIVE!! Sunnyvale -> SJ 10PM $18-23
1958,#ride04242025 San Francisco  ➜Sunnyvale | 9:30 PM | $40 | 1 seat
1959,#ride06232025 Sacramento ➜ Berkeley |7 PM | $25 | 1 seat
1960,#ride05012025 RIDE!! Sacramento -> San Jose 6:30 AM 12 dollars
1961,#drive07242025 Sacramento to Davis $12 leaving 4PM
1962,#drive10232024 DRIVE!! Sunnyvale ➜ San Jose 2PM $25
1963,#ride03172024  Need  a  ride  Berkeley  ➜  Palo  Alto.  Budget  $10
1964,#drive04182024 Davis-San Jose | 8:00 PM | $15 | 1 seat
1965,#ride04142025 Need a ride San Francisco ➜ Palo Alto. Budget 22 dollars
1966,#ride09282025 Berkeley-SF | 11:10 AM |  | 1 seat
1967,"#drive05022025 Berkeley ➜ Oakland | 8:40 AM | 18 dollars | 1 seat
pm me"
1968,#drive08022024 San Francisco to Palo Alto | 10:50 PM | $30 | 1 seat
1969,Need a drive from Oakland to Palo Alto. Budget 35 dollars
1970,#drive03212025 Berkeley to San Francisco | 9:20 PM | 18 dollars | 1 seta
1971,#drive06132025 DRIVE!! from Oakland to San Jose 6:50 PM $25
1972,#ride08012025 Sunnyvale -> Fremont $20-30 leaving 10PM
1973,#drive10242024  DRIVE!!  San  Francisco  ->  Sacramento  3PM  $20
1974,#ride08302025 RIDE!! Sunnyvale-San Francisco 11AM 10 dollars pls
1975,"Need a drive from Oakland to Sunnyvale. Budget $10
pm me"
1976,#drive06192024 Palo Alto -> Fremont | 3PM | $15 | 1 seat
1977,#ride11142024 #ride11162024 Sunnyvale ➜ SF $25 leaving 10AM thx
1978,#ride02112025  Need  a  ride  aPlo  Alto  ➜  Fremont.  Budget  $10  😊
1979,DRIVE!!  Oakland  ➜  Sac  5PM  $18  🚗
1980,#ride01062024  SJ-Sunnyvale  $20  leaving  11:50  AM
1981,#ride08242024 RIDE!! from Sacramentot o Berkeley 9PM
1982,#drive07192025 San Francisco ➜ Berkeley  leaving 7PM
1983,#drive02052024 DRIVE!! Davis-Fremont 1:15 PM $25-35
1984,#ride03212025 #ride03282025 RIDE!! from Davis to Palo Alto 9AM $15
1985,#ride10282024 #ride11042024 San Jose-Sunnyvale | 6AM | $25 | 1 seat
1986,#drive11272024 Need a drive from San Francisco to San Jose. Budget 25 dollars
1987,#ride11252024 Need a ride Oakland ➜ San Francisco. Budget $15 pls
1988,#ride05132025 RIDE!! Sunnyvale to Sac 8PM $30
1989,#ride06032024 #ride06062024 RIDE!! Sunnyvale-Palo Alto 8:30 AM 18 dollars
1990,"#drive08272025 #drive09032025 Need a drive Davis -> Sunnyvale. Budget
flexible time"
1991,#drive12102025 #drive12172025 from Sunnyvale to Davis | 9:40 PM | $12-17 | 1 seat pls
1992,"#drive03222024 Sacramento-Davis $30 leaving 11:20 AM !!
anyone?"
1993,#ride09212025  Sacramento-San  Jose  |  9AM  |  $20  |  1  seat
1994,#drive08252024 #drive09012024 Berkeley-Davis | 7:15 PM | $12 | 1 seat
1995,#ride09012025 RIDE!! from Davis to San Jose 7:00 PM $30
1996,#drive05142025 Need a drive Palo Alto -> Berkeley. Budget pls
1997,#drive01252025 DRIVE!! from Palo Alto to Davis 9AM $12-20 thx
1998,#drive02082024 Sacramento ➜ Palo Alto | 3PM | $22 | 1 seat !!
1999,"#ride03132024 San Francisco -> Fremont | 7:15 AM | $35 | 1 seat
comment below"
2000,"#drive02092024 Sac ➜ Oakland 30 dollars leaving 4PM
anyone?"
2001,#ride04022024 Need a ride San Francisco -> Oakland. Budget 25 dollars
2002,#ride03012024 Need a ride from Davis to Sac. Budget
2003,Sacramento-San Francisco $25 leaving 1:10 PM 😊
2004,#ride07102025 Davis ➜ San Francisco $40 leaving 6PM pls
2005,#ride12162024 from Fremont to San Francisco | 7:45 PM | $22 | 1 seat
2006,#drive06212025 San Francisco ➜ San Jose | 7AM |  | 1 seat 😊
2007,#ride03292024 Sacramento -> Palo Alto | 3PM | $40 | 1 seat pls
2008,#ride08272024 RIDE!! Berkeley ➜ Palo Alto 8:40 PM $35
2009,#ride06092025 Need a ride Berkeley ➜ Fremont. Budget $18-28
2010,#ride01042025  Berkeley-Fremont  |  4:15  PM  |  $40  |  1  seat
2011,#drive01312025 Oakland -> Palo Alto 2 2dollars leaving 12:20 PM 😊
2012,#drive12062025 DRIVE!! Sunnyvale-San Jose 1PM pls
2013,#drive02072025 Dvais -> San Jose $18 leaving 6PM
2014,#drive10192024 Sunnyvale -> San Francisco | 4:00 PM | $22 | 1 seat
2015,#ride09152025 Sacramento ➜ Berkeley 25 dollars leaving 8:30 PM pls
2016,#ride06072024  Palo  Alto  to  San  Jose  leaving  5:50  PM  😊  anyone?
2017,#ride12042024 RIDE!! Sacramento-Davis 6:50 AM
2018,Need a drive Fremont to Davis. Budget $25-35
2019,#drive07242024 Oakland ➜ Davis $22 leaving 6:15 AM
2020,#ride02032025 Need a ride Palo Alto-Davis. Budget 22 dollars !!
2021,#drive10272025 Need a drive from Fremont to Sunnyvale. Budget
2022,#ride07122024  Need  a  rideS  an  Jose-Sunnyvale.  Budget
2023,#drive02012024 DRIVE!! Sunnyvale to San Jose 10:45 AM $22
2024,"#drive10122024 Need a drive Palo Alto ➜ Fremont. Budget $18
pm me"
2025,#drive06302024 SF -> Fremont $81-23 leaving 8PM thx
2026,#ride02012024  San  Jose  to  Sunnyvale  $40  leaving  7:30  AM
2027,#drive03282024 Palo Alto -> Berkeley $25 leaving 11:40 AM
2028,#ride08032024 Fremont to San Jose | 3:20 PM | | 1 seat
2029,#drive07232024 from Davis to San Francisco $35 leaving 6PM
2030,#drive03122024 DIRVE!! Berkeley -> Fremont 7:15 AM
2031,#drive12142024 from San Jose to Sunnyvale $12 leaving 3PM
2032,#ride02122024 Need a ride San Jose ➜ Palo Alto. Budget
2033,#ride10312024 Need a ride Oakland-Sac. Budget $15 😊
2034,#drive06152025 San Francisoc to Oakland | 10:40 PM |  | 1 seat
2035,#ride12302025 #ride01022026 from Fremont to San Francisco $15 leaving 2PM
2036,#drive10092025 Berkeley-Oakland $22 leaving 11:45 AM
2037,#drive09272024 from Sunnyvale to San Jose | 1PM | $30 | 1 seat
2038,#drive09092024 DRIVE!! Palo Alto ➜ uSnnyvale 5:30 PM 18 dollars
2039,#drive03202024 #drive03272024 Sacramento ➜ San Francisco $15 leaving 10:40 AM 🚗
2040,#ride10302024 Berkeley-Fremont $30 leaving 10AM
2041,#ride02082024  Need  a  ride  Sunnyvale-Fremont.  Budget  $25
2042,#drive01132025 Need a drive from Oakland to Davis. Budget $22
2043,#ride11042024 RIDE!! from San Jose to Sacramento 1PM
2044,#ride01252025 Palo Alto ➜ Oakland | 12:20 PM |  | 1 seat pls
2045,#ride06022024 RIDE!! from Fremont to Davis 9AM $30-35
2046,RIDE!! Oakland-San Jose 8PM 🚗
2047,#drive09052025  Sunnyvale-San  Francisco  |  8:45  AM  |  $22  |  1  seat
2048,#drive08082025  DRIVE!!  Palo  Alto  to  Sunnyvale  7:30  PM
2049,#ride07222024 Davis to Sunnyvale | 8AM | $40 | 1 seat 😊
2050,#ride01072025 Need a ride San Francisco to Oakland. Budget $15
2051,#ride04162025  RIDE!!  from  Berkeley  to  San  Jose  3PM  $40  thx
2052,#ride06282024 RIDE!! Oakland -> San Francisco 11:00 AM $35
2053,"#ride09172024  #ride09192024  RIDE!!  Fremont  ->  Sacramento  10:50  PM  $10  😊
anyone?"
2054,"#ride07112025 RIDE!! San Francisco -> Oakland 4PM $22-27
anyone?"
2055,#ride12082025 from Oakland to Palo Alto $20 leaving 10AM
2056,#drive08152024 Fremont -> Davis $12 leaving 11AM
2057,#ride04142025 RIDE!! Sunnyvale -> Fremont 7:10 PM $12
2058,#drive10162025 Need a drive Berkeley to Davis. Budget $20-28
2059,#drive08022024 from aSn Francisco to Fremont | 9AM | $35 | 1 seat
2060,#drive11162024 Need a drive Oakland-San Francisco. Budget $12
2061,"#drive05182025 DRIVE!! SJ-Palo Alto 9PM $18 thx
anyone?"
2062,#drive05272025 DRIVE!! Palo Alto ➜ Berkeley 7AM
2063,#ride06022024 from Oakland to Davis | 8PM |  | 1 seat
2064,#ride07202025 RIDE!! Palo Alto to Fremont 6:00 AM
2065,#ride05062024 Need a ride Sacramento ➜ Berkeley. Budget $18
2066,#ride12192025 RIDE!! SF to Berkeley 8AM $30
2067,#drive12172024 Need a drive SF-Oakland. Budget $40
2068,#drive06052024 DRIVE!! from Sunnyvale to Davis 10AM $35 🚗
2069,#drive11072024  Sunnyvale  to  SF  $30  leaving  2:40  PM
2070,#ride04072025 Need a ride Palo Alto-Berkeley. Budget
2071,#drive12252024 Berkeley -> Palo Alto $22 leaving 12PM
2072,#drive05102025 DRIVE!! from Oakland to Sacramento 6:00 AM $22-27
2073,#ride06282024  Sunnyvale  ➜  San  Francisco  $10  leaving  2PM
2074,#drive04252025 Need a drive Berkeley -> Sunnyvale. Budget
2075,#drive08212025 Palo Alto to Berkeley | 8AM | $35-40 | 1 seat 🚗
2076,#ride10172024 Palo Alto -> Sacramento $18 leaving 11:40 AM
2077,#drive06052025  Sunnyvale-Fremont  $10  leaving  1:45  PM  😊
2078,#ride10122024 Oakland-San Francisco | 4:10 PM | 40 dollars | 1 seat
2079,#drive05022024 DRIVE!! San Jose-Palo Alto 4:20 PM 🚗
2080,#drive04282024 SF-San Francisco | 2PM | 15 dollars | 1 seat thx
2081,#ride12102025  #ride12132025  Berkeley  to  Sunnyvale  |  2PM  |  $40  |  1  seat
2082,from Sunnyvale to Sacramento | 10PM | $40 | 1 seat
2083,#ride02122025 from Sunnyvale to Fremont $15 leaving 5PM
2084,#drive05032025  Sac  ->  Fremont  |  10:30  PM  |  $18  |  1  seat
2085,#drive06012024  Berkeley-San  Jose  |  7PM  |    |  1  seat
2086,#ride11202024 RIDE!! Oakland-SJ 7:30 AM 😊
2087,#ride11262024 Need a ride Oakland to Davis. Budget $35 😊
2088,#drive03152024 #drive03222024 Need a drive San Francisco-San Jose. Budget $20
2089,#ride02262024 RIDE!! Davis-Fremont 6PM 18 dollars
2090,#ride08302024 Davis -> Oakland | 1PM |  | 1 seat
2091,#drive07092024 Fremont-Palo Alto | 10PM | $22 | 1 seat
2092,#drive03292024 Need a drive Berkeley -> Davis. Budget $18
2093,#ride01192025 Need a ride San Francisco -> Fremont. Budget $15-25
2094,#drive09232025 Sacramento ➜ San Jose | 6PM | $20-25 | 1 seat
2095,#ride07032024 from Berkeley to Sacramento | 5PM | $20 | 1 seat
2096,#ride10092024 Need a ride Oakland ➜ Fremont. Budget $12
2097,#drive01202024 #drive01272024 Davis-Sunnyvale | 10AM | 15 dollars | 1 seat
2098,#drive10102025 Need a drive SF -> Fremont. Budget pls
2099,#ride12052024 Sunnyvale-Oakland | 5PM | $35 | 1 seat
2100,#drive05102025 DRIVE!! Fremont -> Palo Alto 9AM $22
2101,#ride01082025 San Francisco ➜ Davis | 7:20 AM | $25 | 1 seat
2102,#drive04252025 DRIVE!! Sacramento ➜ Berkeley 5PM 18 dollars
2103,RIDE!! Fremont -> Berkeley 1:45 PM $15
2104,#ride07282024  San  Jose  ➜  Sunnyvale  |  12:40  PM  |  20  dollars  |  1  seat
2105,"#ride06162024  Davis-Oakland  $40  leaving  3:20  PM
comment  below"
2106,"#ride02092025 Fremont -> Sunnyvale | 9:10 PM | $15 | 1 seat
comment below"
2107,#drive05312024  San  Francisco  to  Davis  $18  leaving  7AM
2108,#ride11162025 Need a ride Sacramento-Oakland. Budget $18
2109,#drive08282025 DRIVE!! Oakland to San Jose 6AM $35 thx
2110,#drive09272025  from  Sacramento  to  Palo  Alto  $20  leaving  7AM
2111,#drive01312024 Davis ➜ San Francisco $18 leaving 1PM
2112,#ride01282024 RIDE!! Fremont-SF 4:10 PM $18 thx
2113,#drive08052024 Sunnyvale -> Palo Alto | 9:10 PM | $22 | 1 seat
2114,#drive01152025 Need a drive Davis to Sacramento. Budget $10 thx
2115,#ride01052025 Need a ride Berkeley -> Sunnyvale. Budget $15
2116,"#drive09302025  Need  a  drive  San  Jose  ->  Sunnyvale.  Budget  $40
anyone?"
2117,"#ride12082024 Fremont ➜ Sunnyvale | 9PM | $15 | 1 seat
comment below"
2118,#drive09132024  Need  a  drive  Sac-Palo  Alto.  Budget  !!
2119,#ride09712024 San Jose-Berkeley $40 leaving 10:00 AM
2120,#drive07022024  DRIVE!!  Palo  Alto  ➜  San  Jose  7:20  PM  $12
2121,#ride08122025 Berkeley -> Palo Alto | 8:10 AM | $40 | 1 seat thx
2122,#drive10172024 Palo Alto to Sacramento $25 leaving 5:00 PM thx
2123,#ride02162024 from San Jose to San Francisco $18 leaving 6PM flexible time
2124,#drive08252024 Palo Alto ➜ Berkeley | 12PM | $18 | 1 seat
2125,#drive11022024 #drive11052024 Need a drive Davis to San Jose. Budget $40 pls
2126,#ride10162024 Need a ride Oakland-Fremont. Budget 25 dollars
2127,#drive07302025 from San Jose to Berkeley $10 leaving 12PM 😊
2128,#drive06142052 Palo Alto to Oakland  leaving 9AM
2129,"#ride12292024 Need a ride from Davis to San Jose. Budget $10
flexible time"
2130,#drive09052025 from Palo Alto to Fremont $22 leaving 10:30 AM
2131,#ride07132024  Fremont-Berkeley    leaving  7:20  PM
2132,Sunnyvale ➜ Sacramento | 3PM | 12 dollars | 1 seat
2133,#drive02072025  DRIVE!!  San  Jose  ->  Davis  10PM  $25  thx
2134,#drive05242025 #drive05252025 Davis -> Fremnot | 7PM | $15 | 1 seat
2135,Need a ride Sacramento -> Sunnyvale. Budget $10 !!
2136,#drive11232024 #drive11252024 DRIVE!! Oakland -> Sacramento 6:00 PM $18
2137,#ride03162025 RIDE!! Sunnyvale-Sacramento 3PM $15
2138,#ride02082025  Need  a  ride  from  San  Jose  to  Sacramento.  Budget  $12  🚗
2139,#drive07042024 Sunnyvale-San Francisco $12 leaving 3PM
2140,#drive10182025 Need a drive Sunnyvale-San Jose. Budget $12
2141,#drive02282025 Davis to Oakland  leaving 9AM
2142,#drive01102024 Sunnyvale-Fremont | 3PM |  | 1 seat
2143,#drive06232024 Need a drive Palo Alto ➜ San Jose. Budget $30 !!
2144,#ride12262024 Need a ride Davis to Sunnyvale. Budget $30
2145,#ride08242024 RIDE!! Oalkand-Davis 6:45 AM $10
2146,#drive05162025 Fremont ➜ Davis | 6PM | $35 | 1 seat
2147,"#drive03022024 DRIVE!! from Sacramento to Oakland 6:00 PM $15
flexible time"
2148,#ride11142025 #ride11172025 San Jose to Berkeley | 6:10 PM |  | 1 seat
2149,#ride02102024  RIDE!!  Oakland-Sacramento  6PM  20  dollars
2150,#ride01032024 Berkeley to Sunnyvale 22 dollars leaving 11:30 AM
2151,#drive05132025 DRIVE!! Palo Alto ➜ Davis 3PM $30
2152,#drive04082025 DRIVE!! SF ➜ Palo Alto 10AM $25
2153,#drive07272025 Need a drive Sacramento-San Jose. Budget 🚗
2154,#drive12132025 SF-Palo Alto leaving 5PM
2155,#ride06112025 RIDE!! Sacramento-Palo Alto 2:40 PM $25-30
2156,#ride05282025 Berkeley -> Sunnyvale | 1:15 PM |  | 1 seat
2157,#drive06262024  from  Sac  to  Oakland  |  11:50  AM  |    |  1  seat  !!
2158,#drive01122025 Need a drive Davis -> Sunnyvale. Budget !! pm me
2159,"#drive05202025 Davis ➜ Sac | 7PM | $10 | 1 seat
pm me"
2160,#ride03072025 RIDE!! Davis -> San Jose 10AM $10-15 pls
2161,#drive09132025 Need a driv eSan Francisco-Fremont. Budget $40-45 🚗
2162,#drive03062024 San Francisco-Davis | 8:15 AM | $15 | 1 seat
2163,#ride09282025 from Sacramento to Fremont | 1:30 PM | $10-18 | 1 seat
2164,#ride04022025 Oakland to Sac $20 leaving 12:20 PM
2165,#drive01142024  DRIVE!!  Sunnyvale  ->  Davis  10AM  $18
2166,#drive09192024 Palo Alto -> Fremont 15 dollars leaving 9:20 AM
2167,#ride11232025  Fremont  to  Berkeley  $22  leaving  8AM
2168,#ride01072024 Need a ride Davis ➜ Berkeley. Budget $20
2169,"#drive03122024 #drive03192024 Oakland ➜ San Francisco | 1:15 PM | $20-25 | 1 seat !!
pm me"
2170,#drive05012025 Oakland ➜ Sunnyvale 15 dollars leaving 9:40 AM
2171,"#ride08012024 San Jose-Oakland | 4PM |  | 1 seat
flexible time"
2172,#drive12172024  Need  a  drive  Sacramento  ➜  Fremont.  Budget  $15  flexible  time
2173,#drive01222024 Need a drive Oakland ➜ Sacramento. Budget 22 dollars
2174,#drive02052024  Need  a  drive  Davis-Berkeley.  Budget  $30  pls
2175,#drive10142024 #drive10162024 RDIVE!! San Francisco to Berkeley 7PM 20 dollars
2176,#drive04232025 Berkeley -> Davis $40-50 leaving 3:10 PM
2177,#drive06092025 Need a drive from San Francisco to Sacramento. Budget $35-43
2178,Need  a  ride  Sunnyvale  ->  Palo  Alto.  Budget  22  dollars  😊
2179,#ride05302025 Berkeley -> Palo Alto | 8AM | $15-20 | 1 seat
2180,#ride12142025 Need a ride Sunnyvale-Fremont. Budget $18 thx
2181,#drive09292024 Sunnyvale to Palo Alto | 5PM | $40 | 1 seat
2182,#ride09142025 #ride09152025 Fremont ➜ Oakland $25-30 leaving 7PM
2183,#ride05092025 #ride05102025 Fremont to Sacramento $18-23 leaving 10:15 PM pm me
2184,#ride09102025 Berkeley-San Francisco $15 leaving 3:45 PM
2185,#drive10242024 Fremont ➜ Palo Alto | 7PM | $10 | 1 seat
2186,#ride10222024 Need a ride San Francisco ➜ San Jose. Budget $12-22
2187,#ride05162024 SJ ➜ San Jose | 9:50 AM | $15 | 1 seat
2188,#drive07082024 from Oakland to Davis | 11AM | $40 | 1 seat
2189,#ride11302025 Davis-SF | 5:00 PM |  | 1 seat 😊
2190,#ride11092025 Oakland ➜ Fremont | 8AM | $30 | 1 seat
2191,"#ride04022024 RIDE!! San Francisco ➜ Sacramento 10AM $30
flexible time"
2192,#drive02132025  DRIVE!!  Fremont  ->  Sacramento  7:20  AM
2193,#drive01292025 Davis to Sacramento $22 leaving 8:45 PM
2194,#drive08052025 from SJ to San Francisco | 11AM | $40 | 1 seat
2195,#ride02252024 RIDE!! Oakland to San Jose 7AM $40 !!
2196,#drive04012025 DRIVE!! San Jose ➜ Palo Alto 2:50 PM 18 dollars
2197,#drive10192024 Need a drive Fremont-Sacramento. Budget
2198,#drive10072025  Berkeley  ->  Fremont  $40  leaving  6:00  AM
2199,#ride12192024 Need a ride Davis -> Sunnyvale. Budget $20 thx
2200,#ride11102025 Need a ride from Berkeley to Fremont. Budget $22 pls
2201,#ride12192024 Need a ride from San Francisco to Berkeley. Budget 20 dollars
2202,#drive06262024 San Francisco to Sunnyvale $10 leaving 5:15 PM
2203,Need a drive Oakland -> Sunnyvale. Budget $20
2204,#ride10212024 RIDE!! Sacramento ➜ San Francisco 6:50 PM $40-50
2205,#drive03082024 DRIVE!! Berkeley -> Palo Alto 2:50 PM 30 dollars
2206,#ride10152025 Palo Alto-Oakland | 10AM | $40-50 | 1 seat pls
2207,#drive09222025 Need a drive Oakland ➜ Sunnyvale. Budget $35-40
2208,#ride03062025 RIDE!! Fremont ➜ San Francisco 6:15 PM $18
2209,#ride11072025 Need a ride San Francisco -> Sacramento. Budget $18-23 anyone?
2210,Need a ride Berkeley-San Francisco. Budget
2211,#drive08092024 Need a drive from Palo Alto to Sacramento. Budget $35
2212,#ride10162024 Need a ride San Jose ➜ Davis. Budget $22 😊
2213,#drive07212024 Fremont-Davis | 11AM | $40 | 1 seat
2214,#ride01142024 #ride01172024 Oakland -> Berkeley $40 leaving 8:15 AM thx
2215,#ride05102025  Need  a  ride  Berkele  yto  Sunnyvale.  Budget  $12
2216,#ride11212024 #ride11222024 Sacramento -> San Jose $12 leaving 11:00 AM
2217,#drive06122025 San Jose to San Francisco | 8AM |  | 1 seat
2218,#ride12042025 Need a ride from Sunnyvale to Sacramento. Budget $18-28
2219,#drive12272024 Need a drive San Francisco to Oakland. Budget $18
2220,"#drive11022025 #drive11042025 Need a drive from Berkeley to Fremont. Budget $12
anyone?"
2221,#ride11082024 #ride11112024 RIDE!! Fremont-Davis 12:15 PM $15
2222,"#ride0420202 4Oakland to Palo Alto  leaving 8PM
pm me"
2223,#drive07282025 from Sacramento to Fremont $12 leaving 7PM
2224,#ride09152024 Need a ride San Francisco -> Fremont. Budget $18
2225,#drive09242025 San Jose to Davis | 7:30 PM | $22 | 1 seat !!
2226,#drive03092024 Palo Alto to Oakland 12 dollars leaving 4PM
2227,#drive07182024 Sacramento-San Jose $12 leaving 5:40 PM
2228,#drive12212025  #drive12232025  DRIVE!!  Berkeley  ->  Palo  Alto  4:30  PM  25  dollars
2229,#ride04062025 Sacramento-Berkeley $30-38 leaving 7:45 AM 🚗
2230,#ride09152024 Davis ➜ Oakland $35 leavign 5:15 PM 😊
2231,#ride03102025  Need  a  ride  Oakland  ➜  Berkeley.  Budget  $18  !!
2232,"#drive01172024 Berkeley-Sacramento | 6AM | $20-25 | 1 seat
anyone?"
2233,"Need  a  ride  Sunnyvale  ->O  akland.  Budget  $20
flexible  time"
2234,#ride06292024 Need a ride Berkeley to San Jose. Budget $35 🚗
2235,#ride11272025 Need a ride Fremont ➜ Sacramento. Budget $30 🚗
2236,#drive03042024 Berkeley to San Francisco 18 dollars leaving 8:15 AM
2237,"#drive01292025 Need a drive San Jose -> Davis. Budget
anyone?"
2238,Sacramento -> Sunnyvale | 6AM | $35 | 1 seat
2239,#ride04182025 Need a ride San Jose ➜ Sacramento. Budget $35
2240,#drive02082025 #drive02092025 DRIVE!! Palo Alto ➜ Davis 1PM $12 !!
2241,#drive04152024  Need  a  drive  from  San  Francisco  to  Palo  Alto.  Budget  $10
2242,#drive08062025 Fremont to Sunnyvale | 9AM |  | 1 seat !!
2243,Sacramento ➜ Sunnyvale $18 leaving 5:45 PM !!
2244,#ride01072025 RIDE!! from Oakland to Sunnyvale 12PM pls
2245,"#drive01162024 DRIVE!! Fremont to San Jose 10PM 25 dollars
pm me"
2246,#drive02202024 #drive02272024 DRIVE!! Palo Alto ➜ San Francisco 5:15 PM $18
2247,#ride02032024 Need a ride San Francisco-San Jose. Budget $15
2248,#ride09282024 Need a ride Fremont-San Jose. Budget $25 comment below
2249,#drive10292024 Need a drive from Davis to San Francisco. Budget $25 😊
2250,#drive02112024 #drive02182024 Fremont ➜ Berkeley | 6:15 AM | $12-20 | 1 seat
2251,"#ride12142024 Need a ride Davis to SF. Budget $30
pm me"
2252,"#ride03092024 Need a ride Palo Alto to Fremont. Budget $30 !!
flexible time"
2253,#ride06242024 Need a ride from Palo Alto to San Francisco. Budget $15-20
2254,#drive01202025 San Jose ➜ Sunnyvale | 10PM | $15 | 1 seat
2255,#drive03162024 Davis to Oakland $10-18 leaving 1:15 PM 😊
2256,#drive01092025 DRIVE!! Sac-Sacramento 11:50 AM $40
2257,#drive05222025 DRIVE!! from San Jose to Berkeley 7AM
2258,#ride02112025  Fremont-Sac  $10-20  leaving  10AM
2259,#ride10092025 RIDE!! Sacramento-Palo Alto 4PM $35-40
2260,#ride05252025 Need a ride Davis to Berkeley. Budget $35 🚗
2261,#ride06162024 Berkeley ➜ Sac $12 leaving 10:40 PM 😊
2262,#ride10312024 from Palo Alto to Davis | 5PM | $35 | 1 seat
2263,#ride12122024  RIDE!!  from  Fremont  to  Oakland  6:45  AM  35  dollars
2264,#ride11052025 Oakland ➜ Sacramento $10 leaving 3PM
2265,#ride12242024  San  Francisco-Palo  Alto  $22  leaving  9AM  anyone?
2266,#drive01202025 Sunnyvale-San Francisco | 7:40 AM | $20 | 1 seat
2267,#ride02152024 RIDE!! from Sunnyvale to Fremont 6:40 AM $10 thx
2268,#drive03112025 Need a drive Palo Alto-Oakland. Budget $25-35
2269,#drive10202024 Need a drive Oakland -> Davis. Budget $25
2270,#drive08082025 Palo Alto-Berkeley | 8AM | $30 | 1 seat
2271,#ride10022025 San Francisco -> Davis $15 leaving 10:50 PM
2272,#ride08222025 Need a ride Berkeley to Sunnyvale. Budget $22-27
2273,RIDE!! Berkeley ➜ Palo Alto 6AM $40
2274,#drive08222025 #drive08252025 San Jose to Fremont $15-25 leaving 6AM
2275,#ride11152024 Sunnyvale-Sacramento $10 leaving 8:10 PM
2276,"#drive07282024 San Francisco -> Oakland | 12:0 PM | $25 | 1 seat
anyone?"
2277,#ride01082025  Need  a  ride  Oakalnd  ➜  Berkeley.  Budget  $12
2278,#ride10262025 RIDE!! Davis ➜ Sunnyvale 8PM 15 dollars
2279,#drive10182025 #drive10202025 Sunnyvale-Oakland $12 leaving 8:50 PM
2280,#drive10212024  Fremont  ->  Sunnyvale  |  12PM  |  $40  |  1  seat
2281,Berkeley  ->  Sunnyvale  |  3:30  PM  |    |  1  seat
2282,#ride02062024 #ride02132024 RIDE!! San Jose -> San Francisco 2:30 PM $22-32
2283,#ride09072025 #ride09102025 Need a ride Fremont-Davis. Budget $22-32 pls
2284,#ride01282024 RIDE!! from Palo Alto to Sunnyvale 1PM $35
2285,#ride03222024 from San Francisco to Sacramento | 11AM | $35 | 1 seat
2286,#drive02172024  San  Francisco-Oakland  $25  leaving  8PM  thx
2287,#drive06282024 Need a drive Sunnyvale-Fremont. Budget $35
2288,#drive07292024 DRIVE!! Palo Alto -> Fremont 5:30 PM $20 🚗
2289,#ride04062025 Need a ride from San Francisco to Berkeley. Budget $30
2290,#ride08112025  Palo  Alto-Sacramento  $20  leaving  10:00  PM
2291,#ride03232025 from San Jose to Palo Alto $22 leaving 2:40 PM 😊
2292,#ride09192024 Need a ride from San Francisco to Sunnyvale. Budget $15
2293,#ride10152024 RIDE!! Oakland-Berkeley 12PM $20
2294,#drive05242025 Fremont ➜ Davis  leaving 12:50 PM 😊
2295,#ride02072025 Palo Alto-Berkeley | 2PM | $25 | 1 seat pls pm me
2296,#ride08132025 from Fremont to Berkeley | 7PM | $35 | 1 seat 🚗
2297,#ride06042025  Fremont  to  San  Jose  |  2:45  PM  |    |  1  seat
2298,#ride03292024 RIDE!! San Francisco -> Sunnyvale 9:15 AM $40
2299,Fremont to San Francisco 30 dollars leaving 9:30 PM
2300,#drive08212024 San Francisco ➜ Fremont $10 leaving 3:20 PM
2301,#ride04222025  RIDE!!  Fremont  ->  Davis  7PM  $20
2302,#drive03182025 DRIVE!! from San Francisco to Sac 4:20 PM $22-27
2303,#ride12052024 RIDE!! Davis ➜ San Jose 4PM $25-30
2304,#ride03232024 Berkeley -> Davis | 10AM | $25 | 1 seat 🚗
2305,#ride11282025 #ride11292025 San Francisco -> Berkeley  leaving 5:10 PM
2306,#drive02272025 from Sacramento to Sunnyvale | 12PM | $12 | 1 seat
2307,#drive03162025 #drive03232025 Sunnyvale ➜ SF $35-43 leaving 3:00 PM
2308,#ride09272025 RIDE!! Sunnyvale-Berkeley 9AM !! pm me
2309,#ride12022024 #ride12052024 Davis to San Francisco $10 leaving 8:20 PM
2310,#ride05192024 Sunnyvale-Berkeley | 10PM | $35 | 1 seat
2311,#ride09162025 RIDE!! from Fremont to Oakland 2:40 PM
2312,Need a drive Sacramento ➜ Sac. Budget $18
2313,#drive08112024  DRIVE!!  Fremont  ->  San  Francisco  5PM  40  dollars  thx
2314,#drive05062024 Need a drive eBrkeley ➜ Palo Alto. Budget pls
2315,#drive02062025 Berkeley to Fremont | 1:15 PM | $22-32 | 1 seat
2316,#ride06212025 Oakland to Berkeley $10-20 leaving 10PM
2317,#drive05032024 Need a drive Davis ➜ San Jose. Budget $25 🚗 comment below
2318,#drive08192025 Need a drive Palo Alto -> Berkeley. Budget $18
2319,"DRIVE!! from Sunnyvale to SJ 7AM 🚗
comment below"
2320,#drive05052025 San Jose ➜ Fremont | 6PM | $35 | 1 seat
2321,#drive10032025 DRIVE!! Berkeley to Palo Alto 3:10 PM $18
2322,#driev05282025 Palo Alto -> Fremont | 10:10 PM |  | 1 seat thx
2323,#ride09102025  Need  a  ride  Berkeley  to  Fremont.  Budget
2324,#ride06062025  RIDE!!  Berkeley  ->  SJ  9AM  18  dollars
2325,#drive05212025 #drive05222025 Palo Alto-Oakland | 6PM | $15 | 1 seat pls flexible time
2326,#drive07042024  Davis  ➜  Sacramento  $18-26  leaving  7PM  thx
2327,#drive08242025 Oakland -> San Francisco | 2:40 PM | $40-45 | 1 seat
2328,#ride09032025 Fremont to Sacramento | 11:45 AM | $20 | 1 seat
2329,"#ride03222025 #ride03252025 RIDE!! San Jose ➜ Oakland 7:30 PM $30 pls
anyone?"
2330,#ride08262025 Need a ride Sacramento ➜ San Francisco. Budget 30 dollars
2331,#drive10062025 San Francisco-San Jose | 3:40 PM | $40 | 1 seat
2332,"#ride10142025 Need a ride Berkeley ➜ San Jose. Budget $15 thx
comment below"
2333,#ride10212025 San Francisco ➜ Fremont $15 leaving 10PM
2334,Davis -> San Francisco $12 leaving 9PM
2335,#ride01152024 Need a ride San Jose to Sacramento. Budget $18
2336,San  Francisco  to  Sunnyvale  |  7:10  PM  |  25  dollars  |  1  seat
2337,#drive07302025 from San Francisco to Sacramento | 9:10 AM | $30-40 | 1 seat thx
2338,#ride05112025 Davis ➜ San Jose | 11AM | 10 dollars | 1 seat
2339,#drive01202024 DRIVE!! from Palo Alto to Davis 7:10 PM $35 pls
2340,#drive06272025 from Oakland to San Francisco | 6PM | $18 | 1 seat
2341,#drive09282024 #drive09302024 San Francisco -> Sunnyvale | 7PM | $22 | 1 seat
2342,DRIVE!! San Francisco -> Fremont 7:20 PM $30
2343,#ride05052024 from SJ to San Jose | 4PM | $10 | 1 seat
2344,#ride09152025 Berkeley -> San Jose | 9PM | $40 | 1 seat
2345,#drive02262025  Need  a  drive  from  Oakland  to  Davis.  Budget  $15-20
2346,"#drive02112025 Sacramento-Berkeley | 3PM | $25 | 1 seat
anyone?"
2347,#drive04222024 DRIVE!! Sacramento ➜ Sunnyvale 9:15 AM $25
2348,"#ride04302025 #ride05032025 Berkeley-Sunnyvale | 4:30 PM | $35-45 | 1 seat
anyone?"
2349,#drive02032024 from Oakland to Sunnyvale $18 leaving 3:30 PM
2350,#ride03222025  #ride03252025  RIDE!!  Davis  to  Sac  9:10  PM  🚗
2351,#ride04032025 Need a ride from Oakland to Berkeley. Budget 😊
2352,#drive09262024 DRIVE!! Oakland ➜ Fremont 8PM $40-50 pls
2353,#drive11122024 DRIVE!! Fremont ➜ Sunnyvale 6:40 AM $10-15
2354,#ride05012024  Davis  ➜  Fremont  |  8AM  |  $35-40  |  1  seat
2355,#drive04032024 from Palo Alto to San Francisco $18 leaving 3PM
2356,#ride04062024 San Francisco to Fremont | 7:15 PM | $1-015 | 1 seat
2357,Need a ride from Palo Alto to Berkeley. Budget
2358,#drive12082024 Need a drive San Jose ➜ Sacramento. Budget $18 thx pm me
2359,#drive08022025 Need a drive Fremont ➜ Davis. Budget
2360,#ride02152025 RIDE!! from Palo Alto to San Jose 9:15 PM $22
2361,"#ride04302025 Need a ride from Berkeley to Oakland. Budget $40
anyone?"
2362,#drive03312025 Oakland -> Berkeley | 3PM |  | 1 seat
2363,#drive05252025 DRIVE!! from Davis to Sunnyvale 2:10 PM $35
2364,#ride04152025 #ride04222025 RIDE!! Sunnyvale -> Dvais 7AM $35 thx
2365,#drive12262024 DRIVE!! Sacramento ➜ San Francisco 3:20 PM $15 !!
2366,#drive04282025 from Sunnyvale to Fremont $20-28 leaving 6:45 AM
2367,#ride02082024 San Francisco to Berkeley $15 leaving 9:10 AM
2368,#drive10112024 Need a drive Oakland-San Jose. Budget $10-18
2369,#ride12122024  Berkeley  to  Sunnyvale  $18  leaving  8:15  AM
2370,#ride03172025 RIDE!! from Fremont to San Jose 6AM $25
2371,#drive07062024 Palo Alto ➜ Oakland $35 leaving 3:15 PM pls
2372,#drive11222024 from Oakland to Palo Alto $30-35 leaving 3PM
2373,#ride02142025 RIDE!! Sacramento -> Davis 2:50 PM $15
2374,#drive09192025 Sunnyvale to San Francisco | 7:15 AM | $35 | 1 seat
2375,"#drive04092024  Need  a  drive  Davis  ➜  Palo  Alto.  Budget  $35  🚗
anyone?"
2376,#drive07062024 Berkeley-Palo Alto $10 leaving 5:30 PM
2377,#drive11232024 Need a drive Palo Alto-San Francisco. Budget $18
2378,#drive09302024 Palo Alto -> San Jose $22 leaving 7:30 AM
2379,#ride09262024 Need a ride Palo Alto-Davis. Budget $15
2380,#ride12062024 Need a ride from San Jose to Berkeley. Budget $30
2381,#ride11022024 RIDE!! Oakland ➜ Davis 6PM 35 dollars
2382,#ride08152025 Need a ride from Sunnyvale to Berkeley. Budget $35
2383,#drive02222025 #drive02242025 Need a drive Fremont-Palo Alto. Budget $30 !!
2384,#ride06182025  Need  a  ride  San  Jose-San  Francisco.  Budget  $15  !!  pm  me
2385,Davis-Palo Alto | 4:30 PM | $12 | 1 seat
2386,Fremont-Oakland  |  9PM  |  |  1  seat
2387,"#ride07122024 RIDE!! Fremont -> Palo Alto 6PM $35 thx
anyone?"
2388,#ride07042024  Oakland  ->  SJ  leaving  1:30  PM  😊
2389,#ride07142024 from San Francisco to Berkeley 22 dollars leaving 10:00 AM pm me
2390,#ride10152024 San Jose-Sunnyvale $40 leaving 9PM
2391,#drive12102024 #drive12122024 DRIVE!! from Oakland to Davis 9:15 PM 40 dollars
2392,#drive08102024 Fremont-Sacramento $18 leaving 8:45 AM
2393,#ride08272024 from Berkeley to Sunnyvale $30 leaving 3PM
2394,#drive09252025 Fremont -> Davis | 10:30 AM | $25 | 1 seat
2395,#ride12212025 Berkeley-Sunnyvale |1 1AM | $25-30 | 1 seat pls
2396,#drive07102024 DRIVE!! Palo Alto -> Sunnyvale 6PM
2397,#ride11182025 Need a ride Fremont-San Jose. Budget $40
2398,#ride11232024 #ride11262024 RIDE!! SJ -> Sacramento 1PM $30
2399,#drive06102025 DRIVE!! Fremont ➜ Berkeley 2PM $22
2400,#drive04202024 Need a drive Davis-Palo Alto. Budget $20 🚗
2401,#ride07032025 RIDE!! San Francisco-Sunnyvale 10AM $18 pls
2402,#ride06062025  from  San  Jose  to  San  Francisco  |  4:45  PM  |  $18  |  1  seat
2403,#drive07072025 Need a drive Sunnyvale -> Fremont. Budget $18
2404,Oakland to Palo Alto | 5PM | $12 | 1 seat
2405,#drive05282025 DRIVE!! Berkeley to Fremont 10AM $25
2406,#ride03282025 from San Francisco to Berkeley $30 leaving 6AM
2407,#ride04242025 Need a ride Sunnyvale -> Fremont. Budget $12
2408,#drive01252024 San Francisco -> Palo Alto $15 leaving 8PM
2409,#drive04162025 DRIVE!! Fremont ➜ Berkeley 10PM 35 dollars pls
2410,#drive01232024 DRIVE!! Fremont-Sacramento 11AM 12 dollars
2411,"#ride07102025 Need a ride Sac to Davis. Budget $30
flexible time"
2412,#drive11292024 DRIVE!! Davis to Fremont 3PM $35 pls
2413,#ride02172024 San Jose-Davis | 1PM | $40-48 | 1 seat pls
2414,#ride04092025 Berkeley-Davis $30-38 leaving 12PM !!
2415,#ride09162024 Need a ride Davis to Berkeley. Budget
2416,Need a drive Sacramento to Davis. Budget $22
2417,"#ride11242025 RIDE!! San Jose-Berkeley 10PM
flexible time"
2418,#drive08052025 Berkeley -> Palo Alto | 10PM |  | 1 seat
2419,#ride03252025 Oakland ➜ San Francisco | 8AM | $25 | 1 seat
2420,#ride04192025 Sunnyvale ➜ Davis | 12PM | $18 | 1 seat
2421,#drive12302024 DRIV!E! from Sacramento to Palo Alto 7:45 AM $12
2422,#ride03032025  #ride03102025  Davis-SF  $15  leaving  2:10  PM
2423,#ride08192024 Sunnyvale ➜ San Jose $22-32 leaving 6:15 AM 🚗
2424,#ride02052024  Palo  Alto-Sacramento  15  dollars  leaving  3PM
2425,"#ride07222024 Sunnyvale ➜ Sacramento | 5PM | $25 | 1 seat pls
anyone?"
2426,#drive09202025 Palo Alto -> San Jose | 6AM | $10-15 | 1 seat
2427,#ride03312024  #ride04072024 RIDE!! Palo Alto-Sunnyvale 6:10 PM $22
2428,#ride09192025 Palo Alto to Sunnyvale 3$5 leaving 1:15 PM 🚗
2429,#ride01262024 from Palo Alto to Berkeley | 11AM | $40-45 | 1 seat pm me
2430,#dirve08292025 Oakland-Palo Alto $12 leaving 7:15 AM
2431,#drive06092024  Sacramento  ➜  Davis  $20-30  leaving  8AM
2432,#ride04142024 Need a ride from San Francisco to Berkeley. Budget $15
2433,#irde08202025 Need a ride San Francisco to Palo Alto. Budget $35
2434,#drive02162025  DRIVE!!  Davis  to  Oakland  8:40  AM  $25  !!
2435,#drive21292025  Fremont-SF  |  11AM  |  $18  |  1  seat
2436,#drive01142024 San Francisco ➜ Davis | 1PM | 30 dollars | 1 seat
2437,#ride06242025 Berkeley to Davis | 7:4 5AM | $40 | 1 seat
2438,#drive05072024 Sunnyvale -> Sacramento $15 leaving 12PM
2439,#drive04302024  #drive05032024  San  Francisco  to  Sac  $18  leaving  7:50  PM
2440,#ride05152025 Need a ride Berkeley ➜ Fremont. Budget $30-35
2441,#ride05022024 Fremont ➜ Sacramento $40 leaving 10:00 AM flexible time
2442,#ride05092025 RIDE!! Sunnyvale-San Francisco 4:45 PM
2443,r#ide11252025 #ride11272025 RIDE!! Sunnyvale to Berkeley 7AM $20-30
2444,"#ride05192025  RIDE!!  Palo  Alto  ➜  Sacramento  8:30  AM  $15  thx
anyone?"
2445,#ride12212024 Need a ride from Berkeley to aScramento. Budget $12
2446,"#ride08012024 Berkeley -> Oakland $20 leaving 12:40 PM
comment below"
2447,#ride08162025 RIDE!! Oakland ➜ Palo Alto 11:00 AM $30
2448,"#drive01142025 Berkeley to Fremont $12 leaving 3PM 🚗
pm me"
2449,#ride05132024 Need a ride Berkeley ➜ San Jose. Budget $22
2450,#ride11052025  #ride11122025  Berkeley  ->  Fremont  25  dollars  leaving  7AM  pm  me
2451,#drive11272024  Fremont-Berkeley  |  2PM  |  $20  |  1  seat
2452,"#ride12042024 RIDE!! SJ to Sunnyvale 11:15 AM $40
anyone?"
2453,#drive10032025 from San Jose to Davis $25 leaving 7:10 PM
2454,#ride02292024 #ride03012024 Sunnyvale to Oakland $35-40 leaving 8PM 🚗
2455,#drive01252024 Need a drive from Palo Alto to Sunnyvale. Budget $25 !!
2456,#drive11082025 Need a drive from Palo Alto to Sacramento. Budget $40 thx
2457,#ride07252024 Davis to San Jose $15 leaving 2PM
2458,d#rive10262024 DRIVE!! Oakland to Davis 7:10 AM $40
2459,#drive01232024 from Davis to San Jose  leaving 7:20 PM
2460,#ride04242025 from San Francisco to Sacramento | 10PM | $12 | 1 seat
2461,#ride10242024 from Sunnyvale to San Francisco | 7:45 PM|  $12 | 1 seat
2462,#ride11072024 Need a ride from Davis to Sacramento. Budget $18
2463,#ride10182025  #ride10192025 San Jose to Sacramento  leaving 6AM
2464,"#ride11172024 San Jose ➜ Fremont | 9:20 PM | 20 dollars | 1 seat
anyone?"
2465,#drive04112024 Fremont-Oakland | 2:20 PM | $18 | 1 seat !!
2466,#ride03132025 Oakland-Sunnyvale $20-30 leaving 12:15 PM 😊
2467,"#drive06152025 Need a drive Oakland -> Fremont. Budget
pm me"
2468,#drive08242025 DRIVE!! Oakland-Berkeley 1PM $40
2469,"#drive06262025 #drive06282025 Need a drive from Fremont to Berkeley. Budget $10-20 thx
pm me"
2470,#drive06102024 DRIVE!!S an Francisco to Palo Alto 10:30 AM $10
2471,#drive11152025 from Berkeley to San Jose | 4:50 PM | 15 dollars | 1 seat
2472,#ride11202025 Sacramento ➜ Sunnyvale $35 leaving 10:20 AM 🚗
2473,#ride10242024 Need a ride Oakladn -> Sacramento. Budget $10
2474,#drive11232024  Fremont  to  Berkeley  $15  leaving  3:40  PM  !!
2475,#ride12182025  Need  a  ride  from  Berkeley  to  Fremont.  Budget  $15  pm  me
2476,#ride10172024 Berkeley to San Jose | 1:30 PM | $40 | 1 seat
2477,#ride04152025  RIDE!!  from  Sunnyvale  to  Davis  7AM  $25  thx
2478,#ride06072025 Sunnyvale to Fremont | 9:20 PM | $22 | 1 seat
2479,RIDE!!  Oakland  to  Sacramento  6PM  $18
2480,#drive11132025 #drive11202025 Palo Alto to Fremont | 9:00 PM | | 1 seat
2481,#drive08132025 #drive08142025 DRIVE!! Palo Alto -> San Francisco 7:40 PM $35-45
2482,#drive05112025 DRIVE!! from Oakland to Sunnyavle 8PM $15
2483,#ride03242025 Sunnyvale-Fremont $12 leaving 7:30 PM
2484,#ride05142025 RIDE!! Sacramento ➜ Palo Alto 8PM $20-25
2485,#drive05072025 Palo Alto ->F remont $15 leaving 8PM
2486,#drive03102024 Palo Alto to Fremont $20 leaving 10AM
2487,"#drive01302025 DRIVE!! Sunnyvale -> Davis 6:50 AM $10
anyone?"
2488,Fremont-Sunnyvale | 3:40 PM | $40 | 1 seat
2489,#ride03022024 RIDE!! Davis to San Francisco 9:50 AM !!
2490,#ride03282025 Need a ride from Sunnyvale to San Jose. Budget $20
2491,#drive09132024 Need a drive Fremont -> San Francisco. Budget $12-22 pm me
2492,#drive08020224 Need a drive Oakland -> Berkeley. Budget $40
2493,#drive08252024 Need a drive Sacramento-Berkeley. Budget $22
2494,Need a drive Berkeley to Palo Alto. Budget $30
2495,#drive05312024 Oakland -> Davis 12 dollars leaving 1PM
2496,DRIVE!! San Jose ➜ Palo Alto 10:15 AM $10
2497,#ride08062025 from Oakland to Fremont $30 leaving 7PM
2498,#drive01312025 Oakland -> San Francisco $10 leaving 6:30 AM
2499,#drive07022024 Davis -> Berkeley $20 leaving 8:30 AM
2500,#ride10132025 Need a ride from Palo Alto to San Jose. Budget $18
2501,#ride03072025 Need a ride Berkeley to Sacramento. Budget $15
2502,#drive05072024 Palo Alto ➜ Sacramento | 7:45 PM | $20 | 1 seat
2503,"#drive04232025 Sacramento-San Jose | 9AM | 10 dollars | 1 seat
anyone?"
2504,#ride06102024  Need  a  ride  Berkeley  to  Fremont.  Budget  $30
2505,#ride03192025 from Sacramento to Sunnyvale $12 leaving 4:45 PM
2506,"#ride02132025 Davis to Sunnyvale | 9:00 PM | 22 dollars | 1 seat
flexible time"
2507,#drive06302024 Need a drive from Palo Alto to Sacramento. Budget $20
2508,#ride09032025 San Jose ➜ Davis | 12:30 PM | $25-30 | 1 seat !!
2509,#drive05212024 Sunnyvale ➜ Sacramento | 11:5 0AM | $22 | 1 seat pls
2510,#ride09102024 RIDE!! Sunnyvale -> Berkeley 3PM $12
2511,#ride12082025 RIDE!! San Jose ➜ San Francisco 7:45 PM $12
2512,#drive12152024  DRIVE!!  Davis-Fremont  2PM  15  dollars
2513,#ride07102024 Need a ride Davis -> Sunnyvale. Budget $25-35
2514,#drive02252025 DRIVE!! Davis-Sacramento 12PM
2515,#drive07172025 Palo Alto-Sunnyvale | 10PM | $12 | 1 seat
2516,#drive09212024  Need  a  drive  Davis  ➜  San  Francisco.  Budget  $30
2517,#ride12292025 Palo Alto-Berkeley $25 leaving 9:40 AM
2518,#ride12252025  Sarcamento  ➜  San  Jose  $15  leaving  10:45  PM  🚗
2519,"#ride03072025 Fremont-Palo Alto $35-40 leaving 7:00 PM !!
anyone?"
2520,#drive08012024 #drive08022024 Need a drive Sunnyvale ➜ Sacramento. Budget $10
2521,#ride01182024 Need a ride Oakland ➜ Davis. Budget $10 !!
2522,#ride06042025 from San Jose to Sunnyvale 35 dollars leaving 7AM 😊
2523,"#drive08132024 DRIVE!! from Fremont to Sacramento 1PM
anyone?"
2524,#ride09302025 San Jose to Sunnyvale | 9:00 PM | $18 | 1 seat
2525,#drive05082024 DRIVE!! Fremont ➜ Oakland 5:20 PM 20 dollars !!
2526,"Sacramento -> Fremont $40 leaving 7:00 PM 🚗
anyone?"
2527,#drive09202025 San Francisco ➜ Sunnyvale | 9:15 AM | $30 | 1 seat
2528,#ride09212025 San Francisco-Sacramento $30 leaving 12:00 PM pls
2529,#ride03302024 #ride04062024 RIDE!! San Jose to Oakland 9:30 PM 20 dollars
2530,#ride08262025 San Jose to Davis $35 leaving 8:15 AM
2531,#ride06152024  San  Francisco  to  San  Jose  |  11:00  AM  |  $10-18  |  1  seat
2532,#drive05152024 #drive05182024 Need a drive from Fremont to Sacramento. Budget
2533,#ride11142024 RDIE!! Oakland -> Sunnyvale 12PM 😊
2534,#ride10102025 Fremont -> San Francisco $25 leaving 8PM
2535,#drive02252025 Need a drive San Francisco -> Palo Alto. Budget 15 dollars
2536,#ride06042024 Palo Alto -> Sunnyvale | 9AM | 20 dollars | 1 seat 😊
2537,#drive07152024 DRIVE!! SF to Davis 8:20 AM $10
2538,Sacramento  to  Palo  Alto  $15  leaving  6:10  AM
2539,#ride02102024 Need a ride Davis -> Sacramento. Budget $18
2540,Need  a  drive  San  Jose-Palo  Alto.  Budget  18  dollars
2541,#ride03152024 from Oakland to Sacramento $20 leaving 8:45 PM
2542,#ride06012025  RIDE!!  Oakland  to  Fremont  6PM  $18-28
2543,#ride09152025  Fremont  to  Oakland  $12-20  leaving  6PM
2544,"#ride09082025  Need  a  ride  San  Francisco-Oakland.  Budget  $30
anyone?"
2545,#drive11202024 Fremont to Sunnyvale | 3PM | $30 | 1 seat
2546,#drive12012024 Sacramento ➜ Fremont | 12PM | $35 | 1 seat
2547,#drive06052024 San Francisco-Palo Alto $22 leaving 1:15 PM
2548,"#drive12122025 Need a drive from Davis to Fremont. Budget $35
anyone?"
2549,#drive10162024 Fremont ➜ Oakland | 5:45 PM | 30 dollars | 1 seat pls
2550,#ride07062025 RIDE!! Oakland -> Sunnyvale 1PM $35
2551,#drive12032024 Sacramento to Sunnyvale 35 dollars leaving 6PM 🚗
2552,#drive02042025 DRIVE!! from Davis to San Jose 3PM 😊
2553,#ride07182024 Need a ride Berkeley ➜ Sunnyvale. Budget
2554,#ride11082024 Davis -> Fremont | 3:40 PM | $12 | 1 seat
2555,#ride01132024 Oakland -> Sacramento  leaving 9:40 AM 🚗
2556,#ride05182024  Davis-Sunnyvale  |  1:20  PM  |  $10-20  |  1  seat  anyone?
2557,#ride08242024 San Francisco to Oakland | 12PM | $35 | 1 seat
2558,#ride01202025  San  Jose  to  Fremont  |  7:15  AM  |  $20-28  |  1  seat
2559,#ride10192024 Need a ride Sacramento -> Oakland. Budget $35
2560,"#drive11302025 #drive12022025 Berkeley to Oakland $40 leaving 2PM
pm me"
2561,#drive07142024 San Jose ➜ Sunnyvale 25 dollasr leaving 1:10 PM 🚗
2562,#ride07282025  RIDE!!  San  Jose  to  Sacrametno  8:10  AM  $30-35
2563,#drive11262024 Sacramento -> San Francisco $12-22 leaving 4:20 PM
2564,Fremont-Palo Alto | 6:30 PM | $30-38 | 1 seat thx
2565,#ride02052024 #ride02062024 Berkeley -> San Jose | 8:10 AM |  | 1 seat
2566,#drive05312025 Berkeley-Davis $40 leaving 8:15 PM
2567,#ride01012025 Berkeley to Palo Alto $25-35 leaving 12:45 PM
2568,#ride08082025 San Francisco ➜ Oakland $354-3 leaving 4:30 PM 😊 comment below
2569,#ride12172025 San Francisco-Fremont | 7PM | $15 | 1 seat
2570,#drive09242024 DRIVE!! SF ➜ Sunnyvale 4PM $25
2571,#ride11062024 Oakland ➜ SJ 35 dollars leaving 4PM 🚗
2572,#drive02122024 Need a drive from Berkeley to SJ. Budget $18
2573,#ride11042024  Need  a  ride  from  Fremont  to  Palo  Alto.  Budget  $12
2574,"#drive01192025 #drive01212025 Need a drive Fremont ➜ Sac. Budget 20 dollars
comment below"
2575,#drive05302025  Need  a  drive  from  San  Francisco  to  Oakland.  Budget  $22
2576,"from San Jose to Davis 18 dollars leaving 2:30 PM
pm me"
2577,#ride04232205 Palo Alto to San Jose $30 leaving 9:45 PM
2578,#ride12282025 Sacramento-Sunnyvale 12 dollars leaving 6AM
2579,#drive05112024 DRIVE!! Palo Alto to Fremont 9:15 PM $20 pls
2580,#ride04232025 RIDE!! Sacramneto-Fremont 9:45 AM $15-20
2581,#ride02152025 Need a ride Sacramento -> San Francisco. Budget $30-35
2582,"#ride02022204 Need a ride Oakland ➜ Fremont. Budget 15 dollars 😊
comment below"
2583,#drive03122024 Palo Alto ➜ Fremont | 7:20 AM | $35 | 1 seat
2584,#ride08252025 RIDE!! Palo Alto -> Davis 7:00 AM $35
2585,#ride08012025 RIDE!! Fremont-Davis 6:45 PM $15
2586,#drive01072024 Oakland ➜ Davis | 10:15 AM | $15 | 1 seat
2587,#drive01182024 DRIVE!! Oakland to Sacramento 10AM $12 🚗
2588,#drive12072024  from  Sacramento  to  SF  40  dollars  leaving  6:45  PM
2589,#ride01312024 RIDE!! Berkeley ➜ Fremont 1PM $25 pls
2590,#ride11132025  RIDE!!  from  San  Francisco  to  Davis  9:30  AM
2591,#drive01262024 DRIVE!! from Davis to Sunnyvale 1PM $12
2592,#ride02262024  RIDE!!  from  Sacramento  to  San  Jose  7:30  AM  22  dollars
2593,#ride05062024  San  Jose  ->  Oakland  |  12PM  |    |  1  seat
2594,#drive01192025 San Jose -> Palo Alto | 8:20 PM  | | 1 seat 🚗
2595,"#ride12192024 Oakland-SF 40 dollars leaving 7:20 PM
comment below"
2596,#ride07192025 Need a ride Oakland -> Palo Alto. Budget $35-45
2597,#ride07192024 #ride07222024 RIDE!! from Berkeley to San Jose 6PM $25 😊
2598,#drive04112024 Oakland-San Jose | 9:50 AM | $10 | 1 seat
2599,#drive01042025 San Francisco-Fremont $18 leaving 10AM
2600,#drive10182024 Need a drive Sacramento -> Palo Alto. Budget $35
2601,#drive01072025 San Jose - >Oakland $35 leaving 6PM
2602,#ride06142025 Fremont ➜ San Jose $18 laeving 11AM
2603,#drive09132024 #drive09202024 Fremont -> Sunnyvale | 9:50 AM | $10 | 1 seat
2604,#drive03102025 Palo Alto ➜ Berkeley $25 leaving 4PM
2605,#ride08312024 Need a ride Fremont ➜ Palo Alto. Budget $18
2606,#drive07242025 Sunnyvale to Davis $12-22 leaving 7PM
2607,#ride12262025 Need a ride Palo Alto to Fremont. Budget thx
2608,#drive12262024 #drive12282024 Davis ➜ Oakland $12-22 leaving 6AM pls
2609,#drive12232024  DRIVE!!  from  Fremont  to  SF  4PM
2610,#drive01152025  DRIVE!!  Oakland-Palo  Alto  6PM  $20  🚗
2611,#ride08122025 from Berkeley to Sunnyvale | 11AM | $12 | 1 seat
2612,#ride1025202 5RIDE!! Sacramento to Sunnyvale 8PM
2613,San Francisco ➜ Palo Alto $25 leaving 3:15 PM
2614,#drive06102025 DRIVE!! SF -> Berkeley 4:50 PM $22-30 🚗
2615,#drive06202025 Need a drive Oakland -> San Jose. Budget $20
2616,#ride03212024 Fremont -> San Jose $12-17 leaving 6:30 AM 😊
2617,"San Jose-Fremont | 9:15 AM | $18 | 1 seat
pm me"
2618,#drive03122024 Sacramento -> Fremont | 3:20 PM | $81 | 1 seat
2619,#ride11102025 RIDE!! Sunnyvale ➜ Oakland 3:50 PM $30
2620,#ride07282024 Berkeley-Fremont  leaving 9AM 😊
2621,#ride10012024 from San Francisco to rFemont $25 leaving 10AM
2622,#drive10262025 DRIVE!! from Palo Alto to Davis 2PM $10
2623,"#ride04092025  RIDE!!  Berkeley  to  Sunnyvale  3PM  thx
flexible  time"
2624,#drive12062024 Need a drive Davis to San Jose. Budget $10
2625,#ride08262025 Sacramento to Oakland $35 leaving 9AM 😊
2626,#drive01282024 Oakland-San Francisco | 4:00 PM | $15 | 1 seat
2627,#ride11072025 Need a ride Sacramento -> Oakland. Budget
2628,#drive10072024 Need a drive from Sacramento to Fremont. Budget $40
2629,#drive09162025 Fremont to Sunnyvlae  leaving 3PM
2630,#drive11022024 Sunnyvale ➜ Palo Alto | 11AM | 40 dollars | 1 seat
2631,#drive05132025 DRIVE!! Berkeley ➜ Sunnyvale 8AM 30 dollars
2632,#drive04052024 Palo Alto ➜ Berkeley | 8AM | $40 | 1 seat
2633,#ride11252024 Fremont-San Francisco | 5PM |  | 1 seat
2634,#drive10092025 Need a drive Sac -> Sacramento. Budget $35 pls anyone?
2635,#drive01112025 Need a drive from San Francisco to Davis. Budget $15
2636,#ride01192025 RIDE!! Palo Alto to San Francisco 10PM $35 pls
2637,#ride05122025  San  Francisco  ->  Sunnyvale  $35  leaving  7:00  AM
2638,"#ride08292025 Need a ride Sunnyval-eDavis. Budget $25-30
comment below"
2639,#drive09172025 from Oakland to Sunnyvale | 9:30 AM | $15 | 1 seat
2640,"#drive05032024 Davis to San Francisco $25 leaving 4PM
anyone?"
2641,#ride12122025 Need a ride Sacramento-SJ. Budget
2642,#drive07012025 Need a drive Fremont -> Palo Alto. Budget
2643,#drive04092024 DRIVE!! San Jose to Sacramento 9:10 PM $20
2644,#drive02142025 SF to Palo Alto | 11:10 AM | $22-30 | 1 seat
2645,#ride06012025 Need a ride from Sacramento to San Jose. Budget 40 dollars
2646,#ride01082024 Need a ride Davis to Palo Alto. Budget $20
2647,#drive11102025 Davis ➜ Fremont | P2M | 18 dollars | 1 seat
2648,#drive12232025 Oakland to Sacramento | 8:10 AM | $18 | 1 seat 😊
2649,#ride03192025 RIDE!! San Francisco-Palo Alto 11AM flexible time
2650,#drive10262024 from Fremont to Sunnyvale $30 leaving 11AM 🚗
2651,#ride07082025  RIDE!!  from  Sunnyvale  to  Oakland  8:40  AM  $10
2652,#ride01242025 Need a ride San Jose to SJ. Budget $30-40
2653,RIDE!!  Sunnyvale  ->  San  Francisco  9AM  $20
2654,#ride06022025 Fremont-San Jose | 9PM | 2$2 | 1 seat thx
2655,#drive03212025 DRIVE!! Davis to Oakland 4PM $10-15 !!
2656,#drive09262024 DRIVE!! Palo Alto -> Sunnyvale 6:40 AM 20 dollars thx
2657,#ride05222024 Need a ride Sacramento ➜ Fremont. Budget $30-35
2658,"#drive06252024 Fremont -> Berkeley $20-30 leaving 10AM
pm me"
2659,#ride05302024 from Oakland to San Francisco | 4PM | 35 dollars | 1 seat 🚗 flexible time
2660,DRIVE!! Palo Alto ➜ Sunnyvale 6:30 PM 10 dollars 🚗
2661,#drive06052024 from Sacramento to San Francisco $30-35 leaving 1:40 PM thx
2662,#ride01182025  San  Francisco-Berkeley  |  8:00  AM  |  $35  |  1  seat
2663,Need a drive Oakland-Sunnyvale. Budget
2664,#drive12282024 Need a drive Palo Alto -> Fremont. Budget $10 🚗
2665,#drive01142025 Oakland-San Jose | 8AM | $15 | 1 seat
2666,#ride10172025 RIDE!! from SJ to Sacramento 7AM $12-17 pls
2667,#drive06222025 Fremont ➜ Palo Alto $25 leaving 12PM 🚗
2668,#ride09202024 San Francisco to Fremont $15-20 leaving 10:00 PM 🚗
2669,"Berkeley-Palo Alto $01-18 leaving 10:50 PM 😊
flexible time"
2670,#ride07172024 Need a ride from Berkeley to Fremont. Budget $30
2671,#ride04262024 Need a ride Berkeley to Fremont. Budget $30
2672,#ride07272024 Need a ride Sunnyvale -> Oakland. Budget $40
2673,#drive02242025 DRIVE!! Oakland -> Sacramento 10:20 PM $40 pls
2674,#drive11282024 Sunnyvale-Oakland | 7:30 PM | $22 | 1 seat
2675,#drive12162024 DRIVE!! Palo Alto-Davis 5:20 PM $10 !!
2676,#ride12062024 from Berkeley to Davis $18-26 leaving 10:40 PM
2677,#ride04072025 Fremont -> Palo Alto | 1:15 PM |  | 1 seat
2678,#ride04112025 RIDE!! Davis-Sacramento 10PM $40
2679,#drive08082024 DRIVE!! Berkeley to Oakland 10:30 MA $25 !!
2680,#drive03052025 DRIVE!! Davis -> Sunnyvale 1:45 PM
2681,#drive09262025 Need a drive from Sunnyvale to Berkeley. Budget 30 dollars
2682,#ride06172024 Palo Alto -> San Francisco | 9:30 PM | $18-28 | 1 seat
2683,"#ride06072024 from Palo Alto to Sunnyvale 20 dollars leaving 10:00 PM 🚗
flexible time"
2684,#ride02172025 RIDE!! Sunnyvale -> San Jose 5PM $35-43 psl
2685,#ride07282025 RIDE!! Davis to San Francisco 8AM
2686,#ride04042024 Sacramento to Oakland $22 leaving 7PM
2687,#ride01172024 Need a ride Palo Alto to Sac. Budget $25
2688,#ride09122025 Sunnyvale-San Jose | 8:30 AM |  | 1 seat
2689,#ride03302025  Need  a  ride  from  Sunnyvale  to  Berkeley.  Budget  $25
2690,"#ride03162025 RIDE!! San Jose-Fremont 7:10 AM $20
anyone?"
2691,#drive09022025 DRIVE!! Davis to Palo Alto 6:20 AM $25
2692,#ride09062024 Davis -> San Jose $25 leaving 6:00 PM
2693,d#rive07312024  Sunnyvale-Berkeley  |  10AM  |  $22-30  |  1  seat
2694,#drive10072024 Sunnyvale-San Jose $40 leaving 10PM
2695,#drive05112025 Need a drive from Davis to Berkeley. uBdget $35 🚗
2696,#drive11152025 #drive11162025 DRIVE!! Berkeley to San Jose 1:00 PM $40 😊
2697,#ride12202025 Need a ride Berkeley ➜ Oakland. Budget $25-35
2698,#drive08102025 #drive08172025 DRIVE!! Fremont -> Berkeley 4PM $18-23
2699,#drive09222024 San Francisco -> Davis | 10:40 AM | $30 | 1 seat
2700,#ride08072025 from Oakland to Berkeley | 7:00 PM | $10 | 1 seat
2701,#ride09092025 RIDE!! Sunnyvale-Davis 10AM $25
2702,#ride04282025 RIDE!! from Fremont to San Jose 10:45 PM $25
2703,San Francisco ➜ San Jose | 9PM | $12 | 1 seat
2704,#drive07172025 DRIVE!! Sacramento-Palo Alto 6:20 PM $40
2705,#drive10082024 Berkeley to Davis | 7PM | $12 | 1 seat
2706,#drive06152025 Davis -> Fremont | 6:40 AM | 10 dollars | 1 seat 😊
2707,"#ride08132025 RIDE!! San Jose -> Davis 12PM $18
pm me"
2708,#drive06222025 Berkeley to Sacramento | 6:20 PM | $30-38 | 1 seat
2709,Sunnyvale -> Fremont | 5PM | $10-18 | 1 seat
2710,"#drive11252024  Need  a  drive  Oakland-Sunnyvale.  Budget  $35
pm  me"
2711,"#drive06212025 Need a drive Sacramento ➜ Fremont. Budget $18-26
comment below"
2712,#ride06012025 San Francisco -> Berkeley $12 leaving 12:20 PM thx
2713,#ride06112024 Need a ride Berkeley ➜ Fremont. Budget $22 !!
2714,#ride06022025 Palo Alto ➜ Davis $30 leaving 8:20 PM 😊
2715,#drive04192024 Sunnyvale ➜ San Francisco $12 leaving 9AM
2716,#drive08232025 Need a drive Sunnyvale ➜ Berkeley. Budget $15
2717,#drive11292024 San Jose-Sunnyvale | 4PM |  | 1 seat
2718,#drive07082025 DRIVE!! from Sacramento to Palo Alto 7:20 AM $40
2719,#drive03072025 Sunnyvale ➜ San Jose | 10:20 AM | $18-23 | 1 seat
2720,"#drive05092024 DRIVE!! San Francisco-San Jose 12PM $35
flexible time"
2721,#drive06082025 #drive06092025 Need a drive Sunnyvale-Davis. Budget
2722,#ride10202024 Palo Alto-Fremont $30 leaving 3:50 PM
2723,#drive04272025 Need a drive Fremont ➜ San Francisco. Budget $25
2724,#ride06142024 Oakland ➜ San Jose leaving 3PM
2725,#drive07052024  #drive07062024  Sacramento  ->  Sunnyvale  $22-27  leaving  11:10  AM
2726,RIDE!! Sacramento ➜ Davis 12:40 PM thx
2727,#ride06042024 RIDE!! San Jose-Sacramento 8AM $18
2728,#ride12202024  Need  a  ride  Sunnyvale-Fremont.  Budget  $10
2729,#ride01322024  San  Francisco  to  San  Jose  $15  leaving  9PM
2730,#drive06162025 Sunnyvale to Palo Alto | 7:40 PM | $12 | 1 seat
2731,#drive02222024 from Oakland to Palo Alto $20 leaving 8:10 PM
2732,#drive07032025 Davis -> Oakland $12 leaving 4PM !!
2733,#drive08082025 Need a drive from Sunnyvale to San Jose. Budget $40
2734,#ride06172024 RIDE!! Sunnyvale to Sacramento 7PM $40
2735,"#drive01152025 Berkeley -> Palo Alto $15 leaving 2PM
pm me"
2736,#drive10042025 DRIVE!! from Sacramento to San Jose 6:40 PM $22
2737,#drive01232024 DRIVE!! from Palo Alto to Sunnyvale 11:45 AM 18 dollars
2738,#ride02142025 Oakland to Fremont | 8PM | $10-20 | 1 seat
2739,#ride03102025 Need a ride Sacramento-Oakland. Budget $25
2740,"#drive11022024 DRIVE!! Palo Alto to Sunnyvale 9:30 PM $30 !!
pm me"
2741,#drive06302024 San Jose ➜ Sunnyvale | 7AM | $10-18 | 1 seat
2742,#ride12072024 Fremont-Oakland $30-35 leaving 5PM pls
2743,#drive03125024  Berkeley  to  San  Jose  $15-25  leaving  7PM
2744,Need a drive Sunnyvale ➜ Fremont. Budget $12
2745,#drive12062025 DRIVE!! from Fremont to Sunnyvale 6AM $25
2746,#dirve04262025 Need a drive Oakland ➜ SF. Budget 20 dollars
2747,#drive06052024 Sacramento ➜ San Francisco  leaving 10PM 🚗
2748,#ride03152024  Berkeley  ➜  San  Jose  |  9PM  |  $22  |  1  seat
2749,#irde05162024 Need a ride from San Francisco to Sunnyvale. Budget $22
2750,#drive06052024 Fremont-Davis $40 laeving 4:40 PM 😊
2751,#drive02092024 from Sacramento to SJ $12 leaving 6:20 AM
2752,#drive03142024 Palo Alto -> San Jose | 8PM | $18 | 1 seat pls
2753,#ride01292024  San  Francisco-Berkeley  $40  leaving  8:00  AM  pls
2754,#drive12112025 Need a drive Fremont -> San Jose. Budget $30
2755,#drive03252025 DRIVE!! Berkeley-Davis 1PM $25
2756,#ride07062025  Need  a  ride  Fremont  ➜  Oakland.  Budget  $30
2757,#ride03302025 Berkeley -> Oakland | 6AM | $20 | 1 seat
2758,#ride12272024 Davis to Oaklan d$18 leaving 11AM
2759,#ride06262024 RIDE!! Sacramento to San Jose 7:15 PM $25 flexible time
2760,#drive06052024 Need a drive San Francisco-Davis. Budget $40
2761,#ride12112024 Berkeley ➜ Fremont $20 leaving 5PM
2762,#drive03302025 Palo Alto -> San Jose | 3PM | $15 | 1s eat
2763,#ride02112025 Need ar ide Sac ➜ Fremont. Budget $35 😊
2764,#ride01112025 Palo Alto ➜ Davis | 11:00 AM |  | 1 seat
2765,#ride10162024  from  Oakland  to  San  Francisco  |  6:10  PM  |  $40  |  1  seat
2766,#drive08042024 DRIVE!! Fremont ➜ San Jose 10PM $20
2767,"#drive05082025 DRIVE!! eBrkeley -> Palo Alto 9:30 PM thx
pm me"
2768,#drive04252024 Sunnyvale -> Oakland $18 leaving 6:15 PM
2769,#drive03062025 #drive03092025 from Fremont to Oakland $35 leaving 5:45 PM
2770,#ride11262024 Palo Alto -> San Jose | 10PM | $35 | 1 seat 😊
2771,#ride03222024 Sacramento -> Berkeley $10 leaving 3:30 PM
2772,#drive10172025 #drive10242025 Palo Alto -> San Francisco 15 dollars leaving 8PM
2773,#drive01192024  Oakland-San  Jose  18  dollars  leaving  4:45  PM
2774,#ride09112025 RIDE!! from Palo Alto to Oakland 3:00 PM $18
2775,#drive03072025 Sacramento ➜ Berkeley | 11AM | $35 | 1 seat !!
2776,"#drive01072025 DRIVE!! Palo Alto-Berkeley 7PM $20 pls
comment below"
2777,"#drive12192024  Need  a  drive  San  Jose-Fremont.  Budget  $25
comment  below"
2778,"#drive01152025  from  Oakland  to  Sacramento  $25  leaving  9:00  PM
anyone?"
2779,#ride07282024  RIDE!!  from  Fremont  to  Sacramento  5:50  PM  $10
2780,Palo  Alto-Davis  |  1PM  |  $35  |  1  seat  thx
2781,#drive11152025 Palo Alto -> SJ | 10:10 AM | 18 dollars | 1 seat
2782,#ride05292024  Palo  Alto  ➜  Berkeley  |1  1AM  |  $20  |  1  seat
2783,#ride12022025  RIDE!!  Fremont-Davis  3:45  PM  $12  pls
2784,#ride12182025  Sunnyvale  to  San  Francisco  |  8:40  AM  |  |  1  seat  !!
2785,#drive10172024 from Oakland to Berkeley $30 leaving 6AM
2786,#ride06202025 Need a ride Palo Alto-San Francisco. Budget $40
2787,#ride02272025 Davis to Oakland leaving 1:00 PM
2788,#drive12192025 Fremont-Oakland $22-32 leaving 6PM
2789,#ride04232025 RIDE!! from Sa nJose to Davis 12PM $18-28
2790,"#ride06192025 Oakland ➜ Palo Alto $10 leaving 6:30 AM
anyone?"
2791,#drive01112025 San Jose -> Sacramento $30 leaving 4:50 PM
2792,#drive05142025 DRIVE!! from Oakland to SJ 8PM
2793,"RIDE!! from Berkeley to Sacramento 12PM $12
comment below"
2794,#ride08102024 Davis to Berkeley | 11:50 AM | $12 | 1 seat
2795,#drive08162025 #drive08172025 San Francisco ➜ San Jose $30 leaving 7:40 PM 😊
2796,#drive03062025 Berkeley-San Jose | 9:50 PM | $40 | 1 seat
2797,#drive10192025 DRIVE!! Sunnyvale ➜ Palo Alto 11:10 AM $35
2798,#drive11282024 Sacramento ➜ Oakland $12 leaving 5PM
2799,#drive06042024  Oakland  ->  San  Jose$  10-20  leaving  10:00  PM
2800,#ride05122024 #ride05152024 Need a ride San Jose-Sunnyvale. Budget $40
2801,#drive01282025 Sunnyvale -> SF | 12PM | $15 | 1 seat 😊
2802,#ride05302025  RIDE!!  Scaramento  ➜  San  Jose  6PM  $40
2803,#ride04022024 Palo Alto-Sunnyvale | 9PM | $25 | 1 seat 😊
2804,#ride10292024 Need a ride Sunnyvale -> Fremont. Budget $20-25
2805,#drive09242025 Sunnyvale ➜ Davis $35 leaving 1:20 PM
2806,#ride04112024 Need a ride Palo Alto to San Francisco. Budget $22 🚗
2807,#drive10312024 San Jose ➜ Berkeley $25-33 leaving 9PM
2808,#ride02152025 RIDE!! Sunnyvale -> Davis 8:20 PM $18
2809,#drive06162025 Need a drive Oakland-Davis. Budget $22-32
2810,#ride08182024 RIDE!! Oakland-Sunnyvale 9:00 AM $35 !!
2811,#ried10162025 RIDE!! Sunnyvale-Sacramento 7:15 AM $20-28
2812,#drive12142025 #drive12162025 Davis to Sunnyvale $40-45 leaving 8:00 PM
2813,#ride05302025  RIDE!!  from  Sunnyvale  to  Palo  Alto  6:15  AM  20  dollars
2814,#drive07212025 Palo Alto -> Davis $20-25 leaving 1PM
2815,#ride07212025 Need a ride Oakland to Fremont. Budget $12
2816,#ride05022024 RIDE!! Sunnyvale-Palo Alto 8:45 AM $30
2817,#ride01282024 #ride11042024 RIDE!! Fremont to San Jose 9AM $18-26
2818,#ride11042025 RIDE!! San Francisco to Berkeley 2PM $10 !!
2819,"#ride09132025 from Sacramento to Palo Alto $18 leaving 8:00 PM
flexible time"
2820,#ride06092025 San Francisco to Oakland $18-23 leaving 4:45 PM !!
2821,#ride03142024 Need a ride Palo Alto ➜ Oakland. Budget $22 😊
2822,#ride02282025 RIDE!! San Francisco to San Jose 10PM $40 😊
2823,#ride05052025 from San Francisco to Fremont | 2PM | $18-26 | 1 seat
2824,#ride01052024 Sac -> Sunnyvale $12 leaving 9PM
2825,#drive12092025D  RIVE!!  Fremont  ➜  Sacramento  5PM  $25  🚗
2826,#ride01122024 RIDE!! from Sunnyvale to Berkeley 12PM
2827,#drive05152025 Need a drive Fremont to Berkeley. Budget $12
2828,#drive01062025 Sunnyvale ➜ Palo Alto | 3:20 PM | $35 | 1 seat
2829,#ride08212025 Berkeley to Davis | 8AM | 35 dollars | 1 seat
2830,#drive10082024 Need a drive Oakland -> Palo Alto. Budget
2831,#ride12152024 RIDE!! Fremont-Davis 5PM $15
2832,Davis -> San Francisco 10 dollars leaving 11AM 🚗
2833,#drive06302025 San Jose ➜ Fremont $12 leaving 6AM thx
2834,RIDE!! Berkeley ➜ San Francisco 3:30 PM $35
2835,"#ride12132024 Fermont ➜ San Jose  leaving 3:00 PM
comment below"
2836,#drive11182025 Sacramento -> Palo Alto | 9:00 AM |  | 1 seat
2837,#drive03282024  DRIVE!!  from  Sunnyvale  to  Fremont  8AM  !!
2838,#ride02282024 Fremont -> San Francisco $18 leaving 1:00 PM
2839,#ride06062025 Need a ride Fremont ➜ SF. Budget
2840,#drive08132025  from  San  Jose  to  Oakland  $18  leaving  6:10  AM  pls
2841,#drive02212025 Berkeley -> Oakland 15 dollars leaving 4:00 PM
2842,"#ride04272024 RIDE!! San Jose -> Fremont 9PM $18
flexible time"
2843,#drive02152025 Need a drive Oakland to Fremont. Budget $15 pls
2844,#ride08222025 Palo Alto ➜ Sacarmento | 8:20 AM | $30 | 1 seat
2845,#ride03222024 #ride03292024 Need a ride Oakland ➜ Davis. Budget $35
2846,#ride08112024 San Francisco -> Sacramento | 7:00 AM | $40 | 1 seat
2847,#drive08012025 #drive08022025 Need a drive Berkeley ➜ Sunnyvale. Budget $15-23
2848,#ride02012024 Fremont-Berkeley $40 leaving 4PM
2849,DRIVE!! from San Francisco to San Jose 1PM $22 😊
2850,#drive09102024 Need a drive Davis ➜ Berkeley. Bugdet
2851,#drive02172025 DRIVE!! Davis-Fremont 8PM $15-20
2852,#ride05042024 San Francisco-Palo Alto | 3:30 PM |  | 1 seat pls
2853,#ride05192025 Oakland -> San Jose | 11:20 AM | 22 dollars | 1 seat
2854,#ride07062024 Need a ride San Jose to Sacramento. Budget $30 pls
2855,r#ide11082024 RIDE!! Fremont to Berkeley 10:40 PM $20
2856,#drive06302025  Sacramento  ➜  San  Francisco  |  10:50  PM  |  $35  |  1  seat
2857,#ride11132024 RIDE!! Sacramento ➜ Oakland 1:10 PM $18-26
2858,#drive12302025 #drive12312025 Need a drive Oakland ➜ Sacramento. Budget $35
2859,#ride04062025 from Palo Alto to Oakland $12 leaving 1PM
2860,#drive12282025 #drive12302025 SJ ➜ Fremont $30 leaving 10PM 😊
2861,#ride07162025  RIDE!!  from  Fremnot  to  San  Jose  5:00  PM  $22
2862,#ride08192024 RIDE!! Oakland-Sunnyvale 9PM $15
2863,#drive10112024 DRIVE!! Davis-Sacramento 1PM $10
2864,Need a drive from SJ to Fremont. Budget $22-32
2865,#drive09132025 Davis -> Sunnyvale $12-20 leaving 8:30 AM
2866,"#drive05072024 Palo Alto-Davis $22 leaving 7:15 AM
flexible time"
2867,#ride08012024 Sunnyvale-Oakland | 6:45 PM | $25 | 1 seat
2868,#drive04072024S acramento -> San Jose | 8PM | 40 dollars | 1 seat
2869,#ride09122024 RIDE!! Oakland -> Sacramento 3:20 PM $40
2870,#ride02062024 #ride02072024 Need a ride Davis ➜ San Francisco. Budget $10 😊
2871,#drive03252025 DRIVE!! San Francisco -> Fremont 7AM thx
2872,#drive09112025 from Sacramento to Palo Alto $10 leaving 6AM
2873,#drive09182025 Need a drive Palo Alto ➜ Fremont. Budget $40
2874,#drive09212024 SF to San Jose | 9PM | $10 | 1 seat
2875,#drive03052024 Need a drive Berkeley -> SF. Budget $12
2876,#ride05142025 Need a ride San Francisco to Oakland. Budget $18
2877,San Jose to Palo Alto $35-45 leaving 6:15 PM
2878,"#ride09272025  RIDE!!  Davis  ->  Oakland  11:45  AM  $35  🚗
pm  me"
2879,#drive03262025 Sunnyvale ➜ Fremont | 5PM | $10 | 1 seat
2880,#ride04242025  #ride04252025  Palo  Alto-Sunnyvale  |  9:10  AM  |  15  dollars  |  1  seat
2881,#ride03092024 Need a ride Fremont ➜ SJ. Budget $30
2882,"#ride04092024  Need  a  ride  San  Francisco  ->  Berkeley.  Budget  $35
anyone?"
2883,#drive08062024 Need a drive from Sacramento to Davis. Budget $15
2884,#drive12222025 Davis -> Oakland $25-33 leaving 9PM pls
2885,#ride09012025  from  Oakland  to  Davis  leaving  7:15  AM  anyone?
2886,#drive10202025 Need a drive Fremont ➜ Berkeley. Budget $10 pls
2887,#ride05132025 RIDE!! San Jose -> Sacramento 5PM $22
2888,#drive04242024 DRIVE!! Sacramento-Fremont 9AM $15
2889,#drive08152025 Fremont ➜ Sunnyvale | 5:15 PM | $20 | 1 seat !!
2890,#drive01212024 DRIVE!! Fremont-Berkeley 12:20 PM 10 dollars
2891,#ride08262025 Sacramento to San Francisco | 10AM |  | 1 seat
2892,"#drive01252025 Need a drive Sunnyvale ➜ San Jose. Budget $18
anyone?"
2893,#drive04012025 from Berkeley to Oakland | 2PM | $22 | 1 seat
2894,#driev11012024 DRIVE!! SJ -> Berkeley 7:20 AM 10 dollars
2895,#drive01272024 Sacramento to Oakland $18 leaving 6PM 😊
2896,#ride08252024 Need a ride Sacramento -> San Jose. Budget $12 😊
2897,"#ride08262024 RIDE!! Palo Alto -> SJ 9:50 AM
anyone?"
2898,#ride02032025  Fremont  to  Sac  |  7:50  AM  |  $22  |  1  seat
2899,#drive04082024 DRIVE!! Fremont ➜ San Francisco 5:15 PM $12
2900,#drive11062025 from San Joes to Sunnyvale $18-23 leaving 3PM
2901,#drive05062024 DRIVE!! Sacramento ➜ Berkeley 12:20 PM $30 🚗
2902,#drive09272025  DRIVE!!  Palo  Alto  ➜  Oakland  11AM  $10  😊
2903,#ride07222024  Berkeley  to  Sacramento  $35  leaving  8:20  AM
2904,RIDE!!  from  San  Jose  to  San  Francisco  9:15  AM  $25
2905,"#ride11182025 RIDE!! San Francisco to Sunnyvale 8:20 AM $25
anyone?"
2906,#drive05252024 Need a driv eSF to Davis. Budget $10
2907,#ride06162025 Oakland -> Sunnyvale | 6:20 AM | $12 | 1 seat 🚗
2908,#drive01112024 from Berkeley to Davis | 10:40 AM | $18 | 1 seat
2909,"#drive11232025  #drive11262025  Need  a  drive  from  Fremont  to  Sunnyvale.  Budget  $30-40
comment  below"
2910,#drive08232025 Berkeley-San Jose | 5:15 PM | $20 | 1 seat
2911,#drive01142025 Berkeley-San Jose $15-23 leaving 5PM
2912,#drive02282025  San  Jose  to  Sunnyvale  |  9:50  PM  |    |  1  seat  thx
2913,#drive01222024 San Francisco to Berkeley $30 leaving 10PM
2914,#drive04272025 DRIVE!! Davis ➜ Palo Alto 10PM $12
2915,#drive10052024 Fremont ➜ SJ $25 leaving 7AM 😊
2916,#ride04072025 Sunnyvale to Sacramento $10 leaving 7:10 PM
2917,"#ride04262024 Davis-Sac | 6:15 AM | $30 | 1 seat
anyone?"
2918,#ride04092024 Fremont-Davis $15-20 leaving 11AM 🚗
2919,#drive06162024 Sunnyvale-San Francisco $20-25 leaving 5PM
2920,#ride12072025 Need a ride Oakland ➜ Davis. Budget $20-25 😊
2921,#ride02102025 Berkeley to Davis $25 leaving 1:20 PM !!
2922,#drive09082024 San Jose -> Fremont $10 leaving 10:00 PM pls
2923,#ride01172025 Palo Alto ➜ San Francisco $22 leaving 9PM
2924,#ride09252024 Davis-San Jose $18 leaving 3:00 PM 😊
2925,#ride07052025  Palo  Alto-Sacramento  |  10PM  |  $12-20  |  1  seat
2926,RIDE!! Oakland-Davis 6AM $22
2927,#ride08082025 from Palo Alto to San Francisco $18 leaving 6AM
2928,#drive01132024 from Sunnyvale to Berkeley 10 dollars leaving 3:00 PM thx
2929,#drive12212024 Berkeley ➜ San Jose $18 leaving 12:30 PM !!
2930,#ride08162025 #ride08192025 Oakland ➜ San Jose $22-32 leaving 1:45 PM
2931,#drive01252025  #drive02012025  San  Francisco  ->  Berkeley  |  10PM  |  $30  |  1  seat
2932,Berkeley-San Jose $25-33 leaving 8AM
2933,#drive10292024 Need a drive San Francisco -> San Jose. Budget $35
2934,#ride05242024 Palo Alto -> Davis | 11:30 AM | $20 | 1 seat
2935,#drive09272025 from San Jose to Sac $35-45 leaving 9:15 PM
2936,#drive11292025 #drive12022025 DRIVE!! SJ -> Berkeley 7:50 PM $20-25 thx
2937,#ride12292024 RIDE!! from Sac to Fremont 10PM $25 😊
2938,#ride09072024 Need a ride from Palo Alto to Fremont. Budget pls
2939,#drive05292025 Fremont ➜ Oakland  leaving 3PM 😊
2940,Palo Alto ➜ Sacramento $40 leaving 10:30 PM
2941,#drive12112025 #drive12182025 SJ-Davis $25 leaving 10AM thx
2942,#ride03012024 Sacramento-Berkeley $22 leaving 7AM
2943,#ride01282025 Davis -> Oakland | 7:15 AM | $35 | 1 seat
2944,#drive04092025 Need a drive Berkeley to Sacramento. Budget $35
2945,#ride05142025 #ride05212025 Need a ride from Davis to Berkeley. Budget $40
2946,#ride03022024 RIDE!! San Francisco ➜ Sacramento 11AM $12
2947,#drive12242024 #drive12312024 SF to Davis | 6PM | $15 | 1 seat
2948,#drive09212024 DRIVE!! San Francisco ➜Berkeley 12PM $20 thx
2949,#drive09162025 SJ-Davis | 12PM | $20 | 1 seat
2950,#drive12112024  Berkeley-San  Francisco  $10  leaving  6AM
2951,#drive05272025 Need a drive from San Jose to Sunnyvale. Budget $15
2952,#ride10202025 RIDE!! from Oakland to Fremont 11AM $20-30
2953,#ride10202024 Oakland -> Palo Alto $12 leaving 8:00 AM
2954,#ride01182025 Davis -> Sunnyvale | 4PM | $30 | 1 seat pm me
2955,#drive08262024 from Fremont to Sacramento | 8:50 AM | $22-27 | 1 seat
2956,#drive09102024 DRIVE!! Davis-Palo Alto 6:50 PM 😊
2957,"#drive10292025 Need a drive Berkeley ➜ San Francisco. Budget $20
anyone?"
2958,#ride08242024 Oakland-Palo Alto | 10AM | $12 | 1 seat
2959,#ride11092024 Davis to San Francisco $40 leaving 12:20 PM
2960,#drive02152025 Need a drive from Palo Alto to Davis. Budget $10 😊
2961,#ride07052024 RIDE!! Sunnyvale to Oakland 9:45 AM 😊
2962,#drive03172024 Oakland to San Jose | 3:00 PM | 18 dollars | 1 seat
2963,#ride09212025 Need a ride Sacramento -> Oakland. Budget $35
2964,#drive04172025 DRIVE!! Sacramento-Davis 10:50 AM $30
2965,#ride05162025  #ride05182025  Need  a  ride  Sunnyvale  ->  Fremont.  Budget  $25
2966,#ride09052025 Need a ride Oakland -> Sacramento. Budget 12 dollars thx
2967,#drive07142025  DRIVE!!  Davis  ➜  Berkeley  7AM  $35-43
2968,#ride10072025 Need a ride Sacramento to Sunnyvale. Budget
2969,#drive03132025 Davis -> Sacramento | 2:10 PM | $25-30 | 1 seat
2970,#ride05162024 #ride05182024 Need a ride San Jose-Fremont. Budget $18
2971,#drive12092025 DRIVE!! from San Francisco to Sac 4PM 30 dollars
2972,#drive07062025 DRIVE!! San Francisco -> Sacramento 4PM $30
2973,"#ride12142024 San Jose-Sunnyvale | 4PM | $10 | 1 seat
pm me"
2974,#drive01342025 DRIVE!! from Sacramento to San Francisco 1PM $12
2975,#ride12022025 San Jose to Fremont | 10AM | $35 | 1 seat
2976,#drive09152025 Sunnyvale-Sacramento | 8PM | $18 | 1 seat
2977,#drive10272025 San Francisco-Sunnyvale $25-30 leaving 8AM
2978,#drive04072025 Need a drive Sac to Berkeley. Budget 40 dollars
2979,#ride03182024 Need a ride from Davis to San Francisco. Budget $40
2980,#ride06202024 RIDE!! San Jose -> San Francisco 9:30 PM
2981,#ride05282025 from Berkeley to Fremont | 10:00 AM | $25 | 1 seat
2982,#ride01062024  #ride01082024 from Davis to San Francisco  leaving 4PM
2983,#ride04152025 San Francisco to Sunnyvale  laeving 7:40 PM pls
2984,#ride06092025 Fremont-Berkeley | 9:00 PM | $40 | 1 seat
2985,#ride06222024 #ride06292024 RIDE!! from San Francisco to Fremont 2PM $15 🚗
2986,#ride08112024 #ride08122024 RIDE!! San Jose to Davis 7:15 PM
2987,#drive11222024 San Jose ➜ Berkeley | 6PM | $25 | 1 seat 😊
2988,#ride11222025  Need  a  ride  Davis  ➜  San  Jose.  Budget  20  dollars
2989,#drive06262025 Davis ➜ Palo Alto 35 dollars leaving 8AM 🚗
2990,#drive05024025 DRIVE!! Sac ➜ Davis 11:15 AM $12
2991,#ride11302025 from San Jose to Sunnyvale $15 leaving 7PM
2992,#ride07102025 #ride07172025 RIDE!! San Jose-Sunnyvale 9:20 PM $40-50 🚗
2993,Davis to Palo Alto | 5PM | $35 | 1 seat
2994,#ride09072025  Need  a  ride  Sunnyvale  ➜  Sacramento.  Budget  40  dollars
2995,#ride06202024 Palo Alto -> Davis | 1PM | | 1 seat thx pm me
2996,#ride11022024 Davis-Fremont | 8:50 PM | $20 | 1 seat
2997,#drive10122024 Need a drive Fremont to Sunnyvale. Budget $25 🚗
2998,"#drive08282024  DRIVE!!  from  San  Jose  to  San  Francisco  4PM  35  dollars
comment  below"
2999,#drive06272024 Palo Alto ➜ Berkeley leaving 10PM flexible time
3000,#drive05032025 DRIVE!! Oakland-Sacramento 7:15 AM $25-30
3001,#drive11232024 #drive11252024 from Sacramento to Berkeley | 6:50 PM | $15 | 1 seat !!
3002,#ride03082025 Need a ride Palo Alto-Fremont. Budget
3003,#ride11142025 #ride11212025 Sunnyvale -> San Jose | 4:10 PM | $25 | 1 seat
3004,#drive11302024 from Palo Alto to Fremont $15 leaving 12PM 😊
3005,#drive05202025 Oakland -> Fremont | 4PM | $40-45 | 1 seat
3006,#ride12202025 RIDE!! Oakland to Fremont 11AM 😊
3007,"#drive03092025 DRIVE!! Sacramento-Sac 1:50 PM $15
comment below"
3008,#ride04302025 RIDE!! San Jose ➜ Davis 9PM $40
3009,#drive11252024 Oakland-San Jose | 2PM |  | 1 seat !!
3010,San Jose-SJ $20 leaving 6AM
3011,Need a drive SF to Palo Alto. Budget $12
3012,#ride03022024 Need a ride Oakland to Davis. Budget
3013,#drive02132025 Davis-Oakland $30 leaving 7AM
3014,#ride04052024 Sac to Sacramento $15 leaving 6:40 AM pls
3015,#drive11052025 DRIVE!! San Jose ➜ Fremont 1PM $04
3016,#drive09052025 Palo Alto -> San Francisco | 9PM | $10 | 1 seat
3017,#drive12152025 DRIVE!! from Davis to Fremont 1PM
3018,#ride01132025 Need a ride Fremont to Oakland. Budget !!
3019,#drive0122202 5DRIVE!! from Oakland to San Francisco 9PM $10-20
3020,#drive11042024 #drive11112024 Palo Alto ➜ Fremont $18 leaving 5PM
3021,#ride08132024 RIDE!! Fremont-Palo Alto 8PM $20-30
3022,#drive06112025 Need a drive Davis -> Oakland. Budget $10
3023,#ride01212025 Fremont ➜ Palo Alto $10-20 leaving 9:30 AM pm me
3024,#drive08012025 Sacramento ➜ Fremont $20 leaving 2PM
3025,SF  to  Fremont  |  5PM  |    |  1  seat
3026,#ride06102024 RIDE!! Oakland ➜ Palo Alto 5:20 PM $25 😊
3027,#ride11182024 RIDE!! San Francisco ➜ Oakland 4:45 PM $20 🚗
3028,#drive12312024 San Francisco -> Davis $22 leaving 3PM pls
3029,"#ride06302025 Need a ride San Jose to Sunnyvale. Budget $12 😊
comment below"
3030,#drive09282024 Palo Alto ➜ Fremont $18 leaving 8:00 PM 🚗
3031,#drive03072025 DRVIE!! Oakland ➜ Sunnyvale 1PM $20
3032,#drive11172025 from Berkeley to Davis | 11AM | $40 | 1 seat
3033,"#drive90162025 DRIVE!! Sunnyvale-Davis 10:45 PM $20
comment below"
3034,#drive09042025 Fremont to San Francisco | 7AM | $22 | 1 seat
3035,#ride10162025 RIDE!! Fremont -> San Jose 3PM $35-43
3036,#ride09022024 Palo Alto ➜ Davis $20 leaving 7:30 AM
3037,#drive03222024 Oakland-San Francisco | 8:15 PM | $10-15 | 1 seat pls
3038,#ride09302025 Palo Alto-San Francisco | 2PM | $30 | 1 seat 😊
3039,#ride09242024 Oakland-Berkeley  leaving 3:40 PM
3040,#drive02272024 Need a drive San Francisco to Oakland. Budget $18 🚗
3041,"#ride06172025 Need a ride Sacramento -> Davis. Budget $20 🚗
comment below"
3042,#drive11112025 Oakland-Sunnyvale | 7:15 PM |  | 1 seat
3043,Sunnyvale-Davis $15 leaving 2PM
3044,#ride06172024 RIDE!! Oakland -> Fremont 5PM $12-20
3045,#drive05232024 San Jose to Sunnyvale | 2PM | $25-35 | 1 seat
3046,#ride05172024 Need a ride San Francisco -> Davis. Budget $22
3047,#drive10222025 Sacramento-San Francisco | 3:10 PM | $20 | 1 seat
3048,#ried03082025 RIDE!! Palo Alto-San Jose 6:00 AM $22
3049,#drive04052025 DRIVE!! Sunnyvale ➜ Oakland 6:30 PM
3050,#ride02122024 #ride02132024 Need a ride Fremont -> Davis. Budget $40
3051,"#ride10062024 from Sacramento to Oakland | 9PM | $12 | 1 seat
pm me"
3052,#drive09082024 San Francisco to San Jose $15 leaving 11AM
3053,#drive01122025 Davis ➜ Oakland 22 dollars leaving 10:04 PM pls
3054,#ride12272025 #ride12282025 RIDE!! Davis ➜ Fremont 11:40 AM $22 pls
3055,#drive09302024 Sunnyvale -> Fremont | 6:45 PM | $40 | 1 seat
3056,#drive06232025  #drive06242025 Sacramento to Oakland | 10AM |  | 1 seat !!
3057,#drive09022025 Palo Alto-Davis $25 leaving 6:30 AM pls flexible time
3058,"Sunnyvale -> Davis $40 leaving 1:30 PM
flexible time"
3059,#ride06212025  Oakland  ➜  Davis    leaving  9:10  AM
3060,#drive07112024 Fremont-Davis  leaving 7AM
3061,#ride02122024 Fremont ➜ San Jose | 2PM | | 1 seat
3062,#drive08132025 Need a drive from Palo Alto to Sunnyvale. Budget $12 !!
3063,#drive10132024 #drive10202024 Berkeley to Sacramento  leaving 8AM thx
3064,#drive04292025  #drive05062025  SF  ->  Sunnyvale  $12  leaving  11:50  AM
3065,#drive05222024 Sunnyvale -> Palo Alto  leaving 9:30 AM
3066,#drive02042024 DRIVE!! Davis -> Berkeley 6AM $22-32 thx
3067,#drive07042025 #drive07052025 Need a drive Sunnyvale ➜ Berkeley. Budget $35
3068,#ride11142025 RIDE!! Fremont-Sacramento 8AM $35
3069,"Need a drive Palo Alto-Fremont. Budget $15
comment below"
3070,#drive12072025 Palo Alto -> Fremont | 8:45 AM | 18 dollars | 1 seat
3071,#ride01312024 Fremont-Plao Alto $35 leaving 10PM
3072,RIDE!! from San Francisco to Fremont 3PM $40 !!
3073,#ride12052025 RIDE!! Fremont ➜ Davis 1PM $22
3074,#ride03122024 Need a ride San Jose -> Berkeley. Budget $18
3075,#ride06052025 Sunnyvale ➜ Palo Alto $10-15 leaving 8AM 😊
3076,#ride02062025 #ride02092025 RIDE!! Sunnyvale-San Francisco 12:30 PM $18 thx comment bleow
3077,#ride01252025 San Jose to Oakland $15 leaving 1PM
3078,#ride12272025 RIDE!! Davis ➜ Sacramento 1PM $15
3079,#ride07272025 Davis -> San Francisco $20-28 leaving 8:15 PM
3080,#ride05142025 Need a ride from Oakland to Davis. Budget
3081,#ride09222025 Need a ride Davis -> Berkeley. Budget $20 thx
3082,#drive03202025  DRIVE!!  from  Palo  Alto  to  San  Jose  6:15  AM  $15
3083,#drive11162025 San Francisco-Sunnyvale $35 leaving 9AM
3084,Sacramento ➜ San Jose | 3PM | $20 | 1 sea tflexible time
3085,"#ride11032025 Davis to Berkeley | 10:20 PM |  | 1 seat
anyone?"
3086,"#ride01142024 Sac to Oakland $10-18 leaving 6PM
flexible time"
3087,#drive09172024 Oakland-Berkeley | 10AM | $10-18 | 1 seat
3088,#drive03312025 DRIVE!! from Berkeley to Oakland 9AM $30
3089,"#drive06172024  #drive06242024 Fremont -> San Jose  leaving 10PM
comment below"
3090,#drive11182025  DRIVE!!  Oakland-Fremont  7PM  $30
3091,#drive05302025 Sacramento -> Berkeley | 1PM | $15 | 1 seat
3092,#drive11302025 Need a drive Sunnyvale -> Fremont. Budget $10
3093,#ride06162025 San Francisco-Berkeley  leaving 1PM pls
3094,#ride05142025 Sacramento ➜ Oakland | 2PM |  | 1 seat
3095,#drive03112025 Sunnyvale -> San Francisco $12-22 leaving 7:50 PM 🚗 comment below
3096,#drive01222024 Oakland ➜ San Jose | 7AM | $25 | 1 seat
3097,#drive04272024 Need a drive Berkeley ➜ San Jose. Budget
3098,#drive05082025 Davis ➜ Sunnyvale | 1PM | $25 | 1 seat 😊
3099,"#ride05242024  Berkeley  ➜  San  Francisco  $30  leaving  9:40  AM
flexible  time"
3100,Need a drive Sunnyvale -> Palo Alto. Budget $12
3101,Davis-San Francisco $25 leaving 11AM
3102,#drive08072024 #drive08082024 Berkeley-Fremont $18 leaving 5:40 PM pls
3103,#ride01092025 Need a ride Oakland to San Francisco. Budget $22 🚗
3104,#ride06192025 Berkeley-Fremont | 2PM | $15 | 1 seat
3105,#drive07142025 Berkeley-San Jose | 1:40 PM |  | 1 seat
3106,#ride03242024 from Sna Jose to Berkeley $30 leaving 1:10 PM
3107,#ride12092025 Palo Alto to San Jose | 6:15 PM | $10 | 1 seat thx
3108,#ride02262024 #ride03042024 from Palo Alto to San Francisco | 3:30 PM | $35 | 1 seat
3109,#drive11262024 Oakland to Sacramento $35 leaving 11AM
3110,#drive08182024 Palo Alto-Sunnyvale $10 leaving 3PM
3111,#ride05142024 RIDE!! from Berkeley to San Francisco 5PM $20
3112,#ride02082025 Sunnyvale ➜ Palo Alto | 8:00 PM | $30 | 1 seat
3113,#ride05072025 Berkeley-San Jose $35-43 leaving 6PM
3114,#ride05312025 #ride06072025 RIDE!! Davis-San Jose 6PM $18 !!
3115,#drive12052024  from  Oaklandt  o  Sunnyvale  |  8AM  |  $10  |  1  seat  🚗
3116,#drive07242025  DRIVE!!  San  Jose  ->  Sacramento  8:40  PM  $30-38
3117,#drive09182025 #drive09252025 DRIVE!! Sacramento -> Oakland 6AM
3118,#ride10272024  RIDE!!  Oakland-Palo  Alto  10AM  $40
3119,from San Francisco to Oakland | 12PM | $12 | 1 seat
3120,#drive06302025 from San Jose to Sacramento $10 leaving 6:15 AM 🚗
3121,#drive08292024  Need  a  drive  Fremont-Davis.  Budget  $25
3122,#ride11202025 Need a ride San Jose ➜ Sunnyvale. Budget $12-17 pls
3123,#ride08302024  SJ-San  Jose  $20  leaving  5:30  PM
3124,#drive02132025 DRIVE!! San Jose -> Sunnyvale 3PM $40-45
3125,#drive05062024 Need a drive from San Jose to Berkeley. Budget $25 🚗
3126,#ride10062025 from Davis to Sunnyvale | 4PM | $40-50 | 1 seat 😊
3127,#ride08162025 from Sacramento to Berkeley | 9AM |$ 35 | 1 seat
3128,#drive09242024 Need a drive Oakland ➜ Palo Alto. Budget $30-35
3129,#ride03202025 RIDE!! Berkeley-San Francisco 8:50 PM $22
3130,#ride12262025 Palo Alto ➜ Oakland  leaving 7:50 AM
3131,#drive01282025 Need a drive Palo Alto ➜ San Jose. Budget
3132,#ride06192024 Need a ride from Fremont to Sunnyvale. Budget 35 dollars
3133,#drive08282025 San Francisco -> Fremont $40 leaving 5:20 PM !!
3134,#drive08082025 Need a drive from San Francisco to Palo Alto. Budget $20-25
3135,#ride04072025 Sunnyvale ➜ San Francisco | 12PM | $40 | 1 seat
3136,#ride02142025 RIDE!! from Palo Alto to San Jose 7:50 PM $12
3137,#drive07222025  from  San  Francisco  to  Berkeley  $15  leaving  9:15  PM
3138,"#drive03202025 DRIVE!! Fremont -> Sacramento 8PM $18 😊
pm me"
3139,#drive06072024 Sunnyvale-Fremont $40 leaving 12:45 PM
3140,#drive05312024 DRIVE!! Palo Alto ➜ Davis 12PM !! comment below
3141,#ride09122025 Need a ride Berkeley ➜ Fremont. Budget $20-25
3142,#ride12292024 RIDE!! Palo Alto -> Davis 5PM $25 🚗
3143,#ride08132024  Need  a  ride  Palo  Alto  to  Sunnyvale.  Budget  $12-17
3144,Need a ride Fremont -> Davis. Budget $30
3145,#drive03262025 #driev03272025 from San Francisco to Berkeley $40-48 leaving 9:15 PM pm me
3146,#drive04262025 DRIVE!! Davis ➜ SF 114:5 AM $18
3147,#ride05022025 Need a ride Fremont -> Oakland. Budget 03 dollars
3148,#drive01142024  Need  a  drive  Sunnyvale  ->  Palo  Alto.  Budget  25  dollars  thx
3149,#drive01152025 Fremont ➜ Berkeley $22 leaving 2:45 PM
3150,#ride10162024 Need a ride Sacramento -> Davis. Budget $35 pls
3151,#ride03122024 from San Francisco to Davis $30 leaving 12:40 PM 😊
3152,#drive09042024 Need a drive Berkeley ➜ Fremont. Budget thx
3153,#drive01252024 Sacramento-Oakland | 8:45 AM | $20 | 1 seat
3154,#ride12102024 from Sunnyvale to San Jose | 8AM | $22 | 1 seat
3155,#ride03062025 San Jose to Palo Alto $25-30 leaving 12:10 PM
3156,from Sunnyvale to Oakland | 12PM | $12 | 1 seat thx
3157,#ride02212024 RIDE!! Davis ➜ Palo Alto 6PM 35 dollars
3158,#ride10142025 RIDE!! San Jose to Sunnyvale 9PM $20 anyone?
3159,DRIVE!!  from  Sunnyvale  to  Berkeley  12PM  $25
3160,#ride08082024 #ride08102024 San Jose-Sunnyvale | 3PM | 25 dollars | 1 saet !!
3161,#drive05052025 DRIVE!! San Jose to Berkeley 9:30 PM $22
3162,#ride03072025 RIDE!! Davis to Fremont 6AM
3163,#drive08262024 Sunnyvale ➜ Palo Alto | 10PM |  | 1 seat
3164,#ride04082025  #ride04102025  RIDE!!  from  Fremont  to  Berkeley  9:20  PM  $30
3165,"#drive12312025 Sunnyvale ➜S acramento | 4PM | $20 | 1 seat
anyone?"
3166,#drive05042025 San Jose -> Berkeley | 3PM | $18-23 | 1 seat 🚗
3167,#ride06162025 Need a ride San Francisco-Sunnyvale. Budget 10 dollars
3168,#ride10022024 Need a ride Oakland -> Sacramento. Budget $35
3169,#ride11162024 from Fremont to Oakland | 1:00 PM | $10-20 | 1 seat 😊
3170,"#ride09112025 RIDE!! from Davis to Sacramento 9PM $12
anyone?"
3171,#ride04012025 Need a ride Fremont -> Oakland. Budget $12-22
3172,#drive01312025 San Francisco-Davis | 1PM | $10 | 1 seat
3173,#ride01022024 RIDE!! Palo Alto ➜ Sacramento 6AM $18
3174,#drive02282024 Oakland -> Davis | 7:20 PM | $10 | 1 seat
3175,#ride10052024 Need a ride SJ to Palo Alto. Budget $15
3176,#drive06292025 #drive07022025 from Berkeley to Oakland $10 leaving 8AM pls anyone?
3177,"#ride06622025 Need a ride Oakland -> San Jose. Budget $25
flexible time"
3178,#drive06172024 San Francisco to Oakland | 3:40 PM | $18-23 | 1 seat
3179,#ride10092024 Need a ride Davis to Sacramento. Budget $10
3180,#ride02242024 from Fremont to San Jose $12 leaving 12PM
3181,"#ride06112024  Pal  oAlto  ->  Berkeley  $20  leaving  7:20  PM  pls
comment  below"
3182,#ride05212025  RIDE!!  from  Sunnyvale  to  Oakland  11AM  $22
3183,#ride01012024 San Jose-Palo Alto | 8AM | $35 | 1 seat
3184,#ride12052024 Oakland ➜ Davis leaving 9AM
3185,#drive09222024 Need a drive from Palo Alto to San Jose. Budget $15
3186,#drive03062024 Sunnyvale -> Sacramento  leavin g8:40 AM
3187,"#drive05222024 DRIVE!! Davis ➜ San Francisco 7PM $30
comment below"
3188,#ride07062025 #ride07092025 RIDE! !Palo Alto-Davis 9AM $40
3189,#drive06042024 Oakland-Sunnyvale | 10AM | $12 | 1 seat
3190,#ride00582025 RIDE!! from Davis to Palo Alto 9:40 AM $40
3191,#drive10232024 Berkeley ➜ Oakland  leaving 6AM 🚗
3192,#drive09122024  San  Jose  to  Davis  |  3PM  |  $12  |  1  seat
3193,#ride04152025 RIDE!! from Palo Alto to San Jose 7:00 AM $20
3194,#ride03172024 #ride03242024 from SJ to Oakland $35 leaving 2PM
3195,#drive11092024 Sunnyvale -> Palo Alto $18 leaving 9PM
3196,#ride03222024  Sacramento  to  San  Jose  |  1:10  PM  |  25  dollars  |  1  seat  pls
3197,#ride07212024  San  Jose  to  Palo  Alto  |  10:50  PM  |  $15  |  1  seat
3198,#drive07082025 DRIVE!! Fremont to Palo Alto 4:30 PM $20
3199,#ride10062024 Davis -> Berkeley | 6:40 PM | $35 | 1 seat
3200,#ride04022025 from SF to Fremont $22 leaving 11AM !!
3201,DRIVE!! from Davis to San Jose 10PM $15
3202,#drive10302024 from Palo Alto to Oakland $22 leaving 12PM !!
3203,#ride07092042 #ride07162024 RIDE!! Oakland -> Sacramento 11AM $12 😊
3204,#ride01022024  Sacramento-Palo  Alto  |  7PM  |  $25  |  1  seat  !!
3205,Fremont to Berkeley $10-15 leaving 7PM
3206,"#ride03052025 San Jose -> Davis | 7:40 AM |  | 1 seat
pm me"
3207,#drive07112024 Need a drive Fremont to Sacramento. Budget $10
3208,#ride09202025  Need  a  ride  from  Berkeley  to  San  Francisco.  Budget  35  dollars
3209,#ride03032024 RIDE!! Berkeley-Fremont 10:45 PM $25
3210,#drive06242024 Oakland ➜ Sac $18 leaving 6PM
3211,#drive05242024 Need a drive Fremont ➜ Berkeley. Budget
3212,#drive07312025 San Jose ➜ San Francisco | 10:40 AM | $30 | 1 seat
3213,"#drive03192024 Need a drive Davis to Sacramento. Budget $22 pls
flexible time"
3214,#ride02082025 Need a ride from Fremont to Sunnyvale. Budget 15 dollars
3215,#drive07092024 Sunnyvale ➜ Davis | 11:10 AM | $10 | 1 seat
3216,#ride07182025 San Jose ➜ Davis | 3PM | $30-40 | 1 seat thx
3217,#ride09282024 Oakland -> Berkeley | 12:40 PM | $12 | 1 seat
3218,#ride04022024  Palo  Alto  ➜  Berkeley  $20  leaving  5:15  PM
3219,#ride10252025 from Palo Alto to San Francisco | 1PM | $18 | 1 seat
3220,#drive12022025  from  Fremont  to  San  Francisco  leaving  10:15  PM
3221,#ride11262024 RIDE!! Berkeley to San Jose 8AM $10
3222,#ride12202025 Davis ➜ Oakland | 9:30 AM | 40 dollars | 1 seat
3223,"#drive06082025 DRIVE!! Palo Alto -> Sunnyvale 1:10 PM $35 pls
anyone?"
3224,#ride02182025  RIDE!!  San  Francisco  to  Davis  6:15  PM  $12
3225,#drive08162024 from Berkeley to Fremont | 8AM | $15-23 | 1 seat
3226,#drive07312025 DRIVE!! Berkeley ➜ Sacramento 2:05 PM $25
3227,"#ride06302025 Need a ride Fremont ➜ Sunnyvale. Budget $18
anyone?"
3228,#drive08272024 Palo Alto -> San Jose | 5PM | $40-48 | 1 seat
3229,#drive01012024 DRIVE!! Oakland-Berkeley 8:15 AM $40
3230,#drive04232025 Need a drive Sunnyvale-San Jose. Budget $18
3231,#ride07302024 Davis to San Francisco $22 leaving 11AM
3232,#ride03282024 RIDE!! Oakland -> Fremont 2PM $18-26 🚗
3233,#ride09062025 Need a ride Oakland -> San Francisco. Budget $25-33 😊
3234,#drive08282025  #drive09042025  Palo  Alto  to  San  Francisco  $20  leaving  10PM
3235,#drive02102025 Fremont ➜ Sacramento | 2:10 PM | $10 | 1 seat
3236,#ride10232024 RIDE!! Sunnyvale-Sac 9:30 PM $25
3237,#drive06242025 SF-Berkeley | 11:15 AM |  | 1 seat 🚗
3238,#ride09202024 #ride09212024 RIDE!! Sunnyvale to Berkeley 12:50 PM 25 dollars
3239,#drive05052024 Palo Alto ➜ San Francisco | 7:15 AM | 25 dollars | 1 seat
3240,"#ride04212025 #ride04232025 from San Jose to Palo Alto $30-40 leaving 10AM 😊
anyone?"
3241,#ride10032024 Palo Alto ➜ San Francisco | 1PM | $18 | 1 seat
3242,"#ride02052025 Need a ride Sacramento to San Jose. Budget
pm me"
3243,#ride05142024 Oakland ➜ Fremont $18 leaving 4PM
3244,#drive07242024  from  Oakland  to  San  Francisco  $22  leaving  8AM
3245,#ride06012024 IRDE!! Fremont to San Jose 6AM 40 dollars thx
3246,#drive07062025 Need a drive Oakland -> Berkeley. Budget $22
3247,Sunnyvale ➜ San Francisco $20-30 leaving 9PM thx
3248,#irde01312025 RIDE!! from Berkeley to Palo Alto 8PM $20
3249,#drive01122025 #drive01132025 Davis -> Palo Alto leaving 8AM pls
3250,#ride04242025 #ride04272025 Sac-Berkeley | 7AM | $18 | 1 seat
3251,#drive01032024 Need a drive Davis-Palo Alto. Budget $12
3252,Davis ➜ Palo Alto $18 leaving 10:10 AM
3253,#drive01222025 Berkeley -> Palo Atlo $10-18 leaving 4PM
3254,#drive10182024  from  San  Francisco  to  Davis  |  5:15  PM  |  $12  |  1  seat
3255,#ride04092025 Need a ride Davis ➜ Sunnyvale. Budget 15 dollars
3256,Need a ride Sacramento -> San Jose. Budget $40-50 🚗
3257,Fremont -> San Francisco $18 leaving 6AM pls
3258,#ride05242024  Sunnyvale  ->  Davis  $12  leaving  2PM
3259,"#ride06242024 RIDE!! Fremont ➜ Berkeley 9AM
anyone?"
3260,#ride03232025  Need  a  ride  Davis-Oakland.  Budget  $10-20
3261,#drive04062024 DRIVE!! Berkeley to Oakland 9:15 PM $12
3262,#ride01242025 from Oakland to Fremont | A7M |  | 1 seat
3263,#ride06252024 from Davis to Palo Alto | 6:50 AM | $18 | 1 seat
3264,#ride09212024 #ride09222024 RIDE!! SJ to Oakland 7AM $22
3265,#drive05062024 DRIVE!! Sacramento ➜ Palo Alto 2:15 PM $22-27
3266,#drive02012024 DRIVE!! Sunnyvale ➜ Sacramento 3:50 PM $18
3267,#drive07262024 Oakland -> Fremont  leaving 7PM pls
3268,#drive12072024  Need  a  drive  Sacramento-Sunnyvale.  Budget
3269,#drive02242025 Sunnyvale -> Oakland  leaving 6AM
3270,#ride12222024 Need a ride Oakland ➜ Fremont. Budget 12 dollars
3271,#ride01062024 RIDE!! from Palo Alto to Davis 12PM $30-35
3272,#ride03132024 RIDE!! Fremont to San Francisco 9:50 PM $20 😊
3273,#ride05052025 Sacramento ➜ Fremont  leaving 1PM
3274,#ride12092024 Need a ride San Jose to Berkeley. Budget
3275,#drive08032024 Davis to San Jose | 9PM | $15 | 1 seat !!
3276,#drive04052024  DRIVE!!  Davis  ->  San  Francisco  11AM  $22
3277,#drive05032024 Need a drive Oakland -> Fremont. Budget
3278,#drive07102024 Fremont -> San Jose $25 leaving 12:50 PM
3279,#drive03062025  San  Francisco  ->  Berkeley  |  6PM  |  $15  |  1  seat
3280,#ride09022025 Need a ride Berkeley ➜ Fremont. Budget $25 🚗 anyone?
3281,#ride08182025  Need  a  ride  San  Francisco  ➜  Davis.  Budget  $35
3282,from Berkeley to Davis $35-43 leaving 9AM
3283,#drive09252025 DRIVE!! Davis ➜ Sacramento 10PM $15-25
3284,#ride02262024 RIDE!! SJ-San Jose 6AM $20
3285,"#drive04272025  Need  a  drive  from  Oakland  to  Palo  Alto.  Budget  $35  thx
pm  me"
3286,"#drive10222025 Need a drive Sacramento -> Berkeley. Budget
pm me"
3287,#drive12222025 DRIVE!! Oakland-Davis 9:50 PM 25 dollars
3288,#ride11072024 San Francisco -> Sacramento | 6:45 PM | $22 | 1 seat
3289,#ride01272025 #ride01292025 Oakland to Berkeley $15-20 leaving 8PM
3290,#drive03022025 DRIVE!! San Jose ➜ Palo Alto 4PM
3291,#ride08242025 RIDE!! Oakland -> Davis 8:40 PM $20
3292,#ride11092024 Davis-Sacramento | 12:15 PM | $15 | 1 seat
3293,#ride05122024 RIDE!! Sunnyvale-Berkeley 11AM $15
3294,#ride06202025 San Jose-Sacramento | 9PM | 40 dollars | 1 seat 🚗
3295,#drive05012024 Sacramento-Berkeley | 8:50 PM |  | 1 seat !!
3296,"Oakland -> Berkeley $35 leaving 9AM
cmoment below"
3297,#drive04052025 DRIVE!! San Francisco -> Davis 9PM $40-48
3298,#drive07292025 Need a drive Berkeley -> San Jose. Budget $30-40 🚗
3299,"#drive02082025 from Oakland to Berkeley | 5PM |  | 1 seat 🚗
anyone?"
3300,#ride01052025 RIDE!! San Francisco -> Berkeley 5PM $40
3301,#drive09062024 San Jose to Berkeley | 5:00 PM | $12 | 1 seat
3302,#ride12082025 RIDE!! Sunnyvale to Palo Alto 5PM 22 dollars
3303,#drive11132025  Need  a  drive  from  Davis  to  Berkeley.  Budget  $30  😊
3304,#ride03042025 Davis to Fremont $12 leaving 9PM
3305,#ride01052025 RIDE!! Fremont to Sunnyvale 9:50 PM $35 🚗
3306,"#drive11302025  Palo  Alto  to  San  Francisco    leaving  11:50  AM
comment  below"
3307,#drive08122025 DRIVE!! Davis to San Jose 6:45 PM $22 !!
3308,#drive07312025 Palo Alto-Sacramento | 6:45 PM | 25 dollars | 1 seat
3309,"#ride12012024 #ride12022024 RIDE!! from Sacramento to Berkeley 1:40 PM $22
anyone?"
3310,Need a drive rfom Sacramento to Davis. Budget 22 dollars
3311,#rdie09152024 San Jose ➜ Oakland 15 dollars leaving 3PM
3312,#ride12132025 Sunnyvale-San Francisco | 9AM | $10-20 | 1 seat anyone?
3313,"#drive01072024  San  Francisco  to  Palo  Alto  15  dollars  leaving  8AM  !!
pm  me"
3314,"#ride09152024 Need a ride Sacramento-Berkeley. Budget $35
flexible time"
3315,#drive01212024 Need a drive Sacramento to San Jose. Budget
3316,#drive10252025 Palo Alto-Sunnyvale | 5:00 PM |  | 1 seat
3317,#ride09262025 #ride09292025 Berkeley to Fremont $30 leaving 7:50 PM 😊
3318,#ride03282025 RIDE!! Sacramento -> Oakland 6AM $15
3319,"#drive07252024  Palo  Alto-Fremont  |  9AM  |  $30  |  1  seat  thx
pm  me"
3320,"#drive07162024 Need a drive from Sunnyvale to Berkeley. Budget $20
anyone?"
3321,#drive03112024 Palo Alto -> Oakland $18 leaving 7:30 PM
3322,#drive01032025 DRIVE!! from Sacramento to Berkeley 1PM $18 😊
3323,#drive04122024 DRIVE!! Fremont to Davis 2:20 PM $15-23
3324,#drive09282025 DRIVE!! Oakland to Berkeley 7AM 35 dollars thx
3325,#drive02022024 from San Jose to Sacramento | 12:30 PM | $18 | 1 seat
3326,#drive02192024 Sacramento-Palo Alto $25-35 leaving 6AM thx
3327,Need  a  ride  Sacramento-Palo  Alto.  Budget  $10  🚗
3328,#drive07052024 Sacramento to Palo Alto | 7:45 PM | $22-30 | 1 seat
3329,#drive11222024 Palo Alto -> Oakland $25-35 leaving 7AM
3330,#drive01112024 DRIVE!! San Francisco ➜ Fremont 10PM $40 thx
3331,#rid0e8222024 Need a ride from Oakland to Sunnyvale. Budget $15
3332,#drive10092025 Davis-Sacramento | 11:15 AM | $20-28 | 1 seat
3333,#ride10142024 RIDE!! Oakland ➜ Berkeley 3PM $40
3334,#drive05022025 Sunnyvale to Oakland | 7AM | $40 | 1 seat pls
3335,#drive06302024 #drive07032024 DRIVE!! Sacramento to Sunnyvale 10:30 AM $20
3336,#drive07252024 San Francisco -> SJ $10 leaving 5PM
3337,"#ride12262024 Need a ride Davis to San Francisco. Budget $22
pm me"
3338,#ride05162025  Need  a  ride  Palo  Alto  to  Fremont.  Budget  $15
3339,#drive07312025 #drive08012025 SJ to San Jose | 7AM | 12 dollars | 1 seat
3340,#ride03022025 Need a ride San Jose ➜ Sacramento. Budget $20 !!
3341,#drive07112024  from  Oakland  to  Sunnyvale  |  1PM  |  $30  |  1  seat
3342,#ride09122025 RIDE!! Palo Alto -> San Jose 5:00 PM $25
3343,#ride05132024 RIDE!! Berkeley to Sunnyvale 2PM $25-33
3344,#drive09212024 #drive09282024 Need a drive San Francisco-Sunnyvale. Budget 40 dollasr
3345,#drive07292025 Sacramento to Sunynvale | 9:50 PM | $12 | 1 seat
3346,#ride06042024 Fremont ➜ Davis $20 leaving 9AM
3347,#drive02012025 Need a drive Sunnyvlae to San Francisco. Budget $35
3348,#ride02032025 RIDE!! Palo Alto to San Francisco 8:10 PM 🚗
3349,#ride09042025 #ride09062025 Fremont-Berkeley $22 levaing 9:45 AM
3350,#drive06172025 DRIVE!! Fremont ➜ Berkeley 9AM $18-28
3351,Need a ride Fremont ➜ Davis. Budget $35
3352,#drive12312025 Oakland-Sunnyvale | 4:00 PM | $10 | 1 seat
3353,#drive10142025  Sunnyvale  to  Sacramento  $30-38  leaving  5PM  pls
3354,#drive12312024 Sacramento-San Francisco $18 leaving 4:00 PM
3355,#drive07142025 Berkeley-Oakland | 7:20 AM | $12 | 1 seat
3356,#drive09072025 Sunnyvale ➜ Fremont $10-20 leaving 6:40 PM
3357,#drive03202024 Palo Alto ➜ Sac $10 leaving 8:10 AM 🚗
3358,#drive11232024 Sacramento ➜ Sunnyvale $12 leaving 8PM !!
3359,#drive02132025 Need a drive Davis-Fremont. Budget $10-15
3360,#drive06022025 Sunnyvale -> SF | 12:20 PM | | 1 seat
3361,from Sunnyvale to San Francisco | 2:15 PM | $18 | 1 seat
3362,#drive01192024 Need a drive from Sunnyvale to Fremont. Budget $20
3363,#ride07012024 from Sunnyvale to Sacramento | 6PM | $25 | 1 seat pls
3364,#ride01202024 Sacramento ➜ Sunnyvale | 11:00 AM | $30 | 1 seat
3365,#drive01012024 Need a drive San Francisco -> Davis. Budget $25
3366,#drive12082024 Sunnyvale -> Oakland | 2:30 PM |  | 1 seat
3367,#ride01192025 Need a ridef rom Oakland to San Jose. Budget
3368,#drive01092024 Davis ➜ Sunnyvale $15 leaving 6PM pls
3369,#drive02052024 Sunnyvale-San Francisco | 12PM | $30 | 1 seat
3370,#ride07312024 Sunnyvale-Berkeley  leaving 10:20 PM 🚗
3371,#drive08012024 DRIVE!! Palo Alto-Oakland 1PM $12
3372,#drive03262024 DRIVE!! from Sunnyvale to Palo Alto 12:30 PM $15
3373,#ride03022024 SF -> Fremont | 9:45 PM |  | 1 seat
3374,#drive02152024  from  Palo  Alto  to  Oakland  $15  leaving  12:45  PM
3375,"#drive09252025 Oakland to Sac | 7:20 PM |  | 1 seat
comment below"
3376,#ride03252024 #ride03282024 RIDE!! Davis -> Palo Alto 2:30 PM $25-30
3377,#drive10062025 DRIVE!! Berkeley-Fremont 2:40 PM $30
3378,#ride04022025  Davis  ➜  Fremont  25  dollars  leaving  6:45  PM  😊
3379,#ride07262024  RIDE!!  Palo  Alto  ➜  Davis  9PM
3380,#ride11042024 Palo Alto-Davis $30-38 leaving 8AM
3381,Palo Alto -> San Jose | 9AM | $10 | 1 seat 🚗
3382,#drive11182025 DRIVE!! Oakland-Berkeley 3:30 PM $15 🚗
3383,#drive05302024 Need a driv eBerkeley ➜ Davis. Budget $15
3384,#ride05022024 #ride05042024 frmo Sacramento to San Francisco $12 leaving 1:00 PM
3385,Palo Alto -> Sacramento $40-50 leaving 1PM
3386,#drive08272025 DRIVE!! Sacramento ➜ Palo Alto 4PM $40 🚗
3387,#ride08042024  Berkeley  to  Sacramento  $10  leaving  10AM
3388,#drive11152024 Need a drive Sunnyvale ➜ Oakland. Budget $25 😊
3389,#drive01182025 DRIVE!! from Oakland to San Jose 10PM 😊
3390,"#ride03022025 RIDE!! San Francisco to San Jose 3:00 PM $18
comment below"
3391,#drive02232024 DRIVE!! Sacramento -> Palo Alto 9:10 PM $18-26
3392,#ride06182024 Sacramento ➜ San Francisco | 9:20 PM | 25 dollars | 1 seat
3393,#ride04302024  Need  a  ride  Davis  to  Oakland.  Budget  $30-40
3394,#ride08232025 RIDE!! Palo Alto ➜ Davis 4:20 PM $40
3395,#ride08262025 #ride08282025 RIED!! Palo Alto-SJ 7AM $18-26 thx
3396,#drive12232024 Berkeley-Palo Alto  leaving 12PM
3397,#ride04022024 #ride04042024 Need a ride SF-Fremont. Budget $20 thx
3398,#ride09232024 San Jose ➜ Berkeley $25-33 leaving 2:10 PM
3399,#ride07022024 #ride07032024 SF to Fremont $10 leaving 2:15 PM
3400,"#drive12222025 from Palo Alto to Sunnyvale $40-50 leaving 10PM
flexible time"
3401,Berkeley to Sunnyvale $18-26 leaving 8:20 AM !!
3402,#drive05082025 DRIVE!! Fremont-Berkeley 6:20 PM $40 pls
3403,#ride05292024  Palo  Alto  to  Berkeley  |  9:40  PM  |  $25  |  1  seat
3404,#drive05252024 Sunnyvale-Oakland | 7PM | $40-45 | 1 seat
3405,#drive09242024 Oakland to San Jose  leaving 8AM
3406,"#drive04192025 Fremont to Oakland $18 leaving 4PM 😊
anyone?"
3407,#ride05182024 Need a ride Oakland-San Francisco. Budget
3408,#ride07225024 San Jose -> Davis $30-35 leaving 5:10 PM
3409,#ride08292025 RIDE!! Sac to Palo Alto 7PM $25
3410,#drive05142024 San Jose -> Davis $22 leaving 11AM 🚗
3411,#ride03282025 Need a ride Oakland ➜ Davis. Budget $12 !!
3412,#drive01272024  Need  a  drive  from  Palo  Alto  to  Davis.  Budget  $30  flexible  time
3413,#ride07122024 Berkeley-San Jose $35 leaving 8:30 AM
3414,#ride04182024 RIDE!! Palo Alto to San Jose 9:00 AM $18
3415,#ride06202024 Need a ride San Francisco ➜ Sunnyvale. Budget $25-33
3416,#ride06282024 Davis-Fremont $12-17 leaving 5PM
3417,#drive06112024 Need a drive Berkeley to Sacramento. Budget 18 dollars
3418,#drive10162025 DRIVE!! San Jose -> Davis 8:10 PM $18
3419,San Jose ➜ Palo Alto leaving 8:15 PM
3420,#drive09132024  #drive09152024 DRIVE!! Oakland -> Sacramento 8:30 PM $20 !!
3421,#ride01112024 San Francisco-Fremont $30 leaving 9:50 AM
3422,#drive01012025 Need a drive from Davis to Fremont. Budget $35
3423,#ride03222025  San  Jose  ->  San  Francisco  |  9:10  PM  |  $10-18  |  1  seat
3424,Berkeley ➜ Sunnyvale | 6AM | $30 | 1 seat
3425,#drive09172024 from San Francisco to Sunnyvale | 6PM | $10-18 | 1 seat
3426,#drive10172024 Need a drive San Francisco-Palo Alto. Budget 🚗
3427,#drive09022025 Need a drive Sunnyvale to San Jose. Budget $15 🚗
3428,RIDE!!  San  Francisco-Sacramento  12:10  PM  😊
3429,#drive04302024 DRIVE!! from San Francisco to Berkeley 4:10 PM $30-38
3430,#drive09222025 from Oakland to Sunnyvale | 8:10 PM | $40-45 | 1 seat pls
3431,San Jose-Berkeley $18 leaving 9PM pls
3432,#drive10042024  Davis  to  Oakland  |  7PM  |  $40-48  |  1  seat
3433,#ride09262024 RIDE!! Palo Alto ➜ Berkeley 3PM $12 😊
3434,#drive10012025 Need a drive San Francisco ➜ Palo Alto. Budget $25-35
3435,#drive09152025 San Francisco -> Fremont | 7PM | $25 | 1 seat
3436,#ride01182024 Fremont to San Jose $25 leaving 5:30 PM
3437,#ride06122024 Need a ride Oakland ➜ Fremont. Budget $25
3438,#ride10102024 from Fremont to Oakland | 4PM | 10 dollars | 1 seat
3439,#ride04132025 #ride04142025 Need a ride Sacramento to San Jose. Budget $10 😊
3440,#ride10042025  Need  a  ride  San  Francisco  ➜  Davis.  Budget  $35  🚗
3441,#ride10242025 RIDE!! Sacramento -> Berkeley 7AM 12 dollars pls
3442,#ride05222025 from Berkeley to Davis | 8AM | $25 | 1 seat thx
3443,#drive07212024 DRIVE!! San Jose ➜ Davis 8:00 PM $25
3444,#drive10022025 DRIVE!! Sunnyvale to Oakland 2PM $22
3445,#drive08272025 San Francisco -> San Jose $40 leaving 10:00 PM
3446,"#ride08192025 Need a ride San Jose to SF. Budget 12 dollars
flexible time"
3447,#ride10282025  RIDE!!  San  Francisco  ➜  Sunnyvale  10AM  $20
3448,#drive04272025  Fremont-San  Francisco  $25  leaving  6:30  AM
3449,Need a drive from Palo Alto to San Francisco. Budget !!
3450,#drive07122024  DRIVE!!  Oakland  to  Davis  4PM
3451,#ride04202024 Need a ride Davis-Sacramento. Budget !!
3452,#drive02262024 DRIVE!! Oakland ➜ Davis 9AM
3453,#drive08222025 Need a drive from Sunnyvale to Palo Alto. Budget 18 dollars comment below
3454,#ride03242024 RIDE!! Oakland ➜ Palo Alto 4PM
3455,#drive07202024 DRIVE!! Palo Alto-Fremont 9AM $12-22
3456,#drive08292025  Oakland  to  Sacramento  |  7PM  |  $15  |  1  seat
3457,"#drive07232024 from San Francisco to Berkeley 10 dollars leaving 6AM
flexible time"
3458,#ride07022024 Palo Alto to Sacramento $25 elaving 8:50 PM 🚗
3459,"#ride07182024 #ride07252024 from Sacramento to San Francisco | 10PM | $30 | 1 seat 🚗
comment below"
3460,#ride08312025 Need a ride Oakland -> Berkeley. Budget
3461,#ride02222024 Sunnyvale ➜ Fremont $40-50 leaving 12:15 PM
3462,#drive03192024 Oakland -> Sacramento $18 leaving 10:45 PM pls
3463,#ride07252024 RIDE!! Sacramento ➜ Berkeley 3PM $35 pls
3464,#drive10042024 Davis -> Sacramento | 11AM | $30 | 1 seat
3465,RIDE!! San Francisco to Fremont 10:20 AM $15
3466,#drive04292024  DRIVE!!  from  Davis  to  Palo  Alto  6AM  $25  !!
3467,#ride05192024  Oakland-Palo  Alto|    1PM  |  $15-23  |  1  seat  🚗
3468,#ride02032024 #ride02052024 Palo Alto-Sacramento $20-25 leaving 1:20 PM
3469,#driv0e2192025  #drive02262025  DRIVE!!  Berkeley  to  Davis  1:10  PM  $20
3470,#ride06292025 Palo Alto ➜ Davis 22 dollars leaving 7:00 AM
3471,#drive06042024 Sacramento to Sunnyvale  leaving 8:45 PM
3472,#drive02042024 Fremont-San Jose | 6:50 AM | $35 | 1 seat pls
3473,#ride07242025  from  SF  to  Sacramento  $18-26  leaving  3PM
3474,#drive05092025  Need  a  drive  from  San  Francisco  to  Davis.  Budget  $12
3475,#drive12212024 Need a drive Sunnyvale ➜ Berkeley. Budget $22 🚗
3476,#drive11062024 Need a drive Sunnyvale -> Oakland. Budget $12-20
3477,#ride06242024 RIDE!! from Sunnyvale to Fremont 11:40 AM $18
3478,#ride03062025 San Jose to Oakland 22 dollars leaving 8:45 PM
3479,#ride03042025  Need  a  ride  Sunnyvale-Davis.  Budget  $25
3480,#ride12082025 San Jose ➜ Sunnyvale  leaving 6AM
3481,#drive04032024 #drive04042024 San Francisco -> Davis | 6:50 PM | 25 dollars | 1 seat pls
3482,San  Jose-Fremont  |  11AM  |  $18  |  1  seat
3483,#drive02012024 Sacramento ➜ Sac  leaving 6:40 AM
3484,#drive06102025 Palo Alto-Oakland | 6AM | $18 | 1 seat
3485,#drive02132024 Palo lAto to Sacramento | 1:10 PM | $18 | 1 seat comment below
3486,#drive11242025 Need a drive Berkeley ➜ Sunnyvale. Budget $30 😊
3487,#ride01022025  Need  a  ride  Oakland  ➜  Fremont.  Budget  $25-35
3488,#drive09092024 Sunnyvale ➜ Palo Alto $40 leaving 11:40 AM
3489,#drive07222024 Fremont to Davis 18 dlolars leaving 7:00 AM
3490,#ride05072024  RIDE!!  Berkeley-Sunnyvale  10:20  PM  $30
3491,"#ride05162025 Need a ride Sunnyvale ➜ Davis. Budget $30
anyone?"
3492,#ride10312024  Oakland  ➜  Palo  Alto  |  10:15  PM  |  $22-32  |  1  seat
3493,#ride06042025 Need a ride Berkeley ➜ San Jose. Budget 10 dollars
3494,#ride10072024  Oakland  ➜  Davis  $35  leaving  5:00  PM
3495,#drive06202025 Berkeley to Fremont | 8PM | $35 | 1 seat
3496,#ride09102024 RIDE!! San Francisco -> Davis 1PM $18-28
3497,#drive05112024 #drive05182024 Need a drive from Berkeley to SJ. Budget
3498,#ride04182025 from Palo Alto to Sunnyvale | 12PM | $18 | 1 seat !!
3499,#drive07272024 #drive07282024 Oakland-San Jose $30 leaving 9PM
3500,#drive02242025 Palo Alto-Davis | 7AM | $18 | 1 seat
3501,#ride08082024 Fremont -> Davis | 6:15 PM | $10 | 1 seat
3502,#ride10272025 RIDE!! San Jose to Berkeley 2:40 PM $25
3503,#drive11232025 Fremont -> Oakland $18 leavin g2:30 PM
3504,#ride05292024  RIDE!!  from  Palo  Alto  to  San  Jose  9:10  PM  $40
3505,#drive10232025 Oakland ➜ Davis $18 leaving 8AM
3506,#drive09202024 Sunnyvale to Palo Alto | 9:15 PM | $18 | 1 seat pls
3507,#ride09182025 Sacramento -> Sac $35 leaving 6:30 AM
3508,#drive09252024 DRIVE!! from Fremont to Oakland 12PM $22
3509,#ride11112024 RIDE!! Berkeley ➜ San Jose 2PM $22
3510,#drive05042024 #drive05072024 DRIVE!! Palo Alto to Berkeley 6PM $12
3511,#ride07142024 Palo Alto ➜ Fremont | 4:50 PM | $22 | 1 seat
3512,#ride12232025 from Davis to Fremont $35 leaving 11AM pls
3513,#rdive11262024  DRIVE!!  from  San  Jose  to  Davis  8PM  $30  !!
3514,#ride04182025  Need  a  ride  Sacramento  ->  Berkeley.  Budget  $35  !!
3515,#drive07152024  DRIVE!!  from  Sunnyvale  to  Palo  Alto  9:10  PM  18  dollars
3516,#ride05282024 from Oakland to San Francisco $18 leaving 8:45 AM
3517,#ride12250224 #ride01012025 from San Jose to Palo Alto $18 leaving 9:30 PM !!
3518,#ride02182024 Need a ride from San Jose to Palo Alto. Budget $20 thx
3519,#ride04272024 Davis-SJ | 9:20 AM | $15 | 1 seat 😊
3520,#drive10122025 Need a drive Sunnyvale ➜ Davis. Budget $18-23
3521,#drive03132025 Oakland to Sunnyvale $12 leaving 7AM
3522,#ride09282024 RIDE!! Davis to Sunnyvale 9PM 35 dollars
3523,#drive06282025 Need a drive Sunnyvale-Palo Alto. Budget $35-43
3524,"#drive02212025  DRIVE!!  Sunnyvale-Fremont  7:50  AM  $18
pm  me"
3525,#ride06182025 Fremont to Oakland leaving 1PM
3526,#drive03062024 Sunnyvale ➜ Fremont | 10:00 AM | $20 | 1 seat
3527,#drive08102025 DRIVE!! Sunnyvale ➜ Sac 4:00 PM $20
3528,#drive02182025 DRIVE!! San Jose -> Fremont 5:15 PM $10
3529,#ride07082025 RIDE!! from Oakladn to Palo Alto 2PM $12
3530,#drive03242025 Need a drive Berkeley -> Sacramento. Budget 22 dollars
3531,#rdive02192025 Davis -> Sunnyvale $12 leaving 6PM
3532,#drive11112025 from SJ to Sacramento $20 leaving 7:10 PM
3533,#drive03222025 from Sacramento to Palo Alto | 4PM | $22-32 | 1 seat
3534,"#ride08122025 Berkeley ot Davis $30 leaving 3PM
pm me"
3535,#drive02182024 DRIVE!! Palo Alto to Davis 4PM 10 dollars thx
3536,#drive05162024 Davis ➜ Palo Alto | 8PM | 1$5 | 1 seat 🚗
3537,#drive01192024 DRIVE!! San Francisco -> Berkeley 5PM $30-35
3538,#ride05082024 RIDE!! Palo Alto-SF 11AM
3539,#drive05262025 Need a drive Palo Alto-SF. Budget $10
3540,#ride02192025  Fremont  ->  San  Francisco  |  4PM  |  $12  |  1  seat  !!
3541,"#irde07142024 Berkeley-Oakland $18 leaving 6:15 AM 🚗
flexible time"
3542,#drive04302025 Sacramento ➜ Berkeley $10-18 leaving 4:15 PM 😊
3543,#ride04272025  Need  a  ride  Sac  ➜  Palo  Alto.  Budget  $30-40
3544,#drive03302025 Need a drive San Francisco-Sunnyvale. Budget $22-30 pm me
3545,#ride09292025 RIDE!! Sacramento -> Davis 2PM $25 pls
3546,#ride01112025 San Francisco -> Davis | 8:30 AM | $22-27 | 1 seat
3547,#drive12022024  from  Davis  to  Palo  Alto  |  11AM  |  $22  |  1  seat
3548,#drive05212025 Sunnyvale-Fremont | 12PM | $15 | 1 seat
3549,#drive03192024 DRIVE!! Fremont -> San Francisco 6:00 PM $22 pls
3550,Need a ride Fremont to San Francisco. Budge t$12-17
3551,#ride05302025 #ride06062025 Need a ride from Oakland to SJ. Budget $35
3552,#ride02042025 from Palo Alto to Davis $15 leaving 10:30 AM
3553,#drive11302024 San Francisco ➜ Sacramento | 7AM | $40 | 1 seat !!
3554,#drive10212025 San Jose to Palo Alto $35 leaving 9AM
3555,#ride07212025 Need a ride Fremont ➜ Palo Alto. Budget $18
3556,#ride10292025 #ride10312025 SJ-San Francisco  leaving 9PM
3557,#drive08222024 Fremont to Palo Alto | 6:20 PM | $35-45 | 1 seat
3558,#ride06042024 RIDE!! Palo Alto-San Jose 10AM $15
3559,#drive06052024  from  Sunnyvale  to  Davis  |  4:00  PM  |  |  1  seat
3560,"#ride11102024 RIDE!! Fremont to San Francisco 1PM $22
pm me"
3561,#drive06092025  Need  a  drive  from  Oakland  to  Palo  Alto.  Budget  $22  😊
3562,#drive07242025  #drive07252025  DRIVE!!  Oakland-Berkeley  8:10  AM  $25
3563,#ride09062025 Sacramento ➜ Palo Alto | 12PM | $20 | 1 seat
3564,#drive11242025 Oakland -> Davis 35 dollars leaving 6:20 AM 😊
3565,Need a drive Sunnyvale-San Francisco. Budget $15
3566,Need a drive San Jose to Palo Alto. Budget $25-35
3567,#drive07272025 Davis ➜ Oakland  leaving 2PM
3568,#ride11122025 from Palo Alto to Oakland $25 leaving 11:00 AM pls
3569,#drive07162024 Fremont ➜ San Jose | 9PM | $18 | 1 seat
3570,#ride06252024 Need a ride Davis-Palo Alto. Budget $20
3571,#drive08022024  DRIVE!!  Palo  Alto-Oakland  7:45  AM  $15  pm  me
3572,Need  a  drive  San  Jose  ->  Fremont.  Budget  $15
3573,#drive09272025  DRIVE!!  Davis  to  Fremont  6:15  PM
3574,#drive08242024 Palo Alto -> San Fracnisco leaving 10:20 PM
3575,#drive11192024 from Davis to Berkeley | 10PM | $30 | 1 seat
3576,#drive01142025 from San Jose to Berkeley $22 leaving 2:40 PM flexible time
3577,"#drive08302024 Fremont -> San Jose | 1:20 PM | $20 | 1 seat
anyone?"
3578,#drive05032025 from San Jose to Davis $15 leaving 5:20 PM
3579,#ride12082025  #ride12102025  Need  a  ride  Davis-San  Francisco.  Budget  $30
3580,#drive09032025 #drive09062025 Need a drive Palo Alto -> Sacramento. Budget $22
3581,#ride03302025 Berkeley-Sacramento $22-30 leaving 1PM
3582,#ride06062025 Sunnyvale ➜ San Jose | 12PM | $35 | 1 seat !!
3583,#ride10082025 from San Jose to Sunnyvale | 8PM |  | 1 seat
3584,#ride12042025 from Fremont to Oakland | 10PM | $22-27 | 1 seat
3585,#ride05102025 Berkeley to Fremont 18 dollars leaving 5:10 PM
3586,#drive06232025 Oakland to San Francisco $20-25 leaving 9PM
3587,#ride06222024 from Oakland to Fremont leaving 5PM
3588,#drive06232025 Davis to San Jose $12 leaving 8:00 PM
3589,#drive10162025 Need a drive San Jose-Sunnyvale. Budget $20-30 flexible time
3590,#ride06272025 from Palo Alto to Berkeley 15 dollars leaving 10:10 AM
3591,#drive06102024 DRIVE!! from Sacramento to Palo Alto 8:40 PM 10 dollars
3592,#drive12012025 Sacramento ➜ San Francisco | 5:40 PM | $10 | 1 seat
3593,#drive12082025 from San Jose to Oakland  leaving 7AM
3594,#ride05282024 SF to Sacramento | 10PM | $20 | 1 seat 😊
3595,RIDE!! from Oakland to San Francisco 8AM $35-43
3596,#drive11082025 Need a drive from San Jose to Davis. Budget $10
3597,#ride09142024 RIDE!! from Oakland to Sacramento 10:45 PM $20
3598,#ride03212024  #ride03242024  RIDE!!  San  Francisco  to  Palo  Alto  7AM  $18  🚗
3599,#drive06212025 Need a drive Daivs-San Jose. Budget $40-45 pls
3600,#drive09092024 Sunnyvale to Palo Alto | 9AM | 10 dollars | 1 seat
3601,#ride07312025 RIDE!! Berkeley to Sunnyvale 11AM $18
3602,#ride11252024 Need a ride Palo Alto ➜ Berkeley. Budget $20
3603,Sunnyvale ➜ Oakland $40-48 leaving 4:15 PM
3604,#ride10112025 RIDE!! Fremont to Sunnyvale 3:20 PM 30 dollars 😊
3605,San  Jose  ➜  Oakland  |  10:40  PM  |  $35  |  1  seat
3606,RIDE!! SF -> Palo Alto 1PM $40-48
3607,#ride09072024 Sacramento to Davis | 3:50 PM | $35 | 1 seat
3608,#ride05202025 RIDE!! from Oakland to San Jose 4PM
3609,#ride11272025 #ride11292025 from Davis to Sacramento | 4:45 PM | $12 | 1 seat
3610,#drive01302024 Sacramento ➜ Sunnyvale | 12:40 PM | $12 | 1 seat
3611,#ride12252025 Snunyvale-Fremont | 8AM |  | 1 seat pls
3612,#drive10042024 #drive10112024 Need a drive Sunnyvale-San Jose. Budget $10
3613,#drive12222025 from Sacramento to Palo Alto | 4:20 PM | $10 | 1 seat
3614,#drive05132025 Need a drive Oakland ➜ Berkeley. Budget $35
3615,#ride02042025  RIDE!!  San  Francisco  to  Sa  nJose  6AM  $15
3616,#ride03032024  Need  a  ride  from  San  Jose  to  Sunnyvale.  Budget  25  dollars
3617,#drive11082024 Palo Alto-Fremont | 8PM | $30 | 1 seat
3618,#ride07012024 Need a ride from San Jose to Sacramento. Budget $15
3619,#ride09072025 Fremont ➜ Berkeley $30-38 leaving 8:40 AM
3620,#drive12302024 Need a drive Palo Alto ➜ Sacramento. Budget $22
3621,#drive04062025  Need  a  drive  Palo  Alto-Berkeley.  Budget  $25  !!
3622,#ride02172024 RIDE!! San Jose to Berkeley 1PM $18
3623,#drive11122025  Palo  Alto-Fremont  22  dollars  leaving  9:50  AM  🚗
3624,"#ride02162025  Fremont  ->  Berkeley  |  8PM  |  $15  |  1  seat
flexible  time"
3625,#drive04262024  Palo  Alto  ➜  Berkeley  |  12PM  |  $20  |  1  seat
3626,"#drive02012025 Need a drive Berkeley to Sacramento. Budget thx
anyone?"
3627,#ride02082025 Berkeley ➜ Davis | 7PM | $20 | 1 seat
3628,#rid0e5312024 Berkeley to Oakland $20 leaving 7:00 PM !!
3629,#ride09272025 from Davis to Fremont $22 leaving 9:00 AM 😊
3630,"#drive12092025 Davis-San Francisco $25 leaving 7:40 PM
flexible time"
3631,#ride10142025 San Francisco -> Davis $35 leaving 2PM
3632,#drive02202025 #drvie02232025 DRIVE!! Fremont-Davis 10:30 AM $18
3633,#ride12202025 Need a ride Davis-Sacramento. Budget $20
3634,#drive01032024 #drive01052024 Davis-Palo Alto  leaving 12:20 PM
3635,#drive06152024 Oakland -> Davis | 9AM | $18 | 1 seat
3636,#ride06292025 Palo Alto -> Berkeley | 9PM | $18 | 1 seat
3637,#drive08122025  #drive08192025  Need  a  drive  San  Jose  to  Fremont.  Budget  $35-43
3638,#drive02222025 San Jose -> Fremont | 9:40 PM | $25 | 1 seat !!
3639,#ride08312025 from Sacramento to San Francisco $30 leaving 12:30 PM pls
3640,#ride09262024 from Palo Alto to Sunnyvale  leaving 3:15 PM
3641,#ride03012024  #ride03042024 Oakland-Davis $25-30 leaving 12:00 PM
3642,#ride03052024 Need a ride Oakland -> San Jose. Budget $35
3643,#drive01072025 #drive01142025 Need a drive rfom Sunnyvale to Fremont. Budget $12
3644,#ride09152024 Fremont-Sacramento | 6:00 PM | $20 | 1 seat
3645,#ride06302025 #ride07022025 RIDE!! from Davis to San Francisco 9:00 PM $10-20
3646,#drive02262025 DRIVE!! Berkeley ➜ Oakland 10:30 AM $12
3647,#drive09212025 Sacramento -> Berkeley | 5:00 PM | $15 | 1 seat
3648,#drive06082024 #drive06112024 Sacramento ➜ San Francisco $35 leaving 11:20 AM
3649,#ride07112025  from  Berkeley  to  Davis  $22  leaving  10:15  AM  thx
3650,#drive07042025 DRIVE!! Davis to Sunnyvale 7PM 😊
3651,Sacramento to Fremont $15 leaving 8:30 PM
3652,#drive12082025 DRIVE!! Sunnyvale to Oakland 8PM $15-25 thx
3653,#drive01092025 DRIVE!! Palo Alto to SJ 4PM $35
3654,#ride04282025 RIDE!! Berkeley -> Sunnyvale 10AM $04
3655,#ride04102024 RIDE!! Sunnyvale-Oakland 8:40 AM $18
3656,"#drive02102024 Need a drive Fremont-San Francisco. Budget $30
pm me"
3657,"#ride07242025 Sunnyvale to Palo Alto | 11AM | $22 | 1 seat
flexible time"
3658,"#drive11262024 DRIEV!! from Davis to San Francisco 8PM $35
flexible time"
3659,#ride08302024 RIDE!! from Davis to Sacramento 12:30 PM $12
3660,#ride03292024 Sacramento-Palo Alto | 9:15 AM | $18 | 1 seat
3661,"#ride12012025 Berkeley-Palo Alto | 7PM | $30-38 | 1 seat
pm me"
3662,#ride12282025 from Oakland to Davis | 8:45 PM | $25 | 1 seat
3663,from Fremont to San Francisco $15 leaving 12PM
3664,#drive08202024 San Jose ➜ San Francisco | 1:15 PM | $35 | 1 seat
3665,RIDE!! Palo Alto -> Oakland 11:20 AM $25 🚗
3666,#drive08112025 #drive08132025 Need a drive Oakland to Davis. Budget $40
3667,#ride01162025 Need a ride Davis to Fremont. Budget $22
3668,#drive11062025 Davis -> Berkeley $35 leaving 3:30 PM
3669,#drive05162025 Sacramento to Berkeley $35 leaving 6AM thx
3670,#ride03112025 Need a ride Oakland-Fremont. Budget $15
3671,#ride12122025 SF -> Palo Alto $22 leaving 10:00 AM
3672,#ride05302025 Sacramento ➜ San Francisco $35 leaving 3PM anyone?
3673,#drive11252024  San  Jose  ➜  Davis  |  12PM  |  $10  |  1  seat  🚗
3674,#drive11252025 #drive11282025 Sunnyvale-San Francisco $30 leaving 9PM
3675,#ride05222024 from Berkeley to San Jose | 4:15 PM | $22-32 | 1 seat
3676,#ride12272025 Berkeley to Sunnyvale | 6:40 PM | $30 | 1 seat
3677,#ride08042024 Need a ride Berkeley -> San Jose. Budget $10
3678,#ride11182025 Need a ride Oakland ➜ Davis. Budget $12-17
3679,"#ride01172024 from Sunnyvale to Fremont $12 leaving 4:40 PM 🚗
flexible time"
3680,#drive07062024 DRIVE!! San Jose ➜ Berkeley 1:10 PM 40 dollars pls
3681,#drive05302024 from San Jose to San Francisco $35 leaving 10:10 AM 🚗
3682,#ride02212024  from  Sunnyvale  to  Davis  |  6AM  |  $30-40  |  1  seat  thx  anyone?
3683,"#ride11252025 Need a ride Fremont-Oakland. Budget 30 dollars
pm me"
3684,#ride03092024 from San Francisco to Berkeley $10 leaving 1:15 PM 🚗
3685,#ride02112025 Oakland-Palo Alto $30 leaving 10AM
3686,"#drive04302024 Davis to Sacramento  leaving 6:15 AM
flexible time"
3687,#drive01302024  San  Francisco  to  Berkeley  |  11:10  AM  |  $40  |  1  seat  😊
3688,#ride07272025 RIDE!! Palo Alto to San Jose 2PM $30
3689,#drive08012024  #drive08032024  Need  a  drive  from  Palo  Alto  to  Davis.  Budget
3690,#ride01222025 Sacramento -> Palo Alto $40 leaving 9AM 🚗
3691,#ride03022025  Need  a  ride  Oakland-Fremont.  Budget  thx
3692,#ride06072025 Sacramento -> Berkeley | 11:45 AM | $20 | 1 seat thx
3693,#drive01072025 #drive01092025 San Francisco ➜ San Jose | 4:15 PM | 25 dollars | 1 seat thx
3694,#drive09122025 Need a drive from Oakland to Sacramento. Budget $35-45
3695,#ride11222024 Sacramento to Oakland $30 leaving 6AM
3696,#drive12102024 DRIVE!! Fremont ➜ SF 8:10 AM $30-38
3697,#ride04192024 Need a ride Palo Alto ➜ Oakland. Budget $18
3698,"#ride06012025  Need  a  ride  from  San  Jose  to  Berkeley.  Budget  20  dollars
comment  below"
3699,"Need a drive from Davis to Oakland. Budget $10
comment below"
3700,#ride11012024 Need a ride San Francisco-Sacramento. Budget $25 pm me
3701,#drive10312024 Need a drive Palo Alto -> Sacramento. Budget
3702,#drive08282024 Need a drive Fremont ➜ Davis. Budget $30
3703,#drive02072025 Sac -> Sacramento | 6PM | 18 dollars | 1 seat
3704,#ride12132024  RIDE!!  San  Jose  ot  Fremont  11:45  AM
3705,from San Jose to Sunnyvale | 7:50 AM | $40 | 1 seat
3706,#drive02072024 Palo Alto-San Jose | 3:50 PM | $18-23 | 1 seat
3707,#drive12222025 DRIVE!! Davis ➜ Oakland 7PM $30
3708,#ride02032024 Sunnyvale-San Jose | 12:10 PM | $35 | 1 seat
3709,#ride09012025 RIDE!! Sacramento -> Sunnyvale 9PM $15 !!
3710,#ride10172024 from Sunnyvale to Davis | 8PM | $10 | 1 seat
3711,"#ride09012024 Sacramento ➜ San Francisco | 9AM | $40-48 | 1 seat
flexible time"
3712,#drive01282025 Sacramento ➜ San Francisco 10 dollars leaving 8AM
3713,#ride04172024 #ride04242024 Fremont -> Berkeley $22-32 leaving 6:50 AM
3714,#ride09122024 RIDE!! from Davis to Berkeley 2:45 PM $12 pls
3715,"#drive08182024 DRIVE!! from San Jose to Davis 10AM $35
anyone?"
3716,#drive08212025 Need a drive from Fremont to San Jose. Budget
3717,#ride07072025 #ride07102025 Oakland ➜ Davis | 8PM | $22 | 1 seat !!
3718,#ride05112024 Need a ride Sunnyvale-Sacramento. Budget $40
3719,#ride10292024 Oakland to San Francisco leaving 8PM
3720,#drive04052025 from Davis to Sunnyvale | 4:20 PM | 12 dollars | 1 seat thx
3721,#drive06242025 Davis -> Berkeley $10-20 leaving 5PM
3722,#ride01272025 from San Francisco to Berkeley $40 leaving 2PM
3723,#ride09162025 #ride09182025 Need a ride San Francisco to Sunnyvale. Budget $18 pm me
3724,#drive05302024 DRIVE!! Oakland -> San Francisco 2:45 PM $25
3725,"#drive11122024  Berkeley  ->  Oakland  $25-33  leaving  10:00  PM  !!
comment  below"
3726,#drive01132024 Sunnyvale to San Jose $22 leaving 10AM
3727,#drive05312024  from  San  Francisco  ot  San  Jose  |  10PM  |    |  1  seat
3728,#drive10252024 San Jose-Davis | 10:15 AM |  | 1 seat
3729,#drive03152025 Need a drive Sunnyvale to Davis. Budget $1-826 thx
3730,#drive04032025 DRIVE!! San Jose to Fremont 8PM $12
3731,#ride02022024 RIDE!! from Davis to Oakland 6AM $22
3732,#ride05222025 Need a ride from San Francisco to Sacramento. Budget $40
3733,#ride07222025 San Jose to Davis $22-32 leaving 2PM 😊
3734,#ride08202024 RIDE!! from Fremont to Palo Alto 2:40 PM $30
3735,#ride06172024  San  Jose  ->  Oakland  |  12:00  PM  |  $20  |  1  seat
3736,#drive11092025 from Fremont to Palo Alto 22 dollars leaving 6:10 AM
3737,"#ride03282024 Oakland-Berkeley 25 dollars leaving 10PM
pm me"
3738,#drive01232024 San Francisco -> Palo Alto | 8:00 AM | $25 | 1 seat
3739,#ride08312024 Sacramento -> Palo Alto | 4PM | $15-25 | 1 seat
3740,#ride12032025 RIDE!! Sunnyvale- > Berkeley 7AM $12
3741,#ride05132025  Berkeley-Davis  $20-28  leaving  7PM
3742,#ride09222025 Oakland -> San Francisco $25-35 leaving 7:15 AM
3743,#drive12012025 DRIVE!! Sunnyvale -> Oakland 7:00 PM $40 !!
3744,DRIVE!! San Francisco-Palo Alto 9PM $35-43 pls
3745,"from Palo Alto to Berkeley | 9:30 AM | $30 | 1 seat
anyone?"
3746,#drive02212024 Davis-Palo Alto $15 leaving 10:10 AM
3747,#drive06092024  Berkeley  ➜  Sunnyvale  |  7:30  PM  |  $22-27  |  1  seat
3748,#driv0e5192025  DRIVE!!  Palo  Alto  ->  Sacramento  10:20  AM  $30-35
3749,"Need a ride Sunnyvale ➜ Sacramento. Budget $30
pm me"
3750,#ride11062024 from Berkeley to San Francisco | 9:45 AM | $12 | 1 seat
3751,#drive10122024 Need a drive San Francisco ➜ SF. Budget 15 dollars
3752,"#drive12252024 Palo Alto ➜ San Jose $35 leaving 4:10 PM
flexible time"
3753,#ride07282025 Berkeley to San Jose | 12PM | $18 | 1 seat
3754,#ride12132024 RIDE!! Davis -> Palo Alto 11:30 AM $10-15
3755,"#drive05242024 #drive05312024 DRIVE!! San Francisco -> Berkeley 6:50 AM $40
flexible time"
3756,#drive04182024 from Palo Alto to Davis | 9AM | 25 dollars | 1 seat
3757,#ride11212025 Sacramento ➜ San Francisco | 12PM | $15 | 1 seat
3758,#ride11102025 Need a ride Davis-Fremont. Budget 35 dollars
3759,#ride12162024 Sunnyvale -> Berkeley | 10PM | $10 | 1 seat
3760,#drive08122025 #drive08192025 Davis ➜ Berkeley | 10:20 AM | 15 dollars | 1 seat 😊
3761,#ride01272025 Need a ride SJ -> Oakland. Budget $18 😊
3762,#drive02212024 #drive02242024 SF to Palo Alto $20-30 leaving 8:45 AM pls
3763,#drive06142024  Davis-Oakland  $10  leaving  6:15  PM
3764,#ride08242024  RIDE!!  from  Sacramento  to  Fremont  11:45  AM  🚗
3765,#drive09242025 Need a drive San Francisco ➜ Sacramento. Budget 35 dollars pls
3766,#ride04122024 Need a ride Sacramento -> Davis. Budget $15
3767,#drive03302024 Davis ➜ Sac | 6:50 AM | $40 | 1 seat
3768,#drive10142024 from Palo Alto to Berkeley | 5:40 PM | $18 | 1 seat pls
3769,#ride09282024 #ride09302024 Need a ride Palo Alto to Fremont. Budget $12
3770,#drive08072025 San Francisco to Oakland | 9AM | $22 | 1 seat
3771,#drive02092024 Need a drive San Francisco -> Sacramento. Budget 15 dollars
3772,#drive10122025 #drive10152025 DRIVE!! San Francisco to San Jose :610 AM
3773,#ride12162024 Need a ride Oakland-Sunnyval.e Budget
3774,#drive10272025 Need a drive Sacramento-Oakland. Budget $22 thx
3775,"#dirve01312024 DRIVE!! Sacramento to Berkeley 10:30 PM
pm me"
3776,#drive08272025 DRIVE!! Oakland-Sacramento 8PM $30-35 pls
3777,r#ide11212025  Fremont  ->  Palo  Alto  18  dollars  leaving  2PM
3778,"#ride09302025 San Jose -> Berkeley $40 leaving 5PM
comment below"
3779,#ride06062025 Need a ride from Palo Alto to Sacramento. Budget
3780,#drive03312025 DRIVE!! Fremont ➜ Davis 11AM $15-20
3781,#ride03062024 RIDE!! Sacramento -> Sunnyvale 9:20 PM $25
3782,#drive08182024 Oakland ➜ Palo Alto $40 leaving 12PM
3783,#ride07262024 from Davis to Fremont | 3:15 PM | $30-40 | 1 seat thx
3784,#ride04072024  RIDE!!  Oakland  ->  San  Jose  10:50  PM  $35  pls
3785,#drive03162025 #drive03192025 SJ ➜ Berkeley $30 leaving 9PM 🚗
3786,#ride12192024 #ride12262024 San Francisco to Sunnyvale | 9AM | $12 | 1 seat
3787,#drive06172025  DRIVE!!  Sunnyvale  ➜  Berkeley  10AM
3788,#ride06122025 Need a ride Palo Alto ➜ Davis. Budget 3$5
3789,#ride09102024 from San Jose to Oakland | 5:00 PM | $25 | 1 seat
3790,#ride10152024 #ride10222024 Sacramento ➜ Sunnyvale | 11AM | $10-18 | 1 seat
3791,#drive11082025 Sacramento to Sunnyvale $10 leaving 7:50 PM 😊
3792,#ride11102025 San Jose ➜ Fremont | 10AM | $35 | 1 seat
3793,#drive02192024  DRIVE!!  from  Sunnyvale  to  San  Jose  6PM  $10
3794,#drive12252025 #drive01012026 DRIVE!! Oakland ➜ San Jose 8:20 PM $25 !!
3795,#drive09082024 DRIVE!! from Sunnyvale to Palo Alto 10:00 AM
3796,#ride10022025 Need a ride San Francisco-Fremont. Budget 35 dollars
3797,RIDE!!  Sacramento  to  Oakland  4PM  $35
3798,#drive06042025 Need a drive from Sunnyvale to Sac. Budget $35-40
3799,#drive02152024 Need a drive Fremont-Sunnyvale. Budget $30
3800,#ride03242024 Berkeley to Davis | 9AM | $10 | 1 seta
3801,#drive08232025  #drive08262025 Need a drive Oakland -> Fremont. Budget $22
3802,#ride08052024 Palo Alto -> San Jose | 10:00 AM | $20-28 | 1 seat
3803,#drive10232024  Sac  ➜  Berkeley  |  5PM  |  $40-48  |  1  seat
3804,#ride02282024 Need a ride Palo Alto -> Davis. Budget $10
3805,#drive10192024 Sacramento -> Sunnyvale | 6PM | $10 | 1 seat
3806,#ride11272025 Need a ride Palo Alto -> Davis. Budget $30-35
3807,#ride03102025 Need a ride Palo Alto-Berkeley. Budget $25
3808,#ride04022024 RIDE!! San Francisco ➜ Fremont 3:00 PM $18
3809,#drive09262024  Fremont  ->  Sacramento  leaving  3PM
3810,#ride10142025 Oakland -> Palo Alto | 12:45 PM | $22 | 1 seat
3811,"#ride12112024  RIDE!!  Palo  Alto-Berkeley  11:30  AM  20  dollars
comment  below"
3812,#drive11042025 Need a drive Oakland -> Davis. Budget $22 🚗
3813,#drive08262024 #drive08292024 from Oakland to Sunnyvale $10 leaving 10AM
3814,#ride05042025 Need a ride from San Francisco to Sacramento. Budget $30
3815,#drive10162025 Palo Alto ➜ Oakland 40 dollars leaving 10AM
3816,#ride09292024 RDIE!! San Francisco to Fremont 6:50 PM
3817,#ride11162024  Sunnyvale  ->  Oakland  $18  leaving  12PM  thx
3818,#ride03122024 Palo Alto to Sunnyvale | 11AM | $20 | 1 seat 😊
3819,#ride02292024 RIDE!! Oakland-Fremont 11AM $40-50
3820,#ride06142025 Need a ride Palo Alto-Fremont. Budget $30-40
3821,#drive11172025 Sacramento-Oakland | 9:45 AM | 25 dollars | 1 seat
3822,#drive02132024 DRIVE!! Fremont-San Francisco 5PM $15-25
3823,#ride0814202 5#ride08212025 RIDE!! San Jose -> Fremont 6PM $20
3824,#ride09082025 Palo Alto to SF  leaving 9:10 PM
3825,#ride06032025 Palo Alto to Davis  leaving 6:30 PM
3826,#drive07222025 #drive07292025 Palo Alto ➜ Oakland | 9AM | $25 | 1 seat 😊
3827,#ride10232025 RIDE!! San Jose to SF 6:45 AM 18 dollars
3828,#drive09082025 #drive09152025 Davis ➜ Berkeley | 12PM | $35 | 1 seat
3829,#ride11042024 RIDE!! from Berkeley to San Francisco 4PM $10-20
3830,#ride05022025 #ride05052025 from Oakland to Sac | 8:20 PM | $12 | 1 seat 😊
3831,#drive07042024 San Jose ➜ Davis | 3PM |  | 1 seat
3832,#drive08292025  DRIVE!!  Sunnyvale  ➜  Fremont  4:50  PM  $10-18
3833,#ride10082024 RIDE!! Sacramento -> Oakland 7PM 25 dollars
3834,#ride03122024 RIDE!! Oakland to Sunnyvale 4:40 PM 22 dollars
3835,#ride10132024 Need a ride Sunnyvale ➜ Palo Alto. Budget $10-20
3836,#drive10312025 Palo Alto ➜ SJ | 8:15 PM | $12 | 1 seat
3837,#drive02082025 from Fremont to Sacramento | 6:30 PM | | 1 seat 😊
3838,#ride11062025 Need a ride San Jose to Oakland. Budget $15
3839,"#drive12282024 DRIVE!! Palo Alto-Oakland 7AM $35
pm me"
3840,"#ride06082025  RIDE!!  Fremont  ➜  Davis  2:50  PM  $25
anyone?"
3841,#drive08022024 Sunnyvale-Oakland | 4PM | $10-15 | 1 seat
3842,#ride02162025 RIDE!! Palo Alto -> Berkeley 6AM
3843,#ride07202025 #ride07232025 San Francisco to Davis  leaving 6AM
3844,#drive08142025 DRIVE!! Sunnyvale to Berkeley 7PM $35
3845,#drive01072025 Sunnyvale -> Fremont | 5PM | $35-40 | 1 seat thx
3846,#drive03312025 from Davis to San Francisco | 6:45 PM | $12 | 1 seat
3847,"#ride07292024 #ride07302024 Palo Alto-Sac $18 leaving 6PM 🚗
anyone?"
3848,#ride06102025 RIDE!! Palo Alto-San Jose 8AM
3849,"#drive04082025  #drive04112025 DRIVE!! Fremont ➜ Sacramento 8:15 AM $12-22
flexible time"
3850,"#ride01012025  Fremont  to  Berkeley  $22  leaving  10:00  AM
pm  me"
3851,#ride08082024 from Berkeley to Oakland 12 dollars leaving 9:50 PM
3852,#ride09112025  Oakland  to  Sunnyvale  $10  leaving  10:30  PM
3853,#ride08292024 San Jose-Oakland | 8AM | $40 | 1 seat
3854,#ride10132025 Need a ride from Berkeley to Davis. Budget $10-15
3855,#ride04252025 #ride05022025 Need a ride Sacramento-Oakland. Budget $25
3856,#drive02192024 Fremont ➜ Sunnyvale | 7:45 PM | $15 | 1 seat thx
3857,"#drive07102025 Need a drive San Francisco ➜ Sunnyvale. Budget $18
flexible time"
3858,"#ride07262024 from Sunnyvale to San Jose | 11:20 AM | $35-43 | 1 seat 😊
pm me"
3859,#ride01072024 #ride01082024 from San Jose to Berkeley $15 leaving 6AM
3860,#drive02072024 Need a drive Sacraemnto -> Sunnyvale. Budget $15 😊
3861,DRIVE!! Berkeley ➜ Sunnyvale 6PM $25
3862,#ride03222024  Davis  ➜  Sac  |  9:50  AM  |  $25-30  |  1  seat
3863,#drive07022025  Fremont  ->  SF  $18  leaving  5PM  thx
3864,"#drive12042024 from Sacramento to Palo Alto | 9:30 PM | $15 | 1 seat
comment below"
3865,#ride01312025 Need a ride from San Jose to Davis. Budget $25-35 !!
3866,"#ride10242024 Need a ride Fremont ➜ Palo Alto. Budget 10 dollars
comment below"
3867,#ride08062025 Palo Alto ➜ San Francisco $35 leaving 3:40 PM
3868,#drive04022025 #drive04042025 Sunnyvale to San Jose $12 leaving 5PM
3869,#drive08232025 Oakland ➜ San Jose | 6PM | $40 | 1 seat
3870,#drive02102025 DRIVE!! Davis-Fremont 10PM $35
3871,#ride03032025  #ride03102025  Need  a  ride  Davis-Fremont.  Budget  $22
3872,Sacramento -> Palo Alto $25 leaving 7PM
3873,#drive02252025  Palo  Alto  to  San  Francisco  |  6:15  AM  |    |  1  seat
3874,#ride04072025 from Berkeley to Oakland $40 leaving 5:10 PM pls
3875,#drive12292025 DRIVE!! from Fremont to Sacramento 9PM $35
3876,Need  a  drive  Palo  Alto  ➜  Fremont.  Budget
3877,"#ride04242025 RIDE!! Berkeley-Sunnyvale 2:10 PM $12
pm me"
3878,#drive09132024 Need a drive SF-Berkeley. Budget
3879,#drive03132024 San Jose to San Francisco | 2:10 PM | $35 | 1 seat
3880,#drive05232025 from Berkeley to Sacramento $30-35 leaving 12:30 PM
3881,#drive01172024  Oakland  to  Sacramento  |  3PM  |  $20  |  1  seat
3882,#drive09052024 Davis -> Sunnyvale  leaving 4:50 PM pls
3883,#drive12172025 Need a drive San Jose ➜ Oakland. Budget $35
3884,#ride06142025 Sunnyvale-Dvais  leaving 9AM
3885,#ride07092025 Need a ride Davis -> San Jose. Budget $40
3886,#drive03202024 Sunnyvale -> San Jose | 5:30 PM | $40-45 | 1 seat
3887,#ride12292024 Palo Alto-Davis 30 dollars leaving 8:15 PM
3888,"#drive07082024 #drive07102024 DRIVE!! Palo Alto -> Sunnyvale 9:20 AM $18
comment below"
3889,from Berkeley to Oakland | 10PM | $40 | 1 seat
3890,#ride07282025 Need a ride San Francisco ➜ Sacramento. Budget $15
3891,#drive02142025  from  Davis  to  San  Jose  $30  leaving  8AM
3892,"#ride09232025  from  San  Jose  to  Sacramento  |  5PM  |  $40  |  1  seat
anyone?"
3893,#ride04252024 San Francisco ➜ Palo Alto $18 leaving 10PM
3894,#ride02032024 Need a ride from Berkeley to Palo Alto. Budget $22
3895,#ride03262025 Need a ride Davis ➜ San Francisco. Budget $22
3896,#ride12222025 RIDE!! Fremont to Palo Alto 9:10 PM $15-20 pls
3897,#ride10292024 RIDE!! from Sacramento to Berkeley 7AM 10 dollars
3898,RIDE!! Palo Alto ➜ Oakland 9PM $18
3899,#drive07012025 #drive07032025 Oakland -> Palo Alto $18 leaving 6PM
3900,#drive05212024 Sacramento➜ Davis | 12PM | 25 dollars | 1 seat
3901,#drive02272025 Fremont to Oakland | 10AM |  | 1 seat
3902,#drive04242024 Palo Alto ➜ San Jose | 3PM | $18 | 1 seat
3903,#drive03292024 Need a drive Fremont to San Jose. Budget $18 flexible time
3904,#ride08032025  #ride08062025 Palo Alto-San Francisco $22 leaving 7PM 🚗
3905,#ride08252025 Need a ride from Palo Alto to Sac. Budget 🚗
3906,#ride12292025 San Francisco ➜ Sunnyvale $30 leaving 3PM
3907,Berkeley  ➜Palo Alto $10 leaving 7:20 AM 🚗
3908,#drive01052025 #drive01072025 DRIVE!! from San Jose to San Francisco 8PM $35
3909,#drive11092024 from Sacramento to Fremont | 3PM | $18 | 1 seat
3910,#drive01042024 Sac to San Jose | 10AM | $15-25 | 1 seat
3911,#drive04282024 Sunnyvale -> Berkeley | 6PM | $40 | 1 seat
3912,#drive10192025 #drive10212025 from San Jose to Palo Alto $10-20 leaving 7AM
3913,#drive11262024 #drive12032024 Need a drive Oakland-Berkeley. Budget 12 dollars thx
3914,#drive09052024 DRIVE!! from Davis to Sunnyvale 10:50 PM 30 dollars
3915,#ride01052024 Sunnyvale-San Jose | 9:20 PM | $12 | 1 seat
3916,from Palo Alto to Berkeley | 1A1M | $35-40 | 1 seat
3917,#ride08152024 RIDE!! Oakland -> Sunnyvale 6:00 PM
3918,#ride02062024  San  Jose  ->  Fremont  22  dollars  leaving  8AM
3919,#ride12242025 RIDE!! San Francisco-Palo Alto 6:10 AM $12-20 🚗
3920,#ride02012025 #ride02022025 Fremont-Davis | 4:20 PM | $18 | 1 seat
3921,#ride02162024 RIDE!! Fremont-Davis 6AM $40
3922,#ride10052025 Berkeley -> Palo Alto | 1PM | $40 | 1 seat
3923,#drive08142024 Fremont ➜ Oakland | 1:15 PM | $40 | 1 seat
3924,#drive11122024 DRIVE!! Davis to San Francisco 10AM 😊
3925,#drive10092025 San Francisco -> Sunnyvale | 5PM | 30 dollars | 1 seat
3926,#drive08162024 DRIVE!! Palo Alto to San Jose 4PM thx
3927,#drive11042024 Davis -> San Jose | 6:15 PM | $20 | 1 seat
3928,"#drive10212025 Need a drive Oakland-Sunnyvale. Budget thx
comment below"
3929,#drive04292024 San Jose ➜ Palo Alto $30 leavign 3:20 PM
3930,#ride02022024 RIDE!! Palo Alto -> Oakland 2PM $30
3931,"#ride10182024 Need a ride Davis ➜ Fremont. Budget $12-20
pm me"
3932,#drive11212024 #drive11242024 DRIVE!! Palo Alto ➜ San Jose 7PM $35-45
3933,#ride05202024  Oakland  ->  Sunnyvale  |  2PM  |  $20  |  1  seat
3934,#drive12102025 Davis-Sunnyvale | 9PM | $20-28 | 1 seat
3935,#drive12052024  #drive12072024  Need  a  drive  San  Jose  ➜  Berkeley.  Budget  $10  thx
3936,#ride10242024 Sacramento to Palo Alto $40 leaving 7AM
3937,#drive03292024 DRIVE!! Davis ➜ Sunnyvale 1PM 30 dollars
3938,#drive02052024 DRIVE!! from Berkeley to SF6 :10 PM
3939,"#ride10252025 Berkeley -> Sacramento | 2:50 PM | $12 | 1 seat 🚗
comment below"
3940,#ride05192024 aScramento to Sunnyvale | 9PM | $10 | 1 seat
3941,#drive02172025 Fremont-Davis $22 leaving 7:20 PM
3942,#drive07312024 Palo Alto-Sunnyvale | 10:50 PM | $18 | 1 seat
3943,#ride06232024 RIDE!! Sna Jose ➜ Sacramento 7:45 PM $10
3944,#drive03162024 from San Francisco to Fremont | 2:00 PM | | 1 seat
3945,#ride05062025  Oakland  to  Berkeley  $22  leaving  8PM  😊
3946,#drive06182025 DRIVE!! San Francisco ➜ Palo Alto 7:40 AM $35 pls
3947,#ride01242024 Sacramento ➜ Davis 12 dollars leaving 6:20 AM
3948,#drive09222025 from San Jose to Davis $10 leaving 8PM
3949,#ride09192025 Berkeley ➜ Palo Alto | 11:50 AM | $35 | 1 seat pls
3950,#ride08222025  Fremont  ➜  Berkeley  |  1:45  PM  |  $35  |  1  seat
3951,#drive05162025 #drive05172025 from Davis to San Jose $25 leaving 5:30 PM
3952,#drive12062025 DRIVE!! Sunnyvale ➜ San Francisco 7:50 PM $35 thx
3953,#drive05262024 from San Jose to Fremont $25 leaving 6:20 PM
3954,#drive05082024 DRIVE!! Sacramento to Davis 9AM $10 thx
3955,#drive10272024 from Fremont to Davis | 6:51 AM | $15 | 1 seat !!
3956,#drive05272024  Need  a  drive  from  Palo  Alto  to  Oakland.  Budget  $30
3957,"#ride10122024  Davis  ➜  San  Jose  30  dollars  leaving  6PM
pm  me"
3958,#drive08312024 from Berkeley to San Francisco $15 leaving 10PM
3959,#drive07312024 Berkeley to San Jose | 6:15 AM | $22 | 1 seat thx
3960,#drive03242024 DRIVE!! from Fremont to Sacramento 6:40 AM $22
3961,#drive07162024 DRIVE!! from Fremont to Sacramento 6:15 PM $35 anyone?
3962,#ride12252025 RIDE!! Sacramento to Palo Alto 8:00 AM $30
3963,#drive01102025 #drive01112025 DRIVE!! from Davis to Sunnyvale 3PM $25
3964,#drive10282024 #drive10302024 Need a drive Sunnyvale -> Davis. Budget $10 thx
3965,#drive05242025 Davis to Sunnyvale $12 leaving 1PM
3966,#drive04182025 DRIVE!! Fremont ➜ Sunnyvale 9:15 PM $20
3967,#drive02062024 DRIVE!! from San Jose to Fremont 6PM $25
3968,#drive06282025 #drive06292025 Need a drive from San Jose to Oakland. Budget $12
3969,#ride12252025 from Berkeley to Fremont | 6AM | $10 | 1 seat
3970,"#drive10232024 from Palo Alto to San Francisco $10 leaving 10PM 😊
comment below"
3971,#drive07102025 Oakland -> San Francisco $12 leaving 5:50 PM
3972,#ride09072025 Berkeley -> Sunnyvale $22 leavign 8:10 AM
3973,Need a ride from Berkeley to Palo Alto. Budget $15
3974,#ride05192025  RIDE!!  Sacramento  ->  San  Jose  6:40  AM  $40
3975,#drive12022024 Berkeley -> Sunnyvale | 9AM | $15 | 1 seat
3976,#ride03082025 Palo Alto-Sacramento $30 leaving 6AM
3977,#drive10062024 from Palo Alto to SF | 8PM |  | 1 seat
3978,#drive06142025 DRIVE!! San Francisco -> Palo Alto 10:15 AM 18 dollars
3979,#drive04092024 Palo Alto-Sac | 6AM | $30 | 1 seat
3980,#drive12032025 Fremont-Berkeley | 9:20 PM |  | 1 seat
3981,#ride07192024 San Francisco to Davis | 9:10 AM | $35 | 1 seat pm me
3982,#drive09152025 Sacramento-San Jose | 6:30 PM | $40 | 1 seat
3983,#drive07172024 #drive07242024 Oakland-Berkeley | 8:30 PM | $22-27 | 1 seat
3984,#drive04262024 Fremont -> Berkeley $12 leaving 10AM
3985,#ride08082024 Berkeley ➜ Palo Alto $10 leaving 11:40 AM
3986,#ride10112024 from San Jose to Oakland $15-20 leaving 5:45 PM
3987,Davis-San Jose $35 leaving 9:30 PM !!
3988,#drive01222025  Sacramento-Oakland  |  5:00  PM  |  10  dollars  |  1  seat
3989,#ride02112024 Davis-Fremont 10 dollars leaving 8:15 PM pls
3990,#drive02052025 from Palo Alto to Oakland $35 leaving 6:30 AM pm me
3991,#drive03162025 Palo Alto to Sunnyvale | 12PM | 12 dollars | 1 seat
3992,#ride08262025 RIDE!! Davis ➜ Fremont 6PM $25
3993,#ride02092025 Palo Alto-Berkeley | 4PM |  | 1 seat
3994,"#ride03222025 Need a ride Oakland -> Sunnyvale. Budget $30
flexible time"
3995,#ride02022025 #ride02042025 Sunnyvale ➜ Berkeley | 9:50 AM | | 1 seat
3996,#ride08122052 RIDE!! Davis ➜ Fremont 3:10 PM $22
3997,#ride09242024 Fremont -> San Jose | 3:00 PM | $15 | 1 seat 🚗
3998,"#drive11302025 DRIVE!! Berkeley ➜ San Jose 7PM $30-35
flexible time"
3999,#ride07172024 #ride07182024 from Fremont to Davis | 6:00 PM |  | 1 seat
4000,#ride11232024 Need a ride San Francisco ➜ Palo Alto. Budget $18
4001,#ride01242025 Need a ride Palo Alto-San Jose. Budget $22 🚗
4002,#drive05252025 DRIVE!! Berkeley to Fremont 1PM $30
4003,"#drive06062024 Oakland to Palo Alto | 7:45 PM | $10 | 1 seat
flexible time"
4004,#ride09052024 Sunnyvale -> Berkeley  leavign 8PM
4005,"#drive02012025  from  Palo  Alto  to  Sunnyvale  $18  leaving  7PM
flexible  time"
4006,#driev05252025  San  Francisco  ->  San  Jose  |  4PM  |  $15  |  1  seat
4007,#ride07252024  Need  a  ride  Oakland-Sacramento.  Budget  $35
4008,#drive10232025  Fremont  ➜  San  Francisco  |  8:45  PM  |  $15-23  |  1  seat
4009,#ride09222024 RIDE!! Berkeley to Oakland 10AM
4010,#drive02142025 #drive02162025 Need a drive Berkeley -> SF. Budget $10
4011,#drive08152025 Sunnyvale to Fremont $10 leaving 8PM 😊
4012,Need a drive Davis-Berkeley. Budget $35-45 😊
4013,#drive01082024 Need a drive Berkeley ➜ SJ. Budget 15 dollars
4014,#ride12242025 Oakland ➜ San Francisco$ 40 leaving 9PM
4015,#ride11212024 #ride11282024 Berkeley ➜ Fremont $10 leaving 6PM
4016,#ride09032025 RIDE!! Oakland -> Davis 1PM $40-50
4017,#ride02252025 Need a ride Oakland -> Palo Alto. Budget $20
4018,#ride01072025 RIDE!! Fremont to San Francisco 4:10 PM $12
4019,#ride08122024 #ride08142024 Fremont-SF $15 leaving 1:20 PM anyone?
4020,#ride05012024 RIDE!! San Francisco to Berkeley 4:50 PM $18
4021,#ride12182025 Need a ride from San Jose to San Francisco. Budget
4022,#ride04222025 Oakland ➜ Berkleey | 3PM | $18-26 | 1 seat thx
4023,#ride07052024 Need a ride from Sunnyvale to San Francisco. Budget $30
4024,#drive04302024 Need a drive San Jose-Davis. Budget $40-48
4025,#drive01182025 Need a drive from Sunnyvale to Sacramento. Budget $22
4026,#ride09262024 Need a ride Fremont-Sunnyvale. Budget $25
4027,#ride08192025 #ride08262025 Fremont to San Francisco | 9:10 AM | $15 | 1 seat thx flexible time
4028,#drive07022025 San Jose-Sacramento | 11AM | $40 | 1 seat
4029,#drive08132024 Need a drive Davis ➜ Oakland. Budget $18
4030,#drive12092024 DRIVE!! Berkeley-Davis 3:40 PM $20-30
4031,#drive08122024 Davis -> Fremont $35 leaving 11AM
4032,#ride03292024 Oakland ➜ Fremont | 12PM | $30 | 1 seat
4033,#ride12082024 Fermont-Sunnyvale $18 leaving 2:20 PM
4034,#drive10182024 Fremont-San Francisco | 11AM | $15 | 1 seat
4035,#ride10042025  from  Palo  Alto  to  Fremont  |  11:20  AM  |    |  1  seat  thx
4036,#drive11132024 San Francisco -> Fremont | 2:40 PM | $20 | 1 seat
4037,#ride11172024 RIDE!! Fremont ➜ Oalkand 4:15 PM $35
4038,#drive12232025 DRIVE!! Palo Alto -> Fremont 2PM $40
4039,#drive01092025 Palo Alto to Sacramento $35 leaving 6:15 AM
4040,"#ride08072024 Sunnyvale ➜ Fremont $15 leaving 7AM
anyone?"
4041,#drive02152025 #drive02172025 DRIVE!! San Francisco-Fremont 7:50 PM $25
4042,#drive05272024  San  Francisco  to  Palo  Alto  leaving  12PM
4043,#drive09282025 Fremont -> Berkeley | 6:40 AM |  | 1 seat
4044,"#drive07182025 Oakland to Sunnyvale | 8PM | $20-25 | 1 seat
flexible time"
4045,Palo Alto -> San Jose  leaving 5PM
4046,#drive12142025 Sacramento -> Berkeley | 11:40 AM | $30 | 1 seat
4047,#ride12032024 Davis -> Berkeley | 6AM | $35 | 1 seat
4048,#drive11202025 Need a drive Sacramento to Palo Alto. Budget $18-23 🚗
4049,#drive05312024 from Fremont to Sacramento $30 leaving 9:40 AM
4050,#drive03212025 Need a drive Oakland ➜ Paol Alto. Budget $18-28 !!
4051,#drive07042025 DRIVE!! Fremont -> Sacramento 10:50 AM $25
4052,#drive03072024  Oakland  ->  Palo  Alto  |  4PM  |  12  dollars  |  1  seat  !!
4053,#drive06212025 DRIVE!! Fremont to Oakland 1PM $35-40
4054,#ride11242025 #ride11252025 RIDE!! Oakland ➜ San Jose 6AM $12-22 thx
4055,#ride08022024 RIDE!! Davis ➜ San Jose 114:0 AM $12
4056,#ride08202025 RIDE!! Oakland -> San Jose 10PM 🚗
4057,#ride06162025 RIDE!! San Joes ➜ Sacramento 3:40 PM $18-26 !!
4058,#drive09112025 Berkeley-Fremont $25 leaving 9PM
4059,#drive08012025 Sunnyvale to Davis $25 leaving 6PM
4060,#drive08252024 DRIVE!! Fremont -> Sunnyvale 7:50 AM $30 🚗
4061,from Fremont to Palo Alto | 12PM | $22 | 1 seat
4062,#ride09152024 Palo Alto ➜ Sacramento | 5:10 PM | $12 | 1 seat
4063,#ride09212024 from Fremont to Palo Alto | 8AM | $12 | 1 seat thx
4064,#drive05052024  DRIVE!!  Palo  Alto-Davis  4:50  PM  $35-43
4065,#ride08242025 Davis -> Sunnyvale | 6AM | $25 | 1 seat 🚗
4066,RIDE!! Oakland to Berkeley 10:15 PM $25-33
4067,#drive11152025 San Jose ➜ Davis | 5:15 PM | $25-35 | 1 seat
4068,DRIVE!!  San  Francisco  ➜  San  Jose  1PM  $18
4069,#drive02102024 Need a drive Palo Alto ➜ Fremont. Budget $15
4070,#ried07032024 RIDE!! Sacramento to Berkeley 4:45 PM $22 🚗
4071,#ride09212024 from Fremont to Sacramento | 3PM | $18 | 1 seat
4072,#drive10172024  from  Oakland  to  Palo  Alto  $25-35  leaving  6:15  AM
4073,"#drive06042025  RDIVE!!  Sunnyvale  to  Fremont  10:40  AM  $22-32
pm  me"
4074,#drive01192024 Davis ➜ San Jose | 10:45 AM | $20 | 1 seat !!
4075,#ride01062024 #ride01092024 RIDE!! Sunnyvale ➜ Fremont 5:40 PM $30 🚗
4076,"#ride08012025 from Fremont to Berkeley | 7PM | 35 dollars | 1 seat
pm me"
4077,#drive09302025 Need a drive Sacramento -> Davis. Budget $20 pls
4078,Sacramento-San  Jose    leaving  10AM
4079,#drive12222025 SF ➜ San Francisco | 10:30 AM | $25-33 | 1 seat
4080,#ride06022025 Berkeley ➜ Sacramento | 4:20 PM | $22 | 1 seat
4081,#drive11252024  San  Jose  to  San  Francisco    leaving  11:10  AM  !!
4082,"#drive04022024 Need a drive Davis to Sunnyvale. Budget $10-18
anyone?"
4083,#drive06282025 San Francisco -> Fremont | 7PM | $12-20 | 1 seat
4084,#drive06012025 DRIVE!! Sacrmaento -> Berkeley 1PM $12-20
4085,#ride11122024 Sunnyvale ➜ Berkeley levaing 10PM
4086,#drive01302024 DRIVE!! Fremont-San Jose 9PM
4087,#drive10132025 Sacramento ➜ Davis $40 leaving 4PM 😊
4088,#ride10172025 Davis to Palo Alto | 8AM | $25 | 1 seat thx
4089,#drive01102025 San Francisco -> San Jose | 11:40 AM | $22 | 1 seat
4090,#ride06042024  Need  a  ride  Sunnyvale  ->  Berkeley.  Budget  $15
4091,"#drive06162025 Davis ➜ Sunnyvale $20 leaving 9:10 AM
pm me"
4092,#drive02082025 DRIVE!! Oakland-Berkeley 5:15 PM $10 🚗
4093,#ride03182024 from Berkeley to San Francisco  leaving 12PM
4094,#drive06222024 from Palo Alto to Fremont  leaving 9:20 PM
4095,RIDE!! from Sunnyvale to San Francisco 10PM $30-38
4096,#drive08112025 Need a drive from Fremont to San Francisco. Budget $20
4097,#drive07262024 Palo Alto-Berkeley | 1PM | $15 | 1 seat
4098,#ride09102025 from Oakland to Fremont leaving 4PM
4099,Need a ride San Francisco-Sacramento. Budget $40
4100,#ride05072024 Fremont ➜ San Francisco $22 leaving 12PM
4101,#drive03042024 Need a drive from Oakland to San Jose. Budget 35 dollars
4102,#ride06282024 RIDE!! Berkeley-Sunnyvale 11:00 AM $35
4103,#drive08162025 Need a drive Fremont -> San Francisco. Budget $12
4104,"#drive04128025 Fremont -> Davis $12-17 leaving 4:10 PM
flexible time"
4105,#drive10262025 San Francisco -> SJ $12 leaving 10:30 AM
4106,#drive06132025 Oakland to Sacramento | 1:00 PM | $12 | 1 seat
4107,"#drive01142024 Sunnyvale -> Sacramento  leaving 7:45 AM
anyone?"
4108,#ride02112025 RIDE!! Oakland-San Francisco 2:30 PM $20
4109,#drive06252024 DRIVE!! from Fremont to Sacramento 8:15 PM $25 😊
4110,#ride07032024 Fremont ➜ Palo Alto $18 leaving 12:10 PM pls
4111,#drive01192024 Need a drive from Berkeley to Davis. Budget $40 !! comment below
4112,#drive10022024 #drive10032024 San Jose to Oakland  leaving 10:45 AM
4113,#ride06252025 San Jose ➜ Palo Alto $40 leaving 6PM
4114,"#drive05132025 #drive05152025 DRIVE!! Palo Alto-Davis 10AM $20
anyone?"
4115,"#drive03222024 Fremont to Oakland $35 leaving 5PM
anyone?"
4116,#ride09302024 Oakland ➜ Sunnyvale | 6:15 AM | $40 | 1 seat
4117,#ride11302024 #ride12072024 from Davis to Sunnyvale | 6AM | $12 | 1 seat
4118,#ride09252024 Sacramento-Berkeley $35-40 leaving 10AM thx
4119,"#drive03262025 from Palo Alto to Berkeley | 10:45 PM | 15 dollars | 1 seat
comment below"
4120,#drive06182025 Need a drive Palo Alto to Oakland. Budget $25
4121,"#ride01092025 from Davis to Sacramento $10 leaving 11:30 AM
flexible time"
4122,San Francisco ➜ Sacramento | 5PM | $15-20 | 1 seat pls
4123,#ride02072024 Palo Alto-Sunnyvale | 8AM | 30 dollars | 1 seat
4124,#drive04292024 DRIVE!! San Francisco ➜ Fremont 5:20 PM $20
4125,#ride05272025  Need  a  ride  San  Francisco-Sacramento.  Budget  15  dollars  thx
4126,#ride12312025 Oakland ➜ Sacramento $25 leaving 1:20 PM pls
4127,#drive08072025 DRIVE!! Oakland-Davis 6AM $18
4128,"#ride04122024  RIDE!!  Berkeley  ➜  Sacramento  7PM  $40
pm  me"
4129,#drive06242025 Davis -> Sacramento  leaving 12PM
4130,#ride07292024 RIDE!! Sunnyvale to San Jose 10PM $22 flexible time
4131,#ride06172025 RIDE!! San Jose -> Berkeley 10:45 AM
4132,#drive04272025 Palo Alto to San Jose | 11:10 AM | $30 |1 seat
4133,#ride02292024 #ride03012024 Oakland to Berkeley | 8:15 AM | $10 | 1 seat
4134,#drive10282024 #drive10312024 San Francisco-Berkeley | 12:15 PM | $40-48 | 1 seat 🚗
4135,#ride08062024 Need a ride Sunnyvale ➜ Fermont. Budget $35 😊
4136,#ride09262025 #ride09282025 from Palo Alto to Oakland | 9PM | $18 | 1 seat pls
4137,#ride04142025 Oakland to Sunnyvale $40 leaving 7AM
4138,#ride08282025 Need a ride Palo Alto ➜ San Jose. Budget $10
4139,#ride04042024 Oakland-San Jose $25-30 leaving 7:50 AM 🚗
4140,#drive02022024 San Jose ➜ San Francisco | 10PM | 22 dollars | 1 seat
4141,RIDE!! Sunnyvale to Fremont 3:10 PM $40
4142,"#ride01102024  Need  a  ride  Davis  to  San  Jose.  Budget  $20
anyone?"
4143,#drive06222024 #drive06242024 Need a drive from Fremont to SF. Budget $20
4144,#ride02192024 Need a ride from Berkeley to Fremont. Budget $30
4145,Palo Alto ➜ San Jose | 9PM | $30-40 | 1 seat 🚗 anyone?
4146,DRIVE!! Berkeley to Oakland 7:45 AM $22
4147,#ride01162025 Need a ride San Jose -> Davis. Budget $10-20
4148,#ride11112052  RIDE!!  Palo  Alto  ->  Berkeley  3:30  PM  $35  !!
4149,#ride01272024 Need a ride San Jose ➜ Sacramento. Budget $25 😊
4150,#ride09232024 Davis ➜ San Francisco $20 leaving 9AM
4151,#ride06172024 Davis to Sacramento | 10AM | $35-45 | 1 seat
4152,#ride03292025 #ride04012025 RIDE!! Oakland to Davis 8AM $35 pls
4153,#ride10022025  RIDE!!  Berkeley-Oakland  6:45  PM  $12
4154,#ride03252025 Berkeley-San Jose $35 leaving 8:00 PM
4155,#drive09172024  Berkeley  ->  Sunnyvale  |  12PM  |  $12-17  |  1  seat
4156,"#ride02062025 Need a ride from Oakland to Sacramento. Budget $15
anyone?"
4157,#drive12122024 Sacramento ➜ Davis $15 leaving 11:30 AM !!
4158,#ride11082025 Fremont-San Francisco $20 leaving 7:40 AM
4159,#drive09092025 from Sunnyvale to San Frnacisco $35 leaving 7:50 AM thx
4160,#ride01112024 Palo Alto-Fremont | 10:15 AM | $20 | 1 seat
4161,#ride04182025 Fremont ➜ Palo Alto | 4PM | | 1 seat thx
4162,#ride12242025 RIDE!! Davis-Berkeley 1PM $35
4163,#drive07152025 San Francisco-San Jose $12 leaving 9:20 AM 😊
4164,#ride08152024 Sacramento -> Davis | 7:45 AM | $15 | 1 seat
4165,#drive01162025  Need  a  drive  Oakland  ->  San  Francisco.  Budget  $22
4166,#ride02272025 from Palo Alto to Berkeley 15 dollars leaving 3:40 PM
4167,#ride09212024 RIDE!! Sunnyvale -> Berkeley 10PM 30 dollars anyone?
4168,#ride07182024 RIDE!! Fremont-San Francisco 2PM 10 dollars
4169,#ride09192024 #ride09262024 San Jose ➜ Oakland $40 leaving 8AM
4170,#drive06052024  from  Sacramento  to  San  Francisco  $10  leaving  5PM  😊
4171,#drive03072025 Berkeley -> Sunnyvale leaving 5:20 PM
4172,#ride11232025 from Oakland to San Francisco  leaving 1PM
4173,#drive07282025 #drive07302025 Berkeley ➜ Palo Alto $22 leaving 10:15 PM
4174,#rdie01102025  Oakland  ->  San  Francisco  |  12:15  PM  |  25  dollars  |  1  seat
4175,#drive04172025  SJ  to  Sunnyvale  $20-25  leaving  3PM
4176,"#drive02122024 Need a drive San Jose ➜ Berkeley. Budget $25 !!
comment below"
4177,"#drive07072025 Palo Alto ➜ Berkeley  leaving 7:30 PM
pm me"
4178,#ride10032025 Oakland to Sunnyvale | 10:30 PM | $15-20 | 1 seat thx
4179,#ride07192025 from Sacramento to Sunnyvale $15-25 leaving 2PM
4180,#drive11032025 Need a drive frmo SF to Davis. Budget $20
4181,#drive08242024 DRIVE!! Sunnyvale ➜ Berkeley 10:20 PM $22
4182,#ride01762024 Oakland-Sunnyvale | 4:20 PM | $35 | 1 seat
4183,#ride05022024 San Francisco -> Davis | 4PM | $25 | 1 seat
4184,#ride09062024 #ride09132024 Need a ride from Davis to Berkeley. Budget $18
4185,"#drive03062024 DRIVE!! Fremont-Davis 7:20 AM $30 thx
anyone?"
4186,#ride10292025 RIDE!! from Berkeley to Palo Alto 7PM 18 dollars
4187,#ride02262024 RIDE!! San Francisco -> Fremont 7PM $30
4188,#ride11072025 RIDE!! Oakland-San Francisco 9PM pls
4189,#ride07012024 Oakland-Davis $18 leaving 6:00 AM
4190,#drive12302025  Sunnyvale-Fremont    leaving  9:10  PM
4191,"#ride12292025  Palo  Alto  ->  Fremont  |  7AM  |  $22  |  1  seat
pm  me"
4192,#ride11302025 Need a ride Davis to Oakland. Budget $15
4193,#drive07192025 Davis -> Sunnyvale | 11AM | $18-23 | 1 seat
4194,#ride06102025  Need  a  ride  Sac  ->  Sunnyvale.  Budget  $30  thx
4195,RIDE!! San Francisco to Oakland 10PM $25-35 🚗
4196,#ride05042025 #ride05062025 RIDE!! from San Jose to Sunnyvale 8:30 PM thx
4197,#drive05142024  Need  a  drive  Berkeley  ->  Palo  Alto.  Budget  10  dollars  flexible  time
4198,#drive12042024 Need a drive from Sacramento to Palo Alto. Budget $22 anyone?
4199,#ride07262024 Davis -> Sac $35-43 leaving 1PM
4200,#drive05092025 Need a drive San Francisco -> San Jose. Budget $25-35
4201,#drive04042024 DRIVE!! from Oakland to Palo Alto 12:00 PM $35-45 🚗
4202,#drive04182025 Need a drive Sunnyvale ➜ Sacramento. Budget $40 🚗
4203,Need a ride San Francisco -> Fremont. Budget $15-25 pm me
4204,#ride02202025 RIDE!! Davis -> Sunnyvale 8:40 AM $40 thx
4205,#ride03272025 #ride04032025 from Palo Alto to SJ | 6:50 PM | $12 | 1 seat
4206,#drive07252024 Need a drive Sacramento -> San Jose. Budget $22 🚗
4207,#drive05302024 DRIVE!! Berkeley ➜ Sacramento 9AM
4208,#ride12112025 RIDE!! from Davis to Palo Alto 5:45 PM $25
4209,#ride06292025 Sunnyvale -> SF | 6AM | | 1 seat
4210,#ride02212024 Oakland ➜ Davis | 7:45 PM |  | 1 seat
4211,#ride01252024 Davis ➜ Sunnyvale | 8AM | $40-45 | 1 seat
4212,#drive03112024 Berkeley-Sacramento | 5:00 PM | $40 | 1 seat
4213,#ride08152025 Davis -> Sunnyvale |9 :00 AM | $20 | 1 seat
4214,#ride03232024 Need a ride Davis to Sacramento. Budget $35-40
4215,#drive08112024  Need  a  drive  San  Francisco-Sunnyvale.  Budget  $12
4216,#ride02082024 #ride02112024 RIDE!! from San Francisco to Palo Alto 10:15 AM 25 dollars
4217,#ride12172025 #ride12202025 RIDE!! Oakland to Berkeley 5:10 PM $35
4218,#ride01202024 RIDE!! Sacramento ➜ Sunnyvale 7PM $30
4219,#drive01032025 Need a drive Palo Alto ➜ Sacramento. Budget $18
4220,#ride12202025 RIDE!! Sacramento to San Francisco 2PM $25
4221,#ride06022024  RIDE!!  from  San  Jose  to  Davis  9:15  PM  $12-22
4222,#ride01062025 Sacramento ➜ San Francisco $10-20 leaving 3:20 PM
4223,#ride06252024 RIDE!! Sna Francisco -> San Jose 6:20 PM $22-32
4224,#drive03242024 DRIVE!! San Jose -> Sunnyvale 7:50 AM
4225,#ride10262024 Need a ride Berkeley -> San Jose. Budget $20
4226,#ride10112025 Need a ride Sacramento-San Francisco. Budget $30-40
4227,#drive02152025 Need a drive Sunnyvale-SF. Budget $10
4228,#ride06282024 San Jose to Berkeley | 8PM | $40-48 | 1 seat
4229,#ride04032024 #ride04062024 Need a ride Fremont-Berkeley. Budget $20-25
4230,#drive03262024 Need a drive Sunnyvale ➜ Sacramento. Budget $20
4231,#ride07072024  RIDE!!  San  Francisco  ➜  Palo  Alto  8:15  PM  $15-20
4232,#ride05202024 Palo Alto-Oakland $22 leaving 8AM
4233,#drive10202024 DRIVE!! Davis-Fremont 1:00 PM $30
4234,#drive06282024 from Berkeley to Sunnyvale $12 leaving 1PM
4235,#driv0e5222024 from Sacramento to San Jose | 8:30 PM | $40 | 1 seat
4236,#ride07192025 from Davis to Berkeley | 9:00 PM | $40-45 | 1 seat
4237,#ride02032025 RIDE!! Oakland-Davis 4:50 PM $22 thx
4238,#drive12292025  Fremont  ->  San  Jose  |  8:10  PM  |  $35  |  1  seat
4239,"#ride09152024  SF  to  San  Jose  |  10PM  |  $25  |  1  seat
flexible  time"
4240,#drive04032025 DRIVE!! Sunnyvale to Palo Alto 6:10 AM $25
4241,#ride03232024  Oakland-Palo  Alto  leaving  11AM  🚗
4242,#ride02222024 RIDE!! San Jose to Sacramento 4PM $22
4243,#drive12182025 Palo Alto-San Jose | 1PM | $18 | 1 seat
4244,#ride12162024 from Oakland to San Francisco $18 leaving 9:30 AM
4245,#drive12222025  #drive12242025  Need  a  drive  Sunnyvale  to  Palo  Alto.  Budget  18  dollars
4246,#ride09242025 RIDE!! Oakland -> San Francisco 10:15 AM !!
4247,#ride04082025 San Francisco ➜ Berkeley $12 leaving 10AM 🚗
4248,#ride02282025 San Francisco-San Jose | 12PM | $12 | 1 seat
4249,#ride03192024 from Oakland to Davis | 7:15 PM | $22 | 1 seat
4250,"#drive03032024 DRIVE!! Oakland to Sunnyvale 8AM $30
pm me"
4251,"#ride01072024 Fremont to Davis | 9:00 AM |$ 20 | 1 seat
anyone?"
4252,"#drive02022024 from Sunnyvale to San Jose $12 leaving 6:00 AM
comment below"
4253,#drive05082025 Need a drive Sac -> Oakland. Budget $10
4254,#drive09242025  Palo  Alto  ->  Fremont  40  dollars  leaving  6:15  AM
4255,#ride08282024 Davis ➜ Oakland | 10PM | $40 | 1 seat
4256,#rdive05312024 DRIVE!! Sacramento -> Berkeley 3PM 25 dollars
4257,#drive06122025 Need a drive from Palo Alto to Berkeley. Budget $10
4258,#ride10172025 Palo Alto ➜ San Francisco | 4:50 PM | $30 | 1 seat
4259,#ride03292025 Need a ride Sunnyvale to San Jose. Budget pm me
4260,#ride03272025 Need a ride Fremont-San Jose. Budget 40 dollars
4261,"#ride08272024 Need a ride from Sunnyvale to Oakland. Budget $15 pls
anyone?"
4262,#ride03202024 Need a ride Berkeley -> Davis. Budget $40
4263,#ride04242025 Need a ride from Sunnyvale to Fremont. Budget $25 thx
4264,#ride11112024 RIDE!! Davis to Sac 10AM $40
4265,#drive12162025 Need a drive Palo Alto-Sacramento. Budget $15 thx
4266,Palo Alto -> Sacramento $25 leaving 10:15 AM
4267,#drive08062025 DRIVE!! from Sunnyvale to Palo Alto 5PM 30 dollars !!
4268,#ride03182025 Oakland ➜ Berkeley $18 leaving 4:40 PM
4269,#ride02132024 RIDE!! Fremont-Davis 12:45 PM
4270,#drive02192024 DRIVE!! San Jose-SJ 9:45 AM $18 thx
4271,#ride05212025 Oakland -> Palo Alto  leaving 7AM pls
4272,#ride06262024 Need a ride from Oakland to Sacramento. Budget $18
4273,#ride04252024 Fremont to San Francisco | 12PM | $20-28 | 1 seat
4274,#drive05082025 Sacramento to Oakland $25 leaving 8AM pls
4275,DRIVE!! Oakland -> Sacramento 8:40 AM
4276,#drive07042024 DRIVE!! Fremont-Oakland 8:40 AM $12
4277,"#drive08202024 DRIVE!! SJ-Davis 9AM
pm me"
4278,#ride04282025  Sacramento-Oakland  |  8:30  AM  |    |  1  seat
4279,#ride09302024 RIDE!! from Fremont to Sunnyvale 5PM $25
4280,#drive07042025 DRIVE!! Palo Alto to Davis 9AM $30 😊
4281,#ride10272024 San Jose ➜ Davis | 12:00 PM | $25 | 1 seat 🚗
4282,#drive11172024 Need a drive Sacramento to Berkeley. Budget
4283,Need a ride from Sunnyvale to Davis. Budget $18-26 🚗
4284,#drive04132024  Need  a  drive  Davis  ->  Palo  Alto.  Budget  $18
4285,#drive12242024 San Jose -> Sunnyvale | 8:00 PM | $20 | 1 seat 😊
4286,"#ride07242024 Need a ride from San Francisco to Berkeley. Budget $10
pm me"
4287,#ride05132024 Berkeley-Sac $18 leaving 10AM
4288,"#ride03282025  San  Francisco  ➜  Oakland  $12  leaving  9AM
flexible  time"
4289,#drive03292024 Sunnyvale to SF  leaving 8AM
4290,#ride02202025 Need a ride Okaland ➜ San Francisco. Budget $18
4291,#ride02132025 Need a ride Sacramento ➜ Berkeley. Budget $22
4292,#ride03112025 from SF to Davis | 7:45 PM | $40 | 1 seat
4293,#drive12202024 Need a drive San Francisco ➜ Sunnyvale. Budget pls
4294,#ride06302024 RIDE!! from SF to San Francisco 8AM 30 dollars
4295,#ride08082025 San Francisco to Berkeley  leaving 4PM
4296,#drive11072025 Fremont to Sacramento $22 leaving 8:00 PM 🚗
4297,#drive04122024  DRIVE!!  San  Francisco-Berkeley  6AM  $20  !!
4298,#ride10122024 from Davis to Sacramento | 11AM | $12 | 1 seat
4299,#ride05272025 Need a ride Fremont -> Davis. Budget $18-23
4300,#irde07312024  Sacramento  to  Davis  |  8:00  PM  |  $30  |  1  seat
4301,#drive01172025 from Davis to Fremont | 9:10 AM | $22 | 1 seat
4302,#drive01022025 Oakland ➜ Fremont | 9:20 AM | $40 | 1 seat
4303,#ride02212024 RIDE!! Palo Alto to Berkeley 5:10 PM $20
4304,"#ride01212024 Palo Alto ➜ Sac  leaving 10:00 PM
flexible time"
4305,Oakland -> Sunnyvale $30 leaving 9AM
4306,#ride09052024 Need a ride from Oakland to Berkeley. Budget $20
4307,RIDE!! Sunnyvale to Sac 1PM $25 😊
4308,#ride06252024 from aOkland to San Jose $35 leaving 3PM
4309,#ride10132024 Sacramento to Oakland | 7PM | 40 dollars | 1 seat
4310,#drive01172024 DRIVE!! Oakland to Fremont 8:50 PM $18 pls
4311,#ride12182025 San Francisco-Fremont | 7:15 AM | $35 | 1 seat
4312,#ride05252024  RIDE!!  San  Jose  to  Sacramento  8:40  PM  $25-35
4313,#ride10032024 San Francisco-Sacramento $18-28 leaving 11AM
4314,#drive10162025 #drive10172025 Oakland to San Jose $30-38 leaving 8PM !!
4315,#drive01132024  Need  a  drive  Davis-Oakland.  Budget  thx
4316,#drive09212025  DRIVE!!  Sacramento-Davis  8:15  AM  $15
4317,#drive01132025 DRIVE!! from Berkeley to Sunnyvale 12:45 PM $40
4318,DRIVE!! Fremont ➜ Sa nJose 5:40 PM 40 dollars comment below
4319,#drive08282024 Sacramento to San Jose | 4:45 PM | $18-26 | 1 seat
4320,#drive05212024 DRIVE!! Fremont -> Palo Alto 1PM $35
4321,"#ride08132024 RIDE!! Berkeley to San Francisco 4PM $40-48 !!
pm me"
4322,#drive01212024 Fremont to Sunnyvale $25 leaving 8PM
4323,#drive05172025 DRIVE!! Palo Alto ➜ Oakland 11AM $10
4324,#drive03102024 Need a drive Oakland-SF. Budget $30-35
4325,#ride10072025 San Francisco to San Jose $12 leaving 1:10 PM
4326,#ride10252025 RIDE!! from San Francisco to Davis 10AM $30-40 🚗
4327,#ride02242024 RIDE!! Sacramento to Berkeley 6:30 AM $18-26
4328,#ride07212025 Oakland -> Berkeley | 12:30 PM | 10 dollars | 1 seat !!
4329,#drive08132025 Sacramento -> Fremont $10 leaving 1:50 PM
4330,#drive01252025  Need  a  drive  from  Davis  to  Palo  Alt.o  Budget  $22  thx
4331,#drive01242024 Sacramento -> SF $10 leaving 6PM
4332,#ride01082025 RIDE!! San Jose ➜ Sacramento 6:40 PM $35 comment below
4333,#drive01082024 Sunnyvale ➜ Oakland | 3:20 PM | $12 | 1 seat
4334,#ride02282024  San  Jose  to  Fremont  $35  leaving  9PM
4335,#drive02092024 DRIVE!! San Francisco-Berkeley 10:20 PM $35
4336,#drive12312025  DRIVE!!  San  Jose  to  Berkeley  4PM  $30
4337,#ride11172024 Need a ride Sunnyvale-San Francisco. Budget $15
4338,#drive08302025 Need a drive Sacramento-Berkeley. Budget $15
4339,"#ride04122025 from San Jose to Sunnyvale | 12PM | $10 | 1 seat 🚗
comment below"
4340,#drive02162025 DRIVE!! Palo Alto to Davis 6:40 PM $15-25
4341,#ride11102024 from Berkeley to San Francisco $15-23 leaving 5:50 PM pls
4342,#ride08142025  Davis  ->  San  Jose  |  11AM  |  $30  |  1  seat
4343,#drive09102024 Need a drive Sacramento ➜ Palo Alto. Budget $22 !!
4344,#drive03302025  Berkeley  ➜  SJ  |  1:20  PM  |  $18  |  1  seat
4345,#ride10222025  from  SanJ  ose  to  Palo  Alto  |  6:10  AM  |  $12-22  |  1  seat
4346,"#drive02102025  Oakland  to  Sacramento  |  7:40  AM  |    |  1  seat
comment  below"
4347,#drive07182024 from San Jose to Sunnyvale $12 leaving 4PM
4348,"#drive09102025 DRIVE!! Berkeley -> San Jose 6AM $25
flexible time"
4349,#drive12262025 Sacramento ➜ Sunnyvale | 12:20 PM | $30 | 1 seat
4350,"#drive05152024 Fremont to San Francisco $40 leaving 7AM
comment below"
4351,#ride11292024 Sacramento to Berkeley | 6:10 AM | $30-40 | 1 seat
4352,"#drive06272024 from Davis to Palo Alto | 10AM | $20 | 1 seat thx
pm me"
4353,#ride12012025 Oakland ➜ Sunnyvale | 5PM |  | 1s eat
4354,#drive09192024  Nede  a  drive  San  Jose-Palo  Alto.  Budget
4355,#ride10102025 Need a ride Fremont to Sunnyvale. Budget $20
4356,#drive12032025 Davis -> Sunnyvale $10 leaving 9PM
4357,#ride10192025 San Jose ➜ Palo Alto $12 elaving 2:45 PM
4358,#drive04302024  Need  a  drive  Sunnyvale  to  SJ.  Budget  $22
4359,#drive02112025 Sacramento to Berkeley | 6PM | $35 | 1 seat
4360,#drive01032025 DRIVE!! San Francisco -> Davis 9PM $40
4361,#drive09162024 DRIVE!! Davis -> Berkeley 10:50 PM
4362,#drive03232024 SJ -> Davis | 5:15 PM | $22-32 | 1 seat !!
4363,#ride04032024 Berkeley ➜ Palo Alto | 5PM | $35-43 | 1 seat 🚗
4364,"#drive07152024 San Francisco ➜ Palo Alto $12-22 leaving 5:45 PM
pm me"
4365,#ride01262024 Oakland to Davis | 8AM | $10 | 1 seat
4366,#drive05082025  Sacramento-Sunnyvale  $20  leaving  9PM  thx
4367,#drive01042024 Berkeley-Fremont | 8:50 AM | $15 | 1 seat
4368,San  Francisco-Sacramento  |  9:00  PM  |  $12  |  1  seat
4369,#drive01012024 from Fremont to San Francisco leaving 4:40 PM comment below
4370,#ride11042024 Need a ride Berkeley -> Sacramento. Budget $30-04
4371,#ride07042025 #ride07052025 Need a ride Sunnyvale to Sacramento. Budget $10 😊
4372,#ride11302025  #ride12032025 RIDE!! Berkeley ➜ Oakland 12:00 PM $15 🚗
4373,#ride08122025 #ride08192025 RIDE!! from Oakland to Fremont 7:45 AM $12
4374,#ride10032024  RIDE!!  Oakland-Fremont  11AM  $20  !!
4375,Need a ride from Palo Alto to Sunnyvale. Budget $12 !!
4376,#ride02252025 RIDE!! from Fremont to Davis 9PM $35
4377,#drive04232025  Sunnyvale  ->  Fremont  |  9:30  PM  |  $10  |  1  seat
4378,#ride05172024  RIDE!!  San  Jose  ->  Sunnyvale  4:15  PM  $22
4379,#ride10172025 from Sunnyvale to Berkeley $30 leaving 12:15 PM
4380,#ride11062024 from Oakland to Sunnyvale | 9AM | $18 | 1 seat
4381,#drive03022025 DRIVE!! Sacramento-Berkeley 2PM $18-23
4382,#ride09082024 Need a ride Berkeley -> Sunnyvale. Budget $40
4383,#drive05052024 Davis ➜ Sacramento | 12PM |  | 1 seat
4384,#drive11012025 Need a drive Oakland to San Francisco. Budget $15-23
4385,#drive05292025 Oakland to Sunnyvale | 1PM | $30 | 1 seat !!
4386,#drive11092024 DRIVE!! Oakland-San Jose 7PM $25
4387,from  SF  to  Sacramento  $10  leaving  4:45  PM
4388,#drive11042025 #drive11072025 San Jose -> Sacramento | 7PM | $22 | 1 seat
4389,#ride05302025  from  Oakland  to  Sunnyvale  |  10AM  |  $10  |  1  seat  !!
4390,#drive10012024  San  Francisco  ➜  Fremont  $25  leaving  12PM
4391,#drive02112025  from  San  Jose  to  Sunnyvale  $10  leaving  8AM
4392,#ride08122024  Sunnyvale  ->  Oakland  $10  leaving  1:00  PM  anyone?
4393,#drive06202025 from Sunnyvale to Davis 10 dollars leaving 7AM 😊
4394,#drive06072024 DRIVE!! from Palo Alto to Sunnyvale 9AM $15
4395,"#ride01062024 Need a ride SJ-San Jose. Budget $12
flexible time"
4396,#drive07302025  #drive08022025 Need a drive Berkeley to San oJse. Budget $10-15
4397,"#drive12282024 DRIVE!! Davis ➜ Oakland 3:40 PM $25 !!
flexible time"
4398,#drive12202025 Need a drive Palo Alto -> Sacramento. Budget
4399,DRIVE!! Sacramento -> Fremont 10:20 AM $18
4400,#drive05242025 DRIVE!! Davis -> Fremont 7AM
4401,#drive09252024 Need a drive from San Francisco to Sunnyvale. Budget 40 dollars
4402,#drive05292024 #drive05302024 from Oakland to San Francisco | 10:10 PM | $15-25 | 1 seat
4403,#drive01242025 DRIVE!! Davis-Sacramento 9AM $15 🚗
4404,#ride07052025 San Jose to Sacramento $18 leaving 9PM
4405,#drive05282025 from Berkeley to Sunnyvale 25 dollars leaving 2:20 PM 😊
4406,#drive12182024 San Francisco ➜ Sacramento | 7:00 AM | $25 | 1 seat !!
4407,#drive02162025 Oakland ➜ Berkeley | 8PM | $15 | 1 seat 😊
4408,#drive04042024 #drive04112024 from San Jose to Davis | 3PM | 25 dollars |1 seat
4409,#ride09282025  Sacramento  to  Davis  10  dollars  leaving  8PM
4410,#ride02232024 San Jose-Fremont $20-30 leaving 4:15 PM 😊
4411,#drive04032024    #drive04062024  San  Jose-SJ  |  6:00  PM  |  $20  |  1  seat
4412,"#ride12182024 Need a ride from Sunnyvale to Sacramento. Budget 40 dollars
anyone?"
4413,#ride03072025 Oakland ➜ Sacramento $35-40 leaving 6:30 AM
4414,#drive01132024 Need a drive Berkeley -> Sacramento. Budget $15 thx
4415,#ride08202024 from Sunnyvale to San Jose | 2PM | $12 | 1 seat
4416,"#drive02042024  DRIVE!!  San  Jose  ➜  Sacramento  9:30  AM  $10  pls
anyone?"
4417,#ride08292025 RIDE!! from Sacramento to Berkeley 4PM $15
4418,#drive05182024 Need a drive from Fremont to Sacramento. Budget $10
4419,#drive05022025 Need a drive Fremont ➜ Palo Alto. Budget $18-23
4420,#ride06242024 San Francisco to San Jose $35-40 leaving 7:45 AM thx
4421,#drive07262025 Fremont-Oakland | 5:45 PM | $15 | 1 seat 😊
4422,#ride02042024 RIDE!! Oakland ➜ Fremont 10AM $12
4423,#ride08162024  Oakland  to  Palo  Alto  $15  leaving  8PM
4424,#ride01292024 RIDE!! Oakland -> San Jose 7:10 PM $40 😊
4425,#ride02012024 RIDE!! San Francisco -> Berkeley 4:20 PM $18
4426,#drive01292024 Need a drive Palo Alto -> San Francisco. Budget 10 dollars
4427,#ride04082024  Palo  Alto  ➜  Sacramento  |  1PM  |  $15  |  1  seat
4428,#drive10022024 #drive10092024 Need a drive Sacramento to Fremont. Budget $22 pls
4429,#drive11152025  DRIVE!!  Oaklan-dSac  3PM  $12-17
4430,#ride07122024 from San Jose to Sacramento | 8:50 PM | $30 | 1 seat
4431,#drive06132025 Palo Alto ➜ Sunnyvale | 10PM | $22 | 1 seat
4432,#ride05102024 RIDE!! Davis ➜ Palo Alto 9PM $35
4433,#drive04022025 DRIVE!! from Oakland to Sac 11AM $40 thx
4434,#drive01302024  #drive02012024  DRIVE!!  Berkeley-Sunnyvale  4:45  PM
4435,#ride10282025 RIDE!! San Francisco ➜ Sacramento 2:15 PM $20-28
4436,#ride03102025 RIDE!! from Oakland to Fremont 3PM $30-38
4437,"#ride09032024 Sunnyvale -> Berkeley $12 leaving 4:20 PM thx
anyone?"
4438,#drive12032024 Need a drive Oakland ➜ Palo Alto. Budget $30
4439,#ride09042024 Need a ride Berkeley-San Jose. Budget $15
4440,"#ride05052025  RIDE!!  Oakland-Sacramento  8:50  AM  22  dollars
flexible  time"
4441,#drive09012025  DRIVE!!  from  Fremont  to  Berkeley  5PM  $12  😊
4442,#ride06292025 Need a ride San Jose to Oakland. Budget pls
4443,#driv1e1112024 #drive11122024 DRIVE!! Sacramento -> Sunnyvale 8AM $40
4444,#drive04092025 Need a drive Palo Alto ➜ Berkeley. Budget $20 !! pm me
4445,#drive12252024 Sunnyvale to San Francisco $30 leaving 6PM flexible time
4446,#drive04242025 DRIVE!! San Jose-Fremont 7PM $30 😊
4447,#ride08282024 San Jose-San Francisco | 10PM | $20 | 1 seat thx comment below
4448,#ride12142025 SJ to Oakland | 1PM | $25 | 1 seat
4449,#ride04022024 RIDE!! from San Francisco to San Jose 4PM $35-43
4450,#drive03212025 from Sunnyvale to Davis $18-23 leaving 11:30 AM
4451,#ride03152025 RIDE!! Palo Alto to Davis 3PM $40-45 😊
4452,#ride09192024 San Jose to Oakland $18-28 leaving 12:30 PM
4453,"#ride01152025  Davis  to  Palo  Alto  $12  leaving  5:40  PM
pm  me"
4454,"#drive06302025 #drive07072025 Sacramento-Oakland $15 leaving 3:15 PM
pm me"
4455,Need a drive Sunnyvale-San Francisco. Budget $40
4456,#drive09032024 San Francisco -> Berkeley $12 leaving 1:30 PM
4457,#ride08162025  San  Francisco  to  Davis  |  1:00  PM  |  20  dollars  |  1  seat
4458,"#drive02272024 Sunnyvale ➜ Palo Alto | 6AM | $35 | 1 seat
flexible time"
4459,#drive07102024 San Francisco to San Jose | 9:50 PM | $20 | 1 seat
4460,#drive11032024 DRIVE!! San Francisco-Davis 1:15 PM
4461,#drive12022025 Need a drive Palo Alto to San Francisco. Budget $22
4462,#drive05262024  DRIVE!!  from  Oakland  to  Palo  Alto  7AM
4463,"#ride11012024 from Sacramento to San Jose | 7:30 PM | $40 | 1 seat 😊
pm me"
4464,#ride11082024 Fremont ➜ Davis | 6PM | $15 | 1 seat
4465,#ride03302025  Palo  Alto  to  Sunnyvale  |  12PM  |    |  1  seat  😊
4466,#drive09072025 Need a drive Fremont-Sacramento. Budget 20 dollars
4467,#ride01182024 Need a ride Fremont -> Oakland. Budget pls
4468,#drive09242025  DRIVE!!  Berkeley  to  San  Jose  8:45  AM  $22
4469,#ride08202024 from Berkeley to Sunnyvale $30 leaving 2PM
4470,DRIVE!! Davis to Fremont 9:45 AM $10
4471,#drive03142024 DRIVE!! Fremont -> San Francisco 9PM
4472,#drive03262024 DRIVE!! Davis-Sunnyvale 1:50 PM $35
4473,#ride04242024 from Davis to Oakland  leaving 9:30 PM
4474,#drive12132025 Sacramento -> San Jose | 4PM | $12 | 1 seat !!
4475,#ride10112025 Need a ride Fremont -> Palo Alto. Budget $25
4476,#drive09242025 from Oakland to Davis | 3:15 PM | $12 | 1 seat
4477,#ride08032025 from Sunnyvale to Sacramento $30 leaving 6:20 AM
4478,#ride08072024 RIDE!! from Sunnyvale to San Francisco 6:15 PM $12 😊
4479,#drive11202025 Davis -> San Jose | 10AM | $25 | 1 seat !!
4480,#drive01182024 Berkeley to San Jose | 4PM |  | 1 seat
4481,#ride08272024 Davis to Sunnyvale | 7:30 PM | $12-20 | 1 seat
4482,"#drive05092025 DRIVE!! Sunnyvale ➜ Davis 8:10 AM $25 pls
comment below"
4483,"#ride03122025 RIDE!! Sunnyvale ➜ Sacramento 6:40 AM $10 🚗
anyone?"
4484,#ride10092025 Need a ride San Francisco to Oakland. Budget $22
4485,#drive11042024  Fremont  to  Davis  40  dollars  leaving  7AM
4486,#drive10212024 DRIVE!! from Sunnyvale to Fremont 10:30 PM $18
4487,#ride10032025 from Davis to Berkeley $15 leaving 7:10 PM
4488,#ride10042025 from Berkeley to Sacramento | 6AM | $35-45 | 1 seat pls
4489,#drive01122025 DRIVE!! Sacramento to Davis 7AM $40-45
4490,#ride04152025 from Davis to San Francisco | 2:15 PM | $30 | 1 seat
4491,#drive07162025 DRIVE!! Berkeley to Oakland 3PM $15
4492,#drive08162025 Oakland ➜ San Jose | 9PM | $12 | 1 seat
4493,#ride05272025 #ride05292025 Sunnyvale -> San Francisco | 11AM | | 1 seat !!
4494,"#drive02162025 DRIVE!! Oakland -> Sunnyvale 1:45 PM $18
pm me"
4495,"#drive01092025  #drive01162025 DRIVE!! from San Jose to Fremont 7:00 AM $10
anyone?"
4496,#ride07082024 #ride07102024 RIDE!! Oakland-SJ 8AM $30 !!
4497,#drive10062024 Need a drive from Sunnyvale to San Francisco. Budget $15
4498,#drive04142024 Palo Alto ➜ Sacramento | 3PM | $30 | 1 seat
4499,#drive12062025  Palo  Alto-Berkeley  |  8:15  AM  |    |  1  seat
4500,#ride05052025 Need a ride from Fremont to San Jose. Budget $15-23
4501,Davis to Oakland $15 leaving 9:45 PM
4502,#ride11282024 RIDE!! Fremont to San Francisco 6:30 PM $15 pls
4503,#ride10102025 #ride10122025 San Jose-Fremont | 12:10 PM | $22 | 1 seat
4504,#ride12272025 Need a ride Fremont-Sunnyvale. Budget $22 🚗
4505,#drive11172025 from San Francisco to Palo Alto | 2PM | $25 | 1 seat
4506,#drive07212024 from Fremont to Oakland | 9PM | $12 | 1 seat
4507,#drive12292024 Need a drive from San Jose to Fremont. Budget
4508,#drive12192025  DRIVE!!  Sunnyvale  ➜  San  Jose  10:40  AM  35  dollars
4509,#drive11222025 Berkeley -> Sunnyvale $18 leaving 6:20 AM
4510,#drive07012024 from Berkeley to Oakland | 3PM | $30-38 | 1 seat
4511,San Francisco to Oakland $25 levaing 4PM pls
4512,San Jose-Sunnyvale | 7AM | $22 | 1 seat thx
4513,#ride06042024 Sacramento-Davis  leaving 7:10 PM pls
4514,"#drive05232024 DRIVE!! San Jose -> Oakland 2:00 PM $20 thx
pm me"
4515,#ride07212025 Sacramento to San Francisco $15 leaving 2PM !!
4516,"#ride12032025 Need a ride Fremont to Sacramento. Budget $25
anyone?"
4517,#drive02122024 #drive02142024 Need a drive Sunnyvale -> Sac. Budget $12-22 thx
4518,#drive03182024  Palo  Alto  ->  Sacramento  |  2:10  PM  |  $12  |  1  seat
4519,"#ride02142025 Need a ride from Sunnyvale to Palo Alto. Budget $22
pm me"
4520,#drive09012024 Sunnyvale -> San Francisco | 8AM | $35-40 | 1 seat
4521,#drive08022025 Sunnyvale-Fremont | 8PM | $35 | 1 seat !!
4522,#ride12262025 Need a ride from Sunnyvale to Berkeley. Budget $40-50
4523,#ride09052024 Need a ride San Jose -> Palo Alto. Budget $35 !!
4524,#ride01012024 Palo Alto -> San Jose | 10AM | $35 | 1 seat
4525,#ride08012024 Sacramento to San Francisco | 7PM | 12 dollars | 1 seat pls
4526,#drvie03102025  Palo  Alto  to  San  Francisco  |  5:10  PM  |  $10  |  1  seat
4527,#drive08262025 Need a drive Davis -> Sacramento. Budget $15 😊
4528,#drive02012025 Need a drive San Jose to San Francisco. Budget
4529,#drive08212025 San Jose -> San Frnacisco | 7:15 PM | $15-20 | 1 seat
4530,#drive04152024  Berkeley  ➜  Fremont  $22  leaving  1PM
4531,#drive09242025 San Francisco -> Oakland $10-15 leaving 7:30 PM
4532,#ride08182025 Need a ride Fremont -> Davis. Budget $10
4533,#ride10142024 RIDE!! Berkeley -> Palo Alto 8:10 AM $35 😊
4534,#ride12292025  Need  a  ride  Palo  Alto  ➜  San  Jose.  Budget  30  dollars
4535,#ride02082024 Davis -> Palo Alto $12 leaving 9PM !!
4536,#drive11302025 Palo Alto -> Fremont $25 levaing 1PM 😊
4537,#ride11132025 Need a ride Oakland -> Palo Alto. Budget $35 thx
4538,#drive09262024  Need  a  drive  Sacramento  ->  Fremont.  Budget  $15
4539,#ride05042025 #ride05112025 RIDE!! Palo Alto -> San Jose 4PM $22-30 thx
4540,#ride09072025 Fremont to Sunnyvale  leaving 4PM thx
4541,#ride12132024  Sunnyvale  to  Palo  Alto  $10  leaving  9:20  PM  🚗
4542,#ride07232024 from San Jose to Sacramento  leaving 6:20 PM
4543,#ride04262025 Need a ride Sunnyvale -> Palo Alto. Budget 10 dollars
4544,#ride07042024 Sunnyvale -> Sac $30 leaving 9:30 AM
4545,#ride09202025 Need a ride from Palo Alto to Sunnyvale. Budget $20
4546,#ride03012025 Palo Alto to San Jose $15 leaving 7:45 PM
4547,#drive07312024 DRIVE!! from Palo Alto to San Francisco 3PM $15
4548,#ride10152025 San Jose-Davis  leaving 8PM
4549,#ride04082025 Palo Alto-Davis $35 leaving 2:40 PM
4550,#ride06132024 Berkeley to Sacramento | 5PM | $25-30 | 1 seat
4551,#drive08082025 SF-Fremont | 4:20 PM | $10-20 | 1 seat
4552,#drive04142025 Need a driev from Berkeley to Sacramento. Budget
4553,#drive08182024 from Davis to Palo Alto  leaving 4:20 PM pls
4554,#drive11112024 Davis ➜ Oakland | 2:30 PM | $20 | 1 seat 😊
4555,Davis to JS | 12PM |  | 1 seat
4556,"#ride05172024 Davis-San Francisco $15 leaving 7PM
comment below"
4557,#drive04292024 DRIVE!! Oakland ➜ Fremont 6:45 AM 10 dollars
4558,#drive10142024 #drive10152024 Berkeley -> Oakland $25 leaving 10PM pls
4559,#drive02252025  #drive02282025  DRIVE!!  Palo  Alto-Sacramento  8:40  AM  $35
4560,#drive05082024 Need a drive San Francisco -> Oakland. Budget $20-25
4561,#drive11022025 #drive11042025 Berkeley to Sacramento | 7PM | $12 | 1 seat
4562,#ride01192024 Fremont to Sac | 12:40 PM | $40 | 1 seat !!
4563,#drive02102024  Davis-San  Francisco  $22-27  leaving  6:40  AM
4564,#ride08252025 RIDE!! San Jose-Berkeley 7:50 PM $25-35 🚗
4565,#drive06022025    #drive06052025  SJ-Berkeley  22  dollars  leaving  8AM
4566,#ride07232024 RIDE!! from Fremont to Palo Alto 7:40 PM $30
4567,#ride01212025 Need a ride Berkeley-San Francisco. Budget $35
4568,#ride12212024 RIDE!! from San Francisco to Berkeley 9AM $40 flexible time
4569,#drive03282025 DRIVE!! Berkeley-Fremont 9AM $35
4570,#ride01292025 Davis ➜ Fremont | 3PM | $30 | 1 seat
4571,#drive05112025 Davis ➜ Oakland | 10PM | $10 | 1 seat thx
4572,#drive10192025 #drive10202025 San Francisco ➜ Sunnyvale | 3:15 PM | $20 | 1 seat
4573,#drive12262024 Berkeley ➜ Davis $40 leaving 8:40 PM
4574,#ride03262025 RIDE!! Palo Alto-San Jose 1PM $15-20 thx
4575,#ride10162025 Need a ride San Francisco to Davis. Budget $12
4576,Need a drive Davis to Palo Alto. Budget $22 flexibel time
4577,"#drive10272024  from  Davis  to  Berkeley  $20  leaving  2:45  PM
flexible  time"
4578,#ride10152024 Need a ride San Jose -> Berkeley. Budget 20 dollars
4579,#drive04182024 DRIVE!! Sunnyvale-Sacramento 10AM $30-40
4580,#ride02242024 from Oakland to San Jose | 10:10 PM | $22-32 | 1 seat
4581,#ride06112025  RIDE!!  Fremont  ➜  Oakland  2:15  PM  $35
4582,#drive03302024 Need a drive San Jose-Sacramento. Budget $15
4583,"#drive12072025 DRIVE!! Sunnyvale-Oakland 1:40 PM $18
pm me"
4584,"#drive11252025 Fremont ➜ Oakland | 3PM | 35 dollars | 1 seat
comment below"
4585,#drive03142024 San Jose ➜ Davis | 5PM | $40 | 1 seat
4586,#ride06012024 San Francisco ➜ Fremont | 12:10 PM | $22 | 1 seat
4587,#ride07082024 Need a ride Sacramento to Sunnyvale. Budget $18
4588,#drive08192025 Need a drive Sunnyvale ➜ Berkeley. Budget $20
4589,#ride05042024 Need a ride from Sacramento to Davis. Budget $18
4590,#drive12262025 Need a drive San Francisco ➜ Sunnyvale. Budget !!
4591,#drive05242024 San Francisco ➜ Sunnyvale $10-18 leaving 6PM
4592,#drive10142024 Need a drive Davis-Palo Alto. Budget 15 dollars
4593,#drive05082025 Davis ➜ Sacramento | 9PM | $25 | 1 seat
4594,#drive04252025 Sunnyvale to Davis  leaving 9AM
4595,#ride01192024 Sunnyvale to Palo Alto | 10AM | 20 dollars | 1 seat
4596,#ride05162025 from Oakland to Davis  leaving 12:15 PM pls
4597,#ride11122025 San Jose-Fremont $40 leaving 12PM
4598,#ride10222025 Davis to Fremont $22-30 leaving 3:15 PM 😊
4599,#drive12032025  #drive12042025  Palo  Alto-San  Jose  $18  leaving  6AM
4600,#drive11022024 Sacramento -> Davis | 9:10 PM | $35 | 1 seat
4601,#drive12172024  Need  a  drive  Davi  s->  San  Francisco.  Budget  $35-43  😊
4602,#ride11262024 RIDE!! San Francisco ➜ Oakland 8AM $12
4603,#ride05122025 #ride05142025 Berkeley -> San Jose $30-35 leaving 11AM
4604,#drive10052024  San  Jose-Palo  Alto  $10  leaving  3PM
4605,"#ride09032024  Need  a  ride  San  Jose  ➜  Fremont.  Budget  $18
anyone?"
4606,#ride10112025 Davis-Fremont | 5PM | $12-22 | 1 seat
4607,#ride04152024  Berkeley-Oakland  leaving  5:15  PM  thx
4608,#drive06242024  Need  a  drive  from  San  Francisco  to  Palo  Alto.  Budget  $10
4609,#drive11262024 Need a drive Berkeley-Davis. Budget $30
4610,#drive06132025 DRIVE!! Berkeley ➜ Fremont 2PM $10
4611,#drive03022024  Sacramento  to  Palo  Alto  10  dollars  leaving  7:10  AM
4612,"#drive09152024 Need a drive Davis-Oakland. Budget pls
anyone?"
4613,#ride05192024 Need a ride Sacramento ➜ Fremont. Budget $20
4614,#drive06032025 Berkeley ➜ San Jose | 9PM | $30 | 1 seat
4615,#ride01252025 Need a ride Sunnyvale ➜ Sacramento. Budget 10 dollars
4616,"#drive08072025 DRIVE!! Fremont to Palo Alto 11AM
pm me"
4617,#drive04232025 DRIVE!! from Sac to Berkeley 7:10 PM $18 pls
4618,#drive01072025 Need a drive Oakland-Berkeley. Budget $30
4619,#drive08192024 from Fremont to San Jose $35 leaving 10PM thx
4620,#drive10162025  Need  a  drive  Davis-Sunnyvale.  Budget  $22-27
4621,"#drive07162025 Oakland -> Sacramento | 7AM | 20 dollars | 1 seat
anyone?"
4622,#drive05022024 San Francisco-Berkeley | 9PM | $12 | 1 seat
4623,#drive01222025 Need a drive San Francisco -> San Jose. Budget $10
4624,#ride03032024 Sunnyvale-Palo Alto | 11:45 AM | $30 | 1 seat !!
4625,#drive02282025 DRIVE!! Palo Alto to San Jose 4PM $30
4626,#ride09032025 #ride09042025 Palo Alto-Sac $35 leaving 3:50 PM 😊
4627,#drive11182025 DRIVE!! from San Jose to Oakland 7AM
4628,#drive07142025 Sacramento -> Palo Alto $30-40 leaving 10:10 AM
4629,#ride06012025 RIDE!! from Sunnyvale to Sacramento 12PM
4630,#ride07032025  #ride07042025  Nee  da  ride  Palo  Alto  ->  San  Jose.  Budget  $18-28  thx
4631,#drive12192024  Need  a  drive  from  Sunnyvale  to  Palo  Alto.  Budget  $15-23  🚗
4632,#ride12112024 Fremont -> Palo Alto | 8AM | $20 | 1 seat
4633,#drive02142024 Fremont to Sacramento | 11AM | $35 | 1 seat
4634,#ride12172025 Oakland to Palo Alto $20-30 leaving 11:40 AM
4635,#ride04012025  Sunnyvale  to  Fremont  |  11AM  |  $25-30  |  1  seat  😊
4636,#ride03252025 Sacramento to Sunnyvale $12-17 leaving 12:00 PM 🚗
4637,#ride06102025 RIDE!! from San Jose to Sacramento 9AM $22
4638,#ride01132025 from Fremont to SF  leaving 7:40 PM pls
4639,#drive12302025 DRIVE!! from Oakland to Palo Alto 6AM $35
4640,#drive12272024 from Sacramento to Davis $35 laeving 7PM
4641,#ride10172024 Need a ride SJ -> Oakland. Budget1 0 dollars
4642,#drive04192024 Sunnyvale-Sacramento | 10:10 AM |  | 1 seat
4643,#ride12142024 RIDE!! from Sunnyvale to San Jose 9:10 AM $30-35
4644,Need a drive Palo Alto-San Jose.B udget 30 dollars
4645,#drive11112025 Sunnyvale ➜ Sacramento | 4:10 PM | $18-28 | 1 seat
4646,#drive08312024 Berkeley-Oakland | 8PM | $18 | 1 seat
4647,Davis ➜ Fremont $20 leaving 10:15 PM
4648,#ride06132024 Oakland to Berkeley $22-30 leaving 9:10 AM !!
4649,#drive05042024 Need a drive Palo Alto to Fremont. Budget 30 dollars
4650,#ride08222024 from Sunnyvale to Palo Alto $10 leaving 8PM
4651,#drive06262024 DRIVE!! from San Francisco to Palo Alto 7:10 AM $40 !!
4652,#drive30242025 DRIVE!! San Francisco to Fremont 1:50 PM $35 🚗
4653,#ride11270224 Oakland -> Sunnyvale | 6AM | $30 | 1 seat
4654,#ride03312024 Fremont to Sunnyvale $25 leaving 2PM
4655,#drive08082025  DRIVE!!  Berkeley-Oakland  12PM  10  dollars  thx
4656,#drive11142024 Oakland-Berkeley $35-45 leaving 6:10 AM
4657,#ride07192024 from Sunnyvale to San Francisco  leaving 10PM
4658,#ride10172024 Sacramento -> Sunnyvale $22 leaving 2:20 PM
4659,#ride12072024 RIDE!! San Francisco-Sacramento 11:20 AM $40-45
4660,#drive04212024 San Francisco -> Oakland 35 dollars leaving 7PM
4661,"#drive10132024 DRIVE!! Palo Alto-San Francisco 9PM 😊
flexible time"
4662,#drive11202025 Sunnyvale-Berkeley | 11AM | 2$2-27 | 1 seat
4663,"#ride06292025 Need a ride from Fremont to Berkeley. Budget $10
flexible time"
4664,#ride07072024  RIDE!!  SJ  ➜  Sunnyvale  10:45  AM
4665,#ride05022025 from Sacramento to San Francisco | 10:30 AM | $35-40 | 1 seat
4666,Need a drive Palo Alto to Berkeley. Budget $18
4667,#drive01032025 DRIVE!! Berkeley to Sunnyvale 10:10 PM $18
4668,#drive04082025 Fremont-Palo Alto  leaving 10:50 AM
4669,#drive07192025 Need a drive from Fremont to Sacramento. Budget $30
4670,#drive05202025 San Francisco ➜ Berkeley | 3PM | $40 | 1 seat
4671,#ried12042025 Oakland-Sacramento $12-22 leaving 6PM
4672,#drive09222025 Need a drive SF to Berkeley. Budget $18
4673,#drive04212025 Sunnyvale ➜ Oakland | 6:00 PM | $40 | 1 seat
4674,#drive08222025 Berkeley ➜ Davis | 7:20 PM | $10 | 1 seat
4675,#drive11122025 #drive11192025 San Francisco-Davis | 6:20 PM |  | 1 seat 😊
4676,Davis to San Jose | 10PM | $35 | 1 seat
4677,#drive12112024 Need a drive from Palo Alto to Sunnyvale. Budget $25-33
4678,#ride09212025  Sunnyvale  to  aScramento  |  10:50  AM  |  $12  |  1  seat  🚗
4679,#drive11112025 Need a drive Davis-Sunnyvale. Budget 20 dollars
4680,#ride12162024  #ride12232024  Oakland-Berkeley  $12  leaving  9:10  AM  🚗
4681,#drive11072024 #drive11092024 Need a drive from SJ to San Francisco. Budget
4682,#drive05092024 Davis to Berkeley | 9:00 PM | $22 | 1 seat 🚗
4683,#drive05182025 DRIVE!! from Oakland to San Jose 8PM $22-27
4684,#ride05252025 Need a ride from Berkeley to San Francisco. Budget $15
4685,#driev11112025 Sac -> Oakland | 1:30 PM | $20-30 | 1 seat
4686,#drive07282025 Need a drive Palo Alto -> Fremont. Budget $35 !!
4687,#ride01282025 San Jose to Davis $35 leaving 1PM
4688,from San Jose to San Francisco  leaving 7:50 AM
4689,#drive05292025 from Berkeley to Davis | 7PM | $12 | 1 seat
4690,"#drive04082024  Need  a  drive  Sunnyvale  to  Oakland.  Budget  $18-23
flexible  time"
4691,#drive03282024 DRIVE!! from Fremont to Sacramento 10PM $20-25
4692,#ride02172024  #ride02192024  RIDE!!  San  Jose  ->  Sunnyvale  11:30  AM  $30  😊
4693,"#drive06132025 #drive06152025 Berkeley-Oakland $30 leaving 3PM thx
flexible time"
4694,#drive11182025 DRIVE!! Sunnyvale ➜ Davis 9AM $15
4695,#drive08052025 DRIVE!! Davis to San Jose 8PM $10
4696,#drive05152025 DRIVE!! Sunnyvale -> Davis 10PM $30
4697,#ride07225024 Sacramento-Oakland | 6:15 PM |  | 1 seat
4698,#ride07282025 Need a ride Oakland ➜ San Francisco. Budget $25
4699,#drive12222025 #drive12252025 DRIVE!! Davis-Berkeley 7:20 AM $12-22
4700,#drive09102025  Davis  to  Berkeley  $15-20  leaving  6PM
4701,#ride06112025 Berkeley -> San Francisco $15 leaving 10:20 AM
4702,#ride11262024 Davis ➜ Fremont | 11:30 AM | $18 | 1 seat thx
4703,#ride07122024  RIDE!!  SJ  to  Palo  Alto  7:10  AM  $18-26
4704,#drive07232025 San Jose to San Francisco | 9PM | $10 | 1 seat
4705,#drive08272024  Need  a  drive  Davis-Sunnyvale.  Budget
4706,"#drive08252025 Palo Alto-Berkeley $20 leaving 9:45 AM thx
flexible time"
4707,Need a drive Oakland -> San Jose. Budget
4708,San Francisco-Palo Alto | 12:45 PM |  | 1 seat
4709,#drive08092024 San Francisco-San Jose $18 leaving 10AM pls
4710,#ride07022024 #ride07032024 Sunnyvale -> San Jose | 8AM | $20-25 | 1 seat 😊
4711,#ride07612025 Berkeley ➜ Sunnyvale $12-22 leaving 6:15 AM 😊
4712,"#ride03132024 from Sacramento to Fremont | 9:10 AM | $15-20 | 1 seat
pm me"
4713,#drive02062024  Fremont  ->  San  Jose  |  3PM  |  $30  |  1  seat
4714,#ride07142025 Fremont ➜ Palo Alto $15 leaving 8PM
4715,"#ride08042025 Fremont-Berkeley | 3PM | $22 | 1 seat pls
comment below"
4716,#drive10202025 San Francisco-Berkeley 20 dollars leaving 10:50 PM
4717,#drive04292025 Palo Alto -> Sunnyvale | 7AM | $25 | 1 seat
4718,#drive04172025  Fremont  ➜  Sunnyvale  |  7PM  |  $30-40  |  1  seat  thx
4719,#drive01172025 Need a drive from Sacramento to Berkeley. Budget $15
4720,#ride02242024 Sunnyvale -> Fremont $25 leaving 3PM
4721,"#ride03082025 Palo Alto -> Davis | 11:15 AM |  | 1 seat
comment below"
4722,#drive07182024  Need  a  drive  SF  to  San  Jose.  Budget  $40  pls
4723,DRIVE!! Palo Alto to Oakland 7P M$20 🚗
4724,#ride09142024R IDE!! Oakland ➜ Davis 6:50 AM pls
4725,#ride10082024 Davis ➜ San Jose $35-40 leaving 6:50 PM
4726,#ride11152025 Fremont -> Sacramento | 10AM |  | 1 seat
4727,#ride04302024 Need a ride from San Jose to Sunnyvale. Budget $20 pls
4728,#ride12202025 Sacramento to SF | 11:40 AM | $35 | 1 seat
4729,#drive02132025 DRIVE!! Berkeley ➜ San Francisco 6:30 PM $30 thx
4730,#drive03032025 Oakland-Fremont $22-32 leaving 2:10 PM
4731,#ride05032025 Need a ride Sacramento ➜ Fremont. Budget
4732,#drive07012025 DRIVE!! Sacramento-Berkeley 1:15 PM $10-20
4733,#drive11122025 #drive11152025 Sunnyvale to Oakland $15 leaving 8:40 AM
4734,#ride07242025 Berkeley-San Francisco | 2:30 PM | $18-28 | 1 seat pls
4735,#drive12232024 from Fremont to Davis $12 leaving 8PM
4736,#drive05212024  DRIVE!!  San  Jose  ->  Berkele  y11:30  AM  $15
4737,#drive12102024 Berkeley to Sacramento | 5:30 PM | $10 | 1 seat
4738,#ride01232025 from Berkeley to Sunnyvale $35-45 leaving 6:40 PM
4739,#drive12262024 Need a drive San Francisco -> Fremont. Budget $12 pls
4740,DRIVE!! Berkeley to San Francisco 11:20 AM $15
4741,#ride05142024  RIDE!!  San  Francisco-Sunnyvale  5:30  PM  $12-17
4742,#drive07122024 San Francisco to Sunnyvale | 9:40 AM | $18 | 1 seat
4743,#ride06082025 Need a ride Fremont -> Sunnyvale. Budget $35
4744,#ride02122024 Need a ride Berkeley to Fremont. Budget $20
4745,#ride07082024 RIDE!! Fremont -> San Jose 10PM $10
4746,#ride04132024  RIDE!!  from  Davis  to  Fremont  10:50  PM  30  dollars
4747,Berkeley ➜ San Francisco  leaving 11AM
4748,#drive06092024 #drive06122024 DRIVE!! from Palo Alto to San Francisco 3:30 PM $25-33
4749,"Sacramento ➜ Davis $25 leaving 4PM
anyone?"
4750,#drive05262025 Need a drive Davis ➜ Palo Alto. Budget $22
4751,#ride04222025 RIDE!! from San Jose to Palo Alto 3:50 PM
4752,#ride04182025 Need a ride Berkeley to San Francisco. Budget
4753,#ride11242024  San  Francisco  ➜  San  Jose  |  1:20  PM  |  $12  |  1  esat
4754,#ride11152024  RIDE!!  Berkeley-Oakland  7:45  PM  $15-20
4755,#drive05062024 Palo Alto-Sacramento | 6PM |  | 1 seat 🚗
4756,#drive08242024  #drive08252024  Need  a  drive  Berkeley-Davis.  Budget  $40
4757,San Jose to Sac | 5:50 PM | $10 | 1 seat
4758,#ride02042024 #ride02052024 Sunnyvale-Fremont leaving 7AM
4759,#ride04252024  #ride04282024  from  SF  to  Sacramento  |  10AM  |  $25  |  1  seat
4760,#drive02092024 DRIVE!! Sac ➜ Sunnyvale 7:20 AM $12
4761,#drive06292025  DRIVE!!  from  Sunnyvale  to  Sacramento  8:30  PM  $18
4762,"#drive07012024 Need a drive from Oakland to Sunnyvale. Budget
flexible time"
4763,Palo Alto ➜ Sunnyvale | 6:50 PM | $12 | 1 seat
4764,#drive09242025 #drive09262025 DRIVE!! Berkeley-Fremont 12PM $40-45 anyone?
4765,#drive01082025 Davis to Fremont$ 18 leaving 8:10 AM
4766,#drive06012024 Davis to Oakland | 7:40 PM | $12 | 1 seat
4767,#drive04062025  Need  a  drive  Fremont-Berkeley.  Budget  $40
4768,#ride01252025 #ride01282025 Need a ride Palo Alto to Sacramento. Budget $25-35 thx
4769,"#ride06262024 Need a ride Sunnyvale-Fremont. Budget $20
flexible time"
4770,San Jose ➜ Sacramento | 6AM | $10 | 1 seat pls
4771,#ride08132024 Palo Alto to Sac | 9PM | $10-15 | 1 seat
4772,#driv1e0142025  Need  a  drive  Palo  Alto-Fremont.  Budget  $30
4773,#drive11172025 Palo Alto-Oakland | 4:20 PM | $12 | 1 seat
4774,"#ride04162024 Berkeley -> Oakland $10 leaving 8:40 AM
comment below"
4775,#ride05232024 Need a ride Fermont-Davis. Budget 15 dollars
4776,#drive01112025 Oakland-Sacramento | 2:00 PM |  | 1 seat
4777,#drive08052025 Sunnyvale-Davis | 8:00 AM | $10 | 1 seat
4778,#ride11152025 RIDE!! Fremont -> SF 4PM $22
4779,"#ride03172025 #ride03202025 Need a ride Sacramento-Palo Alto. Budget $12
anyone?"
4780,#drive10272025  DRIVE!!  Sunnyvale  ->  San  Francisco  6:50  PM  $12
4781,"#ride01222024 Palo Alto -> San Jose $25 leaving 8:15 AM thx
flexible time"
4782,#drive11072024 Davis -> Berkeley | 6:45 AM | $15 | 1 seat
4783,#drive10132025 DRIVE!! San Francisco to Davis 1PM $30-38
4784,"from Palo Alto to Davis | 7:15 PM | $22-30 | 1 seat
flexible time"
4785,#drive02022025 DRIVE!! Sunnyvale-Berkeley 7:40 AM $22 pls
4786,"#drive11112025 Need a drive from Davis to Palo Alto. Budget 20 dollars
flexible time"
4787,#drive06182025 from Sacramento to Davis | 1:50 PM | $18 | 1 seat 🚗
4788,#drive10072024 DRIVE!! Palo Alto ➜ Davis 5PM
4789,"#ride07262025 frmo Oakland to Palo Alto | 10PM | $22 | 1 seat
flexible time"
4790,"#ride04182025 Berkeley-Oakland $10 leaving 10AM
flexible time"
4791,#drive11062024  Need  a  drive  Palo  Alto  ➜  San  Jose.  Budget  !!
4792,#ride07062025  Need  a  ride  Palo  Alto  ➜  San  Francisco.  Budget  30d  ollars
4793,#ride07282025 Fremont-Oakland $30 leaving 9:15 AM
4794,#ride10252024 Berkeley ➜ Palo Alto $15 leaving 4:20 PM
4795,#drive05142025 Berkeley to Fremont | 8:30 AM | $20 | 1 seat
4796,#ride10142025 RIDE!! Palo Alto to SF 7PM
4797,#drive02222025 DRIVE!! from Davis to Berkeley 10AM $12
4798,#ride08252025 Oakland-Fremont | 11AM | $25-35 | 1 seat thx
4799,#drive02262025 Need a drive Berkeley ➜ Fremont. Budget $10
4800,#drvie03262025 San Jose -> Palo Alto $25 leaving 2PM thx
4801,#drive04212025 DRIVE!! Sunnyvale-San Francisco 8:45 AM $35-40
4802,#drive12312024 #drive01022025 DRIVE!! San Francisco ➜ San Jose 3PM 12 dollars
4803,#drive07212024 Fremont ➜ Davis | 9:30 PM | $22 | 1 seat comment below
4804,"#drive08162025 San Francisco -> Palo Alto | 8:40 AM | $15 | 1 seat 🚗
flexible time"
4805,"#ride12242024 SF to Sunnyvale | 5PM |  | 1 seat
flexible time"
4806,Need a drive Sacramento-Fremont. Budget $22 pls
4807,#ride09192025 Palo Alto-Oakland $25 leaving 6:30 AM
4808,#drive06062025 DRIVE!! Davis to San Jose 7PM $15
4809,#ride05132025  #ride05142025  Palo  Alto-Davis  |  10:10  AM  |  $18  |  1  seat  😊
4810,RIDE!! from San Jose to Oakland 8:45 PM $12
4811,#ride05052024  RIDE!!  Palo  Alto-San  Francisco6  :10  PM  $18
4812,#drive07172024 Need a drive from Fremont to Sacramento. Budget $12-20
4813,DRIVE!! Oakland ➜ Berkeley 8PM $30-38
4814,#ride02152025 San Jose -> Berkeley $18 leaving 7:15 PM
4815,#drive1108202  5Sunnyvale  ➜  Palo  Alto  |  11AM  |  $22-32  |  1  seat
4816,#ride08082024  Davis  ➜  Palo  Alto  |  3PM  |  $15  |  1  seat
4817,#ride06082025 Scaramento -> Palo Alto leaving 8:30 AM
4818,#ride11292025 from Sunnyvale to Berkeley | 12:45 PM | 20 dollars | 1 seat
4819,#drive10022024 DRIVE!! Fremont -> Sacramento 6:50 AM
4820,#ride05312024  Need  a  ride  Sacramento  ->  San  Jose.  Budget  $22
4821,#drive12222025 Need a drive from Davis t oSacramento. Budget 15 dollars
4822,#ride06212025 Need a ride Sacramento ➜ Oakland. Budget $35
4823,#ride08242024 Fremont to Sacramento | 4:30 PM | $35 | 1 seat
4824,#drive09232025 from Sacramento to Fremont $12 leaving 6:30 AM
4825,#drive04022025 #drive04042025 DRIVE!! Oakland -> Fremont 7:00 AM
4826,#drive08152024 from San Francisco to Oakland $12 leaving 9AM
4827,#ride09112024 Sunnyvale ➜ Berkeley $12 leaving 1:40 PM
4828,#ride12122025 Berkeley to San Jose | 11:30 AM | $12-20 | 1 seat
4829,"#ride10292024  San  Jose  to  Fremont  |  8:10  AM  |  $25  |  1  seat
comment  below"
4830,#drive04232024 Need a drive Oakland-San Jose. Budget $35
4831,#drive04182024 Need a drive Palo Alto-Sunnyvale. Budget $15
4832,RIDE!! Davis -> Palo Alto 9PM $20 anyone?
4833,#ride10132024 Need a ride Oakland -> Sacramento. Budget $40
4834,#drive08212024 from Oakland to Fremont | 12:10 PM | $15 | 1 seat
4835,#ride07062024 from Fremont to San Francisco | 9:30 AM | $30 | 1 seat thx
4836,DRIVE!! San Francisco -> Sacramento 1:50 PM $30
4837,#ride11142024 Oakland to San Francisco 18 dollars leaving 7:50 AM
4838,#drive05302024 Sacramento to San Francisco $30 leaving 10AM !! flexible time
4839,#ride11042025 Need a ride Davis ➜ Palo Alto. Budget 40 dollars
4840,#ride01182024 Need a ride from Sac to Sacramento. Budget 35 dollars
4841,#drive02082025 DRIVE!! Sunnyvale to Berkeley 10:20 PM $20 pls
4842,#ride08122024  from  Sacramento  to  Oakland  |  10:10  AM  |    |  1  seat  pls
4843,#drive03142025 Need a drive from Sacramento to Oakland. Budget 35 dollars
4844,"#drive05042025 #drive05062025 from Sacramento to San Jose $25 leaving 6AM
anyone?"
4845,#ried02022024  #ride02042024 Oakland ➜ Palo Alto $25-33 leaving 1:10 PM
4846,"#drive06202024 DRIVE!! Davis ➜ San Jose 3PM $18
flexible time"
4847,"#ride10202025 Need a ride Oakland-Berkeley. Budgte $25
flexible time"
4848,#ride07302025 Berkeley ➜ Sacramento $20 leaving 4PM
4849,#ride07172025 Sunnyvale -> Sacramento $40 leaving 10:50 PM
4850,#drive06082024 Sunnyvale -> Palo Alto  leaving 10PM
4851,#drive08162024 DRIVE!! Sunnyvale ➜ Berkeley 6:00 AM $30
4852,#ride06292024F remont -> Sunnyvale $25 leaving 7:30 PM
4853,#ride11162025 from San Jose to Palo Alto | 7AM |  | 1 seat 😊
4854,#drive06212024 Need a drive San Jose ➜ Davis. Budget $25
4855,#drive12302024 DRIVE!! Sacramento -> Berkeley 10:10 PM $20
4856,Berkeley ➜ Oakland | 5PM | $22 | 1 seat 🚗
4857,DRIVE!! Sac ➜ Fremont 9PM
4858,#drive04142025  DRIVE!!  Fremont  ->  San  Francisco  12:30  PM  $10-15
4859,#ride03052025 San Francisco to Sunnyvale $40 leaving 1PM
4860,#ride12232024 Need a ride from San Francisco to Palo Alto. Budget $25
4861,#ride11202025 RIDE!! Sacramento-Fremont 4PM $30
4862,#ride06162025 Need a ride Sunnyvale-San Francisco. Budget
4863,#ride02272025 RIDE!! Sunnvyale to Davis 3:45 PM $25
4864,#ride03042025 RIDE!! from San Jose to Palo Alto 8AM $35
4865,#drive12172025 SF ➜ Palo Alto | 2PM | | 1 seat 😊
4866,Oakland ➜ Palo Alto $15 leaving 7AM
4867,#drive05142024  Berkeley  to  San  Francisco  $22  leaving  11AM
4868,#ride05152024 Davis to Fremont | 2:15 PM | $10 | 1 seat thx
4869,#ride02202025 Palo Alto ➜ Sunnyvale | 9AM |  | 1 seat
4870,#drive01132024 Davis -> Berkeley | 11:30 AM | $10-20 | 1 seat 🚗
4871,#ride10252024  from  Palo  Alto  to  Berkeley  $15  leaving  5:15  PM  !!
4872,"#ride03192024 from Fremont to San Francisco | 4:45 PM | $10 | 1 seat
pm me"
4873,#ride02102025 #ride02112025 RIDE!! Sunnyvale ➜ San Francisco 2PM $15
4874,#drive07072025 Need a drive San Francisco-Sunnyvale. Budget $25
4875,#ride09272024 Need a ride Fremont -> Sunnyvale. Budget $35 pls
4876,#drive10152024 from Berkeley to Sunnyvale | 7PM | $18 | 1 seat
4877,"#ride08162025 from San Francisco to Fremont | 3PM | $12 | 1 seat
anyone?"
4878,#ride09052024 Fremont-Palo Alto | 7AM | $22 | 1 seat
4879,RIDE!!  San  Francisco  to  Davis  4PM  $25  😊
4880,#drive01012025  from  Oakland  to  SJ  $30  leaving  6AM
4881,#ride12192024 RIDE!! Sacramento-San Jose 10:45 AM 12 dollars
4882,#drive08272024 Fremont-Sacramento | 12:45 MP | $12 | 1 seat !!
4883,#drive06032025 #drive06102025 Berkeley-Sunnyvale $40 leaving 7PM
4884,"#ride10102024  RIDE!!  Berkeley  to  Palo  Alto  5PM  $18
pm  me"
4885,#drive11282024  San  Jose-Oakland  |  1PM  |    |  1  seat
4886,"#drive01242024 from Sacramento to SJ $10-20 leaving 10:30 PM !!
pm me"
4887,#ride03142025 Sacramento to Fremont  leaving 5:00 PM
4888,#drive12132025  DRIVE!!  San  Jose  ➜  San  Francisco  6:40  AM  20  dollars
4889,#ride01262024  #ride01272024  Need  a  ride  Sunnyvale  to  San  Francisco.  Budget  $15-25  pls
4890,#drive06222025  San  Francisco  ->  Sacramento  $20  leaving  12:10  PM
4891,#drive05292025 Palo Alto ➜ Fremotn | 10:10 PM | $40 | 1 seat
4892,#drive07162024 Fremont-Oakland | 3PM | $22 | 1 seat
4893,#drive07292025 Palo Alto ➜ Sacramento | 9:40 PM | $15 | 1 seat
4894,#ride11122024 #ride11152024 Davis-Berkeley | 6PM | $20-28 | 1 seat
4895,#drive07132025 Need a drive Berkeley to Sunnyvale. Budget $22
4896,#drive09212024 DRIVE!! Sacramento-San Joes 4PM $30
4897,#drive03042024  DRIVE!!  Sunnyvale-Oakland  9:50  PM  $22
4898,Davis-Berkeley leaving 7:10 AM
4899,#ride12252025 Need a ride from San Jose to Sacramento. Budget $20
4900,San Francisco ➜ Berkeley | 4:50 PM | $18-23 | 1 seat
4901,#drive12032025 DRIVE!! Sunnyvale-SF 6AM $35
4902,#drive06302025 #drive07032025 from San Francisco to San Jose $18-28 leaving 1PM !!
4903,#drive08232024 San Jose -> San Francisco $35 leaving 10PM
4904,#ride05112042 Oakland -> San Francisco $30 leaving 8PM
4905,#drive03012024  DRIVE!!  Sunnyvale  ->  Sacramento  8:20  PM  $12
4906,#drive09042024  Oakland-Palo  Alto  |  1PM  |  $35  |  1  seat
4907,"#drive09202025 DRIVE!! from San Jose to Sunnyvale 1PM $40
comment below"
4908,#ride03212025 RIDE!! San Francisco-Oakland 7:00 PM $12
4909,#ride10102024 San Jose -> Sunnyvale  leaving 9PM
4910,#ride08252025 Fremont -> San Jose | 11AM | $20 | 1 seat 😊
4911,"#drive06072025 Oakland-Palo Alto $20 leaving 9:00 PM
flexible time"
4912,Need a drive Berkeley -> San Francisco. Budget $18
4913,#ride01242024 Fremont-Davis | 8:10 AM | $22 | 1 seat
4914,#drive05122024  Need  a  drive  from  Palo  Alto  to  San  Francisco.  Budget  $12-22
4915,#drive08072025 Fremont-Sunnyvale $35-43 leaving 6AM
4916,#drive03262025 Need a drive San Jose-Fremont. Budget
4917,#ride05032025  #ride05102025  RIDE!!  Palo  Alto  ->  Fremont  3:40  PM  😊
4918,#drive03092025 #drive03112025 DRIVE!! Davis -> Berkeley 7:15 AM $30
4919,#ride06162024  RIDE!!  Berkeley  ➜  Oakland  6:15  PM  $20
4920,#drive01092025 DRIVE!! Palo Alto to Sunnyvale 9:00 AM $30
4921,#ride12042025 #ride12072025 from Oakland ot Davis $22-27 leaving 4PM
4922,#ride09272024 RIDE!! from Sunnyvale to San Jose 10AM comment below
4923,#drive11192024 Need a drive Sunnyvale-San Jose. Budget $12
4924,#drive09132025 DRIVE!! Oakland to Davis 9:30 AM $15
4925,#ride12092024 Need a ride Fremont to Sacramento. Budget $22
4926,#drive02162024 Berkeley -> San Jose | 6:30 AM | $40 | 1 seat
4927,#drive02252025 DRIVE!! Fremont-Oakland 7AM $18
4928,#ride12072024 from Palo Alto to Sunnyvale | 3:10 PM | $35 | 1 seat 😊
4929,#ride12052024 Palo Alto -> Sunnyvale $10 leaving 12PM
4930,#ride05252025 RIDE!! San Jose ➜ Davis 9:45 PM $18
4931,#ride09302024 Need a ride Palo Alto -> Sunnyvale. Budget $30 thx
4932,#ride11062025  RIDE!!  San  Jose  ->  Fremont  8:20  PM  $12
4933,#drive08132024 Berkeley to San Francisco | 8:15 AM | $25 | 1 seat thx
4934,#drive01152025 Need a drive Oakland to San Jose. Budget pm me
4935,#drive09122025 DRIVE!! Berkeley to Fremont 10:45 PM $18
4936,#drive02022024  Fremont  to  Sac  |  8AM  |  $18-28  |  1  seat
4937,#rdie10072025 RIDE!! Sunnyvale -> Oakland 8:40 PM $12 pls
4938,"#drive00882024  Need  a  drive  from  Palo  Alto  to  San  Jose.  Budget  $30
flexible  time"
4939,#ride07142024 RIDE!! San Francisco -> Oakland 7:30 AM $35-43
4940,#ride11062024  RIDE!!  Fremont  ->  Oakland  5:30  PM  $25
4941,#ride07042024  Need  a  ride  San  Francisco  to  Sacramento.  Budget  40  dollars
4942,#drive11172025 DRIVE!! Davis -> Palo Alto 4PM 22 dollars thx
4943,Oakland ➜ San Francisco $35-43 leaving 1PM !!
4944,#ride07242025 Oakland-Sunnyvale | 2PM |  | 1 seat
4945,#drive01252025 DRIVE!! Davis-Fremont 1:00 PM $20
4946,#drive06072024 Need a drive Oakland to Berkeley. Budget pls
4947,#drive12192024 Sacramento to Palo Alto | 10:00 PM | $35 | 1 seat
4948,#ride12222024 #ride12232024 from Davis to Sacramento  leaving 6:00 AM
4949,#drive09112024 #drive09142024 Berkeley ➜ Palo Alto $22-30 leaving 10PM
4950,#drive04092025 #drive04112025 DRIVE!! Palo Alto ➜ Berkeley 5PM $18-28
4951,#ride04282025 Need a ride Sunnyvale-Oakland. Budget $10-18
4952,"#drive12252025 Sacramento to Oakland $10 leaving 10:20 PM
comment below"
4953,#ride06092024  from  Oakland  to  Berkeley  |  9:00  PM  |  $15  |  1  seat
4954,#drive04042024 DRIVE!! Palo Alto ➜ San Francisco 7:10 PM
4955,#ride06062025 Oakland to Sunnyvale $12 leaving 6:00 AM
4956,#ride10212024 Oakland -> San Francisco $35-40 leaving 10AM pls
4957,#drive12182025 Need a drive from Berkeley to Sunnyvale. Budget 18 dollars
4958,"#ride05082025 Need a ride Berkeley -> Oakland. Budget $10
flexible time"
4959,#ride11252024  Davis-Berkeley  $20  leaving  6:00  PM  pls
4960,#drive08282024 Need a drive from Palo Alto to Fremont. Budget $20
4961,#drive09022025 DRIVE!! from SJ to Davis 9AM $15-20
4962,"#ride09092025 #ride09102025 Need a ride from SF to Berkeley. Budget $30-35
pm me"
4963,#drive09262025 Davis to Sunnyvale $20 leaving 3:50 PM 😊
4964,"#drive05282025 Sunnyvale ➜ Oakland $25 leaving 5:15 PM 🚗
flexible time"
4965,#drive03202024 from Sacramento to San Francisco | 9PM | $30 | 1 seat comment below
4966,#drive01132024 #drive01202024 from Berkeley to Palo Alto  leaving 7PM
4967,#drive06292024 Need  adrive from Davis to Palo Alto. Budget 10 dollars
4968,#ride11192024 RIDE!! Palo Alto-Sunnyvale 10AM
4969,#ride08242024  RIDE!!  Davis-Sunnyvale  5:15  PM  $22-30  thx
4970,"#ride12012025  Oakland-Palo  Alto    leaving  4PM
anyone?"
4971,#drive07242025  DRIVE!!  Palo  Alto-San  Francisco  10PM  $15-25  🚗
4972,#ride09272024 RIDE!! from San Francisco to Berkeley 8PM $40
4973,"#drive04122025 DRIVE!! Sa nFrancisco-Davis 5PM $22-32
anyone?"
4974,#drive08132024 Fremont ➜ Davis $40 leaving 7:45 AM !!
4975,#drive04202025 Need a drive San Jose -> Davis. Budget $35
4976,#drive06202024 Berkeley-Sacramento | 7AM | | 1 seat 😊
4977,#drive03292025 from Fremont to Berkeley $12 leaving 7:00 PM
4978,#ride04012024 from Davis to Sunnyvale | 6AM | $12-17 | 1 seat
4979,#ride10212024 Davis-Palo Alto 40 dollars leaving 2PM
4980,#drive10192025 Need a drive San Francisco ➜ Oakland. Budget
4981,#ride08092024 Need a ride Palo Alto to Fremont. Budget 10 dollars thx
4982,#drive05062024 DRIVE!! Oakland ➜ Berkeley 4:00 PM $12-20 pls pm me
4983,#ride09242025 Fremont to Sunnyvale $10 leaving 9:50 PM
4984,"#ride08132024 #ride08142024 RIDE!! Sunnyvale -> Berkeley 7AM $40
pm me"
4985,"#ride11232024 Need a ride Oakland -> Sunnyvale. Budget $15
pm me"
4986,#ride02102025 RIDE!! Davis-Berkeley 10AM $22 😊
4987,#drive12252025 Sac -> Sacramento | 7:20 AM | $12-22 | 1 seat
4988,"#drive08172025 San Francisco to Sunnyvale | 10PM |  | 1 seat
pm me"
4989,"from San Francisco to Oakland $12 leaving 8:50 PM
comment below"
4990,#ride08042025 Need a ride from San Francisco to Oakland. Budget $25 thx
4991,#drive12132025 from Sacramento to SF | 7AM | $10 | 1 seat
4992,#ride04142024 RIDE!! from Fremont to Davis 10:10 AM
4993,#drive07252025 San Jose-Fremont | 5:45 PM | $40 | 1 seat
4994,#ride03052024 Need a ride Sunnyvale ➜ Palo Alto. Budget
4995,#ride03192025 Need a ride San Jose toB erkeley. Budget $20
4996,#ride06152024 RIDE!! San Francisco -> Fremont 3PM $15 pls
4997,#drive09082024 Need a drive Palo Alto ➜ Sunnyvale. Budget $18
4998,#ride01252024 Need a ride Davis to Sunnyvale. Budget $30 🚗
4999,#ride02222025  Need  a  ride  Oakland  ➜  Fremont.  Budget  $30
5000,SJ -> Sunnyvale | 6:00 PM | $10 | 1 seat
