post_id,post_text
1,#ride08312024 RIDE!! Oakland to Palo Alto 12:00 PM
2,#ride11302025 Need a ride Sac-Fremont. Budget $12-22
3,#ride06032024 RIDE!! San Jose ➜ Sacramento 3:30 PM 18 dollars pm me
4,#drive08252025 #drive09012025 Need a drive Sacramento -> San Jose. Budget $30-40
5,#drive01232024 #drive01252024 Need a driev Palo Alto ➜ Berkeley. Budget $12
6,#drive05222024  Oakland  to  San  Jose  |  8:50  AM  |  $25-33  |  1  seat
7,Need a drive Sacramento to Fremont. Budget $40
8,#ride08192025 RIDE!! Davis ➜ Oakland 2:30 PM $40-50
9,#drive03222025 DRIVE!! Sunnyvale to Sacramento 8:45 PM $18
10,#ride07092024 #ride07122024 Need a ride Palo Alto to Oakland. Budget $18
11,#drive12232024 Berkeley to Sac $12 leaving 8:10 AM
12,#drive11052025 Palo Alto-Berkeley | 6PM |  | 1s eat
13,#ride10142025 Oakland to Davis | 1:20P M | $12 | 1 seat
14,#drive08242024 Need a drive San Jose -> Sac. Budget
15,#drive10042024 Berkeley-Sunnyvale | 6PM |  | 1 seat
16,Berkeley to Palo Alto $15 leaving 4:45 PM
17,#drive11142025  DRIVE!!  Fremont-San  rFancisco  12PM  $25
18,#drive01142024 Need a drive Fremont to San Jose. Budget $25
19,#drive09292025  Berkeley  ->  Sunnyvale  $30-38  leaving  7:15  PM  pls
20,#drive03102025  Need  a  drive  Davis-Oakland.  Budget  $15-23  🚗
21,#drive08272025 DRIVE!! San Jose -> Sunnyvale 10PM $25 pls
22,#drive06162024 Need a drive Sunnyvale ➜ Palo Alto. Budget
23,#drive02132024  Need  a  drive  from  San  Francisco  t  oPalo  Alto.  Budget  $35  😊
24,#ride08122025 RIDE!! San Jose to Sunnyvale 10AM
25,"#drive06092024 Sacramento -> Fremont | 2:00 PM | $22 | 1 seat !!
comment below"
26,#ride11262025 Sacramento ➜ Fremont $15 leaving 2PM 😊
27,#drive04102025 SJ ➜ Davis | 6:50 PM | $22 | 1 seat thx
28,#ride01292024 Davis -> Sacramento $20 leaving 5:10 PM 😊
29,#drive11172024 #drive11202024 DRIVE!! Oakland-Davis 6PM $18-23
30,#drive05052025 Need a drive San Francisco -> Fremont. Budget $18
31,#dirve07102024  DRIVE!!  San  Francisco  to  Fremont  1:15  PM  $25-33
32,#drive12262024 Berkeley -> Oakland | 9AM | $15 | 1 seat
33,#ride08132025 from Fremontt o Oakland $22 leaving 8:20 PM
34,#ride07072025 Palo Alto-San Jose | 1PM | $10 | 1 seat pls
35,#drive08012025 Sacramento to San Francisco $22 leaving 10PM pls
36,#ride08252024 San Francisco ➜ Berkeley | 10:10 PM | $25-30 | 1 seat !!
37,#drive04262025  #drive04272025  DRIVE!!  Fremont  ->  Palo  Alto  7:40  AM  $22
38,from  San  Jose  to  Berkeley  $30  leaving  6AM
39,#ride04022025 Need a ride Berkeley -> San Francisco. Budget $35
40,#ride07042025 from Sunnyvale to Oakland | 2:30 PM | 22 dollars | 1 seat
41,#ride05212025 #ride05282025 Oakland ➜ SF $12-20 leaving 5PM
42,#ride06052024 RIDE!! from Palo Alto to Fremont 9:15 AM $18 pls
43,#drive11262024  Sunnyvale  ➜  San  Francisco  $20  leaving  7:20  PM
44,"#drive12142024 #drive12172024 San Francisco to Fremont  leaving 4:10 PM
anyone?"
45,#ride05022025 Fremont ➜ Oakland | 6AM | $22 | 1 seat
46,#drive02282024 from San Francisco to San Jose  leaving 2:50 PM thx
47,#ride12012024  Sunnyvale  to  Fremont  |  11AM  |  $15  |  1  seat
48,#drive08232024 DRIVE!! Oakland-Palo Alto 8AM
49,#drive01162024D RIVE!! Sunnyvale -> San Jose 6AM $10
50,#drive07132024 Oakland ➜ San Jose $12 leaving 10:45 PM
51,#drive03212025 SF ➜ Sunnyvale | 5:50 PM | $18 | 1 seat
52,#drive04012024  Davis  ->  Sunnyvale  $10  leaving  11AM
53,#drive04082024 DRIVE!! Oakland-San Jose 10:30 AM $18
54,"#drive12072025 Davis ➜ Sunnyvale $15-20 leaving 1:000 AM
flexible time"
55,#drive09022025 from Fremont to Sacramento | 9PM | 30 dollars | 1 seat
56,#ride10052024 Need a ride Sacramento ➜ Oakland. Budget $35
57,#drive04022024 Fremont to Berkeley | 4:50 PM | $30 | 1 seat pls
58,#drive04262024 Palo Alto ➜ San Jose | 3PM | 40 dollars | 1 seat
59,#ride09232025 Berkeley to Palo Alto $22 leaving 8:40 AM
60,#ride06272024 from San Jose to Fremont | 2:15 PM | $10 | 1 seat 🚗
61,"#drive01152024 #drive01222024 Need a drive San Francisco -> Sunnyvale. Budget 40 dollars thx
pm me"
62,#drive09132024 #drive09202024 DRIVE!! Sunnyvale-San Jose 12PM $15
63,#ride02092024 Need a ride Sacramento -> Palo Alto. Budget $10
64,"#drive06232024 Sac -> Sunnyvale $15 leaving 1:00 PM
flexible time"
65,#drive02012025  San  Francisco-Sunnyvale  |  3PM  |  $12  |  1  seat
66,#ride11192025 RIDE!! Sacramento ➜ San Francisco 9AM $12-22
67,#drive10192024 Need a drive from Sunnyvale to Davis. Budget $25
68,#ride01282024 Sacramento -> Oakland $10 leaving 9:40 PM pls
69,DRIVE!! from Sacramento to San Francisco 1PM $18
70,#ride01052025 RIDE!! Fremont-Berkeley 9AM $10-18
71,#ride03152025 Need a ride Sunnyvale to San Francisco. Budget
72,#ride10222024  RIDE!!  SF  to  San  Jose  10:10  PM
73,#drive02282024 Sacramento ➜ Berkeley $20 leaving 7AM
74,#drive03292025 from Davis to Berkeley $22-30 leaving 7PM !!
75,Berkeley ➜ Davis | 10AM | $10 | 1 seat
76,#drive01112024 DRIVE!! Oakland ➜ Davis 7:15 PM $40-50
77,#ride02072025 Need a ride Oakland -> Davis. Budget $20
78,#ride01022024 RIDE!! from Sacramento to Palo Alto 10:30 AM
79,#drive03302025 Need a drive Palo Alto to Oakland. Budget $10
80,#ride05182025 RIDE!! from Sunnyvale to Oakland 8AM
81,#ride08052025 RIDE!! Davis-San Francisco 2:15 PM $35
82,"#ride09152024  RIDE!!  Palo  Alto  ->  Berkeley  6:50  PM  15  dollars
pm  me"
83,#drive11202024 Need a drive from Oakland to SJ. Budget
84,#drive05082024 Berkeley ➜ Palo Alto $25 leaving 7:15 PM !!
85,#drive10132024  San  Francisco  ➜  Sac  |  10:20  PM  |  $25-30  |  1  seat  🚗
86,#drive11302025 Sac -> Oakladn $18 leaving 3PM
87,#drive11262025  #drive11272025  Need  a  drive  Sunnyvale  ➜  San  Jose.  Budget  $10
88,#drive08192024 Davis ➜ Berkeley | 8PM | $20-30 | 1 seat 🚗
89,#drive03042024 Davis ➜ Fremont $15 leaving 11:40 AM
90,#drive04102024 San Francisco-SF | 9PM |  | 1 seat pls
91,Need a drive Oakland ➜ San Jose. Budget 12 dollars 🚗
92,#drive04232024 Oakland ➜ Fremont  leaving 2:50 PM
93,#ride12092024 Fremont to Davis $25 leaving 4PM
94,#ride05292025 #ride05312025 Need a ride from Oakland to San Francisco. Budget $22-27
95,#drive02122024  Palo  Alto-Berkeley  $30  leaving  1A0M
96,"#drive09212025 Berkeley to Palo Alto | 6:20 PM | $22-30 |  1seat
anyone?"
97,#drive09212025  Davis  ->  Oakland  $25  leaving  8:20  AM
98,#drive02192025 DRIVE!! Fremont-Sunnyvale 10:40 AM $22-27 thx
99,#ride10282025 San Jose to Oakland | 12PM | 22 dollars | 1 seat
100,#drive10112025 Need a drive Fremont to Davis. Budget $40
101,Need a drive from Fremont to Palo Alto. Budget $18
102,#drive03132024  Need  a  drive  from  Oakland  to  Davis.  Budget  $15
103,#drive05312025 DRIVE!! Berkeley to Palo Alto 7:50 AM $15 thx
104,#ride09192024 Davis -> San Francisco | 8AM | $30 | 1 seat
105,#drive03102024 from Sunnyvale to Oakland $18 leaving 6AM
106,#drive01072025 Need a drive from Berkeley to Fremont. Budget $12
107,#drive08312024 San Jose ➜ Oakland | 10PM | $35 | 1 seat
108,#drive06092024  Need  a  drive  Berkeley  ➜  Sunnyvale.  Budget  $18-26
109,#ride04112024 Davis-Fremont | 9PM | 25 dollars | 1 seat
110,"#drive04302025 from Berkeley to Fremont | 10:40 AM | $35 | 1 seat thx
flexible time"
111,#driev09222025 Sacramento ➜ San Jose 15 dollars leaving 6:10 AM
112,#ride02272024 RIDE!! Sacramento-Davis 10AM $20-30 🚗
113,#drive01222024  Sunnyvale  to  Palo  Alto  $22  leaving  4PM
114,#ride09272024 Berkeley ➜ San Jose | 10:00 AM | $12 | 1 seat
115,#drive07182025 Sunnyvale-Fremont | 6PM | $25 | 1 seat
116,#ride03172025 RIDE!! Sacramento ➜ Davis 9A M$25
117,#ride07302025 #ride08062025 Need a ride Sacramento -> Okaland. Budget $25-30 🚗
118,Need  a  drive  Berkeley  ->  San  Jose.  Budget  $30-38  comment  below
119,#ride01122024 Palo Alto -> San Francisco | 1PM | $18-23 | 1 seat
120,DRIVE!! from Palo Alto to Berkeley 6:50 PM $10
121,"#drive04102024 Need a drive Berkeley-Sacramento. Budget $18
flexible time"
122,#drive09022025 from Palo Alto to Berkeley | 7:00 PM |  | 1 seat
123,#drive05112025 Oakland ➜ San Francisco $20-30 leaving 1PM
124,#ride01152025 RIDE!! San Francisco to Sunnyvale 10PM $35
125,#ride07112025 RIDE!! from San Jose to Sacramento 8:00 AM $30
126,"#ride10142024 Oakland ➜ SF $15 leaving 9PM
anyone?"
127,#drive07242024 San Jose to Palo Alto | 10AM | $30 | 1 seat thx
128,#drive10162024 from Fremont to Davis | 6:30 AM | $22 | 1 seat
129,#ride07122025 RIDE!! from Sunnyvale to Berkeley 7:40 AM $12-22
130,#ride01072025 San Jose to Oakland | 7:50 AM | |  1 seat
131,#drive12302025 San Francisco -> Fremont | 7PM | $10 | 1 seat thx
132,#ride11262024 RIDE!! from Palo Alto to Davis 1PM $30
133,#ride07102025 from Oakland to San Francisco 25 dollars leaving 2:30 PM 🚗
134,#drive03032024 Oakland ➜ Sacramento | 1PM | $40 | 1 seat
135,#drive05212024 Need a drive Fremont-San Francisco. Budget $22 😊
136,#drive12022024 Need a drive Davis ➜ Sacramento. Budget $30
137,#ride02132025 San Francisco -> Palo Alto | 1PM | $15 | 1 seat
138,#drive09202024 Fremont -> Sunnyvale | 9:00 AM | $35 | 1 seat
139,#drive04052024 from San Jose to Sunnyvale | 7AM | $20-30 | 1 seat 🚗
140,#drive10022024 Need a drive San Jose to Sacramento. Budget 10 dollars
141,"Fremont to Berkeley $35 leaving 4:40 PM 😊
pm me"
142,#ride02062025 Need a ride Fremont -> San Jose. Budget $30
143,#drive03222025 DRIVE!! from Fremont to Sunnyvale 9AM $12 anyone?
144,#ride04052024 RIDE!! San Francisco -> Fremont 6AM
145,San Jose ➜ Davis | 9:00 PM | $12 | 1 seat
146,#drive01252025 #drive02012025 Need a drive Fremont to Sac. Budget 30 dollars
147,#ride08032024 San Jose-Davis $12-20 leaving 3:45 PM
148,#drive02062024 #drive02132024 from Oakland to Sacramento | 6PM | $18-26 | 1 seat
149,#drive07282024 Need a drive Palo Alto -> Sacramento. Budget $35
150,#ride02072024 #ride02102024 Sacramento-San Jose | 8:00 PM | $25 | 1 seat
151,#drive04012024 Sunnyvale-Oakland $25-33 leaving 9AM thx
152,#drive08222025 from Oakland to Berkeley | 9:20 PM | $12 | 1 seat
153,#drive04202024 San Jose-Sacramento | 10:50 AM | $30 | 1 seta
154,#ride08282025 RIDE!! Oakland -> Davis 7AM $15
155,#drive01302024 DRIVE!! from Palo Alto to Fremont 10:15 AM $30-40 🚗
156,RIDE!! Sacramento to Palo Alto 8PM $20-28 !!
157,Need a drive Sacramento ➜ Palo Alto. Budget $20
158,#ride01272025 Need a ride Fremont to Palo Alto. Budget $10-18
159,DRIVE!! from Sunnyvale to Oakland 1:40 PM $30
160,#ride01052025  RIDE!!  Fremont  ➜  Davis  4:00  PM
161,#ride06292025 RIDE!! San Francisco ➜ San Jose 9:30 PM $15 !!
162,#ride10192025 #ride10202025 from San Francisco to Sacramento $22 leaving 9PM
163,#ride05132025 RIDE!! Palo Alto-Berkeley 8PM $18
164,#drive04152024 Need a drive Fremont ➜ Palo Alto. Budget $10
165,#drive01132024 from Berkeley to Sunnyvale | 2:40 PM | | 1 seat
166,#ride01302025 from Davis to Berkeley | 3PM | $10-20 | 1 seat
167,#ride09122024  from  Berkeley  to  Sunnyvale  $35  leaving  12:15  PM  thx
168,#drive08032025 Need a drive Berkeley to Fremont. Budget $22
169,"#ride02032024 #ride02102024 RIDE!! Palo Alto to Oakland 2:40 PM 15 dollars
anyone?"
170,#ride12132025  RIDE!!  Sacramento  ➜  Berkeley  4PM  $15  😊
171,#drive08192025 from Palo Alto to Davis $35 leaving 9:00 AM
172,#drive10232024  DRIVE!!  Berkeley-Sacramento  6:15  PM  $35
173,"#ride11112024  Need  a  ride  SJ  ➜  San  Jose.  Budget  $25
anyone?"
174,#drive08082025 DRIVE!! Davis-San Jose 10:20 AM $25
175,#drive08282024  from  San  Jose  to  Sacramento  $40  leaving  6:40  AM  pls
176,#drive11192025 DRIVE!! San Francisco ➜ Davis 8:20 AM $25
177,#ride09252025 #ride10022025 Need a ride Oakland -> Sna Jose. Budget 25 dollars
178,#drive12242025 Need a drive Sunnyvale to Oakland. Budget $35
179,#drive05142024  DRIVE!!  San  Jose  ->  Sacramento  10PM  $40-45
180,#drive09102025 Berkeley to SJ $22 leaving 11:45 AM
181,#ride03052025 Need a ride from Fremont to Sacramento. Budget $40
182,#ride10212024 #ride10232024 Need a ride San Francisco ➜ Sunnyvale. Budget $15
183,#ride03042024 San Francisco to Berkeley | 8AM | 15 dollars | 1 seat
184,#ride12262024  Sacramento  ➜  Davis  $10-15  leaving  10AM
185,"#ride05122024 Sacramento to San Jose | 2:00 PM | 12 dollars | 1 seat
anyone?"
186,#drive03102024 Berkeley -> Palo Alto 12 dollars leaving 11:40 AM 😊
187,#drive07032024 from Oakland to Sacramento $15-25 leaving 12PM
188,#ride08202024 #ride08212024 from Davis to Palo Alto | 6PM | | 1 seat
189,#ride06022025 Fremont ➜ Berkeley | 1PM | $20 | 1 seat
190,"#drive03272024 San Jose to Palo Alto $30 leaving 9:30 AM
comment below"
191,#drive01052024 Sunnyvale to Oakland  leaving 12PM
192,#drive01072024 Need a drive from Sunnyvale to Fremont. Budget $40
193,"#ride05022025 Palo Alto-Davis | 1:00 PM | $25 | 1 seat
pm me"
194,#drive03202025  from  Oakland  to  Sunnyvale  |  6:00  AM  |  $12  |  1  seat
195,#ride08282024 #ride09042024 Fremont -> Sunnyvale $22 leaving 7:45 PM 🚗
196,#drive06072024 Davis to San Jose | 8:20 AM | $35 | 1 seat
197,#ride06012025 Sacramento to San Francisco $25 leaving 9PM
198,#ride06092025 Sunnyvale -> Sac | 10PM | $35 | 1 seat thx
199,#ride08312024 Sac-Oakland | 8:30 PM | $30-35 | 1 seat
200,#ride04032025 Berkeley-SF | 6:00 PM | $18 | 1 seat
201,#drive01202025 Need a drive San Francisco ➜ Sac. Budget $15 pls
202,#ride02272025 Need a ride San Jose to Sunnyvale. Budget $30
203,#drive12122025 San Francisco-Palo Alto | 7:45 PM | $35-43 | 1 seat
204,"#drive01122025 DRIVE!! Oakland to Sunnyvale 7:45 PM $22-32
comment below"
205,#ride11202024 RIDE!! Fremont to Oakland 6AM $35
206,#drive11232025 Need a drive San Francisco-Sacramento. Budget $12
207,#ride11052024  RIDE!!  from  Palo  Alto  to  San  Jose  6:30  PM  12  dollars
208,"#ride12022024 Fremont to San Francisco | 3PM | $25 | 1 seat 🚗
pm me"
209,Need a drive San Jose ➜ Berkeley. Budget $30
210,#ride11182024 San Francisco-Davis  leaving 2PM
211,#drive12312024 San Jose-Fremont | 9:40 PM |  | 1 seat
212,#ride06072024  #ride06142024  San  Jose  to  Davis  |  5:00  PM  |  $22  |  1  seat  😊
213,from Fremont to San Jose $22 leaving 1:15 PM
214,#drive01042024 Sunnyvale ➜ Oakland | 3PM | $30 | 1 seat
215,#ride10032025 Fremont -> Sunnyvale $10 leaving 4:15 PM
216,#ride02122025 Fremont to Sunnyvale | 7AM | $35 | 1 seat pls
217,"#drive09022025 Sacramento -> Oakland | 5PM | $40-48 | 1 seat pls
comment below"
218,#ride07082024  Need  a  ride  Fremont  ➜  Davis.  Budget  $20-30  !!
219,#drive10232024 from Davis to Sunnyvale | 10PM | $25-33 | 1 seat
220,#ride04092024 from Oakland to San Francisco $40 leaving 8:10 PM 🚗
221,#drive03092025 from Fremont to Sacramento  leaving 9AM
222,#ride09032024 from Berkeley to Fremont | 9AM |  | 1 seat pls
223,#ride03032025 Need a ride Sacramento-Oakland. Budget $10
224,#ride04192025 from Sacramento to San Francisco $22-27 leaving 10:40 AM pls
225,#ride08172024 Oakland to PaloA lto | 6:00 PM | $30-40 | 1 seat
226,#drive11162024 Need a drive from Sacramento to Sunnyvale. Budget $18-26
227,#drive07252024 from San Jose to Oakland $10 leaving 10:00 AM
228,"#ride02162024 RIDE!! Palo Alto -> Sunnyvale 5PM $20-28
flexible time"
229,#ride08012024  Need  a  ride  Berkeley-Oakland.  Budget  $20  !!
230,"#drive10102024  DRIVE!!  San  Francisco  to  Sac  5:30  PM  $10
pm  me"
231,#drive07262025 Berkeley ➜ Fremont  leaving 2:00 PM !!
232,#drive05232024 DRIVE!! from Fremont to Davis 4PM $25
233,#drive09272025 DRIVE!! Davis -> SJ 6:10 AM $10 !!
234,#ride08192024 San Francisco ➜ Fremont | 4PM | $18 | 1 seat
235,Fremont ➜ SF | 6AM | $20 | 1 seat thx
236,#drive10272024 Sacramento ➜ Davis | 10:40 AM | $20 | 1 seat
237,#drive09082024 Need a drive from Fremont to Sacramento. Budget $25
238,#drive06122024 Berkeley ➜ Fremont | 12PM | $18 | 1 seat 😊
239,#ride02242024 Need a ride Oakland-Fremont. Budget $10
240,#drive01122025 Need a drive Berkeley -> Fremont. Budget
241,#ride12132025 from Sunnyvale to San Jose | 12:15 PM | | 1 seat
242,#drive12252024 #drive01012025 Need a drive Fremont-Palo Alto. Budget 10 dollars !!
243,SF to Berkeley | 10:10 AM | $15 | 1 seat
244,#drive11272024 Fremont ➜ Sacramento $20 leaving 1PM 🚗
245,#ride08142024 San Jose ➜ Oakland | 5:45 PM | $35 | 1 seat
246,#drive09082025 #drive09102025 Sacramento ➜ Sunnyvale | 5:30 PM | 20 dollars | 1 seat
247,#drive10282025 Need a drive Oakland-Sunnyvale. Budget $35
248,#ride10292024 RIDE!! San Francisco -> Berkeley 10AM $15
249,#drive02122024 #drive02192024 DRIVE!! Berkeley-Fremont 4PM $12
250,#ride05102025  RIDE!!  Sunnyvale  ->  Davis  1:45  PM  $35-40
251,"San Jose -> Fremont | 6:40 AM | $20 | 1 seat
anyone?"
252,#drive09152024 #drive09162024 DRIVE!! San Jose ➜ Berkeley 7:50 PM $22
253,#ride07292025 RIDE!! Berkeley ➜ San Jose 8AM $20 🚗
254,#ride11152024 Fremont-Sacramento | 9PM | $30-35 | 1 seat
255,Sunnyvale  to  San  Francisco  $10  leaving  1:40  PM
256,#ride12122024 Sunnyvale to San Jose $10-20 leaving 3PM
257,#ride06032024 Need a ride San Jose -> Oakland. Budget $30
258,#ride12302025  #ride12312025 Need a ride Sac-Sunnyvale. Budget $15 thx
259,#ride11222025 Oakland ➜ Sunnyvale | 9:45 A M| $35 | 1 seat
260,#ride11012025  Need  a  ride  Sacramento  ➜  Fremont.  Budget  $15
261,#drive04225024 Need a drive from Sacramento to Berkeley. Budget $22
262,#drive04162024  DRIVE!!  San  Francisco  ->  Berkeley  8AM  $12-17
263,#drive04012025 #drive04032025 Need a drive Berkeley ➜ Fremont. Budget 40 dollars pls
264,#drive05142025 Sacramento ➜ Davis $20 leaving 10AM
265,#drive12312024 Berkeley-Fremont | 8:10 AM | $30-38 | 1 seat pls
266,#drive11092025 DRIVE!! from Sac to San Francisco 4PM 20 dollars
267,#ride01232025  from  Sacramento  to  Oakland    leaving  1PM
268,#ride01212025  Berkeley-Sunnyvale  |  2:50  PM  |  $10  |  1  seat
269,Need a ride Palo Alto to San Jose. Budget $10
270,#drive08282025 #drive08292025 DRIVE!! Oakland-San Francisco 8:40 AM $40 pls
271,"#ride05062025 Davis -> Palo Alto | 6PM | $22 | 1 seat pls
anyone?"
272,#drive07012024 DRIVE!! Davis ➜ Palo Alto 12PM 30 dollars
273,#drive12032025 Need a drive Davis-San Francisco. Budget $10
274,#drive10292024 Palo Alto ➜ Sacramento | 9:40 AM | | 1 seat
275,#ride11162025 Sunnyvale-Berkeley | 2:20 PM | $20 | 1 seat
276,San  Jose  ➜  Sacramento  |  9AM  |  20  dollars  |  1  seat  thx
277,#drive09262024 Davis-Oakland | 4:30 PM | 15 dollars | 1 seat
278,"#ride06252024 Need a ride Plao Alto to Fremont. Budget $15
flexible time"
279,Fremont  ->  Berkeley  $25  leaving  4:30  PM
280,"#drive05122024 DRIVE!! from Palo Alt oto Sacramento 4PM $12
flexible time"
281,Davis ➜ San Jose | 4:10 PM | $22 | 1 seat
282,#ride02252024 from Davis to Sunnyvale | 4:30 PM | $18 | 1 seat
283,Berkeley ➜ Davis $10 leaving 10:30 AM
284,#drive07312024 DRIVE!! Palo Alto -> Berkeley 4PM $35
285,#drive08062025 DRIVE!! San Francisco to Berkeley 12PM $30
286,#drive03122025 Need a drive Sunnyvale ➜ Sacramento. Budget 35 dollars
287,#drive10242025  Sunnyvale  ➜  Sacramento  $12  leaving  6AM
288,#drive12062025 Sunnyvale ➜ Berekley | 6:15 AM | $25 | 1 seat 😊
289,#drive05092024 Need a drive Sacramento-SJ. Budget $10
290,#drive11102024  Palo  Alto  ->  Sacramento  |  8AM  |  $18-23  |  1  seat
291,#ride10112024 Sacramento to Sunnyvale | 9PM | $10 | 1 seat
292,#drive07232025 from Berkeley to Palo Alto $12 leaving 10:45 AM 🚗
293,"#drive02142024 Sunnyvale ➜ San Francisco  leaving 12PM
pm me"
294,#ride02212024 RIDE!! Palo Alto-San Jose 6:45 AM
295,#ride12032024 Davis ➜ San Jose $40 leaving 9:45 AM
296,#ride09022025 RIDE!! Palo Alto to San Francisco 2:00 PM 🚗
297,#drive03262025 Davis -> Sunnyvale | 4:00 PM | $30 | 1 seat thx
298,#ride04202024 Palo Alto-Sacramento $15 leaving 2:30 PM
299,DRIVE!! San Francisco-Fremont 9AM $30
300,#ride07252024 RIDE!! from Fremont to Sacramento 8:00 AM $40-48 pls
301,#ride08012024  #ride08082024  Berkeley  to  San  Francisco  $35  leaving  5:15  PM
302,#drive07302024 from Sac to San Jose | 6:00 AM |  | 1 seat 😊
303,#drive10172025 Fremont -> Sacramento | 9:30 PM | $35 | 1 seat 😊
304,"#drive09052024 DRIVE!! Davis to Oakland 8:30 PM $15
pm me"
305,#ride02072025 #ride02082025 RIDE!! from Fremont to Palo Alto 9AM $30
306,#ride03212024 from Davis to San Jose 15 dollars leaving 2PM
307,#drive10172024 Berkeley to Palo Alto  leaving 9:00 AM
308,#drive06272024 DRIVE!! Berkeley ➜ Oakland 9AM $20 thx
309,#drive09182025 Davis -> Sunnyvale  leaving 1PM
310,"#drive01262025 Need a drive San Francisco to Berkeley. Budget 18 dollars pls
flexible time"
311,#drive03212024 Need a drive from Sacramento to Davis. Budget $10-15 😊
312,#drive05262024 Sunnyvale -> Davis leaving 4:50 PM
313,#drive11142025  from  San  Francisco  to  Berkeley  $10-15  leaving  5PM
314,DRIVE!!  Palo  Alto-San  Jose  6:50  PM  $35
315,#ride11102025 #ride11112025 RIDE!! Berkeley-Fremont 9:40 AM $20-30
316,#ride10162025 Need a ride San Francisco -> Sunnyvale. Budget
317,#ride10012024 Fremont -> Davis  leaving 6PM
318,#drive08312025 Davis-Berkeley $35 leavnig 12:45 PM
319,#ride09192025 RIDE!! Sunnyvale ➜ San Jose 12PM $40-48
320,#ride10192025 Palo Alto-Davis | 6:15 AM | $35 | 1 seat thx
321,#drive10032025 from Davis to Oakland $25 leaving 10PM
322,d#rive08242024 Fremont to Oakland $12 leaving 9AM pls
323,#ride05242025 Need a ride Palo Alto to Berkeley. Budget $25
324,#drive12192025 Sacramento -> Fremont | 7AM |  | 1 seat
325,#ride04102024  Palo  Alto  to  Sacramento  $30  leaving  1PM  😊
326,#drive12262024 Berkeley -> San Francisco | 9:50 AM | $35 | 1 seat
327,#drive05252025 DRIVE!! Fremont-Sunnyvale 8:50 AM $25-30
328,#ride09232025 from Fremont to Palo Alto  leaving 9:45 AM
329,#drive02142025 Need a drive Davis -> Oakland. Budget $10
330,#ride11162025 Need a ride Palo Alto-Sacramento. Budget $20 anyone?
331,#drive07102024 Need a drive SJ-Sunnyvale. Budget $35
332,#ride03152024 RIDE!! Palo Alto-Sunnyvale 1:30 PM 😊
333,#ride05072024 Berkeley to Davis  leaving 10PM
334,Need  a  ride  Sunnyvale  to  Davis.  Budget  $40
335,#drive05262024 Need a drive Davis ➜ Sacramento. Budget
336,#ride12272024  from  San  Jose  to  Berkeley  |  6PM  |  $10-15  |  1  seat
337,#drive02232024  Berkeley  to  San  Francisco  $10  leaving  10:30  PM
338,#drive01262025 Need a drive Davis to San Francisco. Budget $12-17
339,#ride07012025 Sacramento-Sunnyvale $30 leaving 11:50 AM
340,#ride07092025 #ride07122025 Sacramento to Palo Alto $25 leaving 9AM
341,#drive04242024 Davis ➜ Oakland  leaving 7:45 AM !!
342,#drive01302024 DRIVE!! from Sunnyvale to Sacramento 3PM $22
343,#drive02252025 from Berkeley to Sacramento | 8:15 PM | $40-50 | 1 seat
344,#ride08112024 Davis -> Oakland $30 leaving 3PM
345,#drive05222025 DRIVE!! Berkeley -> San Jose 10:10 PM $10 pls
346,#ride01162024 Sunnyvale to Sacramento $35 leaving 9AM
347,#drive02126025  San  Jose  ->  Oakland  |  5PM  |  $20  |  1  seat  !!
348,"#ride01272025 RIDE!! San Jose -> Sunnyvale 5PM 40 dollars
pm me"
349,#drive08282025 from Fremont to Berkeley | 7PM | $25 | 1 seat thx
350,#drive04162025 Need a drive from Palo Alto to Davis. Budget $35 flexible time
351,#ride08292024 Oakland -> Fremont $12 leaving 1:10 PM
352,DRIVE!! Palo Alto ➜ Oakland 2PM $12
353,#drive08292024 DRIVE!! Oakland -> Sacramento 7PM $15
354,#ride09252024 Sacramento to Sunnyvale | 01:20 PM | 10 dollars | 1 seat
355,#ride10222024 Davis -> San Francisco 20 dollars laeving 8PM
356,#drive10052024 DRIVE!! Palo Alto-San Jose 9AM 10 dollars
357,#ride12132024 Need a ride Oakland to San Jose. Budget $35
358,"#ride05042025 Berkeley-San Jose $12-22 leaving 1:45 PM
comment below"
359,#drive01262024  DRIV!E!  Davis  ->  Palo  Alto  6PM
360,#ride08202024  SJ  ->  Sacramento  $35  leaving  2PM
361,#drive12302025 Need a drive SJ ➜ Sunnyvale. Budget $12
362,#drive03232024 DRIVE!! San Jose -> Sunnyvale 9PM $10
363,"#ride10112025 RIDE!! Sunnyvale  ➜San Jose 4PM $40
pm me"
364,#drive04042025 from Oakland to Fremont $15 leaving 6:00 PM
365,#ride06052025 from Palo Alto to SJ  leaving 10:30 PM 🚗
366,#ride01182024  #ride01252024  Fremont  ➜  Sac  |  2PM  |  $30  |  1  seat
367,#drive03112025 DRIVE!! Davis -> San Francisco 4:50 PM $18
368,#ride06122024  Sacramento  ->  Oakland  leaving  10AM
369,#ride10152025 Need a ride from San Jose to Sacramento. Budget $15-23 😊
370,#drive09012024  from  Berkeley  to  Davis  |  1:45  PM  |  $15  |  1  seat
371,#drive01132024 Berkeley-San Jose  leaving 8PM
372,#drive10142024 DRIVE!! San Jose-San Francisco 12PM $25
373,#drive03282024 San Jose -> Oakland | 3:10 PM |  | 1 seat
374,#drive03052025 Need a drive Oakland-Palo Alto. Budget 40 dollars
375,#drive03072024 DRIVE!! Berkeley-Palo Alto 11AM !!
376,#ride04292025 Sacramento -> San Francisco | 3:10 PM | $25-35 | 1 seat pls
377,"#drive05262024 Davis ➜ Palo Alto $22 leaving 8:20 AM
comment below"
378,#ride12132025 RIDE!! Davis-Oakland 2:10 PM $40
379,#drive04012025 San Francisco to Sunnyvale $35 leaving 10AM
380,#drvie10012024 DRIVE!! Oakland-Sacramento 6PM $25
381,#drive06172025 DRIVE!! Davis -> Fremont 5:10 PM $12 thx
382,#drive05242024 Need a drive from Berkeley to Davis. Budget $35
383,#drive10212025 #drive10222025 Sacramento ➜ Berkeley $12 leaving 11AM 🚗
384,#ride06072025 #ride06082025 Need a ride Fremont -> Davis. Budget $35-43
385,#drive12242024  Sunnyvale  ->  Berkeley  leaving  7AM
386,#ride11052024 Davsi to Berkeley $22 leaving 7:10 AM 😊
387,#drive03252024 from San Jose to Palo Alto | 10:00 AM | $15 | 1 seat 🚗
388,#drive05172024 DRIVE!! SJ-Berkeley 7:20 PM $40-45
389,Need a drive SF -> Sacramento. Budget $18
390,#ride06102025 RIDE!! Palo Alto-Davis 6PM $12
391,#ride08212025  RIDE!!  Oakland  ➜  Palo  Alto  8PM  $20
392,"#ride04202024 fro mSan Francisco to Sacramento $25 leaving 7:20 AM
flexible time"
393,#ride12042024 RIDE!! Sunnyvale to San Jose 7:45 PM $12
394,#drive03112024  Davis  ->  San  Jose    leaving  7PM
395,#ride02022024 Sunnyvael ➜ Palo Alto $15 leaving 11AM thx
396,"#ride11212024 Palo Altot o Oakland | 9:20 PM | $35 | 1 seat 😊
comment below"
397,#ride10152024 Need a ride from Sunnyvale to Berkeley. Budget $25
398,#ride08072024 from Berkeley to San Francisco 35 dollars leaving 5PM
399,#ride07222024 Need a ride Oakland- > Sunnyvale. Budget $20 😊
400,#ride09222024 RIDE!! Sacramento to San Jose 1:00 PM $40-50
401,#drive05302024 #drive05312024 Oakland-Sacramento | 12PM | $22 | 1 seat
402,#ride07182025 RIDE!! from Sunnyvale to Fremont 4:00 PM $22-32
403,#ride08152025 RIDE!! San Jose -> San Francisco 1:15 PM $12-22
404,#drive09112024 DRIVE!! San Francisco to Oakland 9:30 PM $18
405,#ride04102025 Davis -> Oakland | 5:50 PM | $10 | 1 seat
406,"#drive04122025 DRIVE!! Sacramento-Fremont 7AM $18 pls
pm me"
407,#ride0301202 4#ride03082024 RIDE!! Oakland to Berkeley 1:20 PM $15
408,#ride09252024 RIDE!! Oakland ➜ Sunnyvale 10AM
409,#drive06152024 DRIVE!! Fremont -> SF 9:40 AM $18
410,Need a drive from Palo Alto to Berkeley. Budget
411,"#drive04062024 Berkeley ➜ Fremont 18 dollars leaving 5PM
comment below"
412,#drive08152024 DRIVE!! Sunnyvale-Berkeley 7:00 AM !!
413,#ride10022024 #ride10092024 San Jose -> Berkeley $22 leaving 1:30 PM
414,#drive05162025 Need a drive San Francisco to SF. Budget $25 pm me
415,#ride08272024 Sacramento-Fremont | 3PM | $30 | 1 seat 🚗
416,#drive12022024 from Oakland to Fremont $20 leaving 11AM
417,#drive03112024 Davis-Sunnyvale  leaving 1PM
418,#drive12012024 Need a drive Sacramento ➜ Oakland. Budget
419,#drive08282025 Need a drive San Francisco-Sunnyvale. Budget $22 pls
420,#ride08312024 RIDE! !from Sacramento to Sac 6:40 PM $12
421,#ride04182025 RIDE!! from Sacramento to Oakland 7PM thx
422,"#ride12192025  Berkeley  ➜  Palo  Alto  |  7:30  AM  |  $12  |  1  seat
anyone?"
423,"#ride07222025 San Francisco -> Sacramento $20-30 leaving 10PM
flexible time"
424,#ride01232024 Need a ride Sacramento-San Francisco. Budget $12
425,#ride01242025 #ride01252025 from Palo Alto to San Jose | 11AM | $35 | 1 seat
426,"#drive11082025 DRIVE!! San Jose ➜ Oakland 4PM $25
comment below"
427,#ride11082024 #ride11112024 Need a ride from Fremont to Oakland. Budget $25
428,#ride03152025 Need a ride Palo Alto -> Oakland. Budget $10 pls
429,#ride02062025 Need a ride Fremont ➜ Oakland. Budget $20 !!
430,#drive02252024 DRIVE!! San Jose-Sacramento 10PM $12
431,#ride06282025 Need a ride from Oakland to Palo Alto. Budget $25 🚗
432,#drive04202025 Palo Alto ➜ Sunnyvale | 9PM | $12 | 1 seat
433,#drive10122024 Palo Alto ➜ Berkeley | 7:15 PM | $15 | 1 seat
434,Need a drive Oakland ➜ Davis. Budget $35
435,#ride07252024 Need a ride Berkeley to Davis. Budget $25
436,Davis-Sac  |  6:50  AM  |  $22  |  1  seat  🚗
437,#ride05312025 Sacramento-San Jose | 9AM | $25 | 1 seat pls
438,#drive12282024 Need a drive San Francisco -> Sunnyvale. Budget
439,#drive11242024 Sacramento to San Francisco | 2PM | $20-25 | 1 seat
440,#ride12272025 Oakland ➜ Dvais  leaving 11AM
441,#ride03032025 RIDE!! Palo Alto ➜ Berkeley 12PM $12
442,#drive02182024 DRIVE!! San Francisco -> San Jose 10:40 AM $40-48 🚗
443,#drive06092024 Need a drive SF -> Davis. Budget flexible time
444,#ride11302025 RIDE!! Fremont to Berkeley 8:45 PM $22
445,#drive11122025 from Oakland to San Jose 15 dollars leaving 8PM
446,#drive04242024 Davis ➜ San Francisco | 9PM | 30 dollars | 1 seat
447,#ride09042024  RIDE!!  from  Sacramento  to  Davis  8PM  $10
448,#drive08042025 DRIVE!! San Jose -> San Francisco 6AM $35 pls
449,#ride01122024 RIDE!! Fremont ➜ San Jose 5:40 PM $15
450,#ride01022025  #ride01092025 Oakland-San Francisco $35 leaving 8AM
451,#drive04032025 Need a drive SF-Oakland. Budget $22 🚗
452,#drive06162024 #drive06232024 San Jose-Oakland | 8:00 PM | $12 | 1 seat
453,#drive10112024 from Fremont to Sunnyvale $18 leaving 10AM
454,#drive10152025  DRIVE!!  Berkeley  ->  Fremont  6AM  $25
455,"#drive08112025 DRIVE!! Sacramento ➜ Berkeley 5:10 PM $12
pm me"
456,#ride01142025 RIDE!! Berkeley to Fremont 7:30 AM
457,#ride11152024 from Palo Alto to San Francisco | 1PM | $18-28 | 1 seat
458,#drive01172025  Need  a  drive  from  San  Francisco  to  Sacramento.  Budget  $35
459,#drive01052024 #drive01072024 Palo Alto -> San Jose $12 leaving 9:20 PM pls
460,"#drive10302024 Berkeley-Davis | 8PM | 40 dollars | 1 seat
flexible time"
461,#ride04028025 Oakland ➜ Davis $12 leaving 9:40 PM
462,#drive07062024 Okaland-Sunnyvale $12 leaving 1:10 PM
463,#drive11082024 San Jose-Sacramento $30 leaving 10:50 PM 🚗
464,#drive03022024 Fremont to Sunnyvale | 10:50 PM | $40 | 1 seat
465,#drive04202024 Sacramento ➜ Palo Alto | 2:10 PM | $12-22 | 1 seat anyone?
466,#drive10072024  Need  a  drive  Fremont  ->  Berkeley.  Budget  $18  thx
467,#drive07052025 SF ➜ San Jose | 7:15 PM | $20-28 | 1 seat
468,#ride05172024  RIDE!!  Oakland  ->  Sacramento  11:50  AM  $20-25
469,#ride07272024 RIDE!! San Jose to Fremont 9:30 AM $20
470,#drive09282024 Need a drive Davis-Berkeley. Budget
471,#ride11102025 aPlo Alto -> Oakland | 1PM | $30 | 1 seat
472,#ride09162024 RIDE!! San Francisco -> Fremont 10:40 PM $18 😊
473,#ride07042025 #ride07072025 from Sacramento to Davis | 1PM | | 1 seat
474,#ride12022024 RIDE!! Davis ➜ Sacramento 10AM $22-32
475,#ride06022025  Sunnyvale  to  San  Francisco  |  10AM  |  $18  |  1  seat
476,#ride11272025 Need a ride San Jose ➜ San Francisco. Budget 35 dollars
477,"#ride02222025 RIDE!! from Davis to Palo Alto 1:10 PM $40-48
flexible time"
478,#ride09282025  from  Sac  to  Fremon  t$40  leaving  3PM
479,Palo Alto to Berkeley $12 leavnig 8AM
480,#ride12272024 Fremont-Oakland $12-17 leaving 7PM
481,#ride08302025 RIDE!! SJ ➜ Sunnyvale 8AM $25-33
482,#ride01012025 RIDE!! Palo Alto to Sunnyvale 8AM
483,#drive06242025  from  Sacramento  to  Oakland  $40  leaving  2PM
484,#drive11162025 DRIVE!! Palo Alto-San Francisco 3:00 PM $20
485,#drive10062025 San Francisco -> Oakland | 1:00 PM | $18 | 1 seat !!
486,#ride10122024  #ride10152024  RIDE!!  San  Francisco  to  Sacramento  8:40  AM
487,#drive03302024 DRIVE!! Fremont-Palo Alto 10AM 20 dollars 🚗
488,from  Sunnyvale  to  Davis  $25  leaving  6PM
489,#drive12182025 Sunnyvale -> San Jose $40 leaving 3PM 🚗
490,#ride08012024 RIDE!! Sacramento ➜ Davis 12PM $18 😊
491,#ride08242024 Need a ride Palo Alto to Oakland. Budget $12
492,"#drive10172024 DRIVE!! San Jose-Berkeley 11:50 AM $12
pm me"
493,#drive05302024 Sunnyvale -> Palo Alto | 9:40 AM | $12 | 1 seat
494,"#drive05272025 from San Jose to Berkeley $20 leaving 2:30 PM pls
comment below"
495,#ride02262025 #ride03012025 Davis ➜ Berkeley $18 leaving 6AM
496,#ride08042025 Need a ride Sunnyvale ➜ San Jose. Budget $12
497,#drive08092024 from San Jose to Oakland  leaving 3PM
498,#drive01032024 Sunnyvale ➜ San Jose 18 dollars leaving 5PM
499,#ride11062025 San Francisco to Sunnyvale | 5:15 PM | $40 | 1 seat
500,#drive10152025 #drive10182025 Sunnyvale-Oakland | 5PM |  | 1 seat
501,#ride06302024 RIDE!! Sunnyvale -> San Francisco 3:00 PM
502,#ride03072025 Need a ride Sunnyvale to Palo Alto. Budget $18
503,"#drive03042024 Berkeley-Oakland $30 leaving 7PM
anyone?"
504,#drive10142025 DRIVE!! San Francisco ➜ Palo Alto 4:40 PM $35 pls
505,"#ride11282025 #ride12052025 Need a ride SJ -> Palo Alto. Budget $25 !!
pm me"
506,#drive12052025 #drive12072025 Davis-Palo Alto $20 leaving 8AM
507,#drive03192024 Need a drive Fremont -> Sacramento. Budget $10 comment below
508,#drive10302025 Need a drive San Jose to Fremont. Budget $40
509,#drive09182024 #drive09212024 Need a drive Oakland to Berkeley. Budget 🚗
510,#drive07012024 Need a drive Sacramento -> Berkeley. Budget $30
511,#ride05162024 Need a ride Fremont-Sacramento. Budget $40
512,#drive03182025 DRIVE!! Palo Alto ➜ Berkeley 9AM $30
513,#ride11302025  Need  a  ride  Palo  Alto  ->  Fremont.  Budget  $10-18  pls
514,#ride07262024 San Francisco-Oakland $25 leaving 12:50 PM
515,Need a ride SF ➜ Fremont. Budget $22
516,#drive08172024 Need a drive Sunnyvale -> Palo Alto. Budget 10 dollars
517,#drive04062025 DRIVE!! Berkeley to San Francisco 5:30 PM $40
518,#ride06272025  #ride07042025 RIDE!! from San Jose to Sunnyvale 2:50 PM $20
519,#drive07162024 #drive07172024 Fremont ➜ San Jose $18 leaving 6:20 AM thx
520,#ride09302024 Berkeley -> Sunnyvale $18 leaving 10PM
521,"#ride08222024 Davis ➜ Fremont | 5:15 PM | $20 | 1 seat 🚗
flexible time"
522,#drive08212024 Fremont ➜ Sunnyvale $10 leaving 12:00 PM pls
523,#ride12142024  Palo  Alto  to  San  Francisco  15  dollars  leaving  12:50  PM
524,#ride06032024 Need a ride Berkeley -> Palo Alto. Budget $15
525,#drive01142024 Palo Alto -> Sacramento $35 leaving 11AM
526,#drive06102024 Need a drive Davis ➜ San Jose. Budget $20
527,#drive04292024  San  Francisco  to  Fremont  $10-18  leaving  21:10  PM
528,#drive08062025 #drive08072025 Need a drive Palo Alto-Berkeley. Budget $22
529,#ride01052025 Berkeley to Oakland $15 leaving 2:40 PM
530,"#drive06272024 DRIVE!! Palo Alto ➜ Berkeley 6:40 AM $18
anyone?"
531,"#drive03312024 #drive04072024 San Francisco to Sacramento | 8:15 AM | $40 | 1 seat 🚗
flexible time"
532,#ride10012025 Oakland-Davis | 6:00 MA | $15 | 1 seat
533,#drive02152025 Palo Alto ➜ Oakland | 6:30 PM | $20 | 1 seat thx
534,"#drive01102024 SJ to San Francisco | 6AM | $22-30 | 1 seat
pm me"
535,#ride05032025 Fremont to Oakland $25 leaving 10:20 AM
536,#ride08142024 Need a ride Oakland -> Davis. Budget $12
537,#drive10212025 from Palo Alto to Davis | 8:20 PM | $20-28 | 1 seat
538,#ride05192024 from San Jose to Davis | 4:10 MP | $30 | 1 seat
539,#ride01202024 San Jose-Oakland $20 leaving 10:20 AM
540,#drive04102024 Need a drive Berkeley to Sunnyvale. Budget $12 !!
541,#drive04062024 from Fremont to Sunnyvale | 1PM | $25 | 1 seat
542,Need a drive from San Jose to Davis. Budget $25
543,#drive11192024 DRIVE!! San Francisco -> Sunnyvale 1:10 PM
544,#ride50232025 RIDE!! San Francisco ➜ Palo Alto 6PM !!
545,#ride04302024 Fremont to Palo Alto | 11MA | $18 | 1 seat 😊
546,Oakland to San Francisco | 11AM | $40 | 1seat
547,Oakland to San Francisco $40 leaving 7AM
548,#drive02122025 San Jose-Davis $18 leaving 6:45 AM
549,"#drive07202024 DRIVE!! from San Francisco to Palo Alto 3:15 PM $22
anyone?"
550,d#rive12042024  DRIVE!!  Oakland  to  San  Jose  10:45  PM
551,#drive12272025 DRIVE!! Davis ➜ Sunnyvale 10:45 AM $18
552,Fremont -> Davis | 7PM | 22 dollars | 1 seat 🚗
553,"#ride11282025 Berkeley -> Sac | 11:20 AM |  | 1 seat
anyone?"
554,#drive10112024 Sacramento ➜ Berkeley | 9:30 PM | $12 | 1 seat
555,#ride08082025 #ride08112025 Palo Alto ➜ Oakland | 6:30 PM | $18 | 1 seat thx
556,Need a ride from Sacramento to Sunnyvale. Budget 15 dollars
557,#ride10302025  RIDE!!  SF  ->  Davis  8:50  AM  35  dollars
558,#drive09282025 #drive09292025 Need a drive San Francisco-Oakland. Budget 18 dollars
559,#drive12262024 Need a drive San Jose-Palo Alto. Budget $22
560,#ride08312024 Sunnyvale ➜ Sacramento | 2PM | $22 | 1 seat
561,#ride10262024 Need a ride Oakland -> Fremont. Budget pls
562,#drive01042025 Fremont-San Jose | 5PM | $12 | 1 seat
563,#drive10112024 #drive10122024 from Oakland to Davis $40 leaving 11AM
564,#drive12022025 Need a drive Fremont ➜ Oakland. Budget 22 dollars
565,#ride07092024  from  Sunnyvale  to  San  Jose  |  9:15  AM  |    |  1  seat
566,#drive09252024  RDIVE!!  from  San  Francisco  to  Oakland  1PM  $22-27
567,#drive12052025  Need  a  drive  San  Jose  to  Oakland.  Budget  25  dollars  😊
568,#ride07112024 San Jose ➜ Palo Alto | 5PM | $35-43 | 1 seat
569,"#ride12292024 San Jose ➜ Sunnyvale | 10PM | $20 | 1 seat
anyone?"
570,"#ride09092024 Davis -> San Jose | 2:50 PM | $12 | 1 seat
comment below"
571,#ride11202025 Oakland-Sacramento | 6:50 AM | $15 | 1 seat
572,#ride08092024 Need a ride Davis ➜ Sunnyvale. Budget $22
573,#drive12282024 Sunnyvale to SJ leaving 10AM pls
574,San  Jose  ➜  Oakland  |  7:00  PM  |  $10  |  1  seat  🚗
575,#ride10192024 RIDE!! from Sunnyvale to Sacramento 11AM $10
576,Need  a  drive  San  Francisco  to  Palo  Alto.  Budget  $20
577,#ride10212024  RIDE!!  Davis  ➜  San  Jose  2:50  PM  🚗
578,#drive05132024 Oakland ➜ Fremont 20 dollars leaving 6AM
579,#ride01292025 RIDE!! Davis-San Jose 2PM $30-38 thx
580,#drive02182024 #drive02212024 DRIVE!! Davis -> Palo Alto 11AM $25
581,#drive10092024  Davis-Oakland  |  7AM  |  $40-45  |  1  seat
582,#drive04212024 Need a drive from San Francisco to Berkeley. Budget $25 thx
583,#ride05282025 Palo Alto -> Berkeley | 8AM | $15 | 1 seat
584,#ride02062025 SF ➜ Oakland  leaving 11:10 AM
585,DRIVE!! San Francisco-Berkeley 4:30 PM 18 dollars
586,Davis-San Jose | 10:30 PM | $20 | 1 seat
587,#drive02182024  San  Jose  ->  Sunnyvale  |  2:10  PM  |    |  1  seat
588,#drive07182024 Berkeley to San Jose | 10:45 AM | $40 | 1 seat flexible time
589,#ride09202024  RIDE!!  San  Francisco-Palo  Alto  6PM  $35
590,#drive06292024 DRIVE!! Sunnyvale-SJ 6AM $15-20 !!
591,#drive06232024 DRIVE!! Berkeley ➜ Fremont 2:40 PM $22-32 🚗
592,#drive08122025 Fremont-Davis $30 leaving 9AM
593,#drive03292025 San Jose -> Berkeley | 9PM | 10 dollars | 1 seat
594,#ride10132024  Sacramento  ➜  Oakland  $12  leaving  7:15  AM  😊
595,#ride06242025 from aSn Jose to Berkeley | 3:15 PM | $20 | 1 seat 😊
596,#drive03012024 Oakland -> Berkeley | 11:45 AM | $20 | 1 seat
597,RIDE!! from Davis to Berkeley 8:10 PM $30 !!
598,#drive08032024 Need a drive Oakland ➜ San Joes. Budget $10
599,DRIVE!! Oakland ➜ Davis 10:45 PM $20
600,#drive02282024  DRIVE!!  San  Jose  ➜  Oakland  12:40  PM  $20-25
601,#drive12242025 Need a drive SF to Sacramento. Budget 20 dollars 😊
602,#drive03082025 from Sunnyvale to Sacramento  leaving 1:15 PM !!
603,#ride04242025 from Berkeley to Sacramento | 7PM | $12 | 1 seat
604,#ride11222024 Need a ride San Francisco-Berkeley. Budget $10
605,#ride05122025 eNed a ride Davis-Sunnyvale. Budget $15-25
606,#drive10032024 Need a drive Sacramento -> Sunnyvale. Budget $18
607,#drive12072025 DRIVE!! San Jose -> Oakland 10PM $22-32
608,#drive04292024 DRIVE!! Sacramento ➜ Fremont 6PM 18 dollars
609,#drive09142024 DRIVE!! Davis -> Oakland 6:40 PM
610,#drive12162024 #drive12192024 Davis ➜ San Jose $40 leaving 10AM
611,#drive03282024 Davis ➜ San Jose | 9:20 PM | $30 | 1 seat
612,#drive05152025 DRIVE!! Fremont to Sacramento 11AM $20
613,#ride05092024 from Sacramento to Davis $22 leaving 5:00 PM
614,"RIDE!! Palo Alto ➜ SJ 11:15 AM $20
anyone?"
615,#drive01232025 from Fremont to Sacramento $10 leaving 7:10 PM
616,#drive07232024 Need a drive Sacramento-San Francisco. Budget thx
617,from Sacramento to SF | 10PM | $10-20 | 1 seat
618,Sacramento -> Sunnyvale | 10:20 AM | $18 | 1 seat flexible time
619,#ride01202024 Palo Alto-Davis  leaving 8AM 😊
620,#drive10092025 Need a drive Sunnyvale ➜ Palo Alto. Budget $40
621,#drive05122025 #drive05142025 Berkeley to Oakland | 4PM |  | 1 seat
622,#ride02282025 #ride03072025 Fremont to San Jose $22 leaving 7AM
623,#drive04072025 #drive04092025 Need a drive Palo Alto to Fremont. Budget 35 dollars
624,"#drive11232024 Need a drive Davis ➜ Sacramento. Budget
comment below"
625,#ride02292024 Need a ride from Davis to San Francisco. Budget pls
626,#ride03012025 Need a ride Fremont ➜ Palo Alto. Budget $10
627,#ride02252025 #ride02262025 Fremont -> San Jose | 1:15 PM | $40 | 1 seat thx
628,#ride04062025  Fremont-Sunnyvale  |  12PM  |  $20  |  1  seat
629,#ride04062024 Need a ride from Fremont to Sacramento. Budget
630,#ride12092024 #ride12162024 from Fremont to Sacramento | 10:15 PM | $20 | 1 seat
631,#ride06272025 Davis to Berkeley | 11AM | $18 | 1 seat
632,from San Jose to Fremont | 3:10 PM | $20 | 1 seat
633,#drive09062024 Berkeley -> Sunnyvale | 10:10 PM | $30 | 1 saet pls
634,#drive09072024 DRIVE!! Oakland ➜ Palo Alto 12:45 PM $25 !!
635,#ride01162025 RIDE!! San Francisco -> Fremont 10:40 PM 40 dollars
636,DRIVE!! Sacramento -> San Francisco 6:15 AM $15-20
637,#ride03292024 #ride03312024 Berkeley -> San Jose | 12:20 PM |  | 1 seat
638,"#ride06092025  RIDE!!  San  Jose  ➜  San  Francisco  7AM
anyone?"
639,#drive08282024 Need a drive San Francisco to Fremont. Budget $20
640,#ride08032025 San Francisco to Oakland | 9AM | $18 | 1 seat
641,#drive07202025 from San Jose to Oakland $15-25 leaving 12PM
642,"#ride07092024 Sunnyvale ➜ San Jose | 6PM | $22 | 1 seat
comment below"
643,#drive12152025 DRIVE!! Davis to Berkeley 11:00 AM $18
644,"#drive09092024 #drive09162024 San Francisco ➜ Fremont | 8PM | $15 | 1 seat 🚗
flexible time"
645,#ride12162025 San Francisco to Sunnyvale | 2:00 PM | $30 | 1 seat pls
646,#drive12282025  DRIVE!!  from  Palo  Alto  to  Fremont  7AM  $22
647,#ride07162025 Need a ride Oakland -> Davis. Budget $22-27 😊
648,#drive09152024  Need  a  drive  Davis-Fremont.  Budget  $15-25
649,#ride09072025 Davis-San Jose | 7AM | $30 | 1 seat
650,"#ride03122025 from San Francsico to Berkeley | 6AM | $25 | 1 seat 🚗
flexible time"
651,#drive11252024 DRIVE!! Fremont -> Sacramento 11AM 😊
652,#drive10112024  #drive10122024  Need  a  drive  from  Sacramento  to  Palo  Alto.  Budget
653,#drive06162025 from Berkeley to SJ | 7:10 AM | $10 | 1 seat
654,#drive12292025 Fremont -> Sunnyvale 25 dollars leaving 6:15 PM
655,#ride07072024 RIDE!! from Oakland to San Francisco 6PM $12
656,#ride04232025 Need a ride Palo Alto -> Sunnyvale. Budget $30
657,#ride10082025 RIDE!! Berkeley -> San Jose 11AM $35 pls
658,#ride11032024 RIDE!! Berkeley ➜ Davis 10:30 AM $40
659,#ride04062025  Sunnyvale  ➜  Palo  Alto  |  4PM  |  $25  |  1  seat
660,#drive12252025 #drive12262025 Berkeley ➜ Sunnyvale $25 leaving 1:20 PM
661,#ride10282024 Fremont ➜ Sacramento $25 leaving 6AM
662,#ride06232024 Palo Alto to Davis | 9AM | $20 | 1 seat
663,"#drive04152024 Oakland to Sac | 9PM | $30 | 1 seat
pm me"
664,"#drive08172025 Oakland to San Francisco | 4:20 PM | $40 | 1 seat
comment below"
665,#drive03032024 Sunnyvale -> Sacramento | 12:40 PM | $12-20 | 1 seat 😊
666,#ride04272025 Need a ride Davis -> Fremont. Budget $15
667,#ride06072025 San Jose to Davis | 9:00 AM | $40 | 1 seat
668,"#ride08142025 Need a ride Davis to Fremont. Budget $30
flexible time"
669,#drive03302024 Need a drive San Francisco -> Sunnyvale. Budget $18 thx
670,#drvie06172025 San Jose-SJ | 9:40 PM | $30-40 | 1 seat
671,#ride06082024 Need a ride Sacramento-Fremont. Budget $22
672,#ride12222024 San Francisco -> Palo Alto | 3PM | $10 | 1 seat
673,#ride12072025 Need a ride Fremont-Sacramento. Budget 18 dollars
674,Oakland-Sunnyvale $18 leaving 6:50 AM 🚗
675,"#ride07172025 RIDE!! San Jose to Berkeley 9PM $12
comment below"
676,#drive08042025 DRIVE!! SJ ➜ Berkeley 9:45 PM $40
677,#ride11122025 RIDE!! from Oakland to Berkelye 8:40 PM 15 dollars !!
678,#ride09282025 Sacramento-Sunnyvale | 9AM | $30 | 1 seat
679,#ride04262025 Need a ride from Fremont to Berkeley. Budget $10 thx
680,Oakland -> Davis | 6:30 PM | $35 | 1 seat
681,#drive10172024 #drive10202024 Berkeley to Sacramento | 7PM | $22 | 1 seat ocmment below
682,#drive01292025 Fremont -> San Francisco | 1PM | $15 | 1 seat pls
683,#drive10022024 DRIVE!! Sacramento ➜ San Jose 10AM $22
684,#drive05232025 from Palo Alto to San Jose | 12PM | $22 | 1 seat thx
685,#ride02242024 San Francisco -> Fremont | 8:10 PM | $30-35 | 1 seat
686,#drive08162024 from Sacramento to Palo Alto  |4PM | $35 | 1 seat
687,#drive05302024 #drive06022024 Need a drive San Francisco ➜ Sacramento. Budget thx
688,#drive03082024 #drive03102024 from Sacramento to SF $15 leaving 4:00 PM !!
689,#ride02142025 SJ ➜ Sacramento $25 leaving 2PM
690,#ride12152025 Sacramento-Palo Alto | 10PM | $40 | 1 seat
691,#ride02202025 Need a ride Berkeley -> Sac. Budget $12-22 thx
692,#drive03222024 DRIVE!! San Francisco ➜ Oakland 10PM 30 dollars
693,#drive03022025 DRIVE!! Palo Alto -> Fremont 8:10 AM
694,#drive07182024 Need a drive Oakland ➜ San Jose. Budget
695,#ride09182025 San Jose ➜ Berkeley | 4PM | | 1 seat
696,#drive11102024 #drive11112024 Davis ➜ Oakland $20-25 leaving 3:45 PM
697,#ride04282025 Oakland to Palo Alto $10-15 leaving 6PM
698,#ride04282025  from  Davis  to  Sunnyvale    leaving  9:30  AM
699,#ride04072025 Need a ride Fremont ➜ Palo Alto. Budget $35
700,"#drive11062025 Need a drive San Francisco-Palo Alto. Budget
pm me"
701,#drive02112025 Need a drive Berkeley-San Jose. Budget 22 dollars
702,#ride06122024 RIDE!! Palo Alto ➜ Sacramento 3PM $18 !!
703,"#drive04262025 Sunnyvale ➜ Berkeley | 10:10 PM | $30-40 | 1 seat pls
comment below"
704,"#drive10212024 #drive10242024 DRIVE!! Oakland ➜ Sunnyvale 12PM $25 !!
anyone?"
705,#drive06022025  DRIVE!!  San  Jose  ➜  San  Francisco  7:45  AM  $22
706,#ride03062024 Need a ride from San Francisco to Sunnyvale. Budget $30
707,#drive06152024 DRIVE!! Palo Alto -> Oakland 5PM $35-40
708,#ride02272025 Berkeley-Palo Alto 25 dollars leaving 3:50 PM
709,#drive06112024 Berkeley-Oakland $18 leaving 11AM
710,#drive11022024 SF to Palo Alto $25 leaving 6PM
711,#ride12212025 Need a ride Fremont-Sacramento. Budget $15
712,#drive02172025 Need a drive Sacramento-Fremont. Budget $10
713,"#ride09192025 Need a ride Fremont ➜ Oakland. Budget $40
comment below"
714,#rdive12252024 Palo Alto -> Fremont  leaving 8:30 PM
715,from  Palo  Alto  to  Oakland  $15  leaving  7PM
716,Sunnyvale to Palo Alto | 6AM | $20 | 1 seat
717,#drive01082024 #drive01112024 from Sunnyvale to Berkeley $30 leaving 12:10 PM pls flexible time
718,#ride03122025 Palo Alto -> Oakland  leaving 8:15 AM
719,#ride08112025 Palo Alto to Oakland | 9:00 PM | $20 | 1 seat
720,#ride02042025 Need a ride Oakland-Berkeley. Budget 12 dollars
721,#ride03272025  San  Jose  to  SF  $20-30  leaving  6:30  PM
722,#ride11132025 from Sacramento to Sac | 6PM | $40-48 | 1 seat
723,Need  a  drive  Berkeley-Fremont.  Budget  🚗
724,#ride09042025 from Sacramento to SJ $30 leaving 10PM !!
725,#drive09232025 #drive09252025 Sunnyvale to Berkeley | 2:00 PM | $20-25 | 1 seat !! anyone?
726,"#drive12012025 DRIVE!! Davis-Palo Alto 1:00 PM $22 !!
pm me"
727,#ride08222024 RIDE!! Oakland-Berkeley 6PM $25 🚗
728,#drive05052024 Need a drive Palo Alto to Berkeley. Budget $18-28
729,#ride10052024  from  Sunnyvale  to  Berkeley  |  1PM  |  $40  |  1  seat  !!
730,#ride12162024 RIDE!! Oakland-Sacramento 11AM $25
731,#ride01092025 #ride01112025 Need a ride from Sacramento to Berkeley. Budget $30
732,#drive01222024 #drive01242024 Sacramento to Davis | 2PM | $10 | 1 seat
733,#ride11182024 Need a ride Oakland to San Francisco. Budget $15 !!
734,#ride12242025 #ride12262025 Need a ride Davis to Sac. Budget $30
735,#ride10282025 RIDE!! San Jose to SF 11:20 AM 2 0dollars
736,#ride01092024 Need a ride from Davis to Palo Alto. Budget $22 😊
737,#ride01132025 Palo Alto ➜ San Jose | 1PM | $25-35 | 1 seat
738,#drive09232025 San Jose -> Palo Alto | 7:30 AM | $15-20 | 1 seat
739,#ride09232024  Need  a  ride  San  Francisco  to  Sunnyvale.  Budget  $15
740,#drive06302024 DRIVE!! Fremont to Palo Alto 10PM $20
741,#drive04062025  DRIVE!!  Berkeley  ➜  San  Jose  9AM  $12
742,#drive09112025 DRIVE!! Sunnyvale-Palo Alto 8AM $35
743,"#ride02232025 San Jose to Oakland | 8AM | $40 | 1 seat !!
flexible time"
744,#ride07072025 Fremont-Sunnyvale | 8AM | $15 | 1 seat
745,#drive03242024 Palo Alto to San Jose leaving 7PM
746,"#ride06212025 #ride06242025 Fremont to Berkeley | 3:30 PM |  | 1 seat
flexible time"
747,#drive09122025 San Jose ➜ Palo Alto | 3PM | $12-20 | 1 seat 😊
748,#drive08102024  Sunnyvale  ➜  Frmeont  $12  leaving  10PM  🚗
749,#ride04022024 RIDE!! Sacramento to Oakland 12PM 30 dollars pls
750,#ride01272025 Fremont -> Oakland | 12:15 PM | $22 | 1 seat comment below
751,#drive07172024 #drive07192024 Need a driev Sacramento to San Francisco. Budget $12
752,#drive11222025 Sunnyvale-Fremont 10 dollars leaving 8:20 AM
753,"#drive12212024 Davis ➜ San Jose $30 leavnig 9PM
comment below"
754,"#ride05082024 #ride05152024 RIDE!! from San Jose to Oakland 2PM 22 dollars !!
flexible time"
755,#drive12182024  Davis-San  Jose  $15  leaving  7AM
756,Sacramento to Berkeley | 2:50 PM | $20 | 1 seat
757,#ride03122025 Fremont-Sunnyvale | 8:00 AM | $10 | 1 seat 😊
758,#drive09182024 Palo Alto -> Sacramento $15 leaving 11:10 AM
759,#ride05502025  San  Jose  ➜  Palo  Alto  $10  leaving  9:45  AM
760,"#ride11302024 RIDE!! Palo Alto to San Francisco 6AM $40
comment below"
761,"#ride06072024 Need a ride from Sunnyvale to SF. Budget $30
comment below"
762,#drive09152025 Fremont -> San Francisco | 11AM | $22 | 1 seat thx
763,#drive04242024 from Berkeley to Palo Alto $15-20 leaving 10:00 AM 😊
764,#ride09302025 RIDE!! San Jose-Berkeley 10:40 PM 15 dollars 🚗
765,#ride01242025  Need  a  ride  Palo  Alto  ➜  Sacramento.  Budget  $15
766,#drive11122024 Davis ➜ SF $12 leaving 6PM
767,#ride05042024 Need a ride San Jose -> Davis. Budget 🚗
768,#ride03112024 from San Francisco to Fremont | 1:00 PM | $30 | 1 seat
769,#drive01262024 Sunnyvale -> Sacramento $18 leaving 9PM
770,#drive08282025 Davis-Palo Alto | 4PM | $20 | 1 seat
771,#drive02202025 Davis -> Oakland 35 dollars leaving 5PM
772,#drive05022025  Berkeley  ➜  Sunnyvale  $10  leaving  5PM
773,#drive03252024 from Palo Alto to Sunnyvale | 7:40 AM | $15-23 | 1 seat thx
774,#ride06092024  Need  a  ride  SJ-Sunnyvale.  Budget  $22
775,#ride08222024 RIDE!! from Sunnyvale to Berkeley 4PM $15
776,#ride03232025 Davis- > Fremont $15 leaving 6:50 PM
777,#drive06242024 Need a drive Sacramento ➜ Oakland. Budget $22
778,Sunnyvale to Oakland $15 leaving 7:30 AM
779,#drive08172025 DRIVE!! from Davis to Berkeley 3:40 PM $10-20 thx
780,"#ride06242025  #ride06272025 Fremont ➜ Berkeley | 7:30 AM | $40-50 | 1 seat
comment below"
781,#ride05132025  RIDE!!  San  Francisco-San  Jose  6AM  $25
782,#drive08092024 Need a drive Berkeley -> Palo Alto. Budget $35 !!
783,#drive12072025 from Palo Alto to San Francisco $15 leaving 8:20 PM
784,#ride09182025 Sacramento -> Sac $15 leaving 6:10 PM anyone?
785,#drive03152025 Berkeley to Davis $25 leaving 7:15 AM pls
786,#ride08142024 Need a ride Oakland ➜ SJ. Budget $15-25 !!
787,#drive03052024  Oakland-Berkeley  |  7:50  AM  |  $40  |  1  seat
788,#ride11022025 #ride11032025 RIDE!! Davis-Sacramento 8AM $18 🚗
789,#drive02172025 #drive02192025 Palo Alto-Oakland | 6PM | $35 | 1 seat
790,#drive01072024  Need  a  drive  Palo  Alto-Sacramento.  Budget
791,"#drive07092025 Need a drive Sac-San Francisco. Budget $12
comment below"
792,#ride02232025 RIDE!! Palo Alto -> Davis 7:15 AM $15
793,"#ride05032025 #ride05052025 Oakland -> Sacramento | 9AM | $25 | 1 seat
anyone?"
794,#ride04222024 from SJ to Sacramento $18 leaving 8:15 PM
795,#ride04152024 Need a ride Davis ➜ Oakland. Budget $20
796,"#ride10032025 #ride10102025 from San Francisco to Berkeley | 7PM | $20 | 1 seat
comment below"
797,Sunnyvale -> Oakland $22 leaving 10PM thx
798,#ride06082025  #ride06102025 Berkeley ➜ Oakland | 7AM | $20-25 | 1 seat
799,#drive02122025 DRIVE!! Sacramento -> Berkeley 11:20 AM $18
800,#ride12042024 #ride12062024 Sacramento ➜ Davis | 10PM | $18 | 1 seat !! anyone?
801,#ride07112024 RIED!! from San Francisco to Sunnyvale 4:30 PM $30
802,#ride06272024 frmo Davis to Palo Alto $22 leaving 9:00 AM thx
803,#drive06252024 Berkeley to Fremont | 8:45 AM | $40 | 1 seat
804,#drive03212024 Davis -> Palo Alto | 9:20 PM | 35 dollars | 1 seat
805,#ride03152025  RIDE!!  from  San  Francisco  to  Berkeley  7AM  $25  !!
806,#drive10042025 from Berkeley to Sunnyvale | 3:30 PM | $22 | 1 seat
807,#ride11162025 Need a ride Palo Alto ➜ Sunnyvale. Budget
808,#drive04032024 from Berkeley to Davis | 5PM | 15 dollars | 1 seat thx
809,#ride01032024 Sacramento ➜ SF | 7:30 PM | $30 | 1 seat 🚗
810,#ride05272025 RIDE!! San Jose -> Palo Alto 4:30 PM $40
811,"#ride02172025 San Francisco-Oakland | 8AM |  | 1 saet
pm me"
812,#drive11122025 Sunnyvale -> Oakland $20-28 leaving 9:30 PM
813,"#ride04232025 San Jose-Fremont | 8AM | $10 | 1 seat !!
flexbile time"
814,#drive12262024 Berkeley to Davis | 12PM | $20 | 1 seat
815,#ride01192024 Sunnyvale-San Francisco $30 leaving 6:00 AM
816,"Need  a  drive  Sunnyvale  to  San  Francisco.  Budget  $30
anyone?"
817,#ride10272024 Oakland ➜ Palo Alto $15 leaving 6:15 PM pls flexible time
818,#ride08022024 Sunnyvale-San Francisco | 11:00 AM | $22 | 1 seat
819,#ride06042024 Sunnyvale ➜ San Jose | 9:10 AM | $18 | 1 seat
820,"#ride09042024 from Berkeley to Palo Alto  leaving 8P
Mpm me"
821,#drive08212024 #drive08232024 Need a drive San Francisco ➜S unnyvale. Budget $40
822,#ride10092025 RIDE!! San Francisco to Berkeley 5:20 PM $35
823,#drive11112024 DRIVE!! San Jose to Fremont 3:30 PM $22-32
824,#drive04292025 Need a drive from Oakland to Sunnyvale. Budget $10 😊
825,RIDE!! Sunnyvale-Oakland 4PM $20
826,Sunnyvale  ->  Fremont  $12  leaving  10:00  AM
827,#drive02222025  DRIVE!!  Palo  Alto  to  Oakland  8:00  PM  flexible  time
828,#ride02192025 Need a ride Palo Alto-Oakland. Budget
829,#ride01152025 Palo Alto to Sunnyvale $35-45 leaving 10AM
830,SF-Palo Alto 25 dollars leaving 12:40 PM
831,#drive06032025  Davis  ->  San  Jose  |  1:10  PM  |  $30  |  1  seat
832,#drive06232024 Need a drive Sac ➜ Oakland. Budget $30
833,#drive10292025 Need a drive San Francisco to Palo Alto. Budget 30 dollars
834,#drive03512025 Berkeley-San Jose $35 leaving 9PM
835,#drive02122025 DRIVE!! Oakland -> Freomnt 12PM 18 dollars
836,"#drive07132024 from San Francisco to Oakland $30 leaving 8AM 🚗
pm me"
837,#ride01052025 from Sacramento to Davis | 10:40 AM | $35-45 | 1 seat thx
838,#drive12122025 DRIVE!! from Oakland to Sunnyvale 8:50 AM 40 dollars
839,#ride12102025 San Francisco ➜ San Jose $15 leaving 11:00 AM
840,#drive01142025  Davis  ➜  Sacramento  |7  AM  |  $22  |  1  seat  !!
841,#drive04212024 DRIVE!! from Fremont to Palo Alto 8AM $15
842,#ride06152024 RIDE!! Sacramento -> Oakland 5PM $30
843,Need a drive Berkeley-Palo Alto. Bugdet $22 comment below
844,#drive09262025 Berkeley to San Francisco | 5:45 PM | $18 | 1 seat
845,#drive08202025 San Jose ➜ Fremont | 4PM | $12 | 1 seat
846,#ride10182024 Fremont-San Jose  leaving 6PM
847,#drive12072024 #drive12142024 Sunnyvale to Sacramento $35 leaving 12PM
848,#drive08022025 DRIVE!! Palo Alto to Sacramento 8:20 AM $35-45
849,#drive12302025 DRIVE!! Berkeley to Davis 7:50 AM $10
850,#drive10172024 from Fremont to Oakland2 5 dollars leaving 7AM
851,#drive03242025 DRIVE!! from Berkeley to San Jose 9PM $40 flexible time
852,#ride07212024 from San Francisco to Sacramento  leaving 6AM
853,#ride02222205 Need a ride Oakland-San Jose. Budget $40-48 pls
854,#ride10042025 RIDE!! from Palo Alto to San Francisco 10PM $35
855,#drive07072025 DRIVE!! from Oakland to San Francisco 6:30 PM $20
856,#drive05292024 DRIVE!! Palo Alto -> Fremont 5:15 PM $10
857,#drive06212024 San Francisco ➜ Sunnyvale 10 dollars leaving 5PM
858,#drive07192025  Need  a  drive  Palo  Alto  to  Sacramento.  Budget  $15  🚗
859,#ride03262025 RIDE!! Oakland to San Francisco 1PM $10
860,#drive02092024 Palo Alto-San Francisco | 10PM | $12 | 1 seat
861,#ride06282025 Fremont-San Francisco $10 leaving 9:10 AM
862,#drive07232025 Oakland -> Davis  leaving 6AM pls
863,#drive08112024 Need a drive San Francisco to Berkeley. Budget $20
864,"#ride07072024  Need  a  ride  San  Francisco  ->  San  Jose.  Budget  $12-17
pm  me"
865,#ride04172025 from SF to Fremont | 9AM | $35 | 1 seat 🚗
866,#drive12262025 Palo Alto-Sac $25 leaving 8:40 AM
867,#drive01292024 Need a drive from Palo Alto to Oakland. Budget 40 dollars
868,#ride08232024 Need a ride Sunnyvale-Palo Alto. Budget $10
869,#ride07132024 #ride07152024 RIDE!! Fremont ➜ Berkeley 3PM thx
870,#ride03262025 Davis ➜ Sacramento $30 leaving 6:40 PM
871,#ride06222024 San Jose ➜ San Francisco $22-32 leaving 10:20 AM 😊 comment below
872,"#ride12112025 Oakland-San Jose | 3:20 PM | $18 | 1 seat !!
anyone?"
873,#drive07122025 SF ➜ San Jose $12 leaving 8AM
874,DRIVE!!  San  Jose-Palo  Alto  7PM  $20  !!
875,#ride11112025  Sacramento-San  Francisco    leaving  9:10  AM
876,#drive04232025 Sunnyvale to Berkeley | 8AM | $30-35 | 1 seat
877,#ride05102024 RIDE!! from Palo Alto to San Jose 4:15 PM $20
878,#drive11252024 DRIVE!! from San Francisco to Oakland 4PM $18
879,"#ride03072025 #ride03092025 Oakland-Fremont | 5:30 PM | $10 | 1 seat
anyone?"
880,#drive01242024 Need a drive Palo Alto -> Sacramento. Budget 40 dollars
881,#ride05182024 RIDE!! Sacramento ➜ Fremont 3PM $25
882,"#ride10062024 Need a ride San Francisco-San Jose. Budget $18
pm me"
883,Fremont to San Jsoe $25 leaving 7:00 AM
884,#drive10112024  Berkeley-Fremont  |  10PM  |  $15  |  1  seat
885,#drive08062025 #drive08132025 DRIVE!! Sacramento-Sunnyvale 9:40 PM $30
886,#drive08132025 Need a drive San Francisco -> Sunnyvale. Budget $30 !!
887,"#drive11082025  Need  a  drive  Sunnyvale  ➜  San  Francisco.  Budget  $25
pm  me"
888,#ride11302024  Need  a  ride  from  Sacramento  to  Berkeley.  Budget  $12
889,#drive01252025 Palo Alto to Berkeley $35 leaving 3PM
890,#drive06182025 Need a drive from Fremont to Sacramento. Budget $35
891,"#ride09142025 #ride09172025 Fremont -> San Jose $22 leaving 8:50 PM
pm me"
892,#ride10212025 from San Jose to Fremont  leaving 7AM
893,#drive02082024 from Berkeley to San Francisco | 2PM | $18 | 1 seat pm me
894,#drive05012025 Palo Alto ➜ Fremont 40 dollars leaving 6AM
895,#ride10222025 Need a ride Berkeley -> Davis. Budget $22 !!
896,#drive07302025 #drive07312025 Sac -> Oakland $12 leaving 1:45 PM pls
897,#ride02212024  RIDE!!  Davis  ->  Berkeley  3PM  $22-30
898,#drive03012025 Need a drive Sacramento to Palo Alto. Budget $20
899,"#drive01152025 Palo Alto -> San Francisco | 12:20 PM |  | 1 seat
pm me"
900,#drive05102024 Davis to San Francisco leaving 8AM
901,#drive12282024 Need a drive from Berkeley to Sacramento. Budget $30
902,"#drive09182024 DRIVE!! Davis-Sunnyvale 9PM $12 pls
anyone?"
903,"#ride03162024  Need  a  ride  San  Jose  to  Oakland.  Budget
anyone?"
904,Fremont-Davis | 8PM |  | 1 seat 😊
905,#drive03072024 #drive03102024 DRIVE!! Sacramento-Davis 8:45 AM !!
906,#drive11162024 San Jose ➜ Palo Alto | 8:45 AM | $35-45 | 1 seat
907,#drive10062024 Berkeley ➜ Oakland | 5:50 PM | $10 | 1 seat
908,#drive05022025 Davis -> Palo Alto $10 leaving 7PM
909,#drive02062024 #drive02082024 Palo Alto -> San Francisco $22 leaving 11:10 AM !!
910,#ride01152025 Need a ride Berkeley ➜ Sacramento. Budget 😊
911,#drive08062024 from Palo Alto to San Francisco  leaving 9AM
912,"#drive07132024 #drive07202024 Need a drive Sac to Oakland. Budget $20
anyone?"
913,#ride07152024 Need a ride San Francisco -> Berkeley. Budget $20 😊
914,#ride03042024 RIDE!! Palo Alto to Fremont 7AM
915,#drive01262025 Berkeley-Oakland | 4PM | $12 | 1 seat
916,#ride09112024 Palo Alto ➜ Oakland leaving 7:45 AM
917,"#drive01242024 Sunnyvale -> San Jose $30 leaving 10:20 PM !!
anyone?"
918,#drive05262025 SJ-Fremont $35 leaving 12:20 PM
919,#drive11282024 #drive12052024 Fremont to Oakland | 4PM | $22 | 1 seat
920,#drive01082025 Need a drive Sa cto San Jose. Budget 15 dollars comment below
921,#ride01282024 from Fremont to San Jose $10 leaving 9:30 AM
922,#drive05300224 Oakland-San Jose $35 leaving 7AM
923,"#drive05192025 DRIVE!! San Jose ➜ Sacarmento 6PM
anyone?"
924,#drive08142025 Need a drive Sunnyvale ➜ Oakland. Budget $30-38
925,#ride11012024 Oakland ➜ Fermont | 10PM | 40 dollars | 1 seat
926,#rdie04202024 Need a ride from Sacramento to Berkeley. Budget $25
927,#ride04082025 Oakland-San Francisco $40 leaving 8AM
928,#ride04182025 Berkeley-San Jose | 4PM | $22 | 1 seat
929,#ride11132024 Berkeley ➜ Fremont | 1:15 PM | $20-30 | 1 seat
930,#ride10102024 RIDE!! from San Jose to Davis 9AM $22
931,#ride08302024 Berkeley ➜ Palo Alto | 4PM | $35 | 1 seat thx
932,#drive08272025 San Jose-Davis $25-33 leaving 8PM comment below
933,#ride06042024 Need a ride Berkeley ➜ Sacrametno. Budget $22
934,#ride05142025 Fremont ➜ Sunnyvale | 9AM | $12 | 1 seat
935,#drive11272024  Sacramento-Berkeley    leaving  1:20  PM
936,#ride06082024  RIDE!!  Sunnyvale  ➜  SF  6PM  $20
937,#drive04152024 DRIVE!! from Palo Alto to Davis 10PM
938,#drive05272025  DRIVE!!  from  San  Jose  to  Sacramento  4:20  PM
939,#ride02212025 Need a ride San Jose to Oakland. Budget $25 thx
940,#drive08222024  Sacramento  ->  San  Jose  $20  leaving  9AM
941,Berkeley ➜ Fremont $25 leaving 8AM thx
942,#ride07232025 Need a ride Davis ➜ San Jose. Budget
943,"#ride04012024  Need  a  ride  from  Fremont  to  Berkeley.  Budget  $15
comment  below"
944,#drive04292025 DRIVE!! Berekley -> Davis 9PM $12 😊
945,#drive03042025 #drive03072025 from Oakland to Palo Alto | 7PM | $10 | 1 seat
946,#drive12132024  Need  a  drive  Davis  ->  San  Jose.  Budget  $15  thx
947,#ride02052024 Need a ride Berkeley ➜ Sunnyvale. Budget $22
948,#drive01172024 DRIVE!! Fremont to Davis 1PM $35
949,#drive06202024 Need a drive from Berkeley to SF. Budget $30
950,#drive11212025 Need a drive San Francisco ➜ Fremont. Budget 22 dollars 😊
951,#drive08272025 DRIVE!! from Davis to Sunnyvale 8:00 AM
952,#ride02062025 Need a ride Sunnyvale ➜ San Jose. Budget $40
953,#ride12022024  Palo  Alto  to  Berkeley  $22  leavnig  8:45  PM
954,Need a drive SF to Berkeley. Budget $35 !!
955,#drive03052024 Sacramento ➜ Oakland | 7:50 PM | $22-30 | 1 seat
956,#ride04232024  Fremont  to  Sunnyvale  |  1:50  PM  |  $12  |  1  seat
957,#drive05082024 Need a drive Berkeley-San Francisco. Budget $35 pls
958,#ride12072025 RIDE!! Oakland to Sunnyvale 7PM $10 🚗
959,#drive04052024 Need a drive from Sunnyvale to Fremont. Budget flexible time
960,#drive11082024 Berkeley-San Francisco $20 leaving 2:20 PM
961,#drive09082024 #drive09152024 Fremont to San Francisco | 9AM | $18 | 1 seat pls
962,#ride02252025 RIDE!! Oakland -> Davis 11AM $15 🚗
963,#drive01092024 Palo Alto-Fremont | 9:00 PM | $12 | 1 seat 🚗
964,#drive03032025 Sacramento -> Fremont | 6PM | $15 | 1 seat
965,#irde06282025 RIDE!! Sacramento-Davis 9PM $12
966,"RIDE!! Fremont-SJ 9:50 A M$35
comment below"
967,#drive11042025 DRIVE!! Davis ➜ Sacramento 10:45 PM $12
968,#drive01222024 from San Jose to Oakland | 9:10 PM |  | 1 seat
969,#drive11092025 DRIVE!! from Berkeley to Davis 4:50 PM $35 thx
970,"#ride06092025 Need a ride San Jose ➜ Sacramento. Budget 20 dollars
comment below"
971,#ride03082024 Need a ride San Francisco ➜ Palo Alto. Budget $12 pls
972,#drive04092024 DRIVE!! Sac -> San Jose 11:40 AM $30-35
973,#drive05092025 from Berkeley to SF $53 leaving 9PM
974,#drive01242024 Berkeley-Oakland $40-50 leaving 7:40 PM
975,#ride11172024 Need a ride Berkeley -> San Jose. Budget $40
976,#ride06242025 from Sunnyvale to San Jose leaving 9:30 PM
977,#ride12182024 Need a ride Oakland -> Palo Alto. Budget $12
978,#ride12232024 from Palo Alto to Sacramento $35 leaving 7PM
979,"#drive03252024 San Francisco -> San Jose | 6:20 AM | $18 | 1 seat
anyone?"
980,#drive02192024  DRIVE!!  Sunnyvale  ➜  Berkeley  9:45  AM  $35  pls
981,"#drive10282024 Need a drive from Sunnyvale to Palo Alto. Budget $18 thx
flexible time"
982,"#drive01232025 Palo Alto -> SJ | 8AM | $35-45 | 1 seat
comment below"
983,#ride08102024 RIDE!! Fremont-San Jose 10:00 PM
984,#ride07282024 #ride07312024 Sunnyvale to San Francisco $20 leaving 8AM thx flexible time
985,#drive12012025 Davis to Berkeley $51-20 leaving 6AM
986,#drive05092024 from Berkeley to Davis | 4:30 PM | $20 | 1 seat
987,#drive12172024  Davis  ➜  Fremont  |  6PM  |  $20-28  |  1  seat
988,#ride04042024  Fremont-Sac  $22  leaving  11:10  AM
989,#drive07082024 from Sunnyvale to Berkeley | 10:30 AM | $35-43 | 1 seat
990,#drive03162025 DRIVE!! Sacramento ➜ Davis 6AM
991,#ride02252024 San Jose ➜ San Francisco $25 leaving 4PM
992,#drive04032024 Berkeley ➜ Fremont | 5PM | $40 | 1 seat
993,#drive10032024 DRIVE!! Davis -> Oakland 10:30 PM $40
994,#drive11292024 DRIVE!! SJ-Davis 4:50 PM $12
995,#drive01072024 Need a drive from Sac to Palo Alto. Budget
996,#ride09282025 Need a ride San Francisco -> Fremont. Budget $20
997,#ride08142024 RIDE!! from Sunnyvale to Palo Alto 9:30 PM $40-48
998,#drive08222025 Oakland to Sacramento | 7AM | 22 dollars | 1 seat
999,#drive01132025  from  San  Jose  to  Fremont  |  6:00  AM  |  $22  |  1  seat  !!
1000,#ride07272024  Davis  to  Sacramento  |  10:30  AM  |    |  1  seat
1001,Need a ride San Jose ➜ San Francisco. Budget $25
1002,#ride04042024  #ride04072024  RIDE!!  Palo  Alto  to  Davis  7:00  AM  $15
1003,#ride01272025 #ride02032025 RIDE!! Berkeley-Palo Alto 10:15 PM $20
1004,#ride06252024 RIDE!! Sacramento ➜ Davis 9AM
1005,#drive12242025  DRIVE!!  Berkeley  to  Oakland  9PM  comment  below
1006,#ride12162024 San Jose -> Palo Alto | 7PM | $25-35 | 1 seat pls
1007,#drive08042025 Need a drive San Jose to Sunnyvale. Budget $15
1008,#ride07012025 RIDE!! Berkeley -> Sunnyvale 2PM $12
1009,#drive04222024 Need a drive from Oakland to Fremont. Budget $10
1010,#drive11212024  DRIVE!!  from  Davis  to  Fremont  9:50  PM  $40-50
1011,#ride10072025 #ride10102025 Need a ride San Jose ➜ Fremont. Budget $20-30 🚗
1012,#drive06082025  Palo  Alto-Fremont  |  4PM  |  $20  |  1  seat
1013,#drive03262024 DRIVE!! Sacramento ➜ San Jose 6:10 AM 35 dollars
1014,#ride01132025 RIDE!! Davis -> San Jose 10PM $35
1015,#drive07202025 Need a drive Berkeley-Fremont. Budget $10 flexible time
1016,#drive06242024 Berkeley-San Francisco | 6:15 PM | $40 | 1 seat
1017,#drive02082025  DRIVE!!  San  Jose-Berkeley  4PM  $20
1018,#drive08202025 Need a drive Sunnyvale to Sacramento. Budget $10
1019,Need a ride Oakland to Davis. Budget $18-23 thx
1020,#ride12032024 San Francisco -> Palo Alto $22 leaving 7:15 PM
1021,#drive07302025 DRIVE!! Sunnyvale-Palo Alto 10:50 PM $18
1022,#ride09202024 RIDE!! Sacramento -> San Jose 7:40 AM $40
1023,#drive01262025 Davis to Sunnyvale | 8AM | $30 | 1 seat
1024,#ride01192025 from SF to Sunnyvale $12 leaving 10:20 PM
1025,#ride12272024 San Jose-Berkeley $15 leaving 12PM pls
1026,#ride02122024 Sacramento-Fremont $20 leaving9 PM 😊
1027,DRIVE!! Davis to Oakland 1:50 PM $10
1028,"#ride04022025 RIDE!! Palo Alto ➜ San Jose 8:15 AM $18
comment below"
1029,#ride07112025 Need a ride Sunnyvale-Palo Alto. Budget $40
1030,#ride04212024 Davis ➜ Sacramento $15 leaving 4PM
1031,San Jose-Oakland | 4:10 PM | $18 | 1 seat
1032,#ride03192025 RIDE!! from San Jose to San Francisco 11AM $40 !!
1033,#ride05022025 Sunnyvale -> Berkeley $12 leaving 12PM
1034,#ride03032025 #ride03062025 Need a ride Sunnyvale ➜ Sacramento. Budget $30
1035,#ride05292025 Need a ride Oakland to SJ. Budget $35-40
1036,#drive01082025 DRIVE!! Palo Alto to Fremont 8AM $25
1037,"#ride09072024 RIDE!! Davis-Berkeley 12:10 PM $15
pm me"
1038,#drive12302024  Need  a  driveS  unnyvale  ➜  Oakland.  Budget  $30
1039,#ride02222024 from Davis t oSacramento | 9:40 PM | $18 | 1 seat
1040,Need a drive Palo Alto to San Jose. Budget $30-38 🚗
1041,#drive01162024 Fremont ➜ San Jose | 12:15 PM | $15 | 1 seat !!
1042,#ride01162025 Need a ride Palo Alto -> San Francisco. Budget $10-18 😊
1043,"Need a drive from San Franicsco to Sacramento. Budget $40
anyone?"
1044,#drive11092024 #drive11112024 DRIVE!! Fremont-Sunnyvale 9:40 PM $18
1045,#drive02192024 DRIVE!! San Francisco ➜ Palo Alto 6PM $20
1046,#drive11302024  Oakland  to  Palo  Alto  $10  leaving  3PM
1047,#drive10262024 Berkeley-Fremont | 12PM | $15 | 1 seat
1048,#drive10292025 Sacramento -> Oakland $15 leaving 5:40 PM 😊
1049,#drive09032024 DRIVE!! Berkeley to San Jose 12:30 PM $40
1050,"#ride05212025 Sacramento ➜ San Jose $12-17 leaving 12PM
comment below"
1051,#drive06182024 DRIVE!! Davis-Sunnyvale 10:40 AM $22
1052,#ride04102024 RIDE!! from Oakland to Davis 10:15 AM
1053,#ride06132024 Oakland-San Jose | 3:40 PM | $40 | 1 seat
1054,#ride06212024 San Jose -> Berkeley $18 leaving 8AM thx
1055,#drive03252024 DRIVE!! Sacramento -> Davis 2:50 PM $25-30
1056,#drive04222025 Need a drive Sacramento -> Palo Alto. Budget
1057,Need  a  ride  San  Jose  ➜  Davis.  Budget  $22
1058,#ride08132025 Sacramento to Sunnyvale | 9:20 AM | | 1 seat
1059,Palo Alto -> Davis | 8:15 AM |  | 1 seat !!
1060,"#ride12292024 from Sunnyvale to Sacramento | 3PM | $20 | 1 seat
anyone?"
1061,#drive08012024 DRIVE!! Fremont-San Jose 9PM $22
1062,#drive12022025 Berkeley to Oakland | 3PM | $20 | 1 seat
1063,#drive11132024 #drive11152024 San Francisco to Palo Alto $40-45 leaving 11:50 AM thx
1064,#drive11142025 #drive11212025 Need a drive from Berkeley to Sac. Budget $10
1065,#drive11022024 Oakland -> Davis leaving 12PM
1066,#ride01202024 RIDE!! Fremont-Sacramento 7PM $10
1067,#drive03302025 #drive03312025 Fremont to Sunnyvale $25-35 leaving 3:10 PM
1068,San Jose-Oakland $35 leaving 9PM pls
1069,#ride11162024 RIDE!! Davis to Berkeley 10PM pls
1070,#drive04272024 Sunnyvale to San Francisco | 7:50 PM | $22 | 1 seat
1071,#ride12172025 Berkeley ➜ Sunnyvale | 7AM | $30 | 1 seat
1072,#drive12262025  Davis  ->  Palo  Alto    leaving  6AM
1073,#drive04052024 San Jose-Sacramento | 8:30 PM | $18 | 1 seat
1074,"#ride09092025 RIDE!! Oakland -> San Francisco 7AM $10
comment below"
1075,#drive04062025 San Francisco -> Oakland $40-45 leaving 8AM
1076,#drive09062025 DRIVE!! Fremont to Sacramento 1:15 PM $15-25 😊
1077,#ride01162024 Davis -> Palo Alto | 2PM | $30 | 1 seat
1078,#ride12262024 #ride12282024 RIDE!! Davis -> Palo Alto 9:50 AM 35 dollars thx
1079,#ride08202025  Davis  to  Fremont  25  dollars  leaving  9AM
1080,#ride09252025 Need a ride San Jose-Palo Alto. Budget 😊
1081,#drive06032024  Need  a  drive  Palo  Alto  to  Davis.  Budget  pls
1082,#ride05152024 from Berkeley to Sac $15 leaving 10PM
1083,#ride07262024 San Francisco ➜ Berkeley | 3PM |  | 1 seat thx
1084,#drive11092025 Palo Alto to Berkeley | 9PM |$20-28 | 1 seat
1085,#ride08122024 RIDE!! Berkeley -> San Francisco 8PM $15
1086,#drive02132024  DRIVE!!  Davis  ➜  SanJ  ose  6AM  $20  pls
1087,#drive08282024 DRIVE!! Sacramento ➜ Oakland 10:40 PM 18 dollars 🚗
1088,#drive05202024 Need a drive from San Francisco to Sacramento. Budget $35-43 😊
1089,#drive02232025 San Jose ➜ Oaklnad | 8:20 AM | $30 | 1 seat
1090,#ride11162025 San Francisco -> Oakland $15 leaving 6AM
1091,#drive03282025 DRIVE!! Fremont ➜ Sunnyvale 8:15 PM
1092,#ride12092024 #ride12112024 RIDE!! Berkeley-Davis 9:30 PM $15
1093,"#ride05092025  #ride05162025  from  San  Jose  to  Palo  Alto  |  11AM  |  $40  |  1  seat
comment  below"
1094,#drive04072024 #drive04102024 Fremont ➜ Palo Alto | 8AM | $30-40 | 1 seat
1095,#ride02292024  from  Fremont  to  San  Jose  |  10AM  |  $25  |  1  seat
1096,#ride07232024 Need a ride from Fremont to Berkele.y Budget $40-45
1097,#drive11132025 DRIVE!! Fremont -> SJ 12:20 PM $10
1098,#drive01212024 SF-Oakland | 11:40 AM |  | 1 seat
1099,#ride08222024  Oakland  ➜  Sunnyvale  |  10:45  AM  |  12  dollars  |  1  seat  😊
1100,#drive08022024 Need a drive Palo Alto-Sunnyvale. Budget pls
1101,#drive03182024 Need a drive from San Francisco to Sacramento. Budget
1102,#drive05262024 Need a drive from Berkeley to San Jose. Budget $20
1103,#drive12182025 #drive12212025 Sacramento to Oakland $10 leaving 8:45 PM
1104,#ride05282025 Fremont ➜ San Jose | 6AM | $30 | 1 seat
1105,Need a ride Fremont ➜ Palo Alto. Budget $12
1106,#drive02162024  Need  a  drive  San  Jose  ➜  SF.  Budget
1107,#drive04082025 San Jose to Palo Alto $10 leaving 12:50 PM
1108,#ride11032024 RIDE!! from Berkeley to Davis 1PM $18-28
1109,#drive11052025 #drive11072025 DRIVE!! from Sacramento to Davis 2:45 PM $30 thx
1110,"#ride12122024 San Jose ➜ Palo Alto $12-17 leaving 2:45 PM
flexible time"
1111,#drive03072024 DRIVE!! Fremont to Palo Alto 6AM thx
1112,#ride04172024 Fremont -> Davis | 1:20 PM | $30 | 1 seat 😊
1113,"#drive06012025 San Jose ➜ Davis | 3:50 PM |  | 1 seat
anyone?"
1114,#ride01052024 RIDE!! Palo Alto -> Berkeley 7:50 PM $30 🚗
1115,#ride11072024 Berkeley to Davis $15-20 leaving 8:30 AM
1116,#drive03112025 Sacramento-Oakland  leaving 9:50 PM
1117,#ride07072025 San Francisco -> Palo Alto  leaving 1:00 PM !!
1118,#drive02242025 Need a drive Fremont -> Davis. Budgte $18 !!
1119,#ride01172024 San Jose-Palo Alto  leaving 7PM
1120,#ride09112024 RIDE!! Sacramento ➜ Davis 11AM $18
1121,#ride04212024 RIDE!! Sunnyvale-San Francisco 6:30 AM $30
1122,#drive09272025  DRIVE!!  Oakland  ->  Berkeley  3PM  $15
1123,#ride01152024 #ride01222024 Need a ride Davis-Fremont. Budget 25 dollars
1124,#drive04092025 #drive04112025 DRIVE!! Palo Alto ➜ Berkeley 10:10 PM $30-40
1125,#drive10312024 San Francisco-Davis | 2:50 PM | $15 | 1 seat
1126,#ride03242024 RIDE!! from Sunnyvale to San Francisco 5PM
1127,#drive09102025 Need a drive Davis-Palo Alto. Budget $22-32
1128,#drive06292024  Sunnyvale  ➜  Oakland  |  3:45  PM  |  $18  |  1  seat
1129,#ride06062025 Need a ride Sacramento -> San Francisco. Budget $25-30
1130,#ride08172025 Sacramento -> Fremont $10 leaving 10AM
1131,#drive07232024  Need  a  drive  Fremont-San  Jose.  Budget  $20
1132,#ride08152025 San Jose to Berkeley $30 leaving 3:00 PM
1133,#drive06172024 DRIVE!! Oakland ➜ Palo Alto 9:50 PM $12 thx
1134,#drive12282025 #drive12292025 Berkeley-Palo Alto | 10:40 PM | $35 | 1 seat
1135,#ride03292024 Need a ride Sunnyvale -> San Jose. Budget 35 dollars
1136,#ride04162025  #ride04182025  Berkeley-Sunnyvale    leaving  9:40  PM
1137,#drive12302024 from San Francisco to Berkeley $18 leaving 10:50 PM
1138,#ride10222025 San Jose -> San Francisco $20 leaving 8AM
1139,#ride11072025 Need a ride from Davis to San Jose. Budget $18
1140,from Sacramento to Davis | 6:30 AM | $12 | 1 seat
1141,#drive08062024 Berkeley to Palo Alto | 6:45 PM | $30-35 | 1 seat
1142,#drive10222024 Need a rdive San Francisco ➜ Sac. Budget $20
1143,#ride03062024 Sunnyvale ➜ Davis $15 leaving 9AM 🚗
1144,#drive03132024 DRIVE!! Sunnyvale ➜ Berkeley 2:45 PM $10
1145,"#ride05262024 RIDE!! from San Francisco to Berkeley 7AM 20 dollars
comment below"
1146,#drive07272025 Palo Alto-Davis $12 leaving 6AM
1147,#ride04272042 #ride05042024 Need a ride Berkeley-Sunnyvale. Budget $35-43 😊
1148,#drive03112024 Sunnyvale-Fremont | 1:15 PM | $22 | 1 seat !!
1149,"#ride12192025 from SJ to Fremont | 12PM | $15 | 1 seat thx
comment below"
1150,#drive01162025 from Berkeley to Palo Alto $25-35 leaving 7PM
1151,Davis to Palo Alto $35 leaving 4:15 PM
1152,#ride08312025 Davis -> Oakland $20 leaving 7:00 PM
1153,#ride08152024 Fremont -> San Jose $10 leaving 6:40 AM flexible time
1154,#ride03132025 Need a ride Palo Alto-Oakland. Budget 😊
1155,#ride10072024 Need aride Fremont to San Jose. Budget $25
1156,"#ride02292024 Need a ride San Jose-Berkeley. Budget $35
pm me"
1157,RIDE!! from Sunnyvale to Davis 6:50 AM
1158,#ride11242024 Need a ride San Francisco-Berkeley. Budget $18
1159,#drive05222025 Need a drive Berkeley -> Fremont. Budget
1160,#ride06012025 Nee da ride Fremont-Berkeley. Budget $12
1161,#drive06202025 Palo Alto ➜ Sacramento | 5:40 PM | $40 | 1 seat
1162,#ride06292024 Need a ride from Davis to Berkeley. Budget $22 pls
1163,#ride10112024 Need a ride Sunnyvale -> Fremont. Budget $10
1164,#drive07102024 #drive07122024 aPlo Alto to San Francisco | 1:40 PM | $12 | 1 seat
1165,"#drive07242024 Need a drive Davis-Sacramento. Budget $15
flexible time"
1166,#drive02202024 Sunnyvale to Davis $15 leaving 2:10 PM
1167,#ride08122025 Need a ride San Jose ➜ Fremont. Budget $30
1168,#ride11132025 from Oakland to Fremont | 9AM |  | 1 seat
1169,#drive11022025 DRIVE!! Berkeley to San Jose 1PM $35
1170,#ride07212024 RIDE!! Sacramento ➜ San Francisco 2PM $15-25
1171,#ride07192024 San Francisco ➜ Davis $18 leaving 8AM pls
1172,#drive10032025 Sunnyvale -> Oakland | 10:40 PM | $35 | 1 seat
1173,#driev12242024 San Francisco ➜ Sunnyvale | 1PM | $25 | 1 seat
1174,"#ride08142025 Oakland ➜ Berkeley | 12PM | $35-40 | 1 seat !!
comment below"
1175,#ride12112024 Need a ride Sunnyvale-Fremont. Budget $30-35
1176,#drive01182024 DRIVE!! SF-Berkeley 6AM $10 🚗
1177,#ride02172025 #ride02202025 Need ar ide from Palo Alto to San Jose. Budget $30
1178,#drive10032024  Sunnyvale-Oakland    leaving  2PM
1179,#ride01212024 Need a ride San Francisco ➜ Palo Alto. Budget $22
1180,#ride05242024 San Jose -> Palo Alto 22 dollars leaving 5PM
1181,"#drive12222025 Oakland to Sacrmaento | 8:30 AM | $20 | 1 seat
pm me"
1182,#ride09202024 Sacramento -> Fremont  leaving 11:45 AM 🚗
1183,#drive12152024  Need  a  drive  San  Jose  ➜  Palo  Alto.  Budget  $15-23
1184,#drive11242025 Sunnvyale -> Oakland $40-45 leaving 7:50 AM
1185,#ride07162024 Sunnyvale ➜ Oakland 40 dollars leaving 9:10 PM pls
1186,#drive07032024 #drive07062024 Oakland-San Jose | 4PM | | 1 seat
1187,#drive08072024 from San Jose to Davis | 8:45 PM | $22 | 1 seat
1188,#drive01142025 DRIVE!! from Palo Alto to Sunnyvale 3PM $15
1189,#drive10202025 San Jose to Sac | 9PM | $10 | 1 seat 🚗
1190,#drive08112025 Berkeley ➜ Sunnyvale | 7PM | $40 | 1 seat
1191,#drive02222025 Oakland-Palo Alto | 4PM | $18 | 1 seat
1192,#drive04172025 from Palo Alto to Fremont | 7AM |  | 1 seat pls
1193,#drive09102024 from Davis to Sunnyvale  leaving 4:15 PM thx
1194,#drive05112025 San Francisco -> Fremont | 4:40 PM | $40 | 1 seat
1195,San Francisco ➜ Davis leaving 3:10 MP comment below
1196,#drive08282025 Sunnyvale ➜ Oakland | 1PM | $22 | 1 seat
1197,#drive06202025 Need a drive from Palo Alto to San Francisco. Budget thx
1198,#drive02292024 Need a drive Palo Alto-San Francisco. Budget 12 dollars pls
1199,#drive12082024 San Jose-Davis $20 leaving 2PM 🚗
1200,#drive09242024 #drive09272024 San Francisco-Fremont | 12:20 PM | 20 dollars | 1 seat 🚗
1201,#ride08162025  San  Jose  ->  Sacramento  |  10AM  |  $22  |  1  seat
1202,#ride01032024 from Davis to Sacramento 18 dollars leaving 9:00 AM
1203,#drive06262024 #drive06292024 from Fremont to Palo Alto | 1:15 PM |  | 1 seat
1204,"#drive04042025 Need a drive San Francisco -> Palo Alto. Budget 🚗
flexible time"
1205,#ride02292024 from Berkeley to San Jose $12 leaving 8:20 AM
1206,#rdive08042025 from Berkeley to Davis $15 leaving 10PM
1207,#drive12192024 DRIVE!! Fremont ➜ San Jose 4PM
1208,#ride12052024  #ride12072024  RIDE!!  Fremont-San  Francisco  2:45  PM  $10-18  😊
1209,#ride11102024 Need a ride Palo Alto -> San Francisco. Budget $18-28
1210,#drive05182025 Need a drive San Jose ➜ San Francisco. Budget $10
1211,"#ride12132025 San Jose-Berkeley | 7AM | 12 dollars | 1 seat
flexible time"
1212,#ride08032025 RIDE!! San Jose ➜ Fremont 1:40 PM $25
1213,#drive03212025 #drive03222025 Need a drive Berkeley ➜ Oakland. Budget $22 thx
1214,#drive01262025 Need a drive Sunnyvale -> Berkeley. Budget $12-20
1215,#ride07202025 from San Jose to San Francisco $20 leaving 3PM thx
1216,#drive12252024 Berkeley-San Jose | 11:40 AM | $25 | 1 seat
1217,#drive09072025  Need  a  drive  Sacramento  ->  Palo  Alto.  Budget  $22
1218,#drive06202025 Need a drive from Palo Alto to Sacramento. Budget $35
1219,#ride04072025 San Francisco ➜ San Jose | 6:20 AM | $35 | 1 seat
1220,#ride10092024  from  San  Jose  to  Sacramento  $10  leaving  8AM
1221,"#ride06072025 from Sac to Sacramento $25 leaving 6:50 AM
anyone?"
1222,#driv0e2202024 Oakland-Berkeley | 3:10 PM | 35 dollars | 1 seat
1223,#ride09102024 #ride09172024 Need a ride San Jose ➜ Davis. Budget $20
1224,#ride07022025  Need  a  ride  Berkeley-Oakland.  Budget  $20-25
1225,#ride08012025 RIDE!! San Francisco -> Oakland 6PM 10 dollars
1226,#drive05202024 Need a drive Berkeley ➜ Oakland. Budget 15 dollars pls
1227,#drive12192025 #drive12222025 Need a drive Sacramento -> Berkeley. Budget $18
1228,#ride10022025 Need a ride San Francisco-Davis. Budget
1229,#drive08072025 DRIVE!! Davis -> Oakland 9:45 PM $25-30 !!
1230,"#ride12312024 Sunnyvale ➜ aPlo Alto $40 leaving 5:50 PM
flexible time"
1231,#ride04202024 Sacramento -> San Francsico $25 leaving 9:40 PM
1232,#ride06062025  San  Francisco-San  Jose  |  6PM  |  $12  |  1  seat
1233,"#drive06082024 DRIVE!! aSn Francisco -> San Jose 12PM $35 thx
anyone?"
1234,#drive10302024  DRIVE!!  Fremont  to  Oakland  2PM  $12
1235,#ride09062024 #ride09072024 Oakland-SJ $12 leaving 9AM
1236,#drive04252024 DRIVE!! Oakland ➜ Palo Alto 4PM 30 dollars
1237,#drive11292024  San  Jose  ➜  Davis  |  11AM  |    |  1  seat
1238,#ride07132025 Need a ride from Sac to Sunnyvale. Budget $10
1239,#drive05052024 Fremont-Palo Alto | 8AM | $40 | 1 seat pls
1240,#drive01052025 DRIVE!! San Francisco -> Sacramento 6AM $15
1241,#drive06262025 Davis to Palo Alto  leaving 2PM
1242,#drive04292025 SJ to Fremont | 3PM | $12 | 1 seat
1243,#ride09052025 from Davis to San Jose | 8:20 AM  |$25 | 1 seat !!
1244,"#ride01112025 from Oakland to Fremont | 1:30 PM | $35 | 1 seat 🚗
pm me"
1245,#drive06012024 DRIVE!! Sunnyvale-Berkeley 7PM $35
1246,#ride08092024 Fremont to San Francisco $12 leaving 7:15 AM
1247,#ride05032024  #ride05102024  Oakland  ->  SF  |  7:40  PM  |  $40  |  1  seat
1248,#drive04222024 Davis ➜ Sac $25-30 leaving 8PM comment below
1249,"#drive07122024  Fremont-Davis  35  dollars  leaving  5PM
comment  below"
1250,#drive05032024 Need a drive from Fremont to Davis. Budget $18
1251,#drive04242024 #drive05012024 Need a drive San Francisco ➜ Davis. Budget $25
1252,"#ride05242025 Sacramento to San Francisco | 4:50 PM | $30 | 1 seat
flexible time"
1253,#ride04012024 from Davis to Fremont | 6PM | $10 | 1 seat
1254,#ride09112024 Sac -> Sacramento $15 leaving 2PM
1255,#drive11052025 DRIVE!! Fremont-Sacramento 11AM 22 dollars
1256,#ride01252025 RIDE!! San Francisco-Fremont 6:20 PM $20-25
1257,#drive06062024 from Palo Alto to Sunnyvale $20 leaving 5:15 PM 🚗
1258,#drive10192025 from San Jose to Berkeley $25 leaving 4:00 PM
1259,#drive06292025 San Jose ➜ San Francisco | 7:45 PM | 15 dollars | 1 seat
1260,#drive08172024 Need a drive Berkeley-Palo Alto. Budget $20
1261,#drive07292025 Berkeley-Sunnyvale | 12:00 PM | $20 | 1 seat
1262,#ride0712202 4RIDE!! Davis to Palo Alto 6PM $25-33 🚗
1263,Need a drive Fremont -> Sunnyvale. Budget $15
1264,#ride09012024  from  Palo  Alto  to  Berkeley    leaving  7AM
1265,#drive06042025 Need a drive Oakland to Fremont. Budget $10
1266,#drive04072024 DRIVE!! Sacramento-Sunnyvale 10:00 AM $35 thx
1267,"#drive08202024 Fremont ➜ Sunnyvale $22 leaving 10:45 PM
flexible time"
1268,#drive03312024 Need a drive Palo Alto-Oakland. Budget $40
1269,"#ride02022024 Need a ride Sacramento-Palo Alto. Budget
pm me"
1270,#ride02052025 Berkeley-Oakland | 2PM |  | 1 seat
1271,#ride01212025 San Jose -> Fremont $25 leaving 9PM 😊
1272,#drive02012024 #drive02042024 DRIVE!! from Sunnyvale to San Jose 9:50 PM $10 😊
1273,"from Sunnyvale to San Jose $20-25 leaving 9AM
pm me"
1274,#drive10152024 #drive10222024 Need a drive Sacramento-Oakland. Budget $40
1275,#drive10112024 DRIVE!! Oakland-Fremont 9:40 AM
1276,#drive08312025 Need a drive Fremont-San Francisco. Budget $30 !!
1277,#drive12052024  Sacramento  to  Palo  Alto  $35  leaving  7AM
1278,#ride10112025 Sacramento to Davis | 7PM | $12 | 1 seat 🚗
1279,Davis ➜ Berkeley  leaving 10PM
1280,#ride07242042 Davis-Palo Alto | 7:15 PM | $12 | 1 seat
1281,Need a ride San Francisco-Fremont. Budget
1282,#drive11272025 San Francsico ➜ Sunnyvale  leaving 2:00 PM
1283,#ride07072025 #ride07142025 Davis to Sunnyvale | 10:30 A M| $40 | 1 seat
1284,"#drive01052025  Need  a  drive  Sacramento  to  Davis.  Budget  $35
comment  below"
1285,#drive11142025 San Francisco ➜ Sacramento | 9PM | $22-27 | 1 seat
1286,#drive05082025 Plao Alto ➜ San Francisco | 4PM | $25 | 1 seat
1287,#ride05252024 Need a ride Sacramento ➜ Oakland. Budget $10 !!
1288,#ride01062024 #ride01132024 Fremont to Oakland  leaving 10:40 PM
1289,#ride11202024  Need  a  ride  Fremont  to  Sunnyvale.  Budget  $40
1290,#ride05082025 #ride05152025 Berkeley -> San Francisco | 3PM | $40 | 1 seat thx
1291,#drive10272025 DRIVE!! Sunnyvale-San Jose 9:30 AM $25-33
1292,San Francisco to Berkeley $35 leaving 3PM !!
1293,#ride10202025 Need a ride Sunnyvale ➜ San Jose. Budget 25 dollars
1294,#ride01122024 Need a ride SJ ➜ San Jose. Budget
1295,#ride05062024 San Francisco ➜ Davis $30 leaving 6:40 PM
1296,#drive10062024 San Francisco -> Fremont | 7PM |  | 1 seat 🚗
1297,#drive10182024  San  Francisco  to  Palo  Alto  |  6:20  PM  |  $25  |  1  seat
1298,#ride11172024 San Francisco to Fremont $15-25 leaving 21:45 PM
1299,#drive10192025 DRIVE!! from Fremont to Palo Alto 5:10 PM $10
1300,#drive12302025 #drive01062026 DRIVE!! Davis-San Jose 5:50 PM $35
1301,#ride08232025  Need  a  ride  Davis  to  San  Jose.  Budget  12  dollars
1302,#drive10132024 Palo Alto -> Sacramento  leaving 9PM
1303,#drive12142025 Need a drive Oakland -> San Francisco. Budget thx
1304,#drive10042025 #drive10112025 DRIVE!! Davis to Sunnyvale 10:30 PM $22 thx
1305,#drive04092024 Berkeley to San Jose $40 leaving 5PM
1306,#drive02152025 Need a drive Berkeley to San Francisco. Budget $20 pls
1307,#ride08112025 RIDE!! SJ-Oakland 4PM $35
1308,#ride05262025 Palo Alto ➜ Sacramento $12 leaving 6PM
1309,#drive05112024 Need a drive from Sunnyvale to San Jose. Budget 40 dollars
1310,#drive10242024 Oakland ➜ Fremont | 6PM | $35 | 1 seat
1311,#ride03142025  Sunnyvale  ->  San  Jose  leaving  1PM
1312,#ride03072024 Need a ride Sac-Berkeley. Budget 40 dollars
1313,#ride11232024 Oakland -> Fremont $15 leaving 11:45 AM thx
1314,#drive07262024  San  Francisco-Palo  Alto    leaving  8PM
1315,"#ride12012024  RIDE!!  Oakland  ->  Sacramento  8AM  $15
anyone?"
1316,#drive09272024 San Jose ➜ Fremont | 9:15 AM | $40-45 | 1 seat
1317,#ride01232024 Need a ride Berkeley to Fremont. Budget
1318,#ride06152025  Need  a  ride  San  Jose  to  Oakland.  Budget  $40
1319,"#ride04102025 #ride04132025 RIDE!! Oakland ➜ Berkeley 8AM $25 !!
comment below"
1320,#ride01182025 Sunnyvale ➜ Sacramento | 7:40 AM | $30-38 | 1 seat
1321,#ride08312024 Berkeley-Sacramento $10 leaving 8:00 AM 😊
1322,#ride05012025 San Francisco-Fremont | 8PM |  | 1 seat
1323,#drive07092024 DRIVE!! Sacramento ➜ Oakland 8:50 AM $15 thx
1324,#drive06082024 Need a drive from Palo Alto to Fremont. Budget
1325,#drive10302025 Need a drive from San Francisco to San Jose. Budget $40
1326,"#ride12092025 Need a ride San Francisco-Sacramento. Budget $22
anyone?"
1327,#drive01042025 #drive01062025 DRIVE!! Oakland to San Francisco 7:00 PM
1328,#drive09182024  Fremont  ➜  Davis  $15  leaving  8PM
1329,"#ride08142024 RIDE!! Oakland ➜ San Jose 8:50 AM
anyone?"
1330,#ride10032024 San Francisco -> Oakland $10 leaving 2:15 PM
1331,#ride09132024 Sunnyvale -> Berkeley | 2:10 PM | $18 | 1 seat
1332,#ride11102025 Need a ride Davis to Sacramento. Budget $12
1333,#drive01012025 from Freomnt to San Francisco  leaving 1PM
1334,#drive06222024 DRIVE!! San Jose to Berkeley 2:20 PM $18 pls
1335,#drive12292024 Need a drive Oakland -> Berkeley. Budget $10-18
1336,#drive12082024 Need a drive Oakland -> Fremont. Budget $10-20
1337,#drive09112025 Sacramento to Fremont $12 leaving 10AM
1338,#ride07052025  Fremont  ➜  Sunnyvale  |  8:20  PM  |    |  1  seat
1339,#drive06242025 DRIVE!! from San Francisco to Sacramento 12PM $12
1340,#ride12202025 San Francisco to Sacramento $15 leaving 4:10 PM
1341,#ride07102024 RIDE!! from San Francisco to Berkeley 6:30 PM $12 🚗
1342,#ride12152024 RIDE!! SJ to San Francisco 8:10 AM $35
1343,#drive08042025  DRIVE!!  from  Sunnyvale  to  Fremont  3PM  $20  🚗
1344,#ride05012024 Davis ➜ Fremont | 3PM | $22 | 1 seat
1345,#ride06232025 Need a ride San Francisco to Sunnyvale. Budget $35-43
1346,#drive06262025 #drive07032025 Fremont ➜ Sunnyvale | 6:40 AM | 12 dollars | 1 seat
1347,#drive03020225  #drive03052025 Need a drive Davis-Berkeley. Budget $10 thx
1348,#ride05282025 Sunnyvale to Oakland | 6AM | $12 | 1 seat
1349,#drive03312024 #drive04032024 Davist o Berkeley $25 leaving 10:40 AM
1350,#ride06222025 Need a ride from Fremont to Oakland. Budget $18
1351,#drive02202025  Need  a  drive  San  Jose-Berkeley.  Budget  $25  !!
1352,#drive05072024  Fremont  ->  Berkeley  $10  leaving  5PM  flexible  time
1353,#drive10152024 DRIVE!! San Francisco ➜ Oakland 10:10 AM $12-17
1354,#drive02252025 Berkeley to Sacramento $35 leaving 11AM
1355,#drive11272025 Palo Alto -> Sacramento $25 leaving 9AM pls
1356,#drive12312024 San Francisco -> Berkeley $30-38 leaving 12:30 PM
1357,#drive11212025 Fremont-Berkeley $18 leaving 6:45 PM
1358,#drive08162024 Need a drive Berkeley to Sunnyvale. Budget $15
1359,"Need a drive San Jose-Sunnyvale. Budget $18-28 pls
comment below"
1360,Need a drive San Francisco-Sacramento. Budget $12
1361,"DRIVE!!  SF-Fremont  6AM  $30  🚗
pm  me"
1362,from San Francisco to Sunnyvale 40 dollars leaving 9PM
1363,#ride04162025 San Francisco-Palo Alto | 8:30 AM | $30 | 1 seat
1364,#drive01182024 Need a drive from Davis to San Jose. Budget $22
1365,"#ride10252025 from Berkeley to Sunnyvale $18 leaving 11:00 AM !!
flexible time"
1366,"Oakland to San Jose $10 leaving 4PM
flexible time"
1367,#drive01192025  DRIVE!!  Davis  ➜  Palo  Alto  10AM  20  dollars
1368,#drive06082024 DRIVE!! San Jose-Oaklnad 12PM $10 🚗
1369,#ride09062025 RIDE!! San Francisco -> Sunnyvale 10:50 AM $18
1370,#drive05082024  DRIVE!!  Sacramento  ➜  Berkeley  5PM  $12  😊
1371,#drive08102024  Need  a  drive  from  Fremont  to  Palo  Alto.  Budget  $22  !!
1372,#drive05202024  Fremont  ➜  San  Jose  |  1PM  |  $20  |  1  seat
1373,#drive06252025 Need a drive San Jose ➜ Davis. Budget $12
1374,#ride04102025 Need a ride Sunnyvale-Sac. Budget thx
1375,#ride02152024 Palo Alto -> Oakland $10 leaving 7:40 PM
1376,#ride10302024 Need a ride Palo Alto to Sacramento. Budget $40
1377,#drive09192024  Need  a  drive  San  Jose-Sunnyvale.  Budget  pls
1378,#drive05162025 Sunnyvale-Palo Alto $40 leaving 4:00 PM
1379,from Oakland to Fremont $18 leaving 8AM
1380,#drive11062024 DRIVE!! Davis to San Jose 12:15 PM $12
1381,"#drive05302024 DRIVE!! from Fremont to Berkeley 3PM $15-23
flexible time"
1382,#drive02032024 #drive02042024 Palo Alto -> San Jose | 5:20 PM | $12 | 1 seat 😊
1383,#drive05072024 DRIVE!! Berkeley ➜ Davis 5:50 PM $22
1384,#drive10262024 Need a drive Oakland to Sunnyvale. Budget $18 🚗
1385,#ride08062025  #ride08072025  RIDE!!  Oakland  ➜  Palo  Alto  10:50  PM  $25  pls
1386,"#ride12052024 San Francisco ➜ Palo Alto | 1PM | $40 | 1 seat
pm me"
1387,#ride09182025 Berkeley-Sunnyvale | 3:45 PM | $22 | 1 seat
1388,#ride10012024 RIDE!! San Francisco to Oakland 6:45 PM $20-28
1389,SJ-Fremont  leaving 8:50 AM thx
1390,#drive08112025 Need a drive Palo Alto ➜ Sunnyvale. Budget thx
1391,#drive11192025 Need a drive Palo Alto ➜ Fremont. Budget $15
1392,"#drive04072025  Need  a  drive  Sacramento  to  Sunnyvale.  Budget  $25
pm  me"
1393,Palo Alto -> Sacramento | 6:20 PM | | 1 seat anyone?
1394,#ride05082024 Oakland -> Sunnyvale  leaving 6PM thx
1395,#drive07072024 Need a drive San Francisco to Palo Alto. Budget $15
1396,#drive07252025 from Sunnyvale to Sacramento $25 leaving 12PM
1397,#drive02132025 Need a drive Davis -> Sunnyvale. Budget $12
1398,#drive08012024 Berkeley ➜ Palo Alto | 12:10 PM | $22 | 1 seat 🚗
1399,#ride10232025 RIDE!! Palo Alto to San Jose 8PM $18
1400,#ride04142024  Fremont  ->  Palo  Alto  $40  leaving  1:30  PM
1401,#drive11062024 Palo Alto -> Berkeley $12 leaving 7AM
1402,#ride08262024 #ride08272024 San Jose -> Berkeley | 1:30 PM | $22-30 | 1 seat
1403,"#drive04202024  Davis  to  Sunnyvale  $10  leaving  9AM
pm  me"
1404,#drive07092024  DRIVE!!  Fremont  ->  Sacramento  7AM  $20
1405,#drive08032025 from uSnnyvale to Davis $15 leaving 4PM
1406,"#ride05272024 RIDE!! from Sacramento to Oakland 8PM $10-18
anyone?"
1407,#ride01162025  from  Sac  to  San  Jose  |  12:50  PM  |  $18  |  1  seat
1408,#ride02132024  RIDE!!  Fremont-San  Francisco  2PM  $30
1409,#drive07272024 Need a drive Berkeley ➜ Sunnyvale. Budget $30 🚗
1410,#ride09272025 Oakland to Sunnyvale | 10PM |  | 1 seat
1411,#rdive08032024  SJ-Berkeley  leaving  4PM
1412,#ride08212024 Sunnyvale to SF $30 leaving 8:00 PM
1413,#drive01192025 Need a drive San Jose-Davis. Budget thx
1414,#drive02572024 DRIVE!! Sacramento -> Fremont 8PM $30
1415,#drive09152024 San Francisco ➜ Berkeley  leaving 6:45 AM
1416,#drive06092024 Oakland -> Berkeley | 7AM | $15 | 1 seat
1417,#ride07262025 RIDE!! Davis -> Sunnyvale 8:45 AM $12
1418,#ride12070224 Oakland -> San Francisco | 11:20 AM | $15 | 1 seat
1419,#drive06302024 #drive07072024 Berkeley ➜ Fremont $40 leaving 11AM
1420,Berkeley to Sunnyavle | 3:45 PM | 40 dollars | 1 seat pls
1421,#ride12052024 #ride12122024 San Farncisco-Oakland | 9:00 AM | | 1 seat
1422,#ride06282025 Need a ride Oakland -> Sacramento. Budget $40
1423,#drive10272025 #drive11032025 Need a drive Sacramento ➜ San Francisco. Budget $20
1424,#ride10212025  RIDE!!  from  San  Francisco  to  Sacramento  12PM  $10
1425,#ride04062025 Need a ride San Francisco to SF. Budget 10 dollars
1426,#drive09222025 Fremont ➜ Davis | 6PM | $25 |  1seat
1427,#drive09192025  Oakland  to  Sunnyvale  |  12:40  PM  |  $18  |  1  seat  😊
1428,#ride07192025 Need a ride from Fremont to Berkeley. Budget $30 pls
1429,#drive12262024 Need a drive Oakland-Sacramento. Budget pls
1430,#ride07092025 Oakland ➜ San Francisco | 7:40 AM |  | 1 seat
1431,#ride06052024 Need a ride Oakland to San Jose. Budget $40
1432,#drive10152024 Need a drive Oakland -> San Francisco. Budget 20 dollars
1433,#drive04162024 Need a drive San Jose-Sunnyvale. Budget $12-22
1434,#drive06262024 Need a drive San Francisco-Fremont. Budget $18
1435,DRIVE!! from San Francisco to Oakland 9:20 PM $18 thx
1436,#ride02212024 RIDE!! SF -> Sacramento 7AM 40 dollars thx
1437,#drive07142024 Oakland to Berkeley $22 leaving 1PM pm me
1438,San Francisco to Berekley 35 dollars leaving 10PM thx
1439,"Need a ried SJ to Fremont. Budget 10 dollars
comment below"
1440,#ride02212025 Berkeley to Sunnyvale | 7AM | $25-33 | 1 seat
1441,#drive05312024 San Francisco ➜ Berkeley  leaving 2PM
1442,#ride06242025 Fremont ➜ Davis | 11AM | $10 | 1 seat
1443,#ride05052024 Sac to Davis $40 leaving 4PM
1444,#ride12024024 Need a ride San Francisco ➜ Oakland. Budget !!
1445,#ride05232024 Need a ride San Jose -> Fremont. Budget $30
1446,#ride02272024 Oakland to Palo Alto $22 leaving 12PM 😊
1447,#drive12252024 Palo Alto-Fremont | 5:20 PM | $20-25 | 1 seat
1448,#ride08292025  #ride09052025  aOkland  to  Berkeley  |  8:45  PM  |  $40  |  1  seat
1449,#ride02152024  Need  a  ride  Palo  Alto  to  Fremont.  Budget  $35-45
1450,#ride01122024 Berkeley -> Davis $35 leaving 7AM !!
1451,#drive02042025 DRIVE!! Oakland ➜ San Francisco 11:30 AM $10 pls
1452,from Oakland to Fremont | 6:45 PM | 25 dollars | 1 seat
1453,#ride05302025 #ride05312025 RIDE!! from Oakland to Berkeley 7:15 PM $15
1454,#ride04242024 from Palo Alto to Berkeley $15 leaving 3:50 PM
1455,#drive08012025 Need a drive Fremont-Oakland. Budget $22
1456,#ride03122024 #ride03152024 Need a ride Sunnyvale to Berkeley. Budget $12
1457,#ride10062025 Need a ride San Jose -> Palo Alto. Budget !!
1458,#ride05182025 RIDE!! SJ to San Francisco 12:10 PM $30
1459,#ride07042024 Need a ride Berkeley-Fremont. Budget $40
1460,#drive11032025 DRIVE!! Sacramento to Davis 8:30 PM
1461,RIDE!! Sacramento-aOkland 10AM $20
1462,#drive06012025 DRIVE!! from Fremont to San Jose 7:50 AM $20
1463,#drive08052025 Davis-Berkeley | 10PM | $15 | 1 seat
1464,#rid0e8292024 Sunnyvale-Fremont $18 leaving 6:00 AM 😊
1465,#ride11172025 San Francisco -> Sunnyvale  leaving 4:45 PM
1466,#drive11124024  Fremont-Sunnyvale  $20  leaving  12PM  thx
1467,#ride10292025 #ride11052025 RIDE!! San rFancisco -> Davis 2:20 PM $20-25
1468,#drive02282025 San Francisco -> Palo Alto $15 leaving 2:10 PM
1469,#ride10102024 Sacramento-Sunnyvale $20 leaving 11AM flexible time
1470,#ride01262024 RIDE!! Sacramento-Oakland 7AM $40
1471,#drive06142025 from Fremont to Sunnyvale | 12PM | $10 | 1 seat
1472,#drive09292025 Sunnyvale -> San Jose | 8:15 PM | $22 | 1 seat
1473,#drive01132025  Need  a  drive  from  Sacramento  to  San  Francisco.  Budget  $30
1474,#ride10282025 #ride11042025 RIDE!! from Sunnyvale to Berkeley 1:30 PM $15
1475,#ride12212025  #ride12282025  Need  a  ride  from  San  Jose  to  Berkeley.  Budget  $30
1476,#drive11252025 Berkeley -> Sunnyvale $40 leaving 6:20 PM
1477,#ride09152025 #ride09172025 San Francisco to Sunnyvale $25 leaving 3PM
1478,#ride08152024 RIDE!! San Jose -> Sunnyvale 11:00 AM pls
1479,#ride01172025 RIDE!! Sacramento to Davis 3:40 PM $20-28
1480,#ride03312024 San Jose-San Francisco | 10AM | $30 | 1 seat 😊
1481,#drive12202024 Sacramento -> Oakland | 8AM | $20 | 1 seat
1482,#ride0925202 5San Jose ➜ San Francisco | 5:20 PM | 12 dollars | 1 seat
1483,#drive11212025 Oakland -> San Francisco $10 leaving 11AM
1484,#drive01142024 DRIVE!! San Francisco-Fremont 11AM $20 !!
1485,#ride04142024 Berkeley -> San Jose | 12:10 PM | $22-30 | 1 seat
1486,#ride12302025 RIDE!! Sunnyvale -> Davis 3:50 PM $15
1487,"#ride02102024 #ride02122024 Davis -> Fremont $15 leaving 7:30 PM 😊
pm me"
1488,"#drive09072025 Need a drive from Sacramento to Palo Alto. Budget $35 😊
flexible time"
1489,#drive01202024 Need a drive Fremont ➜ Palo Alto. Budget $10
1490,#drive05312024 Sacramento -> Davis 30 dollars leaving 9:20 AM
1491,#drive04282025 Need a drive Oakland -> Palo Alto. Budget $10 🚗
1492,#drive12012024  DRIVE!!  Sunnyvale-Oakland  10AM  $35-43
1493,#drive08172025 from Fremont to Davis  leaving 9PM
1494,#ride05062025 Sacramento-Davis | 5PM | $25 | 1 seat thx
1495,#drive12042025 Need a drive San Francisco ➜ Sunnyvale. Budget
1496,#ride01182024 Fremont to Berkeley leaving 12PM
1497,#ride06262025 Need a ride Sunnyvale-Fremont. Budget $25
1498,#ride02232024 Davis to San Jose | 8PM |  | 1 seat
1499,#drive12172024 Need a drive Fremont ➜ San Francisco. Budget $25
1500,#drive08052024 Davis to Fremont $10 leaving 5:50 PM pls
1501,RIDE!! San Jose to San Francisco 10:45 PM $20 pm me
1502,#drive03062024 Need a drive Palo Alto ➜ San Jose. Budget $18
1503,#drive01042025  DRIVE!!  Sacramento  ➜  Sunnyvale  8:45  PM
1504,#drive08292024 Palo Alto to San Jose | 7PM |  | 1 seat 🚗
1505,#drive08202024 DRIVE!! Sac to Sunnyvale 10PM $18
1506,#drive08042024 from Davis to Fremont | 3PM |  | 1 seat
1507,RIDE!! Davis-San Francisco 4:10 PM $35-40 pm me
1508,#ride03212025 Berkeley to San Francisco | 9:40 PM |  | 1 seat 😊
1509,#drive07262025  Fremont  ➜  Oakland  $51  leaving  2PM  comment  below
1510,#drive03112024 DRIVE!! from Palo Alto to San Francisco 10:10 AM $20 flexible time
1511,"#ride02072024 from Sunnyvale to San Francisco | 2:00 PM | $35 | 1 seat
comment below"
1512,#irde04282025 RIDE!! Davis-Sacramento 4:00 PM $40-48 !!
1513,"#ride02212025 Sacramento ➜ Sunnyvale $15-20 leaving 8PM thx
pm me"
1514,#drive09242024 form Berkeley to San Francisco $20 leaving 5PM
1515,"#drive12292025 Need a drive Berkeley ➜ Fremont. Budget $18
comment below"
1516,#ride01062024 from Oakland to SJ | 10:20 PM |  | 1 seat
1517,#ride06022025 Need a ride Sacramento ➜ San Jose. Budget $15
1518,#drive01102025 Davis-Sunnyvale $22 leaving 1:00 PM 😊
1519,"#ride08292024 RIDE!! San Francisco -> Palo Alto 8:15 AM $22
pm me"
1520,#ride10132024 San Francisco to Oakland | 10AM | 22 dollars | 1 seat 🚗
1521,#ride01302024 San Jose ➜ Palo Alto $40-50 leaving 9:45 PM
1522,#ride11172024 San Jose ➜ Davis | 3PM | $35 | 1 seat
1523,#drive08212024 DRIVE!! from Sunnyvale to Sacramento 3:30 PM $18-28
1524,#ride05272024 #ride05302024 Need a ride Sac ➜ Oakland. Budget $35-40
1525,#drive10122024  Need  a  drive  Palo  Alto  to  San  Jose.  Budget  $30
1526,#drive11012025 DRIVE!! Fremont -> Davis 7:15 PM $15
1527,#drive08042024 #drive08112024 Need a drive Fremont -> Palo Alto. Budget $22
1528,#drive01192025  San  Francisco  to  Palo  Alto  |  12:00  PM  |  |  1  seat
1529,#drive01202025  from  Sacramento  to  Oakland    leaving  7PM
1530,#ride08062025 #ride08132025 Fremont -> Palo Alto $30 leaving 12:40 PM
1531,Berkeley-San Jose | 11AM | $12 | 1 seat pls
1532,"#drive03052024 San Francisco -> San Jose $22 leaving 8:15 PM thx
anyone?"
1533,DRIVE!! San Francisco -> Berkeley 5PM $25-35
1534,"#drive09122024  Sacramento-Fremont  |  1PM  |  $35  |  1  seat
pm  me"
1535,#ride05092025 Fremont -> Sunnyvale $12l eaving 5:45 PM
1536,#drive09162024 DRIVE!! Berkeley-San Jose 10:10 PM $35
1537,#drive12062024 #drive12132024 DRIVE!! Palo Alto-Berkeley 2PM $10
1538,"#drive02242025 Palo Alto-Fremont | 6:45 AM | $40 | 1 seat
anyone?"
1539,#ride02102024 Oakland ➜ Davis | 12PM | $35 | 1 seat
1540,Sacramento ➜ SJ | 1:20 PM | $22 | 1 seat pls
1541,#ride07072025 Need a ride from Sacramento to San Jose. Budget
1542,#drive07082025 Need a drive Palo Alto ➜ Berkeley. Budget $40
1543,"#ride06292025 RIDE!! from SF to Berkeley 6:15 PM
comment below"
1544,#ride05122024 Sac -> Fremont $18-26 leaving 3PM
1545,#ride10282024 Palo Alto-San Francisco leaving 10AM 😊
1546,#ride11202024 Sac to Oakland $25 leaving 2:20 PM
1547,#drive07072024 #drive07092024 DRIVE!! from SF to San Jose 10PM $10
1548,#drive02232025 Sacramento-Davis leaving 8PM
1549,#ride12112025 Oakland -> Davis | 6:20 AM | $15 | 1 seat
1550,#drive01242024 DRIVE!! Oakland ➜ Davis 5PM !!
1551,#ride02192025 Need a ride San Francisco -> Palo Alto. Budget $30
1552,#drive03182024 Palo Alto-San Jose $30 leaving 2:00 PM
1553,#ride11032025 Sunnyvale -> Davis | 10:20 AM | 40 dollars | 1 seat
1554,#drive03052025 Palo Alto to Berkeley  leaving 12:10 PM
1555,#ride05302024 Berkeley to Davis $20 leaving 3:40 PM
1556,#ride08152025 Need a ride Palo Alto ➜ Sacramento. Budget $10
1557,#ride04172024 Oakland -> San Jose | 1PM | 20 dollars | 1 seat
1558,#drive01282025 Fremont ➜ Palo Alto $25 leaving 11AM
1559,#ride09142025 Berkeley -> Sacramento $25 leaving 2:15 PM
1560,#ride09132024 RIDE!! Fremont ➜ San Jose 9AM $12
1561,#drive06012025 #drive06032025 DRIVE!! Palo Alto-Sacramento 2:30 PM $30-35 thx
1562,#drive07022025 Berkeley ➜ Fremont | 5:40 PM | $25 | 1 seat
1563,#drive04202024 Palo Alto to San Francisco | 12PM | $40 | 1 seat
1564,#drive03212025 Need a drive Davis to Sacramento. Budget $10-18 🚗
1565,#drive12232024 Berkeley ➜ Davis | 12PM | $35 | 1 seat
1566,"#drive02272024 DRIVE!! San Francisco ➜ Sacramento 6PM $18 thx
pm me"
1567,#drive09252025 Davis to Sacramento  leaving 11:50 AM !!
1568,#ride02092024 Need a ride San Francisco -> Palo Alto. Budget 20 dollars
1569,#drive01202025 #drive01232025 Berkeley ➜ Davis | 12:20 PM | $15-20 | 1 seat
1570,#drive01102025 Need a drive from Fremont to Oakland. Budget 12 dollars
1571,#ride05028025 Need a ride SF-Fremont. Budget $30
1572,#ride05222025 #ride05292025 Davis to Fremont | 10PM | $20 | 1 seat
1573,#ride10032025  Oakland  ➜  San  Francisco  $22  leaving  9PM
1574,#ride12052025 Sacramento -> Frmeont | 6:40 AM | $18-23 | 1 seat
1575,#ride04112025 from Davis to Palo Alto $40 leaving 2:50 PM
1576,#drive04232025 Oakland -> Davis  leaving 10:00 AM 🚗
1577,#ride08182025 from San Jose to Fremont $40 leaving 8:15 PM
1578,#ride11202025 RIDE!! Davis -> Fremont 1PM
1579,#drive04272025 Berkeley to Sunnyvale 35 dollars leaving 10:00 AM pls
1580,#drive09252024 Need a drive from San Jose to Fremont. Budget $20-28
1581,"#drive01022025  #drive01032025  Need  a  drive  Oakland  ->  Sunnyvale.  Budget  $25
flexible  time"
1582,#drive04162025 Need a drive Davis to San Jose. Budget $25
1583,#ride03912024 Oakland to Fremont $18 leaving 9AM
1584,#ride06072025 Oakland ➜ Fremont | 8:40 PM | $22 | 1 seat pls
1585,#drive03162024 DRIVE!! Palo Alto-Fremont 8AM $12 😊
1586,#drive02092024 Davis to Sunnyvale 20 dollars leaving 9:20 PM
1587,#ride02222024 Fremont-Palo Alto | 11AM | $35 | 1 seat
1588,#ride12292025 Fremont -> San Jose | 11AM | $18 | 1 seat
1589,#drive02022024 DRIVE!! Sunnyvale-SJ 7PM
1590,from Palo Alto to Oakland | 4:10 PM | $22 | 1 seat
1591,#ride05312024 Palo Alto ➜ Davis | 6PM | $25 | 1 seat thx
1592,#drive09112025 Berkeley ➜ Oakland | 3:45 PM |  | 1 seat !!
1593,#ride05242024 #ride05272024 Need a ride Oakland-Sunnyvale. Budget $12-17
1594,#drive08292024 San Francisco ➜ Fremont | 8PM | 40 dollars | 1 seat
1595,#ride04282025 San Francisco to Fremont | 9PM | $30 | 1 seat
1596,#ride02222024 Oakland -> Fremont | 10AM | $25-35 | 1 seat 😊
1597,#drive10112025 Oakland-San Jose | 10:00 AM | $10 | 1 seat
1598,#drive02232024 DRIVE!! San Francisco to Davis 4PM $15-20
1599,#drive11012024 San Francisco -> Sunnyvale | 4:10 PM |  | 1 seat
1600,#drive01172025 Palo Alto ➜ Fremont $18-23 leaving 2PM
1601,#drive11142025 #drive11212025 Fremont ➜ Palo Alto 20 dollars leaving 10PM
1602,#drive07262024 Berkeley to Oakland | 7:20 PM | $25 | 1 seat 🚗
1603,#drive02032024 #drive02102024 Need a drive San Jose-San Francisco. Budget $40
1604,#ride08182024 San Jose -> Palo Alto | 1PM | $22 | 1 seat 🚗
1605,#ride07092024 Sunnyvale-Berkeley $40 leaving 7PM
1606,#drive07272024 DRIVE!! from San Jose to Palo Alto 7:45 PM $12
1607,#ride04122025 RIDE!! from San Jose to Berkeley 6:50 AM $18 !!
1608,#drive08112025 San Jose ➜ Oakland $10 leaving 6PM
1609,Need a drive Davis ➜ Palo Alto. Budget $40 anyone?
1610,#drive09272024 DRIVE!! Sunnyvale to Berkeley 8PM $30
1611,#ride10132024 #ride10162024 RIDE!! Sacramento ➜ Palo Alto 4:20 PM $22
1612,#ride05032024 San Jose-Oakland | 1PM | 40 dollars | 1 seat
1613,#drive10012024 DRIVE!! Palo Alto ➜ Fremont 4PM 10 dollars !!
1614,#drive01032024  Palo  Alto  ➜  Davis  $15  leaving  1:40  PM
1615,#drive06262025 from San Jose to San Francisco | 9:30 PM | $40 | 1 seat
1616,from San Jose to Fremont $30-40 leaving 12:00 PM
1617,#ride04202025 San Jose ➜ Fremont | 2:50 PM | $40-50 | 1 seat
1618,#ride08192025 Need a ride Berkeley to San Francisco. Budget $18-28
1619,#drvie10142024 DRIVE!! SJ to Davis 12PM $15 🚗
1620,#ride04192024 Oakland -> Davis $18 leaving 5:10 PM
1621,#ride02182024 Oakland-Fremont $35 leaving 7AM
1622,#ride06012025  from  Sacramento  to  San  Jose  $18  leaving  5PM
1623,#ride11122024 #ride11132024 RIDE!! Palo Alto ➜ Oakland 10:00 PM $30 😊
1624,#ride06082024 Oakland -> Palo Alto | 4:30 PM | $12 | 1 seat !!
1625,#ride05062024 #ride05132024 RIDE!! Berkeley to San Francisco 5PM $20
1626,#drive05152024 Oakland -> San Francisco $30 leaving 10PM
1627,#drive04202025  DRIVE!!  from  Sunnyvale  to  Berkeley  6:50  AM  $10
1628,#ride05292024 Need a ride San Jose-Davis. Budget $25
1629,#ride07292024 San Francisco to Davis $15 leaving 9:15 PM
1630,#drive03232024  Need  a  drive  Sunnyvale  to  San  Francisco.  Budget  $12
1631,"#drive12242024  Need  a  drive  from  Sunnyavle  to  Sacramento.  Budget  $10
comment  below"
1632,#ride02182025 RIDE!! Davis ➜ Sacramento 9:40 PM $25
1633,"#ride11232025 RIDE!! from Davis to Oakland 8PM $12 😊
comment below"
1634,#ride06132024 Davis to Sunnyvale | 8PM | $40 | 1 seat
1635,#drive03302024  DRIVE!!  Fremont  to  SJ  6AM  $22
1636,#drive01292025 from San Jose to Berkeley | 8PM | $20 | 1 seat
1637,#drive01142025 Need a drive Fremont to Palo Alto. Budget $40
1638,#drive10222024 Sunnyvale-San Francisco | 5:02 PM | $12 | 1 seat thx
1639,SJ to Berkeley | 6AM | $20 | 1 seat pls
1640,#ride03262024 Davis -> Berkeley | 8AM | $18 | 1 seat 🚗
1641,#drive07042024  Sunnyvale  ➜  San  Francisco  $12  leaving  2:00  PM
1642,Sacramento -> Davis | 1:10 PM | $22 | 1 seat
1643,#drive11082025  #drive11102025 Oakland ➜ Sacramento | 9PM | $10 | 1 seat pls
1644,#ride12142025  Need  a  ride  from  Sunnyvale  to  Sacramento.  Budget
1645,#drive03212024 from Oakland to Palo Alto $40 leaving 2PM 😊
1646,#ride06142025 Oakland -> Sunnyvale $15-23 leaving 8:00 AM
1647,#ride02182025 Berkeley ➜ Sunnyvale $20-25 leaving 3:50 PM
1648,#drive10182024 Need a drive Fremont-Palo Alto. Budget $18-26
1649,#drive11302025 San Jose-Sunnyvale | 7AM | $12-17 | 1 seat !!
1650,#ride11132024 Palo Alto to Oakland $35 leaving 10:10 AM
1651,#drive02012025 Palo Alto-Oakland | 1:10 PM | $30 | 1 seat
1652,#drive07212024  DRIVE!!  San  Francisco-Berkeley  6:20  AM  $30  😊
1653,#drive05192025  DRIVE!!  uSnnyvale-Oakland  12:30  PM  $35  pls
1654,RIDE!! from Sacramento to Berkeley 10:20 AM
1655,#drive07112024 #drive07132024 Berkeley ➜ Sacramento $10 leaving 6PM
1656,#ride11162025 Need a ride from Berkeley to Davis. Budget 40 dollars
1657,Sacramento ➜ Oakland | 9PM | 12 dollars | 1 seat
1658,#ride04202024 Need a ride Sacramento-Fremont. Budget $22
1659,"#drive01212024 Sacramento-San Francisco | 3:15 PM | $25 | 1 seat !!
lfexible time"
1660,#drive08282025  DRIVE!!  from  Sacramento  to  San  Francisco  1PM  $25
1661,#drive03102024 Need a drive Oakland -> San Jose. Budget $22-32
1662,#drive12012025 DRIVE!! from Berkeley to Sacramento 5PM $15-25 🚗
1663,#drive03302025  Need  a  drive  from  San  Francisco  to  Davis.  Budget  $15  thx
1664,#ride09232024 San Jose ➜ Palo Alto $15 leaving 9:50 PM
1665,#ride10032025 Sunnyvale -> Davis | 6PM | $30 | 1 seat
1666,#drive04042025 Need a drive Sacramento -> Berkeley. Budget $25 😊
1667,#drive07292025 DRIVE!! Sunnyvale -> Oakland 11:30 AM
1668,Need a drive Sacramento ➜ Palo Alto. Budget $20
1669,#drive06032024 Need a drive from San Jose to San Francisco. Budget $25
1670,#ride03032024 #ride03062024 Fremont ➜ San Francisco | 3:30 PM | $12 | 1 seat thx
1671,#ride07312024 Need a ride Berkeley-Sunnyvale. Budget
1672,#ride04172025 RIDE!! Sunnyvale ➜ Oakland 3:40 PM $20
1673,"#drive11012025 Need a drive Berkeley -> Palo Alto. Budget $35 pls
comment below"
1674,#drive02062025 San Jose ➜ Sacramento leaving 5:00 PM
1675,#drive12062024 San Francisco to Berkeley | 6AM | $304-0 | 1 seat !!
1676,#drive05022024 #drive05032024 from Palo Alto to SJ | 8:00 AM | $1 0| 1 seat
1677,#ride11052024  Berkeley  ➜  Sac  $12  elaving  3:45  PM  thx
1678,#ride11282024 RIDE!! Oakland ➜ Sunnyvale 9PM $40
1679,#ride10302024  Sunnyvale  ->  Sacramento    leaving  7AM
1680,#drive07212025 DRIVE!! Sacramento-San Francisco 7:10 AM $40 😊
1681,#drive09122025 Fremont to Sacramento | 12PM | $30 | 1 seat !!
1682,#drive09062024 San Francisco-Palo Alto | 7:15 PM | $22 | 1 seat 😊
1683,#ride12312025 Oakland -> Sacramento | 9:10 AM | $22 | 1 seat
1684,#ride08152024 Need a ride Oakland to Sunnyvale. Budget $10-20
1685,#drive12032025 Oakland -> Sacramento | 4PM | $15 | 1 seat comment below
1686,#ride08252025  RIDE!!  San  Jose-Sac  10AM  $10
1687,#drive01062024 from San Francisco to Palo Alto $30 leaving 7PM
1688,#ride09142024  RIDE!!  Sunnyvale-Berkeley  7:10  PM  $12  pls
1689,#drive12022025 Palo Alto-Oakland | 1:20 PM | | 1 seat
1690,San Jose ➜ San Francisco $18-23 leaving 1PM
1691,"#drive03282024  San  Jose-Palo  Alto  $40  leaving  6:30  AM
flexible  time"
1692,#drive09152025 Need a drive Fremont -> Sacramento. Budget $40-48
1693,#ride01232025  RIDE!!  from  Oakland  to  San  Jose  10:20  PM  $10-15
1694,#ride08072025 SJ-Sac $12 leaving 8AM
1695,#drive04232024 Davis to Palo Alto $25 leaving 8AM
1696,#ride01122025 RIDE!! from Oakland to Sacramento 10AM $35
1697,"#drive10222024 DRIVE!! Palo Alto ➜ Berkeley 11:45 AM $10
comment below"
1698,#drive07262025 #drive08022025 Need a drive Sacramento-Berkeley. Budget $18
1699,#ride07152025  Oakland  to  Sunnyvale  |  10AM  |  $10  |  1  seat
1700,#drive02072025 DRIVE!! San Francisco -> San Jose 7:30 AM $25
1701,#ride05132025 RIDE!! Fremont -> San Jose 9:00 AM
1702,"#ride10132024 RIDE!! San Jose-Sacramento 7:20 PM $20-25 😊
comment below"
1703,Need a drive Davis-Palo Alto. Budget $12 thx
1704,#ride07132024 RIDE!! Davis -> Palo Alto 4:40 PM $12 😊
1705,#drive10212024 Need a drive Oakalnd to San Francisco. Budget $25-33
1706,#drive04042024 Need a drive Sunnyvale -> Berkeley. Budget 25 dollars
1707,#drive07302024  #drive07312024  San  Francisco  ➜  Oakland  $30  leaving  7:45  PM
1708,#drive06252024 Sacramento ➜ Oakland | 10:15 AM | $10 | 1 seat
1709,#ride06152025 Davis ➜ San Francisco | 7PM | $35 | 1 seat thx
1710,#drive04192024 Fremont to Davis | 3:10 PM | $15 | 1 seat
1711,"#drive08252025 from Palo Alto to Sac | 7PM | $10-18 | 1 seat
comment below"
1712,#drive10172025 from Sunnyvale to Oakland | 2PM | 22 dollars | 1 seat pls
1713,#drive11232024 DRIVE!! Berkeley to Sunnyvale 9AM $18
1714,#drive11172025 DRIVE!! from Palo Alto to San Francisco 9AM $15-23 pls
1715,#ride08032024 RIDE!! San Jose-Davis 11AM $22-27
1716,#ride07102024  Need  a  ride  Oakland  ➜  SF.  Budget  !!
1717,"#drive02102024 #drive02122024 Davis to Fremont | 8AM | $15 | 1 seat
comment below"
1718,#drive05132025 DRIVE!! from Davis to Palo Alto 8AM $10 🚗
1719,Oakland-San Jose 20 dollars leaving 1PM
1720,"#drive11012025 DRIVE!! Fremont ➜ Palo Alto 7:00 PM $20
anyone?"
1721,#ride06282024 Berkeley ➜ San Jose | 8AM | $22 | 1 seat thx
1722,#drive06052024 Need a drive San Francisco to Oakland. Budget $25
1723,#ride07062024 Berkeley ➜ Fremont | 7PM | $40 | 1 seat thx
1724,Need a drive San Francisco ➜ Sunnyvale. Budget 30 dollars 🚗
1725,"#ride05182025 Need a ride from SF to San Jose. Budget $25
pm me"
1726,Davis ➜ Oakland $10 leaving 5PM
1727,#drive07142025 Sacramento-San Jose  leaving 6:50 AM 🚗
1728,#drive07222024 DRIVE!! from Berkeley to San Francisco 6:10 AM $10
1729,#drive01192025 DRIVE!! Oakland-Davis 9AM $30
1730,#drive11192024 Need a drive Palo Alto -> SJ. Budget 30 dollars !!
1731,#ride03132024  Oakland  ➜  San  Jose  |  8PM  |  $10  |    1seat
1732,#ride05122025 Need a ride Oakland ➜ Berkeley. Budget $25 🚗
1733,#drive09082025 Fremont to Berkeley | 6AM | $30 | 1 seat thx
1734,#drive09122024 Need a drive Berkeley-San Jose. Budget $22
1735,#ride10312025 Sunnyvale-Oakland  leaving 6:45 PM
1736,#ride10152024 #ride10172024 Sacramento ➜ San Francisco $18 leaving 4PM
1737,#ride06012024 RIDE!! OaklandD-avis 7PM $35-40
1738,#ride08062025  Need  a  ride  San  Jose  ->  Oakland.  Budget  20  dollars
1739,#ride08272024  Sunnyvale  ->  Davis    leaving  10:20  PM
1740,#drive01312024  Need  a  drive  Sunnyvale  to  Oakland.  Budget  😊
1741,#ride09112025 San Francisco to Fremont | 6PM | $35 | 1 seat pls
1742,#ride03282024 RIDE!! Oakland to Sunnyvale 12:50 PM $30
1743,#ride01312024 from San Francisco to San Jose $12 leaving 10:45 PM
1744,#drive01072024 #drive01082024 DRIVE!! from Davis to Sunnyvale 9:15 PM !!
1745,#ride09022025 Fremont to Berkeley | 7PM | $22 | 1 seat thx
1746,#drive11122025 Davis ➜ Berkeley $12 leaving 8PM
1747,#ride03232024 Berkeley-Sac | 7:30 PM | $10-18 | 1 seat 🚗
1748,#drive08162024  #drive08192024  DRIVE!!  Sunnyvale  ->  Davi  s10PM  $40
1749,#ride08292024 Oakland -> San Jose  leaving 1:20 PM
1750,#ride02032025 Need a ride SJ ➜ Fremont. Budget 25 dollars
1751,#ride11022025 #ride11052025 Need a ride Fremont to San Francisco. Budget $12
1752,#drive10142025 Fremont to San Jose | 4PM | 35 dollars | 1 seat
1753,Palo Alto ➜ Sarcamento | 8PM | $22 | 1 seat
1754,#ride01152024 RIDE!! San Francisco ➜ Berkeley 11:45 AM $12 pls
1755,#ride05262025 from Palo Alto to San Francisco | 6:20 PM | 40 dollars | 1 seat
1756,#drive04242024  Need  a  drive  Oakland-San  Francisco.  Budget  $20
1757,Fremont-San Francisco | 10AM | $30 | 1 seat 😊
1758,#ride05172024 #ride05242024 from Sacramento to Davis | 12:20 PM | $12 | 1 seat
1759,#drive06142025 Sac ➜ San Jose | 10:30 AM | | 1 seat
1760,#ride03082024 #ride03092024 from Davis to Oakland | 5PM | $22 | 1 seat
1761,#drive06192025  Palo  Alto  ->  San  Francisco  $30  leaving  4:45  PM  😊
1762,#drive12312025 Need a drive from Sunnyvale to Oakland. Budget $10-20
1763,"#ride06252025 Oakland-San Francisco | 7:30 AM | $35 | 1 seat
flexible time"
1764,#ride11272024 RIDE!! San Jose to Oakland 11:40 AM $10
1765,#ride11022025 Sacramento -> Palo Alto | 9:00 AM | 12 dollars | 1 seat 🚗
1766,#ride04252024 from Sacramento to Berkeley $25 leaving 9:40 PM
1767,#ride07272025 Need a ride Fremont to Berkeley. Budget 30 dollars 😊
1768,#drive02012024 Oakland -> Sunnyvale $12 leaving 7AM
1769,#ride05132025  San  Francisco  to  Oakland  |  11:30  AM  |  22  dollars  |  1  seat
1770,#drive10252024 #drive10282024 San Francisco -> Sunnyvale | 10:45 AM |  | 1 seat
1771,from Oakland to Bekreley $20 leaving 8PM
1772,#ride06212025 #ride06222025 San Jose to Oakland | 7AM |  | 1 seat thx
1773,r#ide01022024 San Jose-San Francisco  leaving 7:40 AM
1774,"#drive10212024 Fremont ➜ Sunnyvale l eaving 12PM
pm me"
1775,#ride01012024 Need a ride San Jose-Sunnyvale. Budget
1776,#ride05102025 RIDE!! Davis -> Berkeley 9:15 AM $12
1777,#drive06072025 from San Francisco to San Jose | 2PM | $35 | 1 seat
1778,#drive04142025 DRIVE!! Sac to Oakland 10:15 AM $30-38
1779,#drive04062025  DRIVE!!  Sacramento  ->  Berkeley  8:20  PM  $30
1780,#drive01152024 Fremont -> San Francisco $25 leaving 8AM
1781,Fremont-Palo Alto | 10:30 PM | $30 | 1 seat
1782,#ride05082025 #ride05112025 San Francisco ➜ San Jose  leaving 11:15 AM
1783,#ride08922024 RIDE!! San Jose-Palo Alto 7:40 AM 😊
1784,"#ride02122024  #ride02142024  Sacramento  ➜  Berkeley    leaving  10PM
anyone?"
1785,#drive12032025 #drive12052025O akland -> Sunnyvale | 12:20 PM | $25 | 1 seat
1786,#ride11112025 Fremont to Davis | 8:20 AM | $25-35 | 1 seat thx
1787,#drive10262025 #drive10292025 Need a drive Oakland -> Berkeley. Budget $18 pls
1788,#ride06232024 Need a ride from Oakland to Berkeley. Budget $15
1789,#drive04122024 Oakland -> Palo Alto $30 leaving 2:00 PM
1790,#drive03172025  #drive0318202 5Need a drive from Davis to Fremont. Budget
1791,#ride01232024 from Sunnyvale to SJ  leaving 4PM
1792,#drive08242025 San Jose-Davis | 10AM | $12 | 1 seat
1793,#drive06242025 DRIVE!! Oakland -> Berkeley 6:00 PM
1794,#drive04252024 Need a drive Oakland ➜ Fremont. Budget $25
1795,#drive10082024 from San Francisco to Palo Alto | 9:45 AM | $15 | 1 seat
1796,#ride12062024  Fremont  ➜  Palo  Alto  $35  leaving  5:00  PM
1797,#ride08292024 Need a ride Sacramento-San Francisco. Budget 15 dollars 😊
1798,#drive09022025 Sacramento -> Sunnyvale $18 leaving 8PM 😊
1799,#ride11172025 from Sacramento to Fremont  leaving 10:50 AM
1800,"#ride10112025 RIDE!! Sacramento ➜ Palo Alto 8:50 PM 18 dollars
pm me"
1801,#ride05272024 Need a ride Sunnyvale ➜ Palo Alto. Budget $25 pls
1802,#drive08182025  Need  a  drive  Sunnyvale  ➜  Berkeley.  Budget  $40
1803,#ride07292025 Need a ride Fremont ➜ Berkeley. Budget $40 pls
1804,#drive06102025 Davis ➜ eBrkeley $12-22 leaving 11:00 AM
1805,#drive12222024 #drive12252024 DRIVE!! Fremont -> Palo Alto 10:20 AM $15 !!
1806,#drive07202025 from Sacramento to SF 40 dollars leaving 2PM
1807,Need a drive Sunnyvale-Sacramento. Budget
1808,#drive03282024 Need a drive Sacramento to Palo Alto. Budget 40 dollars 🚗
1809,#drive05282025  Need  a  drive  San  Francisco  ->  Palo  Alto.  Budget  $22
1810,#drive06142025 Need a drive San Jose to Davis. Budget $40
1811,#ride01292024 RIDE!! Berkeley to San Jose 9PM $25
1812,#drive06242025 Need a drive from Berkeley to Fremont. Budget $20-30
1813,#ride06222024 Fremont to Palo Alto $22 leaving 12PM
1814,#ride07252024 San Jose ➜ Sacramento | 10:00 AM | $40 | 1 seat
1815,"#drive05072024 DRIVE!! Davis -> San Jose 5:30 PM $40 😊
comment below"
1816,#dirve10102024  San  Jose  ➜  Davis  $10  leaving  4PM
1817,#ride06042024 #ride06072024 from Fremont to Berekley $20-30 leaving 9:10 PM
1818,Need  a  drive  San  Francisco-Sacramento.  Budget  $30-38
1819,#drive06102024  #drive06122024 Need a drive Sacramento -> San Jose. Budget $15 pls
1820,#ride12312024 Need a ride San Francisco to Berkeley. Budget $22
1821,#ride04252025 San Jose ➜ Davis $25 leaving 2:30 PM
1822,#drive09082025 Need a drive Sunnyvale-Fremont. Budget $35
1823,#ride07032025 Need a ride San Francisco -> Sunnyvale. Budget $40
1824,#drive07312025 #drive08022025 Sacramento ➜ San Francisco | 2PM | $35 | 1 seat
1825,#ride05232024  Need  a  ride  Berkeley  ->  Palo  Alto.  Budget
1826,#drive12012025 San Jose ➜ Sunnyvale $40 leaving 10AM
1827,#drive11212025  DRIVE!!  Sunnyvale-Palo  Alto  11AM  $40  😊
1828,#drive03072025 Sunnyvale ➜ Berkeley | 5:30 PM | $10-20 | 1 seat
1829,"#ride07152024 Berkeley -> Sac $40-45 leaving 6PM
flexible time"
1830,#drive03172024 Need a drive Davis -> San Jose. Budget $10 😊
1831,#ride01212024 #ride01282024 RIDE!! from Sacramento to Fremont 2:40 PM $40 pls
1832,#drive07132024 Sacramento ➜ Berkeley $40 leaving 10AM
1833,#drive09162025 DRIVE!! Fremont ➜ San Francisco 11:20 AM
1834,#rdive10252024  DRIVE!!  San  Jose  ->  Berkeley  9AM  🚗
1835,"#drive02052025  Palo  Alto  ➜  Berkeley  $35  leaving  8:40  PM
comment  below"
1836,#ride06192024 #ride06212024 Palo Alto to SF $12 leaving 11AM
1837,#drive10222024 Sunnyvale ➜ San Jose | 9PM | $25-33 | 1 seat
1838,#drive10132025  from  Palo  Alto  to  Sacramento  |  8:15  AM  |    |  1  seat
1839,#drive10212025  Oakland-Sacramento  |  6AM  |  $18  |  1  seat
1840,#ride06132025  Davis  to  Berkeley  |  7:40  AM  |  |  1  seat
1841,#ride05022024 Oakland-Fremont | 7:30 PM | $10 | 1 seat 😊
1842,#ride06072025 Sacramento ➜ Berkeley  leaving 8:40P M
1843,"#drive08252025 Palo Alto-Fremont $15 leaving 7AM
anyone?"
1844,#ride09112024 Need a ride from Davis to San Francisco. Budget $15
1845,#drive12162024 Need a drive Sunnyvale to Palo Alto. Budget $40
1846,#drive12022025  SF-San  Jose  $22  leaving  4PM
1847,#ride01062024 Need a ride Fremont-Sacramento. Budget $35-40
1848,#ride06022024 RIDE!! Fremont -> Sacramento 9:45 AM $18 pls
1849,"#drive11172024 from Sacramento to Oakland $18-28 leaving 5:40 PM
comment below"
1850,#ride04022025  Need  a  ride  SJ  ->  San  Jose.  Budget  $12
1851,Need a drive San Jose -> San Francisco. Budget $12-17 pls
1852,#drive02052025 from Davis to Berkeley | 10PM | $18 | 1 seat
1853,#ride05112024 Sunnyvale-Berkeley | 4PM | $20-28 | 1 seat pls
1854,Need a drive San Francisco ➜ Sunnyvale. Budget $15-25
1855,#ride09212025 Fremont-San Jose $22 leaving 10:15 PM
1856,Need a drive Berkeley to Sacramento. Budget $15-20 thx
1857,RIDE!!  Sunnyvale  to  Sacramento  12PM  $10
1858,#drive06212024 DRIVE!! from San Jose to Berkele y7:10 PM $12
1859,#drive12062024 Berkeley-San Francisco $40 leaving 9AM
1860,#drive02252024 from San Jose to Berkeley | 5:30 PM | $18 | 1 seat 🚗
1861,"#ride05102024 Sacramento-Oakland $35 leaving 1PM
comment below"
1862,#ride08092024 San Jose ➜ Fremont  leaving 6:50 PM !!
1863,#drive06292025 Need a drive from Berkeley to Fremont. Budget $12
1864,#drive08202025 Berkeley ➜ San Jose $12 leaving 2:00 PM 😊
1865,#ride08192024  Sacramento-Berkeley  $22  leaving  2PM
1866,from Oakland to San Francisco $25 leaving 8:15 PM thx
1867,#ride12192025 Oakland-Berkeley | 11:45 AM | $15-25 | 1 seat !!
1868,#ride11242025 Sunnyvale-Davis | 9:15 AM | $10-18 | 1 seat 😊
1869,#drive03182025 #drive03202025 from San Francisco to Davis | 11:00 AM |  | 1 seat
1870,#drive06132025 DRIVE!! Oakland-San Jose 12PM $35-43
1871,#ride01042025 #ride01072025 from Berkeley to Davis 22 dollars leaving 3:30 PM thx
1872,"#drive04072025 DRIVE!! Palo Alto-Sunnyvale 10AM
comment below"
1873,#ride10282024 from Oakland to Sunnyvale $25 leaving 9PM
1874,#ride08262024 Need a ride from San Jose to Sunnyvale. Budget $15
1875,RIDE!! Palo Alto to Berkeley 6PM $15
1876,"#ride10082024 Oakland ➜ Fremont  leaving 8PM
anyone?"
1877,#ride10292025 Need a ride from Fremont to SJ. Budget $18-23 thx
1878,#drive03022025  DRIVE!!  San  Jose-Berkeley  7AM  $35-40
1879,#ride03202024  #ride03272024  Berkeley  to  Fremont  $22-27  leaving  6:30  AM  😊
1880,#drive09062024 DRIVE!! Fremont ➜ San Francisco 2:30 PM $12-20
1881,#ride11062024 Sacramento-Davis $30 leaving 6PM thx
1882,#ride07262024 RIDE!! Palo Alto ➜ Sacramento 10AM $18
1883,#ride11172025 Need a ride Sunnyvael -> Berkeley. Budget $35
1884,#drive03042025 DRVIE!! Berkeley to Oakland 8AM 😊
1885,#ride03302025 from Fremont to Sunnyvale | 11AM |  | 1 seat pls
1886,#ride11112025 RIDE!! Berkeley to Davis 11AM $35
1887,#drive01052024 Berkeley -> San Francisco | 7AM | $12 | 1 seat 🚗
1888,#drive09092025  eBrkeley  to  Sacramento  30  dollars  leaving  6:10  PM
1889,#drive03272024 Davis -> Berkeley | 3PM |  | 1 seat pls
1890,#ride03252025 from Sunnyvale to Sac $35 leaving 9PM
1891,#drive07032025 Need a drive Sacramento -> San Jose. Budget $30 pls
1892,#ride08012025 #ride08082025 RIDE!! from San Francisco to Sacramento 9:10 PM $12 thx
1893,#drive01272025 Need a drive from Oakland to Berkeley. Budget
1894,#ride11202024 frmo San Francisco to Davis  leaving 3:50 PM
1895,#ride05222024 Need a ride from Fremont to Sunnyvale. Budget
1896,#drive12312025 from Sacramento to San Jose $22 leaving 6:45 PM
1897,#ride06242024 from Fremont to Sunnyvale $25 leaving 01:45 AM !!
1898,#ride11052024 Need a ride Palo Alto-Fremont. Budget $25
1899,#ride10262024 #ride11022024 Need a ride San Francisco -> Palo Alto. Budget
1900,#ride10132024 #ride10162024 from Sunnyvale to San Jose | 4PM | $30 | 1 seat thx
1901,#ride02222024 from San Jose to Berkeley | 10:15 AM | $25 | 1 seat 🚗
1902,#drive09032025 Fremont-Palo Alto $25 leaving 6AM 😊
1903,#ride02140225 Need a ride from San Jose to Palo Alto. Budget $25
1904,#ride01272025 RIDE!! Oakland -> Palo Alto 11:00 AM $40
1905,#ride01212024 Need a ride from San Jose to SF. Budget $18
1906,#drive12202024 Palo Alto -> Berkeley $35 leaving 1:50 PM
1907,#drive02162025  #drive02232025  Need  a  drive  Sunnyvale-Fremont.  Budget  $30  🚗
1908,#ride05122025  Need  a  ride  Davis  ->  Oakland.  Budget  $10
1909,#drive03062024 Need a drive from San Francisco to Sunnyvale. Budget $15
1910,#drive03082025 Need a drive San Francisco to Palo Alto. Budget
1911,#ride06202025  San  Francisco  ->  Pal  oAlto    leaving  11AM
1912,#ride02022024 RIDE!! San Francisco to Sunnyvale 12:45 PM $20
1913,#ride09242024 from Berkeley to Oakland $10 leaving 12:10 PM
1914,#ride06202024 Sacramento -> Fremont $20 leaving 11AM
1915,#ride05202024 San Jose ➜ SF | 12PM | $18-26 | 1 seat
1916,#ride10272024 RIDE!! Fremont ➜ San Jose 10:20 AM
1917,#ride04102024 San oJse ➜ Sacramento | 4:45 PM | $12 | 1 seat
1918,#ride05142025 RIDE!! Sacramento-Palo Alto 10:40 AM $35
1919,#ride01182025  Oakland-San  Jose  $30  leaving  9AM  🚗
1920,#drive06272025 from Davis to Oakland | 7PM |  | 1 seat !!
1921,"#drive11282025  San  Francisco  ➜  Fremont  $25  leaving  5:30  PM
pm  me"
1922,#drive01062025 #drive01072025 DRIVE!! Berkeley -> Sunnyvale 9:20 AM
1923,#drive11032024 Need a drive from Berkeley to Sacramento. Budget $30-38
1924,Sunnyvale -> Sacramento $18l eaving 6AM
1925,#drive02232024 DRIVE!! from Sacramento to Fremont 7:50 AM $22
1926,#drive01042025 DRIVE!! San Francisco-Sacramento 2PM $40
1927,#ride06152024 RIDE!! Sunnyvale -> Fremont 8PM $30 🚗 flexible time
1928,#drive11042025 Need a drive Sacramento-Fremont. Budget $15
1929,#ride06282025 Sacramento ➜ Fremont | 12:15 PM | $35 | 1 seat
1930,#drive11132025 Palo Alto -> Fremont $30 leaving 10:00 PM !!
1931,#ride05012025 Need a ride Sacramento to Davis. Budget 35 dollars
1932,#drive11042025  #drive11072025  Sunnyvale-Sacramento  $12-22  leaving  12PM
1933,#ride01062025 Sunnyvale-Palo Alto | 6AM | $12-20 | 1 seat !!
1934,"#drive09272025 DRIVE!! Oakland ➜ San Jose 4:15 PM $30 🚗
comment below"
1935,#drive01202024 DRIVE!! Berkeley to Sacramento 8PM $25
1936,#ride02072024  Need  a  ride  Palo  Alto-Oakland.  Budget  25  dollars  pls
1937,#ride04172025 San Jose-Fremont $18 leaving 6AM
1938,#ride01162024 RIDE!! Sac to Oakland 8AM 35 dollars
1939,#drive10092025 Sa nFrancisco to Sacramento | 4:15 PM |  | 1 seat
1940,#ride01262024 Need a ride Sunnyvale to Oakland. Budget $40
1941,#ride06152024 Sacramento ➜ San Jose | 10AM | $18 | 1 seat
1942,#drive07132024  DRIVE!!  Berkeley  to  Sunnyvale  8AM  $10  thx
1943,#drive07182025 Berkeley to Davis $20-25 leaving 6PM
1944,#ride09252024 Berkeley to San Jose | 9AM | $10 | 1 seat thx
1945,#drive04072024 Need a drive San Francisco to Sunnyvale. Budget $10
1946,#drive07222025  from  Oakland  to  San  Jose  |  2PM  |    |  1  seat  😊
1947,#ride05202025 Need a ride San Francisco to San Jose. Budget
1948,#ride06142024 from Fremont to Sacramento $20 leaving 9:15 AM thx
1949,#drive05142024 DRIVE!! Davis ➜ Sunnyvale 3:10 PM $20-30
1950,#drive02212025 San Jose-Fremont | 10AM | $22 | 1 seat
1951,#ride07292025 Need a ride San Francisco ➜B erkeley. Budget $22 !!
1952,#drive11292025  #drive11302025  DRIVE!!  Oakland  ->  SJ  10:15  PM  $18-23
1953,#ride12252025 RIDE!! Palo Alto ➜ Fremont 10PM $40 🚗
1954,#drive10212025 Davis -> Fremont | 5:45 PM | $18 | 1 seat
1955,#drive10302024 Palo Alto ➜ Berkeley  leaving 11:15 AM
1956,#drive01232025 Palo Alto-Oakland | 9:50 AM | $40 | 1 seat
1957,#drive03272025 DRIVE!! Fremont -> Oakland 4:00 PM $30
1958,#ride08202025 RIDE!! Oakland -> Sunnyvale 4:15 PM $10
1959,#ride02262025 RIDE!! Palo Alto-Davis 11:30 AM $25
1960,#drive11252024 Berkeley -> Sunnyvale 20 dollars leaving 7AM
1961,#drive01182025  Need  a  drive  Fremont  ➜  Berkeley.  Budget
1962,"#drive11192024 DRIVE!! San Francisco ➜ Oakland 3:50 PM $22-32 thx
comment below"
1963,from Davis to San Jose $15 leaving 10AM
1964,#drive03022025 DRIVE!! from Davis to Palo Alto 7PM $30
1965,#drive08172024 DRIVE!! from Fremont to Davis 3:00 PM $40 😊
1966,#ride06192024 RIDE!! Sacramento-Fremont 7:45 PM $25
1967,#ride08202024 Need a rdie Oakland ➜ Sunnyvale. Budget $15
1968,#drive01122024 Palo Alto to Oakland $35 leaving 9:45 AM
1969,#ride09042024 Need a ride Sunnyvale -> Oakland. Budget thx
1970,#ride09042024 Palo Alto ➜ Sunnyvale | 11:15 AM | $12 | 1 seat
1971,#drive08072025 from Oakland to Berkeley | 9PM |  | 1 seat
1972,#drive12142025 DRIVE!! SJ-Palo Alto 8:50 AM $22-32
1973,#ride06052024 Oakland ➜ Sunnyvale | 1:40 PM | $25 | 1 seat
1974,#ride03072024 San Jose to San Francisco | 10AM |  | 1 seat
1975,#ride01072024  Sunnyvale  ->  Fremont  $30  leaving  2PM
1976,#ride02252024 Fremont ➜ Oakland | 5:50 PM | $30 | 1 seat comment below
1977,#drive12192024  #drive12212024  Need  a  drive  Fremont  ➜  Sunnyvale.  Budget
1978,#drive06232024 #drive06252024 from Sacramento to Oakland | 10PM | 12 dollars | 1 seat
1979,#drive03222024 DRIVE!! San Francisco-Sacramento 9AM 10 dollars
1980,#ride06302025 RIDE!! Palo Alto to Fremont 3PM $30
1981,#ride01032024 RIDE!! San Jose to Sunnyvale 7PM $25
1982,#drive05022025 DRIVE!! from San Francisco to Sunnyvale 12:40 PM 10 dollars
1983,#drive12092024 Need a drive Palo Alto to San Jose. Budget $20
1984,#drive05102025 DRIVE!! from Berkeley to Davis 5PM $40-45 thx
1985,"#drive05032025  DRIVE!!  Sunnyvale-Palo  Alto  4:30  PM  $12
comment  below"
1986,#drive10132024 DRIVE!! Berkeley to San Jose 3PM 20 dollars !!
1987,#ride03052025 Fremont-Oakland | 6:40 PM |  | 1 seat
1988,"#ride06052025 RIDE!! from Fremont to Sacramento 11AM $15
comment below"
1989,"#ride09232025 Sunnyvale -> San Francisco $18 leaving 2:45 PM
pm me"
1990,#drive03072024  Need  a  drive  Oakland  ➜  Palo  Alto.  Budget  $20  🚗
1991,"#drive06182025 Fremont -> San Francisco | 5PM | $40 | 1 seat
flexible time"
1992,#drive12132025  DRIVE!!  San  Jose  to  Davis  5PM  $18-26
1993,#drive11252025 DRIVE!! San Jose to Berkeley 8:40 PM $35
1994,#ride12092025 Need a ride Oakland-San Jose. Budget $10-18
1995,#ride06132024 from Palo Alto to San Jose | 12PM | 40 dollars | 1 seat
1996,#drive04242025  Need  a  drive  from  Davis  to  Sunnyvale.  Budget  !!
1997,#drive10192025 Need a drive Oakland-San Francisco. Budget $35
1998,Need a ride from Fremont to Palo Alto. Budget
1999,#ride07132025 RIDE!! Berkeley -> Sacramento 3:40 PM $40-50
2000,#ride04192025 Oakland to Berkeley | 9:15 PM |  | 1 seat !!
