src,dst
0,1
0,2
0,3
0,4
0,5
0,6
0,8
0,9
0,11
0,12
0,14
0,16
0,20
0,23
0,27
0,30
0,33
0,34
0,39
0,46
0,49
0,55
0,66
0,87
0,90
0,95
0,100
0,101
0,127
0,160
0,170
0,180
0,194
0,198
0,207
0,208
0,209
0,229
0,232
0,247
0,260
0,269
0,301
0,313
0,323
0,327
0,335
0,338
0,351
0,360
0,364
0,384
0,423
0,431
0,439
0,440
0,453
0,468
0,474
0,489
0,500
0,506
0,535
0,596
0,611
0,629
0,632
0,658
0,665
0,668
0,712
0,724
0,725
0,743
0,768
0,854
0,875
0,912
0,937
0,987
0,1019
0,1064
0,1082
0,1125
0,1181
0,1224
0,1247
0,1255
0,1267
0,1282
0,1323
0,1326
0,1338
0,1414
0,1427
0,1457
0,1461
0,1464
0,1483
0,1494
0,1511
0,1513
0,1522
0,1557
0,1606
0,1614
0,1622
0,1639
0,1890
0,1908
0,1934
0,2014
0,2076
0,2093
0,2119
0,2172
0,2242
0,2249
0,2360
0,2389
0,2427
0,2469
0,2524
0,2634
0,2639
0,2649
0,2687
0,2722
0,2758
0,2797
0,2807
0,2819
0,2847
0,2866
0,2874
0,2912
0,2946
0,3045
0,3059
0,3157
0,3178
0,3230
0,3295
0,3411
0,3482
0,3524
0,3532
0,3582
0,3587
0,3610
0,3611
0,3645
0,3685
0,3728
0,3743
0,3937
0,3942
0,3967
0,3970
0,4038
0,4081
0,4171
0,4186
0,4227
0,4228
0,4351
0,4367
0,4404
0,4415
0,4446
0,4448
0,4449
0,4529
0,4538
0,4552
0,4607
0,4648
0,4653
0,4755
0,4811
0,5015
0,5020
0,5064
0,5065
0,5081
0,5172
0,5235
0,5320
0,5348
0,5354
0,5363
0,5375
0,5443
0,5496
0,5535
0,5561
0,5569
0,5749
0,5789
0,5835
0,6055
0,6063
0,6090
0,6117
0,6266
0,6288
0,6334
0,6367
0,6481
0,6540
0,6562
0,6946
0,7120
0,7240
0,7246
0,7263
0,7267
0,7295
0,7303
0,7500
0,7536
0,7565
0,7618
0,7639
0,7672
0,7685
0,7689
0,7773
0,7856
0,7869
0,7978
0,8026
0,8033
0,8069
0,8080
0,8224
0,8232
0,8262
0,8375
0,8435
0,8492
0,8639
0,8648
0,8653
0,8728
0,8787
0,8850
0,8881
0,8968
0,8973
0,9128
0,9198
0,9243
0,9246
0,9442
0,9608
0,9670
0,9717
0,9750
0,9958
0,9977
1,4
1,5
1,7
1,9
1,10
1,12
1,15
1,19
1,22
1,23
1,28
1,36
1,37
1,39
1,49
1,56
1,66
1,71
1,72
1,73
1,79
1,80
1,85
1,131
1,132
1,134
1,140
1,143
1,148
1,158
1,159
1,164
1,204
1,216
1,221
1,225
1,264
1,284
1,296
1,300
1,303
1,306
1,327
1,329
1,336
1,362
1,370
1,381
1,383
1,388
1,396
1,422
1,462
1,464
1,471
1,473
1,475
1,476
1,512
1,528
1,545
1,550
1,589
1,668
1,674
1,682
1,686
1,717
1,740
1,742
1,743
1,744
1,774
1,791
1,795
1,805
1,844
1,858
1,887
1,904
1,909
1,924
1,928
1,935
1,940
1,942
1,968
1,972
1,980
1,985
1,990
1,1000
1,1001
1,1004
1,1017
1,1041
1,1061
1,1067
1,1069
1,1080
1,1105
1,1167
1,1185
1,1218
1,1242
1,1303
1,1339
1,1386
1,1402
1,1406
1,1447
1,1454
1,1529
1,1576
1,1601
1,1607
1,1690
1,1729
1,1759
1,1781
1,1844
1,1848
1,1851
1,1888
1,1902
1,1922
1,1934
1,2047
1,2058
1,2077
1,2099
1,2109
1,2112
1,2147
1,2178
1,2184
1,2214
1,2234
1,2281
1,2292
1,2313
1,2365
1,2389
1,2409
1,2552
1,2569
1,2576
1,2596
1,2726
1,2806
1,2884
1,2893
1,2911
1,2922
1,2975
1,2976
1,3002
1,3049
1,3109
1,3139
1,3195
1,3270
1,3279
1,3283
1,3367
1,3376
1,3389
1,3398
1,3460
1,3514
1,3574
1,3586
1,3623
1,3663
1,3681
1,3696
1,3799
1,3804
1,3936
1,3946
1,4020
1,4023
1,4031
1,4152
1,4237
1,4272
1,4295
1,4309
1,4311
1,4347
1,4439
1,4450
1,4453
1,4512
1,4541
1,4556
1,4586
1,4593
1,4594
1,4670
1,4739
1,4742
1,4788
1,4830
1,4859
1,4915
1,5058
1,5084
1,5108
1,5112
1,5190
1,5199
1,5320
1,5350
1,5479
1,5481
1,5520
1,5593
1,5662
1,5672
1,5807
1,5823
1,5935
1,6057
1,6256
1,6358
1,6410
1,6439
1,6519
1,6544
1,6548
1,6590
1,6595
1,6729
1,6891
1,6982
1,7025
1,7047
1,7169
1,7173
1,7183
1,7269
1,7340
1,7383
1,7415
1,7476
1,7505
1,7519
1,7595
1,7651
1,7796
1,7834
1,8089
1,8122
1,8188
1,8262
1,8289
1,8330
1,8406
1,8501
1,8565
1,8595
1,8709
1,9005
1,9009
1,9077
1,9266
1,9549
1,9610
1,9816
2,4
2,6
2,7
2,10
2,13
2,20
2,22
2,23
2,41
2,50
2,82
2,110
2,195
2,210
2,219
2,272
2,275
2,348
2,353
2,582
2,669
2,741
2,772
2,800
2,946
2,1261
2,1263
2,1367
2,1397
2,1402
2,1615
2,1723
2,1805
2,1810
2,2117
2,2170
2,2199
2,2421
2,2834
2,2854
2,3065
2,3118
2,3138
2,3239
2,3271
2,3350
2,3400
2,3422
2,3627
2,3855
2,4432
2,4577
2,4694
2,4728
2,4856
2,4871
2,4927
2,4980
2,4981
2,5111
2,5184
2,5604
2,5605
2,5733
2,5909
2,6113
2,6231
2,6651
2,6684
2,6865
2,6889
2,6984
2,7128
2,7159
2,7749
2,7769
2,7872
2,7972
2,8078
2,8105
2,8230
2,8350
2,8428
2,8488
2,9027
2,9609
2,9702
3,5
3,63
3,149
3,201
3,279
3,396
3,525
3,575
3,767
3,813
3,1283
3,1345
3,1677
3,4743
3,5594
3,5688
3,7144
3,8028
3,8648
3,9020
3,9195
3,9434
4,6
4,7
4,8
4,9
4,13
4,31
4,42
4,65
4,70
4,76
4,78
4,84
4,97
4,112
4,114
4,131
4,180
4,204
4,215
4,249
4,266
4,344
4,360
4,391
4,418
4,434
4,436
4,463
4,469
4,560
4,638
4,648
4,661
4,686
4,696
4,704
4,755
4,792
4,832
4,857
4,923
4,1034
4,1183
4,1197
4,1264
4,1294
4,1361
4,1363
4,1473
4,1570
4,1665
4,1669
4,1785
4,1826
4,1851
4,1873
4,1890
4,1906
4,1994
4,2124
4,2231
4,2331
4,2360
4,2485
4,2486
4,2498
4,2577
4,2615
4,2719
4,2894
4,3060
4,3073
4,3297
4,3401
4,3471
4,3552
4,3684
4,3711
4,3807
4,4103
4,4232
4,4474
4,4559
4,4946
4,5082
4,5107
4,5288
4,5302
4,5754
4,5757
4,5778
4,5821
4,6158
4,6224
4,6477
4,6487
4,6492
4,6503
4,6651
4,6898
4,6994
4,7024
4,7035
4,7047
4,7176
4,7303
4,7433
4,7553
4,7958
4,8184
4,8623
4,8813
4,8978
4,9025
4,9097
4,9337
4,9339
4,9590
4,9699
5,14
5,15
5,27
5,32
5,34
5,80
5,111
5,177
5,186
5,187
5,242
5,245
5,315
5,358
5,360
5,369
5,558
5,619
5,745
5,908
5,955
5,1116
5,1126
5,1203
5,1222
5,1267
5,1280
5,1446
5,1481
5,1807
5,1910
5,2038
5,2159
5,2227
5,2253
5,2273
5,2315
5,2505
5,2601
5,2632
5,2770
5,3321
5,3472
5,3580
5,3640
5,3703
5,3740
5,3784
5,4272
5,4366
5,4381
5,4404
5,4427
5,4533
5,4649
5,4905
5,5874
5,5896
5,5901
5,5931
5,6051
5,6124
5,6187
5,6336
5,6393
5,6495
5,6685
5,6831
5,7086
5,7329
5,7385
5,7394
5,7408
5,7441
5,7446
5,7469
5,7902
5,8215
5,8313
5,8846
5,9159
5,9210
5,9252
5,9617
5,9706
5,9976
6,8
6,11
6,14
6,18
6,21
6,31
6,37
6,40
6,46
6,48
6,50
6,69
6,81
6,115
6,150
6,153
6,157
6,185
6,217
6,223
6,315
6,368
6,438
6,460
6,491
6,519
6,529
6,673
6,701
6,727
6,728
6,765
6,784
6,806
6,851
6,925
6,993
6,998
6,1019
6,1040
6,1045
6,1051
6,1052
6,1067
6,1085
6,1175
6,1284
6,1340
6,1390
6,1457
6,1497
6,1579
6,1584
6,1659
6,1675
6,1716
6,1746
6,1832
6,1861
6,1871
6,1898
6,1942
6,1958
6,1994
6,2073
6,2089
6,2132
6,2297
6,2350
6,2352
6,2430
6,2584
6,2674
6,2692
6,2711
6,2739
6,2746
6,2767
6,2815
6,2852
6,2899
6,3035
6,3051
6,3102
6,3174
6,3315
6,3408
6,3502
6,3660
6,3711
6,3765
6,3787
6,3856
6,3895
6,3988
6,3998
6,4092
6,4189
6,4479
6,4535
6,4573
6,4705
6,4857
6,4890
6,5024
6,5157
6,5263
6,5399
6,5554
6,5695
6,5795
6,5806
6,5894
6,5906
6,5923
6,5995
6,6019
6,6152
6,6300
6,6363
6,6393
6,6626
6,6649
6,6670
6,6751
6,6823
6,6945
6,7256
6,7376
6,7517
6,7582
6,7678
6,7925
6,8035
6,8962
6,9378
6,9647
6,9940
7,10
7,16
7,25
7,26
7,72
7,112
7,125
7,182
7,188
7,348
7,609
7,744
7,774
7,852
7,856
7,1039
7,1211
7,1507
7,1572
7,1727
7,1830
7,2200
7,2556
7,2594
7,2960
7,3454
7,3754
7,3767
7,4260
7,5149
7,5215
7,5501
7,5754
7,6251
7,6440
7,6639
7,6641
7,6687
7,6951
7,8037
7,8176
7,8424
7,8465
7,8969
7,9127
7,9285
8,11
8,12
8,16
8,19
8,22
8,24
8,25
8,31
8,35
8,39
8,46
8,54
8,61
8,70
8,71
8,80
8,82
8,90
8,100
8,102
8,104
8,135
8,147
8,167
8,178
8,179
8,190
8,199
8,217
8,247
8,265
8,295
8,297
8,307
8,309
8,320
8,339
8,355
8,400
8,405
8,454
8,487
8,490
8,510
8,537
8,591
8,616
8,657
8,669
8,706
8,751
8,772
8,782
8,799
8,855
8,918
8,961
8,1024
8,1026
8,1050
8,1089
8,1099
8,1125
8,1194
8,1224
8,1249
8,1262
8,1275
8,1281
8,1284
8,1301
8,1304
8,1337
8,1380
8,1383
8,1442
8,1488
8,1512
8,1526
8,1563
8,1577
8,1582
8,1587
8,1590
8,1595
8,1600
8,1609
8,1637
8,1689
8,1745
8,1773
8,1801
8,1959
8,1967
8,1988
8,2021
8,2057
8,2083
8,2150
8,2183
8,2198
8,2200
8,2206
8,2211
8,2212
8,2259
8,2330
8,2344
8,2373
8,2393
8,2429
8,2447
8,2472
8,2521
8,2562
8,2600
8,2691
8,2697
8,2825
8,2923
8,2941
8,2967
8,3111
8,3119
8,3183
8,3190
8,3360
8,3367
8,3393
8,3421
8,3429
8,3444
8,3480
8,3500
8,3566
8,3612
8,3660
8,3661
8,3694
8,3750
8,3766
8,3769
8,3856
8,3865
8,3923
8,4150
8,4250
8,4259
8,4278
8,4388
8,4449
8,4514
8,4515
8,4538
8,4562
8,4588
8,4592
8,4599
8,4688
8,4802
8,4870
8,4872
8,4926
8,4997
8,5011
8,5100
8,5103
8,5118
8,5128
8,5131
8,5150
8,5159
8,5188
8,5223
8,5335
8,5370
8,5541
8,5641
8,5736
8,5756
8,5796
8,5878
8,5924
8,5982
8,6142
8,6183
8,6246
8,6314
8,6374
8,6418
8,6505
8,6510
8,6596
8,6678
8,6782
8,6844
8,6848
8,6877
8,6988
8,7094
8,7131
8,7172
8,7174
8,7375
8,7379
8,7409
8,7495
8,7591
8,7808
8,7920
8,7938
8,8046
8,8083
8,8088
8,8107
8,8270
8,8285
8,8394
8,8425
8,8459
8,8624
8,8667
8,8712
8,8721
8,8891
8,8960
8,9179
8,9193
8,9316
8,9467
8,9497
8,9708
8,9950
9,13
9,43
9,57
9,73
9,75
9,76
9,108
9,212
9,241
9,255
9,289
9,301
9,326
9,442
9,465
9,488
9,574
9,610
9,778
9,872
9,889
9,1048
9,1173
9,1201
9,1366
9,1464
9,1514
9,1546
9,1852
9,1987
9,2068
9,2415
9,2579
9,2683
9,2848
9,3070
9,3333
9,3435
9,3585
9,3648
9,3662
9,3744
9,3836
9,3886
9,3899
9,4433
9,4533
9,4549
9,4679
9,4872
9,5029
9,5118
9,5372
9,5720
9,5889
9,5959
9,6087
9,6200
9,6959
9,7617
9,7755
9,8159
9,8252
9,8711
9,9756
9,9918
10,17
10,18
10,21
10,26
10,30
10,32
10,33
10,38
10,41
10,47
10,64
10,82
10,97
10,149
10,152
10,163
10,186
10,209
10,237
10,238
10,254
10,311
10,331
10,359
10,399
10,414
10,479
10,502
10,513
10,522
10,526
10,564
10,569
10,580
10,598
10,629
10,648
10,663
10,682
10,690
10,781
10,805
10,829
10,963
10,1117
10,1206
10,1375
10,1436
10,1463
10,1512
10,1527
10,1528
10,1750
10,1803
10,1823
10,1824
10,1837
10,1838
10,1889
10,1947
10,1957
10,2025
10,2033
10,2145
10,2187
10,2194
10,2360
10,2362
10,2602
10,2624
10,2651
10,2672
10,2724
10,2780
10,2784
10,2894
10,2950
10,2974
10,3040
10,3052
10,3096
10,3101
10,3270
10,3324
10,3388
10,3542
10,3582
10,3608
10,3653
10,3714
10,3739
10,3806
10,3864
10,3943
10,3985
10,4021
10,4028
10,4080
10,4116
10,4174
10,4192
10,4285
10,4320
10,4349
10,4476
10,4546
10,4591
10,4631
10,4702
10,4727
10,4745
10,4965
10,5056
10,5155
10,5187
10,5295
10,5361
10,5789
10,5822
10,5886
10,5923
10,5999
10,6032
10,6212
10,6234
10,6241
10,6303
10,6311
10,6378
10,6402
10,6414
10,6437
10,6611
10,6619
10,6635
10,6771
10,6817
10,6954
10,7022
10,7028
10,7053
10,7072
10,7209
10,7243
10,7330
10,7435
10,7448
10,7606
10,7688
10,7695
10,7832
10,7835
10,7995
10,8027
10,8084
10,8151
10,8275
10,8356
10,8438
10,8613
10,8691
10,8732
10,8941
10,9078
10,9080
10,9143
10,9242
10,9327
10,9358
10,9370
10,9438
10,9476
10,9539
10,9601
10,9678
10,9732
10,9886
10,9895
10,9899
11,15
11,30
11,145
11,166
11,196
11,242
11,307
11,420
11,427
11,755
11,771
11,812
11,1138
11,1524
11,1538
11,1578
11,1919
11,2032
11,2090
11,2169
11,2381
11,2575
11,2959
11,3081
11,3146
11,3399
11,3402
11,4510
11,4802
11,5686
11,6401
11,7365
11,7424
11,7590
11,7745
11,7866
11,9447
11,9777
12,17
12,48
12,65
12,71
12,173
12,298
12,460
12,553
12,557
12,613
12,801
12,906
12,938
12,1089
12,1107
12,1163
12,1186
12,1542
12,1559
12,1824
12,2416
12,2476
12,2649
12,3665
12,3719
12,3732
12,3790
12,4069
12,4160
12,4187
12,4279
12,4295
12,4475
12,4513
12,4622
12,5301
12,5528
12,5555
12,5825
12,6372
12,6395
12,6469
12,6879
12,7425
12,8068
12,8207
12,8308
12,8509
12,9077
12,9291
12,9450
12,9554
12,9796
12,9946
13,17
13,24
13,25
13,28
13,57
13,60
13,65
13,83
13,117
13,151
13,155
13,164
13,167
13,257
13,258
13,299
13,301
13,329
13,336
13,419
13,491
13,508
13,528
13,563
13,580
13,606
13,615
13,646
13,710
13,746
13,760
13,783
13,832
13,1009
13,1075
13,1084
13,1097
13,1119
13,1235
13,1293
13,1297
13,1319
13,1385
13,1414
13,1522
13,1591
13,1749
13,1760
13,1799
13,1973
13,2163
13,2255
13,2387
13,2413
13,2575
13,2700
13,2937
13,3065
13,3168
13,3540
13,3629
13,3775
13,3791
13,3816
13,3839
13,3877
13,4076
13,4290
13,4483
13,4632
13,4774
13,4786
13,4817
13,4909
13,4996
13,5020
13,5042
13,5107
13,5138
13,5548
13,5718
13,5875
13,6026
13,6331
13,6624
13,6772
13,6989
13,7048
13,7143
13,7207
13,7495
13,7660
13,7748
13,7834
13,7986
13,8129
13,8135
13,8302
13,8327
13,8461
13,8620
13,8737
13,9090
13,9168
13,9777
13,9845
13,9892
14,24
14,40
14,42
14,52
14,59
14,79
14,150
14,168
14,178
14,441
14,521
14,709
14,790
14,798
14,990
14,1063
14,1086
14,1120
14,1343
14,1385
14,1435
14,1523
14,1617
14,1642
14,1783
14,1887
14,2107
14,2431
14,2655
14,2774
14,2856
14,2925
14,3336
14,3802
14,4328
14,4371
14,4483
14,4651
14,4687
14,4806
14,4844
14,4973
14,5006
14,5019
14,5328
14,5459
14,5507
14,5765
14,6800
14,6850
14,6852
14,6982
14,7246
14,7443
14,7534
14,7724
14,7798
14,7975
14,8253
14,8256
14,8872
14,9349
15,85
15,113
15,139
15,340
15,569
15,714
15,911
15,1148
15,1241
15,1311
15,1349
15,1367
15,1565
15,1583
15,1631
15,1975
15,2120
15,2988
15,3288
15,3446
15,3520
15,3692
15,3883
15,4123
15,4203
15,4474
15,4585
15,5199
15,5367
15,6554
15,6556
15,6938
15,6973
15,7165
15,7335
15,8143
15,9211
15,9309
15,9590
15,9667
15,9691
15,9818
15,9908
16,20
16,26
16,36
16,43
16,50
16,55
16,83
16,89
16,108
16,120
16,130
16,147
16,150
16,152
16,163
16,164
16,168
16,177
16,192
16,199
16,222
16,224
16,227
16,231
16,261
16,266
16,268
16,276
16,305
16,318
16,319
16,325
16,334
16,339
16,365
16,384
16,407
16,415
16,426
16,428
16,441
16,447
16,448
16,487
16,496
16,529
16,552
16,557
16,559
16,565
16,589
16,606
16,626
16,627
16,653
16,746
16,777
16,789
16,816
16,817
16,823
16,832
16,836
16,871
16,873
16,882
16,975
16,983
16,984
16,1012
16,1130
16,1143
16,1146
16,1158
16,1170
16,1184
16,1186
16,1209
16,1251
16,1268
16,1270
16,1305
16,1311
16,1319
16,1337
16,1357
16,1364
16,1383
16,1387
16,1448
16,1451
16,1476
16,1514
16,1544
16,1552
16,1570
16,1604
16,1668
16,1697
16,1742
16,1880
16,1904
16,1952
16,1998
16,2006
16,2020
16,2121
16,2142
16,2239
16,2260
16,2291
16,2327
16,2383
16,2398
16,2435
16,2574
16,2578
16,2652
16,2683
16,2731
16,2744
16,2769
16,2810
16,2845
16,2901
16,2946
16,2957
16,2958
16,2961
16,2988
16,3080
16,3090
16,3112
16,3132
16,3145
16,3173
16,3256
16,3365
16,3395
16,3400
16,3460
16,3474
16,3632
16,3664
16,3714
16,3753
16,4141
16,4160
16,4161
16,4170
16,4213
16,4239
16,4273
16,4322
16,4325
16,4329
16,4449
16,4453
16,4578
16,4626
16,4638
16,4680
16,4719
16,4762
16,4836
16,4849
16,4902
16,4970
16,4977
16,5024
16,5032
16,5048
16,5053
16,5090
16,5115
16,5120
16,5449
16,5482
16,5598
16,5610
16,5750
16,5834
16,5916
16,5975
16,5978
16,6100
16,6137
16,6256
16,6284
16,6389
16,6457
16,6533
16,6536
16,6671
16,6796
16,6935
16,7391
16,7412
16,7528
16,7656
16,7666
16,7727
16,7737
16,7926
16,8112
16,8141
16,8307
16,8399
16,8533
16,8542
16,8672
16,8684
16,8794
16,8807
16,8835
16,8836
16,8932
16,9004
16,9006
16,9105
16,9258
16,9323
16,9376
16,9456
16,9611
16,9681
16,9727
16,9908
17,18
17,43
17,56
17,91
17,93
17,143
17,151
17,210
17,229
17,262
17,304
17,356
17,582
17,722
17,954
17,1052
17,1260
17,1317
17,1334
17,1348
17,1595
17,1674
17,1733
17,1840
17,2034
17,2037
17,2155
17,2161
17,2174
17,2196
17,2281
17,2300
17,2316
17,2606
17,2626
17,2646
17,2660
17,2849
17,2994
17,3318
17,3358
17,3410
17,3472
17,3560
17,3609
17,3737
17,3837
17,3863
17,3864
17,4014
17,4046
17,5109
17,5391
17,5680
17,5713
17,6028
17,6185
17,6224
17,6580
17,6811
17,7008
17,7372
17,8052
17,8364
17,8696
17,8701
17,9132
17,9173
17,9229
17,9248
17,9272
17,9419
17,9567
17,9731
17,9753
17,9768
18,19
18,29
18,35
18,60
18,96
18,124
18,267
18,1033
18,1135
18,1159
18,1313
18,1770
18,1807
18,1845
18,2561
18,2756
18,3353
18,3484
18,3980
18,4357
18,4365
18,4972
18,5407
18,5408
18,5498
18,5586
18,5945
18,5946
18,6027
18,6500
18,6889
18,7674
18,8100
18,8420
18,9011
18,9018
18,9122
18,9226
18,9279
18,9542
18,9624
18,9817
19,27
19,34
19,49
19,78
19,165
19,205
19,369
19,373
19,389
19,470
19,472
19,729
19,739
19,791
19,811
19,1144
19,1160
19,1168
19,1360
19,1394
19,1492
19,1622
19,1742
19,1802
19,1835
19,1991
19,2116
19,2234
19,2458
19,2471
19,2754
19,2849
19,3117
19,3162
19,3210
19,3496
19,3536
19,3632
19,3887
19,4806
19,4851
19,5011
19,5161
19,5213
19,5393
19,5448
19,6164
19,6271
19,6718
19,7375
19,7431
19,7609
19,7989
19,8751
19,9218
19,9540
19,9744
20,21
20,28
20,35
20,42
20,72
20,73
20,86
20,132
20,185
20,187
20,197
20,218
20,235
20,292
20,294
20,338
20,351
20,451
20,477
20,598
20,936
20,948
20,1010
20,1058
20,1108
20,1206
20,1271
20,1336
20,1591
20,1782
20,2024
20,2026
20,2148
20,2166
20,2278
20,2328
20,2391
20,2467
20,2524
20,2534
20,2564
20,2676
20,2710
20,2729
20,2730
20,3249
20,3541
20,3604
20,3812
20,3889
20,4000
20,4327
20,4584
20,5231
20,5330
20,5698
20,5762
20,6139
20,6197
20,6560
20,6901
20,7177
20,7355
20,7587
20,8996
20,9020
20,9200
20,9400
20,9565
20,9599
20,9692
20,9823
20,9881
20,9883
21,61
21,75
21,89
21,97
21,114
21,118
21,142
21,171
21,184
21,200
21,252
21,438
21,479
21,506
21,667
21,718
21,743
21,815
21,1390
21,1411
21,1662
21,1696
21,1706
21,1732
21,1864
21,1974
21,1975
21,2045
21,2062
21,2180
21,2361
21,2742
21,2754
21,3217
21,3473
21,3547
21,3622
21,3890
21,4084
21,4283
21,4413
21,4547
21,4614
21,4680
21,4837
21,4880
21,4995
21,5053
21,5107
21,5264
21,5293
21,5325
21,5498
21,5589
21,5592
21,5643
21,5719
21,6143
21,6157
21,6216
21,6294
21,6323
21,6337
21,6394
21,6481
21,6571
21,6604
21,6908
21,7056
21,7243
21,7254
21,7444
21,7635
21,7805
21,7831
21,7867
21,8182
21,8291
21,8587
21,8770
21,8793
21,8886
21,8919
21,8975
21,9430
21,9538
21,9584
21,9787
21,9996
22,32
22,54
22,62
22,137
22,153
22,155
22,239
22,275
22,279
22,284
22,314
22,319
22,346
22,397
22,627
22,806
22,828
22,861
22,897
22,932
22,1290
22,1316
22,1344
22,1445
22,1498
22,1889
22,2030
22,2117
22,2732
22,3677
22,4309
22,5270
22,5628
22,6112
22,6500
22,6633
22,6749
22,6969
22,7123
22,7162
22,7272
22,7623
22,7934
22,8162
22,8272
22,8705
22,8918
22,9064
22,9817
23,45
23,53
23,84
23,115
23,157
23,191
23,202
23,271
23,313
23,518
23,578
23,622
23,662
23,916
23,1014
23,1121
23,1147
23,1185
23,1453
23,1606
23,1720
23,1860
23,1893
23,1900
23,1911
23,2118
23,2696
23,2826
23,3074
23,3474
23,3477
23,3555
23,3751
23,3895
23,3909
23,4322
23,4360
23,4447
23,4949
23,5169
23,5293
23,5363
23,5606
23,5627
23,5640
23,5998
23,6600
23,6932
23,6975
23,7020
23,7088
23,8739
23,9559
23,9565
23,9654
23,9907
24,47
24,129
24,342
24,531
24,823
24,833
24,1121
24,1257
24,2271
24,2637
24,3645
24,5184
24,5743
24,9267
25,51
25,110
25,169
25,184
25,237
25,271
25,347
25,394
25,492
25,494
25,508
25,544
25,662
25,683
25,710
25,940
25,962
25,1028
25,1066
25,1086
25,1128
25,1255
25,1528
25,1532
25,1606
25,1710
25,1779
25,1965
25,2033
25,2284
25,2321
25,2329
25,2330
25,2392
25,2400
25,2658
25,2666
25,3110
25,3220
25,3488
25,3675
25,3693
25,3804
25,4069
25,4254
25,4325
25,4401
25,4408
25,4532
25,4606
25,4659
25,4749
25,5419
25,5671
25,6130
25,6520
25,6823
25,6884
25,7031
25,7254
25,7351
25,7567
25,7708
25,7771
25,7877
25,7921
25,8053
25,8120
25,8409
25,8580
25,8596
25,8598
25,9040
25,9238
25,9268
25,9292
25,9868
26,29
26,33
26,38
26,60
26,103
26,121
26,190
26,205
26,208
26,308
26,324
26,352
26,430
26,542
26,588
26,645
26,700
26,1020
26,1145
26,1202
26,1358
26,1482
26,1485
26,1758
26,2067
26,2113
26,2130
26,2483
26,3060
26,3177
26,3184
26,3234
26,3272
26,3320
26,3388
26,3615
26,3653
26,3795
26,3935
26,4469
26,4782
26,4992
26,5128
26,5134
26,5159
26,6014
26,6100
26,6137
26,6188
26,6223
26,6887
26,7046
26,7914
26,8579
26,8915
26,9488
26,9507
26,9960
27,99
27,106
27,124
27,146
27,160
27,207
27,234
27,273
27,286
27,296
27,319
27,355
27,377
27,395
27,396
27,406
27,421
27,445
27,446
27,536
27,621
27,642
27,651
27,697
27,758
27,896
27,931
27,932
27,959
27,1044
27,1059
27,1093
27,1127
27,1151
27,1254
27,1444
27,1654
27,1845
27,1869
27,1935
27,2016
27,2203
27,2282
27,2315
27,2489
27,2542
27,2557
27,2745
27,3366
27,3695
27,3813
27,3886
27,4004
27,4294
27,4858
27,4912
27,4995
27,5055
27,5092
27,5140
27,5471
27,5558
27,5675
27,5918
27,5920
27,6324
27,6498
27,6516
27,6522
27,6657
27,7313
27,7602
27,7889
27,7940
27,7949
27,8048
27,8127
27,8237
27,8348
27,8411
27,8481
27,9167
27,9363
27,9844
27,9909
28,29
28,56
28,67
28,84
28,88
28,108
28,119
28,183
28,241
28,273
28,280
28,341
28,370
28,377
28,402
28,621
28,623
28,628
28,630
28,1161
28,1758
28,1846
28,2102
28,2135
28,2413
28,2502
28,2847
28,3242
28,3450
28,3529
28,3752
28,3777
28,4145
28,4245
28,4605
28,4769
28,4852
28,5123
28,5191
28,5215
28,5754
28,5782
28,6645
28,6668
28,6795
28,7809
29,45
29,59
29,62
29,64
29,93
29,123
29,127
29,130
29,140
29,144
29,148
29,167
29,196
29,238
29,248
29,257
29,278
29,341
29,357
29,437
29,449
29,524
29,541
29,570
29,656
29,740
29,758
29,888
29,891
29,902
29,917
29,949
29,1131
29,1134
29,1144
29,1170
29,1217
29,1233
29,1274
29,1306
29,1315
29,1368
29,1379
29,1400
29,1416
29,1454
29,1463
29,1631
29,1658
29,1700
29,1825
29,1843
29,1989
29,2357
29,2382
29,2466
29,2654
29,2743
29,2759
29,2766
29,2822
29,2834
29,2917
29,2976
29,3035
29,3182
29,3262
29,3361
29,3495
29,3507
29,3639
29,3727
29,3729
29,3770
29,4229
29,4256
29,4692
29,4721
29,4726
29,4760
29,4800
29,4819
29,4884
29,4977
29,5231
29,5281
29,5331
29,5347
29,5399
29,5458
29,5500
29,5699
29,6072
29,6310
29,6491
29,6516
29,6976
29,6986
29,7075
29,7616
29,7695
29,7906
29,8001
29,8022
29,8153
29,8404
29,8448
29,8481
29,8994
29,9127
29,9149
29,9392
29,9546
29,9609
29,9690
29,9714
29,9824
29,9994
30,74
30,154
30,558
30,726
30,1037
30,1494
30,1672
30,2146
30,2274
30,2370
30,2733
30,2874
30,3082
30,3721
30,4713
30,5313
30,5636
30,5717
30,5909
30,6392
30,7833
30,8292
30,8392
30,9356
30,9599
31,36
31,59
31,93
31,117
31,162
31,267
31,268
31,297
31,308
31,698
31,787
31,836
31,915
31,1052
31,1109
31,3479
31,3539
31,3575
31,4214
31,5499
31,5511
31,5637
31,5684
31,6012
31,6043
31,6109
31,6561
31,6959
31,7547
31,9726
31,9915
31,9926
32,44
32,105
32,246
32,306
32,420
32,481
32,532
32,1262
32,1304
32,2253
32,2688
32,2990
32,3141
32,3533
32,4491
32,4623
32,6363
32,7536
32,8423
32,8762
32,9932
33,52
33,111
33,123
33,222
33,224
33,273
33,364
33,499
33,519
33,761
33,769
33,842
33,989
33,1585
33,1647
33,1649
33,1791
33,1981
33,2080
33,2682
33,2717
33,2787
33,2903
33,2980
33,4146
33,4763
33,4781
33,4839
33,4984
33,5256
33,5273
33,5951
33,6391
33,6897
33,7282
33,7285
33,7951
33,8044
33,8075
33,8260
33,8309
33,8608
33,9961
34,88
34,129
34,197
34,212
34,253
34,280
34,283
34,284
34,681
34,711
34,735
34,862
34,863
34,895
34,1087
34,1165
34,1224
34,1438
34,1569
34,2135
34,2324
34,2509
34,2558
34,2623
34,2702
34,2753
34,2813
34,2923
34,2937
34,2982
34,3084
34,3114
34,3122
34,3161
34,3352
34,3661
34,3862
34,3928
34,4340
34,4444
34,4703
34,5982
34,6140
34,7244
34,8191
34,8921
34,9308
34,9843
34,9864
34,9953
35,37
35,38
35,48
35,51
35,91
35,92
35,95
35,107
35,175
35,182
35,198
35,213
35,335
35,356
35,378
35,400
35,406
35,618
35,631
35,643
35,663
35,677
35,732
35,750
35,1051
35,1086
35,1201
35,1466
35,1683
35,1740
35,1788
35,1809
35,1834
35,1874
35,2033
35,2041
35,2042
35,2064
35,2176
35,2431
35,2498
35,2736
35,2769
35,2919
35,2975
35,3048
35,3108
35,3218
35,3351
35,3396
35,3462
35,3538
35,3541
35,3700
35,3717
35,3839
35,4243
35,4260
35,4372
35,4391
35,4498
35,4610
35,4733
35,4874
35,4924
35,5061
35,5140
35,5266
35,5402
35,5473
35,5715
35,5742
35,5857
35,5936
35,6157
35,6456
35,7756
35,8136
35,8452
35,8799
35,8839
35,8916
35,8949
35,8966
35,9057
35,9139
35,9549
35,9796
36,53
36,55
36,109
36,195
36,248
36,311
36,423
36,534
36,620
36,664
36,701
36,783
36,896
36,1004
36,1080
36,1160
36,1212
36,1560
36,1663
36,1901
36,2064
36,2476
36,2537
36,2698
36,3093
36,3150
36,3943
36,4551
36,5253
36,5270
36,6232
36,6318
36,6345
36,6670
36,6802
36,6963
36,7180
36,8053
36,8132
36,8752
36,8812
36,9063
36,9207
36,9391
36,9764
37,40
37,41
37,45
37,78
37,132
37,144
37,154
37,183
37,214
37,250
37,279
37,281
37,285
37,299
37,330
37,363
37,388
37,451
37,533
37,581
37,593
37,607
37,614
37,703
37,804
37,839
37,854
37,855
37,932
37,960
37,979
37,1018
37,1112
37,1205
37,1293
37,1319
37,1333
37,1339
37,1354
37,1374
37,1418
37,1451
37,1469
37,1495
37,1621
37,1667
37,1677
37,1778
37,1797
37,1812
37,1830
37,1847
37,1988
37,1990
37,2001
37,2019
37,2102
37,2131
37,2230
37,2231
37,2264
37,2267
37,2283
37,2315
37,2336
37,2349
37,2378
37,2465
37,2515
37,2625
37,2685
37,2746
37,2747
37,2872
37,3016
37,3139
37,3188
37,3219
37,3286
37,3305
37,3339
37,3532
37,3913
37,3926
37,4087
37,4139
37,4172
37,4190
37,4329
37,4396
37,4429
37,4434
37,4441
37,4956
37,5046
37,5232
37,5298
37,5338
37,5484
37,5516
37,5551
37,5721
37,5775
37,5911
37,5940
37,5949
37,6024
37,6140
37,6168
37,6198
37,6438
37,6552
37,6579
37,6632
37,6647
37,6740
37,6758
37,6805
37,7068
37,7105
37,7325
37,7477
37,7711
37,7744
37,7913
37,8372
37,8456
37,8484
37,8640
37,8981
37,9027
37,9135
37,9917
37,9946
38,67
38,274
38,495
38,613
38,844
38,1202
38,1886
38,1907
38,2547
38,3453
38,3651
38,4366
38,4395
38,5775
38,6126
39,61
39,161
39,196
39,224
39,233
39,309
39,564
39,759
39,840
39,1005
39,1096
39,1207
39,1253
39,1907
39,2083
39,2336
39,2367
39,2444
39,2515
39,2748
39,2893
39,2971
39,3802
39,3904
39,3992
39,4052
39,4054
39,4627
39,4900
39,5774
39,6042
39,6232
39,6284
39,6520
39,6617
39,6676
39,6756
39,7057
39,7557
39,8365
39,8516
39,9150
39,9380
39,9399
40,44
40,103
40,162
40,206
40,227
40,235
40,246
40,307
40,380
40,456
40,483
40,520
40,594
40,635
40,733
40,845
40,943
40,962
40,1003
40,1100
40,1309
40,1602
40,1651
40,1831
40,1887
40,1893
40,1970
40,2031
40,2144
40,2246
40,2439
40,2470
40,2579
40,2612
40,2789
40,2855
40,3061
40,3230
40,3331
40,3433
40,3434
40,3501
40,3735
40,3781
40,3806
40,4037
40,4152
40,4468
40,4472
40,4694
40,4746
40,5143
40,5495
40,5597
40,5752
40,6098
40,6484
40,6755
40,6789
40,6867
40,6917
40,6945
40,7083
40,7117
40,7351
40,7854
40,7903
40,8530
40,8550
40,8571
40,8741
40,9304
40,9465
40,9470
40,9660
40,9671
41,220
41,262
41,323
41,715
41,939
41,1111
41,1309
41,1772
41,2944
41,3042
41,3708
41,3916
41,7670
41,7716
41,8027
41,9826
42,44
42,51
42,68
42,134
42,141
42,142
42,146
42,170
42,189
42,195
42,205
42,259
42,286
42,394
42,408
42,515
42,523
42,694
42,790
42,852
42,887
42,912
42,934
42,973
42,981
42,995
42,1073
42,1134
42,1181
42,1220
42,1265
42,1341
42,1356
42,1382
42,1407
42,1430
42,1448
42,1493
42,1533
42,1541
42,1578
42,1629
42,1642
42,1765
42,1865
42,1986
42,2028
42,2043
42,2179
42,2237
42,2271
42,2323
42,2419
42,2487
42,2537
42,2554
42,2689
42,2895
42,3021
42,3140
42,3192
42,3488
42,3527
42,3662
42,3861
42,4042
42,4219
42,4231
42,4233
42,4353
42,4418
42,4420
42,4479
42,4831
42,4832
42,4999
42,5164
42,5250
42,5352
42,5363
42,5460
42,5557
42,6082
42,6113
42,6242
42,6344
42,6407
42,6498
42,6748
42,6918
42,7014
42,7461
42,7546
42,7697
42,7868
42,8040
42,8204
42,9012
42,9301
42,9484
42,9696
42,9769
42,9867
43,57
43,70
43,92
43,94
43,126
43,137
43,161
43,166
43,172
43,223
43,282
43,285
43,300
43,320
43,350
43,393
43,401
43,403
43,424
43,426
43,454
43,478
43,516
43,647
43,650
43,671
43,722
43,735
43,736
43,754
43,829
43,857
43,864
43,904
43,1005
43,1234
43,1236
43,1282
43,1415
43,1438
43,1497
43,1587
43,1805
43,1929
43,1937
43,1959
43,2069
43,2070
43,2105
43,2108
43,2372
43,2467
43,2542
43,2604
43,2615
43,2656
43,2697
43,2717
43,2829
43,2890
43,2997
43,3029
43,3058
43,3331
43,3426
43,3589
43,3707
43,3774
43,3833
43,3974
43,4047
43,4058
43,4134
43,4265
43,4313
43,4331
43,4497
43,4804
43,4924
43,5014
43,5165
43,5335
43,5456
43,5564
43,5631
43,5854
43,6235
43,6321
43,6406
43,6509
43,6522
43,6658
43,6875
43,6876
43,7209
43,7292
43,7452
43,7539
43,7705
43,7731
43,7825
43,7841
43,8073
43,8130
43,8318
43,8475
43,8548
43,8574
43,8827
43,8840
43,8927
43,9352
43,9400
43,9652
43,9948
43,9971
44,52
44,125
44,202
44,304
44,310
44,442
44,603
44,776
44,959
44,1219
44,2197
44,2312
44,2624
44,2699
44,3132
44,3170
44,3254
44,3539
44,3768
44,3832
44,4114
44,4223
44,4387
44,4744
44,5727
44,5896
44,6060
44,6538
44,6908
44,7677
44,7707
44,8065
44,8649
44,8769
44,8882
44,9716
44,9863
45,109
45,194
45,310
45,326
45,328
45,444
45,458
45,483
45,556
45,565
45,637
45,917
45,993
45,1202
45,1236
45,1237
45,1248
45,1334
45,1371
45,1594
45,1599
45,1703
45,1790
45,2142
45,2335
45,2662
45,2983
45,3478
45,3570
45,3595
45,3746
45,4292
45,4528
45,4838
45,4955
45,5376
45,5488
45,5817
45,5925
45,6699
45,6741
45,6997
45,7291
45,7538
45,7893
45,8554
45,8650
45,9188
45,9471
46,47
46,66
46,96
46,243
46,749
46,1193
46,1366
46,1914
46,2132
46,2202
46,3560
46,3565
46,4516
46,4688
46,4691
46,6271
46,8321
46,9156
46,9486
47,128
47,211
47,363
47,537
47,2141
47,2785
47,3349
47,3626
47,4624
47,4709
47,5770
47,6436
47,8129
47,8195
47,8323
48,54
48,58
48,136
48,145
48,207
48,245
48,258
48,291
48,322
48,442
48,512
48,677
48,775
48,895
48,1276
48,1630
48,1759
48,1985
48,2470
48,2520
48,2604
48,2737
48,2841
48,2887
48,2943
48,3154
48,3504
48,3606
48,3678
48,3908
48,3997
48,4523
48,4839
48,5006
48,6323
48,6536
48,6540
48,6616
48,6630
48,6740
48,6936
48,7113
48,7584
48,7658
48,7871
48,8463
48,8974
48,9044
48,9618
49,58
49,77
49,87
49,89
49,98
49,99
49,102
49,119
49,125
49,129
49,142
49,158
49,220
49,244
49,288
49,291
49,294
49,313
49,321
49,456
49,504
49,507
49,509
49,546
49,683
49,761
49,841
49,910
49,939
49,991
49,1000
49,1094
49,1162
49,1227
49,1373
49,1445
49,1523
49,1850
49,2021
49,2140
49,2228
49,2257
49,2376
49,2559
49,2565
49,2730
49,2763
49,2977
49,3004
49,3053
49,3212
49,3369
49,3818
49,4137
49,4247
49,4403
49,4766
49,4889
49,5062
49,5192
49,5201
49,5306
49,5338
49,5917
49,5933
49,6018
49,6042
49,6750
49,6923
49,6967
49,7017
49,7087
49,7591
49,7671
49,7892
49,7979
49,7982
49,8075
49,8233
49,8279
49,8356
49,8551
49,8590
49,8758
49,8866
49,8953
49,9499
49,9829
49,9916
50,58
50,63
50,64
50,77
50,79
50,136
50,159
50,213
50,219
50,226
50,259
50,312
50,403
50,481
50,482
50,511
50,584
50,643
50,653
50,797
50,1027
50,1082
50,1163
50,1180
50,1278
50,1299
50,1312
50,1641
50,1696
50,1969
50,2042
50,2070
50,2166
50,2195
50,2244
50,2511
50,2600
50,2889
50,2929
50,2948
50,2970
50,3193
50,3351
50,3409
50,3442
50,3505
50,3747
50,4031
50,4091
50,4127
50,4211
50,4257
50,4492
50,4512
50,4529
50,4579
50,4603
50,4654
50,4904
50,4956
50,5180
50,5219
50,5244
50,5264
50,5719
50,5973
50,5980
50,6167
50,6456
50,6562
50,6742
50,6746
50,7185
50,7378
50,7427
50,7442
50,7714
50,7851
50,8035
50,8041
50,8229
50,8320
50,8467
50,8666
50,8668
50,8715
50,8858
50,9097
50,9473
50,9559
50,9774
50,9968
51,85
51,225
51,251
51,282
51,566
51,635
51,661
51,796
51,826
51,1006
51,1065
51,1112
51,1890
51,2603
51,3066
51,3496
51,3916
51,4089
51,4515
51,4612
51,4959
51,5795
51,6296
51,6433
51,6972
51,7061
51,7662
51,9497
52,53
52,75
52,244
52,414
52,424
52,1572
52,1951
52,2401
52,2917
52,4030
52,7624
53,74
53,105
53,112
53,117
53,139
53,160
53,172
53,202
53,219
53,274
53,302
53,320
53,376
53,411
53,530
53,539
53,597
53,650
53,674
53,859
53,870
53,891
53,926
53,1071
53,1234
53,1312
53,1413
53,1567
53,1583
53,1766
53,1827
53,1962
53,2102
53,2170
53,2317
53,2547
53,2557
53,2700
53,2722
53,2838
53,3059
53,3072
53,3459
53,3567
53,3575
53,3796
53,3845
53,3905
53,4029
53,4113
53,4168
53,4260
53,4445
53,4450
53,4689
53,4904
53,4910
53,4940
53,5170
53,5386
53,5590
53,5687
53,5810
53,5879
53,5943
53,6035
53,6241
53,6875
53,6962
53,6979
53,7490
53,7600
53,8077
53,8613
53,8677
53,8773
53,8813
53,9009
53,9020
53,9038
53,9331
53,9388
53,9507
53,9579
54,68
54,187
54,194
54,206
54,215
54,218
54,247
54,277
54,354
54,381
54,386
54,532
54,639
54,769
54,902
54,903
54,911
54,964
54,1237
54,1299
54,1351
54,1425
54,1592
54,1616
54,1697
54,1795
54,1843
54,1995
54,2191
54,2353
54,2474
54,2529
54,2553
54,2964
54,3074
54,3393
54,3427
54,3627
54,3760
54,3772
54,3797
54,3888
54,4189
54,4535
54,4882
54,4950
54,5298
54,6014
54,6073
54,6134
54,6156
54,6543
54,6585
54,6670
54,6690
54,7184
54,7356
54,7406
54,7418
54,8011
54,8273
54,8394
54,8733
54,8759
54,9047
54,9145
54,9583
54,9822
54,9824
55,87
55,98
55,116
55,119
55,133
55,223
55,330
55,493
55,535
55,803
55,944
55,1087
55,1118
55,1200
55,1287
55,1539
55,2049
55,2058
55,2134
55,2499
55,2991
55,2999
55,3678
55,3828
55,3985
55,3993
55,4046
55,4356
55,4395
55,5245
55,6249
55,6376
55,7057
55,7138
55,7348
55,7934
55,8291
55,8667
55,9050
55,9083
55,9886
55,9936
56,69
56,157
56,165
56,183
56,191
56,209
56,349
56,474
56,827
56,1175
56,1573
56,1588
56,1623
56,2014
56,2015
56,2109
56,2356
56,3284
56,3641
56,3676
56,3771
56,3825
56,4891
56,5372
56,5649
56,5672
56,6009
56,6308
56,6645
56,6738
56,6822
56,9276
56,9382
57,335
57,343
57,358
57,405
57,434
57,500
57,575
57,807
57,889
57,1122
57,1124
57,1588
57,1637
57,1688
57,1783
57,1971
57,2126
57,2204
57,2256
57,2697
57,2814
57,2910
57,2950
57,3679
57,4773
57,5432
57,7060
57,8058
57,8986
58,62
58,63
58,68
58,120
58,383
58,393
58,507
58,575
58,634
58,860
58,866
58,875
58,909
58,1149
58,1188
58,1216
58,1543
58,1778
58,1806
58,1937
58,2024
58,2172
58,2228
58,2300
58,2312
58,2331
58,2343
58,2442
58,2466
58,2789
58,2938
58,3019
58,3059
58,3066
58,3650
58,3863
58,4049
58,4311
58,4416
58,4647
58,4755
58,4885
58,5166
58,5221
58,5276
58,5367
58,5784
58,6033
58,6374
58,6400
58,6909
58,6995
58,7018
58,7368
58,7574
58,7799
58,8175
58,8214
58,8698
58,8971
58,9417
58,9697
58,9720
59,116
59,278
59,283
59,362
59,395
59,435
59,444
59,493
59,616
59,662
59,739
59,747
59,784
59,862
59,923
59,1099
59,1212
59,1271
59,1500
59,1525
59,1861
59,1968
59,2288
59,2363
59,2494
59,2602
59,2611
59,2903
59,3211
59,3334
59,3622
59,3680
59,4214
59,4257
59,4489
59,4499
59,4888
59,5157
59,6006
59,6112
59,6287
59,6839
59,7468
59,7603
59,8249
59,8264
59,8278
59,9039
59,9341
59,9347
59,9957
60,81
60,86
60,161
60,166
60,260
60,350
60,425
60,541
60,749
60,1855
60,1983
60,2545
60,2892
60,3764
60,3906
60,3964
60,4613
60,5479
60,5485
60,5678
60,5839
60,6975
60,7397
60,8932
60,9642
61,76
61,147
61,148
61,398
61,429
61,431
61,439
61,545
61,567
61,588
61,599
61,1042
61,1242
61,1378
61,1449
61,1706
61,2194
61,2250
61,2310
61,2394
61,2482
61,2843
61,2848
61,3051
61,3196
61,4255
61,4441
61,5768
61,6117
61,6169
61,6290
61,7151
61,7413
61,7592
61,7594
61,7671
61,8183
61,8235
61,9323
61,9467
61,9975
62,69
62,77
62,253
62,2123
62,2369
62,2883
62,3048
62,3152
62,3418
62,4015
62,4452
62,5250
62,6834
62,8074
62,9439
63,90
63,95
63,105
63,106
63,118
63,176
63,246
63,275
63,318
63,372
63,374
63,432
63,495
63,538
63,655
63,695
63,719
63,730
63,845
63,913
63,957
63,1067
63,1071
63,1271
63,1295
63,1420
63,1436
63,1667
63,1708
63,1711
63,1715
63,1748
63,1811
63,1895
63,2063
63,2129
63,2363
63,2452
63,2539
63,2613
63,2659
63,2707
63,2753
63,3296
63,3373
63,3381
63,3495
63,3843
63,3984
63,4087
63,4223
63,4246
63,4696
63,5269
63,5675
63,6211
63,6357
63,6436
63,7084
63,7466
63,7493
63,8096
63,8241
63,8671
63,8704
63,9079
63,9307
63,9847
63,9942
64,81
64,102
64,116
64,156
64,302
64,346
64,359
64,389
64,612
64,695
64,749
64,778
64,957
64,981
64,1009
64,1330
64,1681
64,1690
64,1730
64,1749
64,1958
64,2161
64,2319
64,2502
64,2718
64,2739
64,3502
64,3997
64,4054
64,4248
64,4255
64,4560
64,5046
64,5389
64,5854
64,6063
64,6465
64,7479
64,7812
64,8354
64,8502
64,9262
64,9392
64,9638
64,9853
65,67
65,94
65,138
65,181
65,256
65,290
65,314
65,608
65,751
65,881
65,1189
65,1211
65,1232
65,1240
65,1371
65,1385
65,1468
65,1512
65,1603
65,1779
65,1812
65,1847
65,1932
65,1942
65,2051
65,2152
65,2462
65,2820
65,2945
65,3062
65,3507
65,3771
65,3910
65,3948
65,3978
65,4072
65,4832
65,4878
65,5169
65,5529
65,5552
65,5682
65,5760
65,5887
65,6070
65,6251
65,6342
65,6473
65,6652
65,6799
65,7340
65,7348
65,7608
65,7752
65,7766
65,7858
65,7952
65,8161
65,8668
65,9214
66,74
66,83
66,283
66,374
66,766
66,779
66,849
66,945
66,967
66,1226
66,1249
66,1496
66,1564
66,2210
66,2805
66,2966
66,3023
66,3279
66,3376
66,3723
66,3793
66,3973
66,5259
66,5441
66,6405
66,6449
66,6888
66,8693
66,9212
66,9240
66,9533
66,9656
67,176
67,239
67,272
67,515
67,720
67,1030
67,1113
67,1415
67,1720
67,2051
67,2115
67,2565
67,2816
67,2858
67,3258
67,3706
67,4053
67,4463
67,6307
67,6795
67,7461
67,7706
67,8329
68,126
68,291
68,353
68,478
68,490
68,605
68,687
68,901
68,1048
68,1350
68,1608
68,2464
68,2599
68,3172
68,3218
68,3698
68,3768
68,5591
68,6190
68,7650
68,9118
69,86
69,88
69,101
69,103
69,203
69,387
69,399
69,471
69,516
69,703
69,751
69,792
69,1173
69,1219
69,1258
69,1302
69,1343
69,1360
69,1408
69,1605
69,1612
69,1712
69,1869
69,1958
69,2151
69,2167
69,2168
69,2362
69,2606
69,3162
69,3380
69,3406
69,3475
69,3499
69,3536
69,3665
69,3690
69,3813
69,3866
69,3891
69,3932
69,4035
69,4240
69,4482
69,4643
69,4886
69,5048
69,5353
69,5655
69,5740
69,5940
69,6001
69,6074
69,6110
69,6154
69,6227
69,6326
69,6412
69,6507
69,6981
69,7114
69,7157
69,7241
69,7328
69,7694
69,7732
69,7791
69,7800
69,7992
69,8037
69,8253
69,8544
69,8586
69,9244
69,9410
70,98
70,122
70,156
70,201
70,264
70,462
70,490
70,618
70,915
70,964
70,1277
70,1353
70,1915
70,1946
70,2622
70,2809
70,2828
70,3299
70,3311
70,3422
70,3531
70,5345
70,5503
70,5701
70,5920
70,5934
70,5979
70,6115
70,6289
70,6632
70,7101
70,7875
70,8118
71,176
71,633
71,646
71,960
71,998
71,1191
71,1525
71,1619
71,1704
71,1801
71,2691
71,2738
71,3005
71,3309
71,3651
71,3965
71,4458
71,5341
71,5365
71,6041
71,6989
71,7532
71,7904
71,8731
71,8903
71,9057
71,9320
71,9490
72,143
72,185
72,256
72,587
72,721
72,1165
72,1644
72,1679
72,1772
72,1961
72,2276
72,2959
72,3164
72,3189
72,3379
72,3963
72,4053
72,4460
72,4976
72,5064
72,5197
72,5668
72,7380
73,111
73,186
73,263
73,413
73,846
73,1102
73,1122
73,1159
73,1530
73,1604
73,2217
73,2972
73,4075
73,4492
73,4917
73,5861
73,7160
73,7161
73,7538
73,7896
73,8154
73,8772
73,8942
73,9125
73,9698
73,9955
74,91
74,592
74,1143
74,1171
74,5420
74,7491
75,130
75,165
75,226
75,281
75,418
75,702
75,738
75,828
75,1054
75,1160
75,1260
75,1506
75,1520
75,2291
75,4221
75,5105
75,5729
75,6490
75,6515
75,6782
75,7757
75,9093
76,94
76,99
76,115
76,169
76,175
76,208
76,212
76,242
76,252
76,281
76,366
76,413
76,419
76,643
76,685
76,879
76,964
76,972
76,1003
76,1009
76,1078
76,1586
76,1694
76,1862
76,1864
76,1972
76,1984
76,1995
76,2012
76,2034
76,2125
76,2339
76,2507
76,2768
76,2983
76,3086
76,3183
76,3348
76,3629
76,3776
76,3842
76,3927
76,3960
76,4116
76,4253
76,4597
76,4653
76,4752
76,4760
76,4779
76,5026
76,5044
76,5459
76,5920
76,6856
76,6943
76,7106
76,7116
76,7297
76,7393
76,7466
76,7658
76,8112
76,8407
76,8495
76,9755
76,9937
77,107
77,138
77,389
77,1238
77,1584
77,1690
77,2265
77,2318
77,2527
77,2994
77,3163
77,3233
77,5874
77,7491
77,7891
78,113
78,370
78,385
78,398
78,407
78,410
78,513
78,560
78,561
78,599
78,650
78,684
78,835
78,844
78,881
78,1322
78,1520
78,1621
78,1779
78,2053
78,2378
78,2655
78,2738
78,2776
78,2796
78,3083
78,3559
78,3641
78,3840
78,4952
78,5219
78,5553
78,5562
78,5833
78,6007
78,6557
78,6580
78,6866
78,6897
78,7037
78,7228
78,7741
78,9382
78,9548
79,104
79,174
79,200
79,510
79,624
79,633
79,678
79,952
79,986
79,1117
79,4340
79,5821
79,6035
79,6545
79,6602
79,7135
79,7494
79,7656
79,9032
79,9056
80,151
80,438
80,605
80,694
80,1145
80,1886
80,2039
80,2085
80,2316
80,3573
80,3974
80,4026
80,4430
80,5205
80,5529
80,5877
80,6094
80,6817
80,6827
80,8272
80,9870
81,1164
81,1580
81,3158
81,4726
81,9702
82,92
82,101
82,109
82,124
82,152
82,155
82,174
82,189
82,214
82,276
82,298
82,436
82,459
82,526
82,644
82,810
82,870
82,879
82,918
82,938
82,1286
82,1659
82,1694
82,1763
82,1821
82,1852
82,2080
82,2117
82,2206
82,2248
82,2329
82,2555
82,2674
82,2913
82,3053
82,3335
82,3370
82,3382
82,3558
82,3716
82,4399
82,4813
82,5571
82,5703
82,6049
82,6220
82,7858
82,7881
82,8215
82,8262
82,8467
82,8662
82,9640
82,9893
83,122
83,127
83,154
83,253
83,292
83,349
83,397
83,1888
83,2074
83,2481
83,2898
83,2909
83,4979
83,5257
83,5407
83,6001
83,6318
83,6741
83,6878
83,7109
83,7540
83,9476
84,486
84,810
84,1689
84,2915
84,3103
84,3878
84,4618
84,5405
84,8008
84,9792
85,96
85,100
85,317
85,421
85,1221
85,1351
85,2197
85,2811
85,3011
85,3795
85,3971
85,4156
85,5091
85,5563
85,6114
85,6673
85,9072
86,136
86,140
86,445
86,678
86,1023
86,1221
86,1300
86,1468
86,1632
86,1642
86,1836
86,1878
86,2088
86,2136
86,2402
86,2527
86,2892
86,3069
86,3260
86,3309
86,3707
86,3981
86,4307
86,4701
86,5415
86,5584
86,5862
86,7826
86,8010
86,8761
86,8940
86,9190
86,9499
87,118
87,318
87,867
87,983
87,1707
87,1891
87,2008
87,2588
87,3391
87,3490
87,3696
87,4520
87,4930
87,5482
87,5616
87,5741
87,7098
87,8705
87,9295
88,264
88,571
88,691
88,748
88,1513
88,1951
88,2314
88,3418
88,3425
88,3646
88,4153
88,4368
88,4408
88,4443
88,5448
88,5941
88,6704
88,6737
88,7118
88,7976
88,8222
88,8803
88,9472
89,416
89,1030
89,1337
89,1839
89,1960
89,2182
89,5411
89,7237
89,9332
90,316
90,585
90,619
90,1032
90,1213
90,1516
90,2607
90,2857
90,2954
90,3527
90,3606
90,4960
90,4966
90,7046
90,7325
90,8090
90,8498
90,8567
90,8769
90,9278
91,121
91,123
91,145
91,163
91,352
91,553
91,584
91,631
91,699
91,1208
91,1312
91,1356
91,1368
91,1447
91,1462
91,1961
91,2235
91,2609
91,2808
91,3583
91,3838
91,3881
91,4499
91,4550
91,4607
91,5613
91,5732
91,6491
91,7086
91,7665
91,8749
91,8847
91,8924
91,8980
92,110
92,113
92,173
92,351
92,407
92,497
92,505
92,562
92,640
92,670
92,754
92,803
92,894
92,1062
92,1068
92,1156
92,1169
92,1373
92,1395
92,1521
92,1577
92,1668
92,1713
92,1930
92,2277
92,2325
92,2754
92,3007
92,3045
92,3120
92,3121
92,3168
92,3191
92,3498
92,3636
92,4013
92,4184
92,4242
92,4355
92,4584
92,4739
92,5057
92,5271
92,5626
92,5690
92,5763
92,6023
92,6153
92,6268
92,6302
92,6422
92,6563
92,6881
92,7216
92,7268
92,7664
92,7783
92,8284
92,8557
92,9170
92,9228
92,9664
92,9697
92,9939
93,114
93,122
93,218
93,1214
93,3662
93,7598
93,8471
94,213
94,266
94,435
94,444
94,453
94,631
94,767
94,991
94,1131
94,1149
94,1191
94,1232
94,1320
94,1547
94,1791
94,2001
94,2015
94,2030
94,2081
94,2156
94,2638
94,2740
94,2875
94,2935
94,3710
94,5101
94,5226
94,5431
94,5579
94,5651
94,5968
94,6193
94,6725
94,7539
94,7742
94,8260
94,8550
94,8942
94,9705
94,9750
95,228
95,453
95,1061
95,1079
95,1367
95,1644
95,1755
95,1971
95,4524
95,5265
95,5471
95,5759
96,181
96,214
96,321
96,448
96,545
96,553
96,556
96,621
96,781
96,785
96,837
96,985
96,1115
96,1154
96,1172
96,1641
96,1684
96,1796
96,1813
96,1929
96,2230
96,2251
96,2925
96,3223
96,3336
96,3390
96,3526
96,3572
96,3591
96,3697
96,3871
96,4008
96,4033
96,4172
96,4231
96,4333
96,4556
96,4783
96,4970
96,5206
96,5467
96,5648
96,5769
96,5856
96,6016
96,6047
96,6230
96,6561
96,6974
96,7048
96,8316
96,8672
96,8870
96,9144
97,120
97,312
97,2167
97,3022
97,3100
97,4918
97,5153
97,8766
97,9164
98,106
98,182
98,292
98,408
98,768
98,773
98,824
98,894
98,944
98,965
98,1022
98,1822
98,1949
98,3469
98,3751
98,4171
98,4185
98,4635
98,4767
98,4785
98,5404
98,6214
98,6409
98,6546
98,6780
98,7006
98,7014
98,7311
98,8285
98,8686
98,9232
98,9710
98,9770
99,241
99,243
99,282
99,341
99,345
99,376
99,546
99,636
99,655
99,707
99,709
99,721
99,795
99,940
99,1259
99,1537
99,1576
99,1767
99,1819
99,1849
99,1856
99,1956
99,2135
99,2286
99,2559
99,2956
99,2977
99,3103
99,3129
99,3138
99,3346
99,3633
99,3983
99,4157
99,4934
99,5106
99,5937
99,6015
99,6281
99,7403
99,7512
99,8027
99,8217
99,8346
99,8426
100,128
100,236
100,3144
100,4869
100,5336
100,5742
100,6065
100,6469
100,6838
100,8086
100,8424
100,9844
101,872
101,1056
101,1114
101,2049
101,2196
101,3816
101,4030
101,5081
101,5474
101,5731
101,7163
101,7837
101,9308
101,9910
102,173
102,177
102,179
102,382
102,625
102,890
102,906
102,1310
102,2154
102,2338
102,2667
102,2984
102,3021
102,4344
102,4613
102,4638
102,4666
102,4693
102,5172
102,5790
102,6662
102,7234
102,7315
102,8448
102,8533
102,8777
102,8933
103,104
103,178
103,228
103,263
103,367
103,445
103,825
103,985
103,1040
103,1084
103,1358
103,1671
103,1764
103,1785
103,1896
103,2016
103,2390
103,2461
103,2653
103,2721
103,2764
103,3823
103,4359
103,4756
103,5612
103,5891
104,107
104,153
104,240
104,245
104,344
104,417
104,525
104,659
104,693
104,703
104,775
104,865
104,942
104,971
104,1126
104,1132
104,1142
104,1403
104,1501
104,2201
104,2406
104,2457
104,2513
104,2649
104,2879
104,3153
104,3302
104,3788
104,4148
104,4419
104,4425
104,4687
104,4696
104,5269
104,5369
104,5518
104,5644
104,5905
104,6054
104,7568
104,7913
104,8301
104,8691
104,9466
104,9704
105,141
105,190
105,295
105,302
105,321
105,327
105,361
105,501
105,526
105,530
105,591
105,799
105,1098
105,1215
105,1620
105,2137
105,2141
105,2888
105,3627
105,5030
105,5466
105,5751
105,6095
105,6146
105,6341
105,6481
105,7221
105,7421
105,7797
105,8204
105,8271
105,8609
105,9632
106,128
106,133
106,170
106,171
106,192
106,203
106,230
106,259
106,310
106,332
106,375
106,386
106,391
106,488
106,549
106,609
106,676
106,967
106,1046
106,1297
106,1301
106,1392
106,1412
106,1455
106,1594
106,1762
106,1928
106,1967
106,1989
106,2091
106,2421
106,2423
106,2476
106,2512
106,2604
106,2640
106,2688
106,2782
106,2786
106,2993
106,3110
106,3178
106,3181
106,3208
106,3519
106,3628
106,3778
106,3909
106,4103
106,4126
106,4259
106,4513
106,4558
106,4687
106,4774
106,4987
106,5113
106,5139
106,5357
106,5381
106,5544
106,5588
106,5737
106,6261
106,6587
106,6656
106,6710
106,6781
106,7144
106,7329
106,7489
106,7511
106,7568
106,7630
106,7855
106,7897
106,8398
106,8509
106,8777
106,9105
106,9394
106,9585
106,9622
106,9677
106,9759
106,9851
106,9897
107,135
107,231
107,342
107,420
107,587
107,754
107,829
107,1507
107,1551
107,2079
107,2704
107,2707
107,3273
107,3436
107,4517
107,4735
107,5623
107,5674
107,5676
107,6221
107,8049
107,9087
108,158
108,311
108,520
108,528
108,564
108,689
108,787
108,1148
108,1238
108,1239
108,1270
108,1313
108,1492
108,1533
108,1567
108,2278
108,2287
108,3147
108,3432
108,3559
108,3747
108,4194
108,4303
108,4468
108,4508
108,4877
108,4942
108,5290
108,5850
108,6305
108,7722
108,8430
108,9570
108,9630
109,260
109,288
109,539
109,785
109,2417
109,2665
109,4183
109,4642
109,7526
109,7971
109,9148
109,9707
110,134
110,159
110,254
110,277
110,280
110,380
110,440
110,470
110,514
110,635
110,641
110,649
110,667
110,696
110,977
110,1016
110,1028
110,1054
110,1085
110,1155
110,1166
110,1396
110,1426
110,1563
110,1581
110,1655
110,1721
110,1770
110,1910
110,1939
110,2115
110,2255
110,2295
110,2364
110,2465
110,2689
110,2850
110,3079
110,4055
110,4058
110,4143
110,4200
110,4471
110,4986
110,5040
110,5111
110,5251
110,5440
110,5455
110,5954
110,6155
110,6262
110,6272
110,6276
110,6349
110,6390
110,6739
110,6818
110,6860
110,7404
110,7680
110,8067
110,8293
110,8759
110,8979
110,9110
110,9284
110,9364
110,9743
110,9757
111,461
111,464
111,544
111,778
111,1006
111,1145
111,1509
111,2528
111,2749
111,2808
111,4379
111,7901
111,9939
112,139
112,171
112,303
112,1072
112,1140
112,1196
112,2127
112,2538
112,3054
112,3058
112,3095
112,3320
112,3343
112,3476
112,4457
112,5139
112,6488
112,6582
112,6663
112,6952
112,7049
112,7418
112,8817
112,9284
113,135
113,305
113,686
113,886
113,1478
113,1689
113,1850
113,2258
113,2748
113,2957
113,3101
113,4283
113,7100
113,7159
113,8055
113,9507
114,368
114,465
114,813
114,972
114,1085
114,1144
114,1252
114,1277
114,1483
114,1517
114,1760
114,1928
114,2112
114,3140
114,4019
114,4287
114,4670
114,5188
114,5691
114,6333
114,6359
114,6473
114,6586
114,6591
114,8236
114,8496
114,8914
115,278
115,417
115,973
115,1214
115,1326
115,1568
115,2676
115,3667
115,4747
115,5543
115,6207
115,6403
115,7244
115,7765
115,8876
116,121
116,289
116,474
116,524
116,797
116,875
116,974
116,1076
116,1191
116,1478
116,1737
116,3649
116,4288
116,4791
116,5014
116,5124
116,5210
116,6162
116,7299
116,8055
116,8175
116,8295
116,8629
116,8681
117,133
117,174
117,201
117,243
117,293
117,314
117,317
117,337
117,347
117,540
117,593
117,596
117,738
117,761
117,838
117,892
117,976
117,1029
117,1078
117,1096
117,1460
117,1527
117,1569
117,1571
117,1679
117,1682
117,1911
117,2062
117,2156
117,2536
117,2584
117,2593
117,2644
117,2703
117,2835
117,2861
117,2873
117,3170
117,3410
117,3437
117,3442
117,4245
117,4741
117,5103
117,5275
117,5744
117,6525
117,6879
117,6893
117,7484
117,8025
117,8185
117,8432
117,8569
117,9118
117,9356
117,9539
118,141
118,333
118,653
118,809
118,1570
118,1664
118,1897
118,2954
118,2973
118,3020
118,3543
118,4478
118,5139
118,5722
118,5781
118,6298
118,6661
118,7211
118,7450
118,8255
118,8926
118,9615
118,9918
119,175
119,270
119,491
119,1698
119,2307
119,2490
119,2512
119,3920
119,6493
119,7951
119,8530
119,9973
120,294
120,815
120,1044
120,1940
120,3579
120,7842
120,9333
121,126
121,188
121,191
121,193
121,203
121,216
121,308
121,656
121,718
121,726
121,795
121,943
121,1097
121,1380
121,1420
121,1422
121,1716
121,1903
121,1954
121,1977
121,2034
121,2333
121,2622
121,2640
121,3291
121,3359
121,3468
121,3954
121,4633
121,4991
121,5162
121,5765
121,6025
121,6866
121,7227
121,7349
121,9661
122,138
122,343
122,548
122,670
122,1071
122,1257
122,2467
122,3003
122,3219
122,3624
122,4291
122,4385
122,4550
122,4574
122,8138
122,8856
123,198
123,524
123,624
123,1731
123,2716
123,4643
123,5203
123,6970
123,7596
123,7871
123,8115
123,8354
124,131
124,560
124,645
124,1128
124,1476
124,2065
124,2098
124,2725
124,3487
124,4042
124,4948
124,5409
124,5706
124,6423
124,7550
124,7868
125,505
125,623
125,1091
125,3616
125,4898
125,5416
126,200
126,222
126,460
126,608
126,634
126,714
126,1195
126,1550
126,1736
126,1820
126,2186
126,2273
126,2472
126,2597
126,3046
126,3263
126,4054
126,4094
126,4414
126,4460
126,4679
126,5246
126,5689
126,6686
126,7058
126,7062
126,7279
126,7729
126,8500
126,9169
126,9465
126,9847
127,144
127,162
127,189
127,347
127,377
127,385
127,426
127,502
127,588
127,600
127,685
127,762
127,816
127,1088
127,1168
127,1410
127,1656
127,1804
127,1949
127,2061
127,2105
127,2254
127,2286
127,2321
127,2355
127,2549
127,2803
127,2818
127,2899
127,2933
127,3515
127,3535
127,3947
127,4016
127,4460
127,4505
127,4539
127,4648
127,4653
127,4654
127,4683
127,4887
127,4969
127,5170
127,5319
127,5504
127,5509
127,5541
127,5629
127,5882
127,5891
127,5974
127,6166
127,6517
127,6660
127,6695
127,7305
127,7483
127,7847
127,7887
127,7953
127,7991
127,8015
127,8099
127,8244
127,8477
127,8564
127,9714
128,179
128,210
128,226
128,233
128,728
128,842
128,1704
128,1802
128,1862
128,2040
128,2163
128,2516
128,2617
128,2669
128,4281
128,4457
128,5592
128,5766
128,6471
128,6630
128,7490
128,7603
128,8066
128,8454
128,9995
129,156
129,379
129,412
129,586
129,1461
129,1597
129,3024
129,3167
129,3801
129,4197
129,5385
129,6240
129,8357
129,9900
130,299
130,412
130,701
130,1656
130,5297
130,5484
130,7265
130,7606
130,8549
130,8829
130,9674
131,215
131,255
131,290
131,349
131,518
131,542
131,577
131,922
131,994
131,1043
131,1119
131,1170
131,1377
131,1381
131,1443
131,1671
131,1955
131,2017
131,2236
131,2547
131,2676
131,2860
131,3057
131,3137
131,3392
131,4853
131,5135
131,5175
131,5266
131,5304
131,5334
131,5430
131,5867
131,6096
131,6274
131,6937
131,7168
131,7173
131,7575
131,7975
131,8078
131,8114
131,8197
131,8377
131,8754
131,9350
131,9555
132,609
132,848
132,992
132,1037
132,1511
132,2028
132,2223
132,2441
132,2481
132,2780
132,2815
132,3524
132,3929
132,3999
132,5607
132,5621
132,5652
132,5829
132,7577
132,7654
132,8188
132,8621
133,137
133,180
133,476
133,596
133,637
133,660
133,764
133,868
133,1304
133,1769
133,2203
133,2342
133,2386
133,2986
133,3222
133,3243
133,3317
133,3519
133,3548
133,4480
133,4733
133,4978
133,5102
133,5915
133,6356
133,6473
133,6617
133,6919
133,8266
133,8455
133,8691
133,9535
133,9597
133,9614
133,9800
134,169
134,197
134,249
134,324
134,554
134,574
134,625
134,705
134,1665
134,1849
134,1897
134,2071
134,2834
134,2842
134,2929
134,3056
134,3842
134,4347
134,5129
134,5218
134,5547
134,5937
134,6325
134,7751
134,8553
134,8560
134,9139
135,252
135,317
135,337
135,419
135,1571
135,1938
135,2050
135,2451
135,2573
135,3105
135,3903
135,3984
135,4428
135,6405
135,6990
135,7079
135,7966
135,8128
136,225
136,227
136,233
136,427
136,726
136,775
136,899
136,966
136,1190
136,1433
136,1529
136,1535
136,1930
136,2096
136,2504
136,2885
136,3374
136,3421
136,4588
136,4881
136,5396
136,5809
136,5960
136,6874
136,6894
136,7084
136,7140
136,7146
136,7260
136,7265
136,7551
136,7708
136,7860
136,7968
136,8000
136,8094
136,8367
136,8824
136,8976
136,9313
137,146
137,698
137,806
137,815
137,816
137,1062
137,1185
137,1220
137,1516
137,1682
137,2035
137,2100
137,2254
137,2469
137,2926
137,3487
137,3547
137,3602
137,3796
137,4177
137,4200
137,4249
137,4667
137,4680
137,4690
137,5659
137,5876
137,6045
137,6316
137,6325
137,6466
137,6662
137,7034
137,7211
137,7447
137,7563
137,8003
137,8557
137,9053
137,9076
137,9848
138,149
138,261
138,1506
138,1615
138,2043
138,3036
138,3251
138,3732
138,4062
138,4217
138,5406
138,5560
138,6013
138,6298
138,6472
138,6939
138,7526
138,7575
138,8165
139,269
139,691
139,1195
139,1453
139,1784
139,1868
139,2292
139,3312
139,3821
139,4225
139,4594
139,5136
139,7026
139,8139
140,228
140,230
140,427
140,1068
140,2048
140,2396
140,3057
140,3281
140,3290
140,3825
140,4700
140,4765
140,4776
140,5233
140,5773
140,6663
140,7900
140,9193
141,336
141,688
141,1079
141,1142
141,1287
141,3020
141,6279
141,7083
142,447
142,472
142,484
142,996
142,997
142,1410
142,1670
142,2637
142,3432
142,4739
142,5548
142,5685
142,5687
142,8230
142,8445
142,9026
142,9558
142,9711
143,332
143,449
143,2566
143,2773
143,7736
143,9626
144,206
144,232
144,548
144,601
144,659
144,782
144,819
144,843
144,1029
144,1205
144,1251
144,1663
144,1945
144,2638
144,2759
144,2974
144,3578
144,3743
144,3791
144,3822
144,3869
144,4098
144,4112
144,4663
144,4833
144,4834
144,4968
144,5387
144,5423
144,5468
144,5987
144,6287
144,7096
144,9207
144,9225
145,574
145,876
145,1738
145,2007
145,2426
145,2579
145,2690
145,3289
145,4307
145,4771
145,5907
145,6063
145,6558
145,6754
145,7827
145,8384
146,293
146,433
146,529
146,934
146,1279
146,1288
146,1506
146,3657
146,4162
146,5217
146,5868
146,8269
146,8860
147,192
147,204
147,220
147,239
147,330
147,331
147,361
147,362
147,403
147,856
147,983
147,1427
147,2037
147,2106
147,2630
147,2971
147,3312
147,4085
147,4337
147,4397
147,4579
147,4649
147,4844
147,5730
147,5894
147,6462
147,7341
147,7761
147,8414
147,8667
147,9191
147,9397
147,9538
148,644
148,824
148,1056
148,1754
148,1848
148,3212
148,3699
148,4678
148,6839
148,7401
148,8517
148,8561
148,8841
148,9806
149,168
149,229
149,249
149,298
149,422
149,531
149,538
149,684
149,716
149,730
149,771
149,853
149,988
149,1010
149,1094
149,1297
149,1303
149,1514
149,1626
149,1666
149,1708
149,1898
149,2262
149,2280
149,2359
149,2508
149,2664
149,2800
149,2851
149,3165
149,3301
149,3427
149,3493
149,4143
149,4253
149,4661
149,5146
149,5708
149,5853
149,6103
149,6407
149,6538
149,6620
149,6677
149,7428
149,7764
149,7844
149,7901
149,8121
149,9123
149,9331
149,9453
149,9899
150,333
150,590
150,1098
150,4040
150,4303
150,4573
150,4770
150,4809
150,5406
150,7013
150,7676
150,7844
150,9302
150,9772
151,473
151,489
151,793
151,853
151,1300
151,1774
151,2271
151,2324
151,2366
151,2511
151,2818
151,3114
151,3143
151,3296
151,3785
151,4542
151,4823
151,5469
151,5575
151,6411
151,6480
151,7322
151,7707
151,7842
151,8582
151,9152
151,9345
151,9385
151,9654
152,655
152,1657
152,3047
152,3074
152,3200
152,3479
152,4246
152,4277
152,5143
152,5237
152,5673
152,6910
152,9701
153,457
153,1199
153,1735
153,1799
153,3085
153,3582
153,3588
153,3845
153,4066
153,9726
154,234
154,968
154,988
154,1562
154,1891
154,2155
154,2270
154,2664
154,5303
154,5355
154,5657
154,6709
154,8745
155,172
155,323
155,346
155,1352
155,1504
155,2412
155,2582
155,2678
155,2810
155,3703
155,3998
155,4269
155,4713
155,4795
155,4911
155,4944
155,5694
155,6434
155,7386
156,549
156,2410
156,2595
156,2872
156,3769
156,3781
156,4017
156,5763
156,7037
156,9801
157,211
157,332
157,365
157,422
157,611
157,734
157,742
157,789
157,1199
157,1253
157,1260
157,1548
157,1820
157,2011
157,2389
157,2629
157,2853
157,3012
157,3037
157,3089
157,3151
157,3375
157,3562
157,3569
157,4230
157,4305
157,4734
157,5154
157,5196
157,5714
157,5818
157,5900
157,6683
157,6978
157,7562
157,8225
157,8698
158,1072
158,1723
158,2460
158,3748
158,6693
158,7576
158,8021
158,9569
159,230
159,296
159,413
159,677
159,2448
159,2703
159,2741
159,3285
159,3355
159,4609
159,4730
159,7206
159,7648
159,9728
160,184
160,304
160,368
160,379
160,435
160,706
160,1021
160,1419
160,1681
160,1916
160,2312
160,2743
160,2992
160,2998
160,3575
160,3697
160,4062
160,5402
160,5557
160,5718
160,6084
160,6229
160,6448
160,6923
160,7311
160,7419
160,7824
160,7838
160,7865
160,8201
160,8572
160,8646
160,9834
161,188
161,589
161,605
161,626
161,765
161,883
161,990
161,1334
161,1342
161,1413
161,1422
161,1501
161,1552
161,1561
161,1771
161,1803
161,1947
161,2000
161,2010
161,2125
161,2926
161,3007
161,3144
161,3185
161,3337
161,3390
161,3448
161,3502
161,3563
161,3951
161,4064
161,4525
161,4674
161,4855
161,5247
161,5283
161,5310
161,5324
161,5326
161,5387
161,5820
161,5989
161,6404
161,6479
161,6619
161,6775
161,6878
161,7053
161,7088
161,7538
161,7710
161,7907
161,7916
161,7987
161,8277
161,8466
161,9236
161,9456
161,9666
162,527
162,807
162,1195
162,1308
162,1664
162,2115
162,2451
162,3594
162,3789
162,4484
162,4540
162,4682
162,4858
162,5192
162,5972
162,6299
162,6415
162,6493
162,6503
162,6894
162,7217
162,7848
162,7900
162,8000
162,8603
163,902
163,1218
163,2268
163,2903
163,3454
163,4140
163,4163
163,9225
163,9890
164,216
164,262
164,352
164,470
164,552
164,626
164,927
164,1396
164,1437
164,1458
164,1881
164,2561
164,4104
164,4220
164,4308
164,4887
164,5601
164,6967
164,7766
164,7859
164,8398
165,199
165,494
165,1441
165,2276
165,4197
165,4325
165,6089
165,6746
165,7232
165,7472
165,7502
165,8706
165,9024
165,9957
166,372
166,448
166,594
166,610
166,753
166,837
166,1463
166,1604
166,1876
166,1944
166,2055
166,2114
166,2233
166,2238
166,2658
166,2867
166,3070
166,3702
166,4039
166,4417
166,5366
166,5382
166,5585
166,6443
166,6580
166,7223
166,7495
166,8016
166,8699
166,8710
166,8863
167,234
167,331
167,376
167,390
167,555
167,571
167,597
167,831
167,869
167,912
167,945
167,958
167,1001
167,1097
167,1102
167,1296
167,1368
167,1429
167,1536
167,1688
167,2018
167,2090
167,2269
167,2416
167,2422
167,2441
167,2692
167,2741
167,2900
167,3176
167,3437
167,3567
167,5583
167,5878
167,6054
167,6544
167,7075
167,7186
167,7324
167,8374
167,8592
167,8829
167,8835
167,9398
167,9461
167,9751
168,342
168,411
168,503
168,517
168,525
168,541
168,697
168,802
168,843
168,955
168,1239
168,1754
168,1921
168,2526
168,2674
168,2710
168,3286
168,3634
168,3872
168,5240
168,5577
168,5921
168,6329
168,6748
168,7147
168,7174
168,7427
168,7466
168,7635
168,8591
168,8903
168,9070
169,1147
169,1233
169,1240
169,1761
169,2178
169,2576
169,2590
169,4334
169,5531
169,6906
169,7833
169,9063
169,9215
170,276
170,3017
170,7569
170,8959
171,457
171,2147
171,2341
171,2620
171,5669
171,5936
171,6920
171,7034
171,7705
171,8675
171,9147
171,9537
172,287
172,289
172,443
172,1046
172,1479
172,1498
172,1568
172,1574
172,1622
172,2283
172,2892
172,3882
172,5017
172,6136
172,6172
172,6731
172,7612
172,8338
173,976
173,1115
173,1455
173,1517
173,1767
173,1942
173,2099
173,2226
173,2562
173,2987
173,7911
174,325
174,495
174,523
174,652
174,1219
174,1325
174,1446
174,4192
174,4894
174,6173
174,6640
174,8115
174,8497
174,9099
175,193
175,237
175,466
175,613
175,617
175,1025
175,1074
175,1189
175,1306
175,1620
175,2056
175,3068
175,3478
175,3563
175,3883
175,3907
175,4001
175,4089
175,4162
175,4595
175,5831
175,7155
175,7273
175,9012
175,9405
175,9579
175,9837
176,240
176,300
176,499
176,532
176,724
176,922
176,1624
176,1786
176,2145
176,2504
176,2567
176,2619
176,2711
176,4101
176,4135
176,4188
176,5176
176,5202
176,5960
176,6997
176,7683
176,7730
176,8022
176,8399
176,9111
177,238
177,312
177,391
177,402
177,452
177,480
177,846
177,952
177,969
177,1546
177,1635
177,1879
177,2727
177,2909
177,2938
177,2991
177,3014
177,3030
177,3031
177,3378
177,3477
177,3525
177,3699
177,3740
177,3854
177,4013
177,4572
177,6172
177,6582
177,6726
177,7439
177,7452
177,7698
177,8421
177,8874
177,9252
178,261
178,1103
178,1235
178,1354
178,5913
178,8812
179,436
179,459
179,468
179,1443
179,2283
179,2351
179,2625
179,3414
179,3489
179,3778
179,5747
179,6753
179,7328
179,7501
179,7588
179,7631
179,7687
179,7808
179,7972
180,181
180,481
180,779
180,892
180,1700
180,2147
180,2471
180,2671
180,2737
180,3078
180,3080
180,3323
180,3393
180,3636
180,4542
180,4718
180,5026
180,5251
180,6149
180,6372
180,6788
180,6921
180,6922
180,7758
180,7839
181,269
181,295
181,455
181,584
181,654
181,692
181,787
181,874
181,969
181,1517
181,1670
181,2190
181,2729
181,3463
181,3615
181,3914
181,4587
181,4628
181,5086
181,5125
181,5351
181,5753
181,5855
181,5998
181,7770
181,8200
181,8640
181,9068
181,9088
182,221
182,364
182,603
182,1125
182,1214
182,2349
182,3124
182,3808
182,4899
182,7527
182,8251
183,250
183,692
183,860
183,941
183,956
183,1036
183,1340
183,2121
183,2642
183,4086
183,9660
184,378
184,390
184,600
184,1037
184,1247
184,1502
184,2083
184,2455
184,2460
184,2591
184,2632
184,2940
184,2942
184,3498
184,3740
184,4383
184,4755
184,4985
184,6008
184,6466
184,7912
184,8177
184,9152
184,9650
185,193
185,840
185,1116
185,1136
185,1449
185,1524
185,1638
185,1686
185,2245
185,3012
185,3987
185,4521
185,4596
185,5104
185,5683
185,6307
185,6838
185,8163
185,9435
186,931
186,1136
186,1476
186,2392
186,4059
186,6916
186,9041
186,9999
187,248
187,354
187,441
187,820
187,1126
187,1831
187,2104
187,2505
187,2683
187,2750
187,3225
187,3427
187,3687
187,4107
187,4312
187,5780
187,6126
187,6830
187,6950
187,7669
187,9163
187,9959
188,390
188,554
188,559
188,1362
188,1610
188,1819
188,2496
188,2904
188,3046
188,3253
188,3295
188,3607
188,4595
188,5356
188,5526
188,5757
188,9032
189,568
189,608
189,924
189,938
189,961
189,989
189,1630
189,1911
189,3431
189,4311
189,4585
189,4599
189,4603
189,4626
189,4921
189,8898
189,9581
189,9790
189,9866
190,263
190,359
190,697
190,1357
190,1375
190,1397
190,1418
190,1582
190,2398
190,2626
190,3496
190,5023
190,5262
190,5394
190,6048
190,6903
190,7219
190,7338
190,7628
190,7699
190,8453
190,8735
190,9591
190,9783
191,236
191,306
191,802
191,853
191,869
191,908
191,1050
191,1491
191,1537
191,1753
191,2281
191,2928
191,2946
191,3228
191,3982
191,4566
191,4891
191,5191
191,5269
191,5300
191,5555
191,6798
191,6895
191,7378
191,7389
191,8352
191,8491
191,8539
191,8763
191,8990
191,9299
191,9328
191,9960
192,287
192,293
192,354
192,576
192,681
192,918
192,1165
192,1351
192,1475
192,1573
192,2107
192,2732
192,2907
192,3033
192,3104
192,3113
192,3263
192,3524
192,3948
192,4344
192,5933
192,6188
192,6402
192,7325
192,7914
192,8171
192,9106
193,1174
194,232
194,333
194,387
194,595
194,606
194,1083
194,2593
194,2852
194,3023
194,3428
194,3478
194,3686
194,4669
194,4730
194,4967
194,5556
194,5969
194,6092
194,6987
194,7661
194,8697
194,9177
194,9413
194,9531
194,9894
195,1494
195,1627
195,6572
195,8412
196,756
196,827
196,996
196,1550
196,1564
196,2559
196,3564
196,4654
196,5335
196,6245
196,6699
196,7584
196,7771
196,9081
196,9832
197,343
197,503
197,764
197,950
197,1058
197,1093
197,1316
197,1320
197,1405
197,1439
197,2184
197,2272
197,2550
197,2585
197,2868
197,3167
197,3261
197,4345
197,5009
197,5505
197,5610
197,5737
197,5843
197,6088
197,6265
197,6742
197,7908
197,8198
197,8956
197,9700
197,9911
198,429
198,909
198,2003
198,2158
198,7564
198,8247
198,8271
198,9044
198,9349
199,440
199,546
199,651
199,904
199,1768
199,2144
199,2617
199,5425
199,6671
199,6860
199,9307
200,475
200,623
200,1045
200,1399
200,1784
200,1921
200,3800
201,489
201,716
201,1151
201,1311
201,1697
201,1828
201,2459
201,2808
201,4297
201,4455
201,4935
201,6996
201,6998
201,7186
201,8441
202,211
202,270
202,499
202,536
202,568
202,633
202,728
202,920
202,1016
202,1058
202,1210
202,1429
202,1458
202,1749
202,1800
202,1912
202,1930
202,2216
202,2719
202,4004
202,4096
202,4350
202,4387
202,4388
202,5007
202,6568
202,8171
202,8226
202,8656
202,9835
202,9852
202,9871
203,412
203,556
203,834
203,1008
203,1625
203,1876
203,3166
203,3215
203,3712
203,4632
203,9976
204,382
204,1963
204,4459
204,5219
204,7136
204,9034
204,9227
205,334
205,531
205,602
205,721
205,738
205,1148
205,1315
205,1780
205,1815
205,2095
205,2385
205,2608
205,2806
205,3199
205,3420
205,4039
205,4681
205,5537
205,7198
205,7694
205,8124
205,8159
205,8473
205,9101
205,9872
205,9895
205,9921
205,9958
206,287
206,339
206,505
206,852
206,1763
207,498
207,651
207,1120
207,2771
207,3947
207,4090
207,4093
207,4555
207,4834
207,5599
207,7234
207,8193
207,9642
208,235
208,251
208,329
208,392
208,1318
208,1443
208,1481
208,3231
208,3863
208,3885
208,3908
208,4798
208,4935
208,5230
208,5302
208,8277
208,8678
208,8781
208,9029
209,522
209,628
209,766
209,1013
209,1207
209,1500
209,1596
209,2265
209,2955
209,2964
209,3228
209,3655
209,4124
209,5240
209,5329
209,5893
209,6329
209,6382
209,7224
209,7489
209,7972
209,8570
210,337
210,1088
210,1489
210,2783
210,3250
210,5807
210,7165
211,258
211,992
211,1693
211,1704
211,1813
211,1995
211,2260
211,2631
211,2840
211,2914
211,3550
211,5077
211,5151
211,5208
211,5597
211,7081
211,7344
211,9235
211,9961
212,267
212,270
212,485
212,590
212,659
212,968
212,1240
212,1905
212,2036
212,2420
212,3052
212,3088
212,3129
212,3151
212,4250
212,4611
212,4724
212,4957
212,6598
212,7933
212,9802
213,221
213,411
213,511
213,1404
213,2122
213,2127
213,2792
213,2996
213,3282
213,3720
213,3965
213,4292
213,4342
213,4975
213,5060
213,5362
213,5639
213,5851
213,5865
213,6983
213,7065
213,8230
213,8688
213,9406
213,9737
213,9821
214,217
214,236
214,322
214,353
214,358
214,367
214,402
214,414
214,465
214,573
214,586
214,723
214,731
214,835
214,935
214,1053
214,1090
214,1285
214,1301
214,1390
214,1418
214,1508
214,1539
214,1812
214,1999
214,2386
214,2487
214,2518
214,2619
214,3322
214,3430
214,3497
214,4795
214,5628
214,6105
214,6733
214,7099
214,7694
214,7808
214,8747
214,8894
214,9164
215,240
215,257
215,2022
215,2837
215,2916
215,3005
215,5581
215,7740
215,9102
216,747
216,1388
216,1544
216,1646
216,1756
216,2048
216,3435
216,4522
216,4833
216,4933
216,6758
217,679
217,2370
217,5292
217,6170
217,7721
218,450
218,467
218,469
218,487
218,692
218,770
218,850
218,1022
218,1428
218,1513
218,1584
218,1673
218,1968
218,1998
218,2197
218,2290
218,2859
218,3323
218,3406
218,3527
218,3672
218,3805
218,3859
218,4185
218,4343
218,4525
218,4777
218,5136
218,5215
218,5241
218,5535
218,5622
218,5786
218,6150
218,6306
218,6397
218,6571
218,6780
218,6949
218,7632
218,8371
218,9283
218,9477
218,9630
218,9886
218,9952
219,417
219,611
219,1196
219,1274
219,2112
219,2144
219,2377
219,2666
219,3431
219,5676
220,482
220,1267
220,1480
220,1575
220,1586
220,1758
220,2830
220,3128
220,3305
220,3966
220,4990
220,5045
220,6388
220,6520
220,6637
220,9133
220,9497
220,9597
221,552
221,2741
221,3287
221,3334
221,4238
221,5397
221,5489
221,7100
221,8917
222,272
222,1042
222,2085
222,3371
222,3847
222,5538
222,6912
222,7256
222,8429
222,9445
223,255
223,430
223,838
223,1108
223,1523
223,1680
223,1838
224,268
224,620
224,1176
224,1382
224,1558
224,2101
224,2733
224,4278
224,5490
224,6366
224,7110
224,7350
224,8383
224,8765
224,9701
225,231
225,455
225,535
225,566
225,734
225,808
225,947
225,1117
225,1151
225,1234
225,1378
225,2846
225,5616
225,7333
225,7454
225,7493
225,7667
225,7809
225,8066
225,8411
225,9134
225,9439
225,9825
226,446
226,848
226,900
226,1031
226,1157
226,1739
226,1852
226,2530
226,3500
226,4632
226,4994
226,5073
226,5551
226,6017
226,6434
226,8390
226,9752
227,344
227,372
227,2822
227,4848
227,6120
228,371
228,550
228,579
228,679
228,951
228,1881
228,2071
228,2258
228,2433
228,2504
228,2701
228,3710
228,3923
228,4381
228,5913
228,6668
228,6829
228,7862
228,8927
228,9018
229,256
229,462
229,922
229,1843
229,2742
229,3900
229,4420
229,4443
229,6851
229,6932
229,8568
229,8830
230,286
230,401
230,415
230,449
230,615
230,683
230,693
230,812
230,1881
230,2284
230,2287
230,2522
230,2702
230,3027
230,3231
230,3275
230,4799
230,4934
230,4983
230,5111
230,5216
230,6688
230,8034
230,8790
230,9316
230,9322
230,9861
231,593
231,2978
231,3068
231,3377
231,3943
231,5779
231,8067
231,8901
231,9260
232,340
232,1520
232,2693
232,2930
232,3157
232,3578
232,4828
232,5811
232,7239
232,8913
232,9468
233,250
233,265
233,290
233,379
233,496
233,498
233,899
233,974
233,1081
233,1090
233,1407
233,1887
233,1947
233,2789
233,2813
233,2846
233,4504
233,4717
233,5033
233,6599
233,8746
233,9979
234,271
234,425
234,578
234,604
234,610
234,664
234,688
234,980
234,1731
234,1885
234,3050
234,3467
234,4338
234,4465
234,4492
234,5382
234,5388
234,8340
234,9153
235,334
235,421
235,437
235,475
235,534
235,691
235,907
235,1196
235,1591
235,1662
235,1685
235,1750
235,2006
235,2610
235,2955
235,2975
235,3196
235,3274
235,3380
235,3483
235,3636
235,3891
235,3997
235,4396
235,4895
235,5112
235,5396
235,5714
235,5730
235,6018
235,6445
235,7238
235,7967
235,8076
235,8096
235,8131
235,8366
235,8540
235,8583
235,8775
235,9437
235,9607
235,9898
236,719
236,1225
236,1892
236,2601
236,2695
236,4029
236,4109
236,4855
236,6382
236,6833
236,7450
236,7868
236,7994
236,8238
236,8941
237,265
237,365
237,830
237,1228
237,1229
237,1238
237,1341
237,1397
237,1518
237,1729
237,1796
237,1986
237,2416
237,3683
237,4843
237,5091
237,5702
237,5850
237,5851
237,5942
237,6258
237,6734
237,6917
237,8023
237,8386
237,9225
237,9444
238,4371
239,383
239,888
239,1332
239,1496
239,4110
239,4634
239,4865
239,5032
239,5054
239,5559
239,6517
239,8274
240,254
240,285
240,439
240,484
240,742
240,1162
240,1246
240,1456
240,1699
240,1741
240,1959
240,2180
240,2573
240,3264
240,3267
240,3556
240,3804
240,3843
240,4386
240,4409
240,5680
240,5864
240,7902
240,8090
240,9108
240,9460
241,316
241,378
241,1190
241,3069
241,3937
241,5179
241,5379
241,9665
242,251
242,572
242,808
242,982
242,1124
242,3048
242,4605
242,5253
242,5614
242,5931
243,244
243,514
243,569
243,578
243,625
243,628
243,757
243,824
243,1231
243,1643
243,2098
243,2139
243,2160
243,3302
243,3865
243,5480
243,6146
243,6269
243,6782
243,8137
244,777
244,1106
244,2029
244,2630
244,2765
244,3155
244,3257
244,4177
244,4812
244,5202
244,5856
244,9216
244,9273
244,9336
244,9395
245,598
245,620
245,717
245,868
245,876
245,1053
245,1333
245,1395
245,2097
245,2380
245,3732
245,5068
245,5175
245,6101
245,6855
245,9096
246,638
246,856
246,1409
246,1753
246,2163
246,4205
246,5826
246,6324
246,8184
246,8595
246,8912
246,8989
247,303
247,328
247,502
247,563
247,757
247,1857
247,2314
247,2405
247,2439
247,2599
247,4219
247,4462
247,4545
247,4623
247,4860
247,5581
247,6747
247,6988
247,8336
247,8644
247,8764
247,9860
248,297
248,459
248,618
248,1678
248,3176
248,3486
248,3503
248,3586
248,3883
248,4320
248,4935
248,6549
248,6686
248,9072
248,9857
248,9868
248,9922
248,9929
249,461
249,1686
249,1855
249,3864
249,5243
250,274
250,315
250,374
250,521
250,630
250,773
250,794
250,998
250,1033
250,1432
250,1472
250,1765
250,2040
250,2227
250,2246
250,2423
250,2744
250,3112
250,3189
250,3276
250,3826
250,4293
250,4316
250,4443
250,4711
250,5236
250,5285
250,6025
250,6856
250,7194
250,7259
250,7302
250,8096
250,8539
250,8635
250,8698
250,8736
250,9058
250,9780
250,9788
251,1398
251,1430
251,2503
251,4374
251,4912
251,8024
251,9396
252,328
252,345
252,404
252,454
252,925
252,1660
252,1665
252,1695
252,1991
252,3078
252,3159
252,3686
252,3762
252,4015
252,4078
252,4085
252,4597
252,4636
252,4959
252,5309
252,5643
252,5709
252,5791
252,6726
252,6990
252,7126
252,7180
252,8599
252,8664
252,8723
252,8919
252,9104
253,305
253,763
253,1844
253,2136
253,2238
253,3445
253,4541
253,5744
253,6267
253,7059
253,8581
253,9361
254,485
254,1047
254,1386
254,1709
254,1782
254,2164
254,2542
254,3089
254,3290
254,4511
254,7078
254,7341
254,7610
254,7645
255,649
255,1105
255,1186
255,1884
255,2071
255,2680
255,3658
255,4499
255,4968
255,5464
255,5934
255,7370
255,7634
255,8120
256,809
256,1469
256,1872
256,2035
256,2685
256,2851
256,3010
256,3531
256,3941
256,4744
256,5776
256,6015
256,8952
257,309
257,371
257,397
257,663
257,750
257,878
257,1130
257,1829
257,2047
257,2201
257,2322
257,2359
257,2392
257,2448
257,2598
257,2819
257,2900
257,2952
257,4510
257,4732
257,7156
257,7414
257,7425
257,8085
257,8387
257,8454
257,9870
258,363
258,478
258,707
258,741
258,1018
258,1036
258,1178
258,1246
258,1406
258,1775
258,2404
258,2818
258,2862
258,4006
258,4435
258,4692
258,4780
258,4963
258,5083
258,5870
258,6489
258,6652
258,6743
258,7423
258,7445
258,8820
258,8892
258,9771
259,671
259,807
259,926
259,1292
259,1326
259,1416
259,1819
259,3139
259,4011
259,5006
259,5059
259,5621
259,5944
259,5968
259,6344
259,7895
259,8239
260,456
260,567
260,867
260,962
260,1439
260,1905
260,3934
260,4387
260,4637
260,7199
260,7347
260,7837
260,7938
260,9666
261,818
261,1346
261,1729
261,2171
261,2293
261,2749
261,2995
261,3185
261,3941
261,4647
261,7368
261,9685
262,466
262,2133
262,2574
262,6181
262,6255
262,6635
262,8199
263,1816
263,2289
263,2973
263,4001
263,5989
263,6461
264,1315
264,2160
264,3752
264,5337
264,5584
264,7453
264,7960
265,381
265,488
265,496
265,597
265,861
265,1102
265,1557
265,1903
265,2385
265,2563
265,2636
265,2840
265,3008
265,3199
265,3218
265,3540
265,3812
265,5388
265,7965
265,8581
265,8591
265,8861
265,9676
266,666
266,1652
266,2422
266,3086
266,3313
266,4358
266,5182
266,6479
266,7003
266,7324
266,9895
267,501
267,557
267,851
267,861
267,893
267,973
267,1134
267,1431
267,1549
267,1571
267,2159
267,2237
267,2767
267,3470
267,3704
267,3953
267,4031
267,4190
267,4980
267,6284
267,6430
267,6882
267,7964
267,8142
268,316
268,345
268,762
268,1059
268,1257
268,1307
268,1913
268,3386
268,3594
268,3642
268,4847
268,6074
268,7523
268,7775
268,8087
268,8945
269,592
269,646
269,780
269,1023
269,1806
269,1897
269,2188
269,3229
269,3709
269,3880
269,7377
269,8306
270,447
270,1384
270,2021
270,6813
271,277
271,511
271,591
271,732
271,772
271,876
271,1344
271,2044
271,2299
271,2635
271,2996
271,3994
271,4245
271,4519
271,5246
271,5330
271,5439
271,7326
271,8859
271,9453
272,2663
272,3268
272,4835
272,5005
272,5687
272,6160
272,7172
273,288
273,429
273,567
273,667
273,713
273,757
273,809
273,821
273,919
273,954
273,1122
273,1131
273,1146
273,1347
273,1866
273,1874
273,1983
273,2257
273,2435
273,2497
273,2543
273,2890
273,3131
273,3150
273,3457
273,5178
273,5451
273,6152
273,6223
273,6553
273,6555
273,6798
273,6851
273,6984
273,7405
273,7519
273,7640
273,7689
273,7963
273,8198
273,8808
273,8992
273,9504
273,9735
273,9740
274,401
274,709
274,1317
274,2133
274,3891
274,5084
274,5305
274,9526
274,9901
275,581
275,1132
275,1549
275,1596
275,1679
275,2306
275,2468
275,2621
275,2723
275,2854
275,3097
275,3104
275,3475
275,4206
275,4377
275,4423
275,4602
275,4907
275,5097
275,5882
275,6000
275,6393
275,7001
275,7245
275,7902
275,8476
275,8826
276,324
276,326
276,404
276,501
276,747
276,830
276,845
276,901
276,1011
276,1276
276,1287
276,1593
276,1713
276,2219
276,2378
276,2479
276,2554
276,3469
276,3850
276,3990
276,4194
276,4490
276,4684
276,5097
276,5179
276,5391
276,5593
276,5879
276,7271
276,8966
276,8974
276,9822
277,930
277,937
277,1264
277,1322
277,1554
277,2461
277,3138
277,3808
277,3871
277,5557
277,5564
277,6040
277,6697
277,6843
277,8196
277,8914
278,458
278,477
278,2951
278,3223
278,3755
278,4531
278,5050
278,7866
278,8083
279,1768
279,2727
279,3162
279,4055
279,5075
279,5282
279,7599
279,8910
279,8944
279,9107
280,565
280,1698
280,4708
280,6902
281,1347
281,1925
281,1954
281,2218
281,4097
282,373
282,410
282,416
282,689
282,1568
282,1650
282,2241
282,2588
282,6557
282,6871
282,7041
282,9778
283,386
283,654
283,965
283,1300
283,1393
283,2095
283,2166
283,2675
283,2744
283,2904
283,3439
283,4084
283,5075
283,7362
283,7490
283,7499
283,8117
283,9336
283,9570
283,9689
284,509
284,543
284,969
284,1026
284,1281
284,1643
284,1912
284,2436
284,2574
284,2977
284,3776
284,3901
284,3938
284,4057
284,4389
284,5279
284,5339
284,5865
284,6408
284,6505
284,6547
284,6774
284,6786
284,6876
284,7924
284,8759
284,8986
285,428
285,592
285,841
285,1564
285,3995
285,4688
285,5540
285,8890
286,497
286,540
286,995
286,1392
286,2240
286,4384
286,6685
286,8046
287,385
287,527
287,644
287,1187
287,1738
287,4881
287,8848
287,9544
288,408
288,690
288,898
288,1431
288,1630
288,1717
288,3413
288,3494
288,3498
288,4196
288,5842
288,6067
288,7306
288,7680
288,7806
288,8755
288,9034
289,388
289,533
289,1403
289,3867
289,5017
289,5479
289,6556
289,6564
289,7692
289,8641
290,484
290,585
290,929
290,1068
290,1184
290,1291
290,1495
290,1765
290,1974
290,2335
290,2727
290,2749
290,4345
290,4656
290,4712
290,4714
290,5454
290,6131
290,6177
290,6202
290,6927
290,7814
290,7858
290,8349
290,8504
290,8727
290,8822
290,8923
290,8946
291,467
291,579
291,888
291,3345
291,3694
291,3835
291,4740
291,5496
291,6745
291,7689
291,7900
291,9588
292,794
292,2489
292,4298
292,4380
292,4493
292,4888
292,7759
292,9879
293,509
293,585
293,673
293,698
293,748
293,858
293,927
293,1335
293,1372
293,1673
293,1740
293,1853
293,2149
293,2368
293,2543
293,3239
293,3464
293,3569
293,3614
293,3960
293,3968
293,3972
293,4045
293,4093
293,4254
293,4314
293,4430
293,5405
293,5815
293,6040
293,6086
293,6343
293,6711
293,6774
293,8304
293,8488
293,8981
294,356
294,634
294,648
294,668
294,759
294,821
294,847
294,858
294,903
294,1053
294,1210
294,1329
294,1419
294,1715
294,2100
294,2445
294,2571
294,2714
294,2719
294,2849
294,2969
294,3088
294,3667
294,3861
294,4008
294,4905
294,5240
294,5467
294,5649
294,5953
294,6142
294,6560
294,6636
294,6745
294,7196
294,7726
294,8352
294,8396
294,8583
294,8590
294,8619
294,9112
294,9194
295,425
295,657
295,2992
295,3197
295,3544
295,3557
295,5071
295,6158
295,6730
295,6975
296,338
296,415
296,504
296,590
296,1389
296,1800
296,2635
296,2661
296,3425
296,3625
296,5049
296,7070
296,7582
296,7643
296,8403
296,9474
296,9545
297,393
297,424
297,450
297,513
297,1157
297,1322
297,1493
297,1744
297,1901
297,2054
297,2109
297,2187
297,2628
297,4276
297,4753
297,5587
297,7931
297,8227
297,8253
298,1066
298,2150
298,2275
298,2928
298,4121
298,5063
298,5110
298,5264
299,1352
299,1924
299,4670
300,380
300,506
300,658
300,712
300,776
300,894
300,1204
300,1296
300,1497
300,1566
300,1663
300,1842
300,2146
300,2190
300,2525
300,2940
300,3148
300,3331
300,3888
300,4108
300,5418
300,5712
300,6016
300,6087
300,6619
300,8484
300,9122
300,9501
300,9614
301,1008
301,1305
301,3238
301,4342
301,4920
301,7835
301,8208
301,8335
301,9338
301,9387
302,687
302,740
302,1348
302,1353
302,2627
302,2920
302,3801
302,4407
302,4534
302,5518
302,6776
302,6862
303,348
303,416
303,914
303,1336
303,1862
303,1943
303,2094
303,2519
303,2616
303,2677
303,2905
303,2951
303,3134
303,3269
303,3694
303,6311
303,8251
303,8716
303,9065
303,9604
303,9957
304,355
304,483
304,727
304,1600
304,1707
304,2060
304,2395
304,2833
304,3100
304,3670
304,4919
304,5401
304,6326
304,6815
304,8773
304,9409
305,1374
305,1773
305,3679
305,3930
305,4504
305,5724
305,7054
306,614
306,831
306,944
306,994
306,1167
306,1411
306,1618
306,1691
306,1728
306,2301
306,2398
306,2515
306,2705
306,2916
306,3656
306,3884
306,4605
306,4696
306,4787
306,4988
306,7847
306,8267
306,9071
306,9202
307,433
307,1103
307,3184
307,5928
307,7003
307,9064
308,612
308,746
308,1241
308,1664
308,2217
308,2317
308,2420
308,3917
308,4242
308,4731
308,4801
308,5358
308,5941
308,9423
309,428
309,636
309,877
309,1298
309,1421
309,1493
309,1746
309,1983
309,2337
309,2771
309,3811
309,4026
309,4870
309,5002
309,5819
309,6268
309,6820
309,7242
309,7591
309,7653
309,7668
309,8543
310,387
310,503
310,571
310,675
310,818
310,1261
310,1433
310,1487
310,1751
310,1952
310,2010
310,2130
310,2132
310,2275
310,2570
310,2836
310,3006
310,3164
310,3772
310,4032
310,4086
310,4212
310,4794
310,5567
310,6003
310,6049
310,6976
310,7399
310,7609
310,8087
310,8633
310,9143
310,9589
311,325
311,577
311,640
311,788
311,1038
311,1200
311,1324
311,1412
311,1835
311,1948
311,1976
311,3055
311,3358
311,4091
311,4365
311,4707
311,4956
311,5117
311,5283
311,6606
311,6764
311,9045
312,4248
313,373
313,713
313,1510
313,1640
313,2007
313,2363
313,3597
313,4944
313,5974
313,7513
313,9791
314,322
314,675
314,1133
314,1429
314,1620
314,2302
314,3249
314,3519
314,3638
314,5126
314,7394
314,7402
314,7520
314,8294
314,9136
314,9281
315,350
315,357
315,423
315,704
315,745
315,982
315,1081
315,1359
315,1415
315,1467
315,1540
315,1678
315,2079
315,2302
315,2864
315,3288
315,3291
315,3430
315,3514
315,3693
315,4027
315,4037
315,4166
315,4898
315,4963
315,6119
315,6260
315,6428
315,6777
315,8205
315,9082
315,9096
315,9489
315,9764
316,431
316,561
316,717
316,5779
317,520
317,558
317,580
317,583
317,687
317,718
317,723
317,765
317,1150
317,1380
317,1424
317,1835
317,1886
317,1981
317,2118
317,2201
317,2326
317,2829
317,3824
317,3829
317,4105
317,4416
317,4602
317,4735
317,5077
317,5166
317,5534
317,5594
317,5926
317,6003
317,6012
317,6524
317,6636
317,7392
317,7492
317,8219
317,8722
317,8832
317,9691
317,9712
318,561
318,1049
318,1062
318,1146
318,1198
318,2495
318,2550
318,3314
318,7188
318,7520
318,8546
318,8729
318,9805
319,956
319,1623
319,2580
319,2866
319,6320
319,7648
319,8042
320,361
320,1011
320,1066
320,2709
320,3643
320,5214
320,6101
320,7275
320,9338
321,607
321,2153
321,3098
321,3858
321,4284
321,4691
321,5745
322,430
322,1074
322,1469
323,926
323,936
323,2377
323,4776
323,5038
323,5553
323,6555
323,6839
323,7542
323,7633
323,8508
323,9021
323,9186
323,9675
324,375
324,797
324,1182
324,1724
324,1786
324,3712
324,4206
324,5932
324,6352
324,9098
325,366
325,1460
325,1465
325,1744
325,1864
325,1883
325,2918
325,3443
325,4264
325,4790
325,4901
325,5679
325,5870
325,9300
325,9409
326,672
326,674
326,794
326,1255
326,1400
326,1427
326,1581
326,1757
326,1821
326,2497
326,4878
326,4969
326,5746
326,7810
326,9561
327,340
327,595
327,602
327,1150
327,1209
327,1964
327,3209
327,5305
327,8216
327,9346
328,617
328,1197
328,1461
328,1592
328,1605
328,2582
328,2643
328,3570
328,3637
328,3766
328,3824
328,5536
328,5943
328,6165
328,6840
328,7083
328,7243
328,7300
328,7959
328,8159
328,8802
329,1266
329,3853
329,4731
329,5464
329,6759
330,457
330,741
330,865
330,1318
330,1649
330,1680
330,1757
330,2612
330,3791
330,3916
330,4897
330,5417
330,6161
330,6253
330,7887
330,7931
330,9341
330,9551
330,9891
331,371
331,486
331,1051
331,1110
331,1477
331,1917
331,3202
331,3225
331,4250
331,6065
331,8098
331,8112
331,8388
332,1308
332,5012
332,5853
332,6438
332,7489
332,8653
333,357
333,375
333,473
333,725
333,869
333,1336
333,2285
333,2954
333,2981
333,3167
333,3283
333,3338
333,3375
333,3870
333,4458
333,4681
333,4719
333,6608
333,6924
333,8140
333,9043
333,9115
334,406
334,873
334,2736
334,2999
334,3009
334,3329
334,4216
334,4582
334,6269
334,6830
334,7653
334,8057
334,8275
334,9467
335,410
335,463
335,533
335,1350
335,1435
335,1489
335,1638
335,1976
335,3838
335,5781
335,8762
336,670
336,700
336,1450
336,1809
336,3433
336,4412
336,5413
336,6938
336,7984
336,9638
337,471
337,517
337,805
337,1124
337,1561
337,1859
337,1873
337,1999
337,2607
337,2643
337,2678
337,2837
337,3644
337,3962
337,4044
337,4168
337,4199
337,4431
337,5031
337,6081
337,6724
337,8004
337,8532
337,9374
338,1952
338,9836
339,369
339,382
339,384
339,398
339,714
339,827
339,984
339,1063
339,1204
339,1333
339,1773
339,1937
339,2433
339,3187
339,4466
339,5287
339,5612
339,5735
339,5736
339,6134
339,6361
339,6501
339,6509
339,6854
339,7236
339,7357
339,8805
340,510
340,586
340,2783
340,4451
340,4693
340,5419
340,6494
340,7509
340,7650
340,8798
341,433
341,793
341,1095
341,1123
341,1127
341,1654
341,2057
341,2077
341,2179
341,2328
341,2337
341,2432
341,3019
341,3707
341,7998
341,8616
341,9572
342,884
342,2916
342,4681
342,5230
342,5821
342,6443
342,6781
342,7773
342,8666
342,9149
343,1245
343,1302
343,2426
343,5957
343,6998
343,7432
343,7566
343,8750
343,9261
344,404
344,405
344,673
344,735
344,934
344,1060
344,1456
344,1613
344,1655
344,1678
344,1683
344,1735
344,2668
344,2886
344,4709
344,6097
344,7363
344,7549
344,7716
344,7802
344,9101
344,9561
345,679
345,1235
345,1313
345,1420
345,2231
345,2405
345,3522
345,3601
345,5051
345,5513
345,5708
345,6215
345,7019
345,9807
346,1273
347,512
347,671
347,1149
347,2219
347,2986
347,5034
347,5070
348,409
348,480
348,2846
348,3692
348,4366
348,5496
348,6270
348,7301
348,9411
348,9552
349,492
349,846
349,1139
349,1413
349,1645
349,2358
349,2585
349,3418
349,3868
349,5798
349,5806
349,6713
349,7061
349,7395
349,7659
349,9428
350,654
350,1295
350,2546
350,2595
350,2627
350,2827
350,3330
350,3452
350,3461
350,3543
350,3834
350,4175
350,5302
350,6099
350,8332
350,8525
350,8874
350,8987
351,1154
351,1172
351,1575
351,2514
351,4868
351,4931
351,5603
351,6715
352,619
352,1314
352,4169
352,4639
352,4931
353,443
353,1612
353,1925
353,2011
353,2425
353,4236
353,4979
353,5524
353,7632
354,937
354,1345
354,1801
354,3493
355,409
355,669
355,817
355,1002
355,1129
355,1346
355,1412
355,2037
355,2396
355,2550
355,2577
355,3146
355,5661
355,6010
355,6993
356,579
356,622
356,639
356,762
356,919
356,1177
356,1268
356,1356
356,2241
356,2330
356,3171
356,3800
356,4567
356,4823
356,5003
356,6163
356,6230
356,6553
356,6575
356,7436
356,7874
356,8378
356,8565
356,8662
356,9451
357,400
357,739
357,1217
357,1364
357,1433
357,1528
357,2384
357,2411
357,2963
357,3304
357,6578
357,6605
357,7435
357,7905
357,8521
357,9005
357,9959
358,5966
359,366
359,395
359,458
359,600
359,804
359,957
359,1446
359,1624
359,1823
359,2245
359,2548
359,2660
359,5493
359,6539
359,9022
360,770
360,7215
360,7226
360,8654
360,8834
361,418
361,515
361,702
361,715
361,960
361,1797
361,2342
361,5010
361,5809
361,6120
361,8452
361,8885
361,9214
362,409
362,914
362,1112
362,1173
362,1223
362,1391
362,1470
362,2489
362,5360
362,5968
362,7465
362,8359
362,8703
362,9570
362,9955
363,946
363,1136
363,1613
363,2551
363,4879
363,7844
363,8160
365,367
365,432
365,518
365,693
365,1378
365,1879
365,1946
365,2252
365,2340
365,3354
365,4280
365,4546
365,5589
365,7233
366,392
366,649
366,695
366,1280
366,1321
366,1471
366,1473
366,1477
366,1608
366,2656
366,3063
366,3580
366,3799
366,4199
366,4582
366,4737
366,4957
366,5336
366,7241
366,7884
366,9501
367,601
367,4288
367,4705
367,6922
368,3818
368,5378
369,822
369,1018
369,1533
369,1626
369,2091
369,2280
369,4716
369,6910
370,399
370,482
370,485
370,1179
370,1263
370,1856
370,2212
370,4156
370,4350
370,4415
370,7821
370,8060
370,9521
371,993
371,1111
371,1284
371,2640
371,4723
371,5447
372,547
372,871
372,1399
372,5289
372,5343
372,7292
372,7370
372,8369
373,996
373,1011
373,1074
373,1109
373,1338
373,1790
373,1828
373,2110
373,2181
373,2989
373,3526
373,5395
373,6155
373,7436
373,7950
373,8700
373,9002
373,9573
374,1176
374,1233
374,1343
374,1918
374,1927
374,2104
374,2176
374,2958
374,3806
374,4368
374,4782
374,5753
374,6618
374,7019
374,7301
374,7787
374,9651
374,9667
375,647
375,966
375,1509
375,1688
375,6218
375,6396
375,8249
375,9292
375,9469
376,705
376,848
376,878
376,2164
376,3399
376,3534
376,4289
376,4818
376,5429
376,5925
376,5964
376,8582
376,8766
376,9062
377,665
377,730
377,882
377,910
377,1519
377,5611
377,6321
377,6461
378,1073
378,1733
378,3505
378,4019
378,4043
378,6334
378,6816
378,8405
378,8457
379,1132
379,1625
379,1756
379,3792
379,3989
379,4173
380,1094
380,5851
380,9220
381,467
381,1258
381,1658
381,2335
381,3861
381,4753
381,6287
381,6870
381,7391
381,7745
382,519
382,543
382,716
382,755
382,933
382,1618
382,1950
382,2943
382,3079
382,3876
382,4994
382,5591
382,5612
382,7513
382,8606
382,8742
382,8906
382,9466
382,9981
383,776
383,886
383,936
383,1826
383,2216
383,2715
384,599
384,617
384,1001
384,1139
384,1244
384,1303
384,2375
384,2473
384,2800
384,2876
384,5113
384,5409
384,5477
384,5979
384,7369
384,9975
385,967
385,1070
385,1906
385,2657
385,3884
385,5636
385,7253
385,8419
386,1171
386,6210
387,504
387,570
387,810
387,1256
387,1388
387,1684
387,2159
387,2399
387,3090
387,3403
387,4857
387,5066
387,5742
387,5952
387,5971
387,6745
387,7033
387,7593
387,8145
387,9509
388,392
388,549
388,680
388,925
388,1616
388,3026
388,3577
388,3728
388,3797
388,4242
388,4849
388,5106
388,5152
388,8435
388,9722
389,547
389,576
389,685
389,737
389,1656
389,2522
389,2560
389,3010
389,3076
389,3964
389,4923
389,5841
389,7970
389,8228
389,8671
389,9015
390,3603
390,7133
390,7191
391,394
391,434
391,466
391,642
391,661
391,947
391,1193
391,1899
391,1926
391,2067
391,3237
391,3353
391,3746
391,3877
391,4599
391,4807
391,6434
391,6713
391,6743
391,8900
392,867
392,1714
392,2934
392,4406
392,4588
392,5200
392,6090
392,9395
393,1536
393,3113
393,3535
393,9523
394,4122
394,7632
395,1634
395,1837
395,2143
395,4065
395,5163
395,6180
395,8293
395,9353
396,543
396,1049
396,2558
396,6486
396,7064
396,8353
397,627
397,711
397,1046
397,1294
397,1324
397,1376
397,1391
397,2333
397,2716
397,4138
397,4524
397,6559
397,6928
397,7359
397,7475
397,7514
397,8272
398,452
398,477
398,966
398,1363
398,2551
399,825
399,1156
399,1190
399,2583
399,3677
399,3953
399,4405
399,4895
399,5036
399,5245
399,5478
399,6019
399,6277
399,6322
399,6438
399,6791
399,7002
399,7316
399,7929
399,8708
399,8808
399,9140
399,9954
400,508
400,521
400,707
400,777
400,817
400,992
400,1057
400,1139
400,1192
400,1194
400,1216
400,1290
400,1589
400,1711
400,1827
400,1966
400,2137
400,2175
400,2274
400,2509
400,2598
400,2799
400,2950
400,3212
400,3224
400,3630
400,3874
400,3928
400,3976
400,4169
400,4191
400,4224
400,4402
400,4438
400,4455
400,4568
400,4833
400,4851
400,5096
400,5102
400,5244
400,5494
400,5644
400,5680
400,6032
400,6129
400,6301
400,6313
400,6679
400,7149
400,7266
400,7970
400,8308
400,8494
400,8927
400,8953
400,8995
400,9040
400,9560
400,9736
400,9783
400,9799
400,9834
400,9855
400,9926
401,997
401,1104
401,3065
401,3884
401,4811
401,5384
401,5997
401,6255
401,6887
401,7727
401,7781
401,8318
401,8480
401,9033
402,443
402,583
402,801
402,866
402,1362
402,1682
402,2539
402,2752
402,3143
402,3260
402,4168
402,5026
402,5137
402,7004
402,7516
402,8391
402,9602
402,9874
403,798
403,924
403,1448
403,4042
403,5440
403,7805
404,712
404,850
404,1130
404,1228
404,1270
404,1585
404,2052
404,2450
404,3190
404,3587
404,4395
404,4875
404,4883
404,5525
404,5834
404,6053
404,6209
404,6421
404,6950
404,8472
404,8757
404,8885
404,9412
405,497
405,1015
405,1658
405,1711
405,1933
405,2074
405,2827
405,2964
405,3025
405,3161
405,3458
405,3616
405,3698
405,3722
405,3937
405,4150
405,4318
405,5823
405,6328
405,6431
405,7282
405,8937
405,9108
406,601
406,719
407,432
407,838
407,1082
407,1111
407,1960
407,2963
407,3018
407,3250
407,3907
407,3982
407,4638
407,5013
407,5623
407,6042
407,8628
407,8683
407,8981
407,9097
408,884
408,1278
408,1629
408,1632
408,1774
408,2381
408,4557
408,9593
409,563
409,863
409,1693
409,1877
409,2186
409,3642
409,3645
409,4297
409,4394
409,5847
409,6032
409,6549
409,6786
409,7180
409,7336
409,7380
409,7849
409,8633
409,8695
410,1002
410,1025
410,2488
411,464
411,551
411,836
411,919
411,2319
411,3674
411,3685
411,4678
411,5148
411,6990
411,7510
412,656
412,748
412,835
412,839
412,2343
412,3470
412,3760
412,5568
412,6099
412,6470
413,1228
413,2196
413,3007
413,3148
413,6201
413,7914
413,9179
414,493
414,547
414,874
414,1200
414,1609
414,1874
414,2157
414,2634
414,4558
414,4697
414,5562
414,7590
414,8059
415,437
415,527
415,1123
415,2096
415,2356
415,3002
415,3190
415,3277
415,3310
415,3733
415,3887
415,4268
415,7158
415,7894
416,802
416,1515
416,4793
416,6149
416,7251
416,9602
417,451
417,763
417,1000
417,1162
417,1244
417,1402
417,3341
417,3443
417,4032
417,4673
417,5142
417,7040
417,7343
417,8609
417,9505
418,710
418,884
418,1152
418,2573
418,3730
418,3802
418,4130
418,5249
418,5961
418,7416
418,8296
418,8634
418,9832
419,446
419,946
419,1650
419,1737
419,2085
419,2162
419,2336
419,5005
419,5145
419,6515
419,6697
419,9634
420,660
420,678
420,986
420,1004
420,1174
420,1208
420,1389
420,1467
420,1828
420,2185
420,2402
420,2407
420,2438
420,2621
420,3398
420,3671
420,3923
420,4211
420,5016
420,5129
420,5220
420,5395
420,5609
420,5996
420,7058
420,7403
420,8445
421,664
421,1562
421,1798
421,2510
421,2623
421,3071
421,6693
421,6824
421,7605
421,8407
421,8636
422,1203
422,1577
422,3081
422,7455
423,587
423,851
423,880
423,953
423,1092
423,1398
423,1936
423,2578
423,3628
423,3966
423,4231
423,4317
423,5469
423,7962
423,8996
423,9070
423,9665
424,1900
424,1981
424,3869
424,4225
425,507
425,548
425,920
425,2992
425,3667
425,6108
425,9728
425,9889
426,3253
426,3885
426,7585
426,9424
427,479
427,522
427,637
427,640
427,826
427,1457
427,1504
427,1566
427,1938
427,2475
427,2825
427,2886
427,3497
427,3773
427,3976
427,4073
427,4080
427,4203
427,4391
427,6766
428,602
428,1236
428,2101
428,2506
428,2936
428,3493
428,6151
428,7922
428,8299
429,699
429,1465
429,2698
429,2833
429,3517
429,4044
429,4954
429,6235
429,6378
429,7382
429,8621
430,603
430,780
430,952
430,1064
430,1177
430,1285
430,1641
430,1756
430,2082
430,2199
430,2350
430,2496
430,2730
430,2869
430,3229
430,3782
430,3790
430,4546
430,5401
430,5732
430,6243
430,6795
430,7584
430,8492
430,9230
430,9425
430,9739
431,450
431,468
431,476
431,641
431,1150
431,1387
431,1877
431,1879
431,1933
431,2641
431,3087
431,5232
431,5295
431,6004
431,6037
431,6059
431,7754
431,8299
431,8795
431,9054
431,9534
431,9855
432,652
432,796
432,1091
432,1545
432,2264
432,2708
432,3116
432,3455
432,3954
432,4471
432,5035
432,5242
432,5616
432,7291
433,723
433,1323
433,1526
433,1647
433,1803
433,2338
433,2396
433,2657
433,3839
433,4023
433,4269
433,4406
433,4909
433,5030
433,5450
433,6000
433,6133
433,6414
433,6702
433,6787
433,9273
433,9625
433,9705
433,9967
434,1954
434,2403
434,3425
434,9418
435,3584
435,4503
436,551
436,2173
436,5094
436,5216
436,6942
436,7557
437,705
437,2029
437,3191
437,3931
437,5549
437,8588
437,9091
438,554
438,604
438,872
438,885
438,1222
438,1858
438,2261
438,2290
438,3786
438,4506
438,7150
438,8117
438,8802
438,9516
439,469
439,947
439,1076
439,2270
439,2555
439,2720
439,2896
439,3339
439,4038
439,4160
439,4359
439,4490
439,4743
439,5163
439,5841
439,8133
439,9407
439,9975
440,568
440,813
440,3269
440,3284
440,3697
440,6212
440,7856
441,594
441,1152
441,1401
441,1904
441,2247
441,2976
441,3691
441,3795
441,6495
441,8999
441,9312
441,9852
442,2684
442,4390
442,6511
442,7169
442,8330
443,682
443,1466
443,2111
443,2311
443,2702
443,4931
443,5456
443,6447
443,7367
444,452
444,463
444,494
444,820
444,1442
444,1485
444,1973
444,2375
444,2522
444,2756
444,2848
444,3827
444,3836
444,3849
444,4088
444,4426
444,4710
444,5918
444,6201
444,6365
444,6676
444,7189
444,7778
444,8259
444,8389
444,8910
444,9083
444,9504
445,666
445,1675
445,2480
445,2659
445,5001
445,5328
445,9218
445,9221
446,9813
447,1473
447,1975
447,2009
447,2084
447,2327
447,2670
447,3052
447,3722
447,4003
447,4142
447,5801
447,6792
447,7955
447,8298
448,5279
449,530
449,722
449,1414
449,3196
449,3590
449,5406
449,5758
449,7051
449,8372
449,9369
449,9808
450,455
450,480
450,555
450,660
450,767
450,800
450,979
450,999
450,1161
450,1405
450,1661
450,2886
450,2889
450,3340
450,3693
450,4071
450,4073
450,4138
450,4296
450,4354
450,6853
450,6898
450,7366
450,8070
450,8087
450,8463
450,9223
451,1137
451,1362
451,1787
451,4972
451,8468
451,9348
451,9711
451,9714
452,498
452,604
452,879
452,890
452,1158
452,1335
452,1634
452,1850
452,1979
452,2106
452,2794
452,2864
452,3107
452,3703
452,4700
452,4892
452,5624
452,5959
452,6038
452,6346
452,6551
452,6722
452,7478
452,9037
452,9743
453,1763
453,4217
453,7662
454,486
454,2020
454,2690
454,4305
454,4920
454,6066
454,6543
454,9926
455,1039
455,1135
455,2162
455,2638
455,4686
455,5525
455,6566
455,8498
456,534
456,566
456,572
456,696
456,839
456,1181
456,1450
456,1854
456,1860
456,1924
456,3087
456,4318
456,4419
456,6665
456,8831
456,9600
457,2300
457,2879
457,6677
457,9993
458,540
458,900
458,1645
458,2056
458,2295
458,3742
458,3801
458,4193
458,4732
458,4765
458,4807
458,5078
458,6532
458,7119
458,7415
458,8300
458,9909
459,676
459,1055
459,1252
459,2001
459,3911
459,4065
459,7688
459,8126
460,461
460,731
460,849
460,916
460,3724
460,5607
460,6808
460,7358
460,9321
461,1023
461,2394
461,3216
461,3280
461,5761
461,5978
461,6563
462,2380
462,2681
462,3565
462,4541
462,5475
462,6820
462,7231
462,8266
463,929
463,4251
463,4907
463,7515
464,1183
464,1858
464,1880
464,2303
464,3198
464,3526
464,4218
464,4642
465,849
465,1607
465,1977
465,2327
465,4151
465,9561
465,9887
466,1483
466,1589
466,2313
466,2444
466,2826
466,3689
466,3897
466,4229
466,4356
466,8317
466,8333
467,492
467,500
467,641
467,801
467,1168
467,1558
467,3977
467,4147
467,4885
467,5671
467,5778
467,8534
467,8937
468,517
468,629
468,883
468,1089
468,1699
468,1703
468,2362
468,2860
468,3561
468,3677
468,3918
468,4187
468,4346
468,4362
468,4410
468,4462
468,4505
468,5127
468,5262
468,5323
468,5463
468,6135
468,6291
468,6954
468,8495
468,9217
469,1648
469,6883
469,8301
469,8719
470,537
470,949
470,1142
470,1491
470,1979
470,3209
470,4220
470,4551
471,472
471,595
471,2089
471,4322
471,5321
471,7067
471,8827
472,538
472,699
472,905
472,1107
472,1137
472,1652
472,1818
472,3587
472,4346
472,6075
472,6298
472,6522
472,7210
472,7532
472,8392
472,9870
473,1254
473,1586
473,1721
473,2352
473,2501
473,2844
473,3211
473,3301
473,5082
473,9060
473,9265
474,760
474,819
474,1265
474,1288
474,1355
474,2029
474,2307
474,3453
474,5602
474,5799
474,5908
474,6507
474,7573
474,8015
474,8270
475,616
475,702
475,2506
475,3676
475,3992
475,5021
475,6607
475,9823
476,514
476,665
476,1359
476,2004
476,3107
476,4158
476,4276
476,4692
476,4811
476,9262
477,3448
477,4198
477,5241
477,5809
477,6685
477,9241
478,928
478,1242
478,1984
478,2009
478,2367
478,2429
478,3252
478,3276
478,3307
478,3445
478,4806
478,6297
478,7437
478,8166
478,8224
479,1927
479,2082
479,3172
479,3991
479,4043
479,4354
479,6241
479,7052
479,9017
480,842
480,4127
480,6276
481,1788
481,3049
482,779
482,1374
482,2039
482,4799
482,5624
482,6358
483,562
483,573
483,636
483,1028
483,1370
483,2000
483,2018
483,3492
483,5969
483,7225
483,8226
483,8478
483,8879
483,9608
484,874
484,3939
484,5236
484,5600
484,6437
484,8431
484,9178
485,5796
485,7666
485,9906
486,752
486,1263
486,1328
486,1784
486,1992
486,2608
486,2832
486,3095
486,3389
486,3619
486,3896
486,4558
486,4828
486,5290
486,5834
486,7296
486,7382
486,8219
486,9801
487,652
487,868
487,935
487,1182
487,1447
487,2305
487,3193
487,3647
487,3735
487,4428
487,4918
487,5552
487,8062
487,8431
487,8864
487,9664
488,1016
488,1369
488,1739
488,2907
488,4711
488,6415
488,6707
488,8776
488,9008
489,1041
489,1424
489,1719
489,1842
489,1953
489,3037
489,4859
489,7225
490,1379
490,1602
490,2679
490,2737
490,2817
490,2926
490,3464
490,3509
490,3750
490,4162
490,4439
490,4509
490,4633
490,6254
490,6341
490,6496
490,8334
490,8978
490,9249
491,955
491,1036
491,1379
491,2572
491,2940
491,4989
491,5239
491,6389
491,7423
491,9665
492,736
492,1024
492,1243
492,2367
492,5445
492,9872
493,790
493,976
493,1860
493,3177
493,3420
493,3631
493,3856
493,4082
494,523
494,923
494,1882
494,2047
494,3368
494,6482
494,7359
494,7374
494,7827
494,8221
494,8307
494,9066
494,9679
495,880
495,2298
495,3356
495,3529
495,3859
495,5344
495,6880
495,7040
495,7483
496,1330
496,1875
496,3560
496,3876
496,4010
496,5863
496,6306
496,8338
496,8419
497,1050
497,3210
497,4581
497,6474
498,5944
499,2532
499,2757
499,3664
499,3915
499,3979
499,5462
499,7012
499,9938
500,516
500,2463
500,2486
500,3000
500,3683
500,4569
500,4650
500,5370
500,6301
500,6622
500,6927
500,7318
500,7478
501,1384
501,2863
501,3593
501,4938
501,9365
502,572
502,792
502,1222
502,1264
502,1498
502,1745
502,2952
502,4102
502,4368
502,4592
502,4699
502,6593
502,7321
503,1755
503,5764
504,1237
504,2516
504,9626
505,756
505,2529
505,2548
505,4122
505,4639
505,4884
505,4903
505,8659
505,8718
506,804
506,866
506,2738
506,5476
506,5787
506,7069
506,7630
506,7748
506,9224
506,9904
507,941
507,5793
507,6210
507,6702
507,8623
507,9285
508,551
508,2648
508,3787
508,6830
508,9368
509,700
509,1710
509,2298
509,6444
509,6845
509,7049
509,7548
509,8617
510,864
510,1005
510,1059
510,1291
510,1470
510,2855
510,2870
510,2967
510,3004
510,5208
510,5890
510,8706
510,9074
510,9233
511,536
511,642
511,2118
511,2387
511,2810
511,4134
511,4506
511,6384
511,7432
512,555
512,2970
512,3092
512,4205
512,4218
512,7588
513,764
513,3207
513,4435
513,4468
513,4783
513,4991
513,5252
513,5408
513,5437
513,6272
513,6447
513,6654
513,7318
513,8095
514,753
514,1012
514,1534
514,2018
514,3977
514,4635
514,6331
514,9092
514,9314
514,9707
515,3404
515,5114
515,5880
515,7441
515,7580
515,8540
515,9862
516,1421
516,1508
516,1870
516,2165
516,2318
516,2544
516,2629
516,2762
516,2856
516,2935
516,3255
516,3679
516,3831
516,4079
516,4237
516,4919
516,7820
516,7997
516,8116
516,8711
516,9118
517,3438
517,7064
517,7355
518,2809
518,5477
519,737
519,1871
519,2364
519,2428
519,3779
519,5250
519,5649
519,6054
519,6253
519,7999
520,550
520,583
520,706
520,1014
520,1100
520,1602
520,1793
520,2089
520,2228
520,2276
520,2348
520,2484
520,2563
520,2648
520,2662
520,3084
520,3135
520,3183
520,3704
520,3870
520,3914
520,4115
520,4119
520,4175
520,4223
520,4236
520,4717
520,4913
520,5262
520,5313
520,6274
520,6498
520,6681
520,6896
520,7228
520,7710
520,7746
520,7993
520,8295
520,8531
520,9128
520,9399
520,9738
520,9890
521,3105
521,3256
521,3341
521,4081
521,8974
522,542
522,711
522,889
522,1042
522,2308
522,4519
522,5150
522,7726
522,8059
522,9265
522,9947
523,632
523,905
523,1017
523,1153
523,1177
523,1229
523,1259
523,1285
523,1566
523,1845
523,1904
523,2437
523,2582
523,2788
523,3025
523,3171
523,3181
523,3216
523,3951
523,4139
523,4704
523,4893
523,5018
523,5087
523,5267
523,6081
523,6328
523,6426
523,6577
523,6951
523,7713
523,8079
523,8194
523,8440
523,8619
523,8795
523,9651
524,811
524,987
524,1482
524,1806
524,2510
524,2724
524,3733
524,3967
524,3969
524,5122
524,5449
524,5570
524,5836
524,6209
524,6224
524,6261
524,6769
524,7188
524,7633
524,8971
524,9234
524,9656
525,1083
525,1793
525,2139
525,2796
525,3552
525,8071
526,612
526,883
526,1192
526,1707
526,2446
526,4266
526,5090
526,6304
526,7974
526,8586
526,9128
526,9869
527,731
527,756
527,822
527,1371
527,2009
527,2320
527,6149
528,1444
528,1542
528,2794
528,3503
528,5395
528,7929
528,8584
528,9261
528,9464
529,1458
529,1478
529,1823
529,2482
529,3031
529,3793
529,3824
529,5466
529,6857
529,7239
529,8558
529,8919
530,760
530,1266
530,2146
530,3913
530,6190
530,8929
531,1598
531,1648
531,1702
531,3045
531,3142
531,6283
531,6523
531,8659
532,562
532,581
532,658
532,885
532,1294
532,2014
532,2949
532,3038
532,3051
532,4180
532,6219
532,6512
532,7640
532,8875
532,9712
533,863
533,1073
533,2757
533,3687
533,3785
533,4166
533,4569
533,4964
533,4971
533,5565
533,5619
533,9429
534,559
534,873
534,1484
534,1510
534,1699
534,2422
534,2442
534,3127
534,3756
534,4439
534,5516
534,6532
534,6652
534,6672
534,7433
534,7548
534,8373
534,8433
534,9305
534,9347
535,539
535,833
535,1213
535,2839
535,3849
535,3974
535,5082
535,8967
535,9367
535,9569
536,1198
536,1377
536,1910
536,3467
536,4495
536,6769
536,6987
536,7362
536,9356
536,9954
537,720
537,744
537,986
537,1038
537,1095
537,2208
537,3604
537,3758
537,4573
537,5975
537,6784
537,6846
537,7559
537,9883
538,573
538,1419
538,1705
538,4167
538,5807
538,8178
539,544
539,1211
539,2710
539,3628
539,7779
539,8256
539,8970
540,4951
540,5691
540,6624
540,7007
540,8155
541,891
541,2592
541,3275
541,6236
542,854
542,905
542,971
542,1939
542,2340
542,2568
542,2838
542,3115
542,5450
542,8234
543,680
543,2036
543,2782
543,4100
543,4683
543,5994
543,6077
543,8739
543,9510
544,582
544,615
544,1581
544,1778
544,2041
544,2455
544,6886
544,8345
544,9367
545,2128
545,7980
545,9457
546,1070
546,1555
546,2403
546,5438
546,6918
547,1639
547,2104
547,4604
547,5085
547,7788
548,576
548,882
548,1782
548,2103
548,2224
548,2433
548,3337
548,4035
548,7348
548,7615
548,8303
548,9858
549,1961
549,3860
549,5647
549,5803
549,7187
550,899
550,1025
550,1057
550,2853
550,3841
550,8853
550,8876
550,8947
551,840
551,1002
551,1137
551,1775
551,1914
551,1999
551,4185
551,5005
551,5196
551,9480
552,639
552,736
552,2309
552,5492
552,6485
552,8034
552,9801
553,782
553,1253
553,1732
553,4411
553,4892
553,6448
553,7129
553,8465
554,786
554,3939
554,4461
554,6804
555,622
555,672
555,828
555,7298
555,8224
555,9523
556,1599
556,1760
556,8391
556,9495
556,9547
557,577
557,1684
557,1769
557,3597
557,4035
557,8307
557,8403
557,8749
558,780
558,963
558,1021
558,1601
558,1750
558,1840
558,3247
558,5088
558,5278
558,6589
558,7364
558,8916
558,9024
558,9681
559,2712
560,2983
561,1110
561,1133
561,2218
561,2221
561,2471
561,2792
561,3413
561,3688
561,3949
561,5435
561,5653
561,6892
561,7472
561,8527
562,831
562,1289
562,2424
562,2968
562,3412
562,4714
562,5422
562,5453
562,6493
562,6976
562,8816
563,768
563,1008
563,1532
563,1632
563,2551
563,2758
563,3753
563,3832
563,4014
563,4370
563,5255
563,5698
563,6750
563,9187
563,9798
564,901
564,1610
564,3815
565,688
565,1825
565,1877
565,3957
565,8540
566,3723
566,6890
567,1310
567,1946
567,2116
567,2869
567,3580
567,3659
567,5189
567,6595
567,6608
567,8990
567,9013
568,1123
568,1280
568,1861
568,1920
568,2240
568,2402
568,2596
568,2805
568,3659
568,3668
568,4418
568,4813
568,5044
568,5237
568,5545
569,570
569,1098
569,1101
569,1592
569,3273
569,3835
569,3928
569,5037
569,5183
569,6031
569,6874
569,9241
570,1545
570,2030
570,7674
570,8963
570,9858
571,1428
571,1559
571,1686
571,1724
571,1902
571,2200
571,3180
571,4018
571,4667
571,6377
571,6518
571,9123
572,6881
572,7015
573,1660
573,1706
573,2914
573,5512
573,6967
573,8946
574,3156
574,3281
574,3760
574,4052
574,5859
575,1422
575,3386
575,3991
575,4059
575,5051
576,675
576,1366
576,2368
576,3050
576,5004
576,5503
577,1771
577,2397
577,5057
577,8322
578,6414
579,2128
579,2153
579,5922
579,6472
579,9734
580,1220
580,1539
580,1794
580,2025
580,2415
580,2884
580,3316
580,3378
580,4326
580,4425
580,5031
580,9785
581,788
581,911
581,1327
581,2238
581,2594
581,3783
581,4323
581,4821
581,5249
581,6293
582,951
582,1712
582,1848
582,2566
582,3032
582,3169
582,3439
582,3617
582,3724
583,645
583,737
583,893
583,975
583,1541
583,1951
583,2885
583,3875
583,4333
583,4374
583,5092
583,6695
583,7217
583,8625
583,9243
584,614
584,708
584,2013
584,4286
584,5239
584,7614
585,638
585,800
585,1069
585,1308
585,1487
585,2008
585,2139
585,2777
585,3031
585,3115
585,3298
585,4335
585,7438
585,7571
585,8891
585,9987
586,2125
586,2856
586,2891
586,4803
586,8319
586,9741
587,984
587,1832
587,1885
587,2597
587,2895
587,5447
587,5523
587,5605
587,5768
587,6300
587,8380
587,9929
588,624
588,953
588,2126
588,5929
588,7010
588,7150
588,7338
589,978
589,1781
589,3405
589,3680
589,6904
590,2101
590,8987
591,3713
591,5147
591,5903
591,6014
591,6640
591,6793
591,7835
592,2591
592,3078
592,3235
592,5324
593,725
593,1226
593,4129
593,4313
593,4324
593,6077
593,6342
593,6383
593,8090
593,9403
594,1203
594,2595
594,6968
596,1083
597,2205
597,2444
597,7355
597,7560
597,9545
598,1611
598,1628
598,2267
598,2316
598,2421
598,2769
598,4092
598,4129
598,5919
598,7638
598,8416
598,8726
598,9319
599,2013
599,3308
599,6908
599,8614
600,607
600,630
600,724
600,791
600,1232
600,1386
600,1518
600,1989
600,2703
600,3178
600,3640
600,4840
600,5120
600,5275
600,5450
601,657
601,774
601,1407
601,1924
601,3857
601,7785
601,8369
601,8397
601,8448
601,9365
602,1231
602,2870
602,9576
602,9616
603,3043
603,5283
603,5881
603,6195
603,7939
603,8051
603,9421
604,1163
604,1931
605,647
605,666
605,862
605,2404
605,2568
605,2668
605,2997
605,3698
605,5014
605,5056
605,5620
605,6809
605,6963
605,7254
605,7604
606,1169
607,2114
607,2415
607,2830
607,2923
607,3245
607,4826
607,5161
607,6316
607,8010
607,9348
608,877
608,2031
608,2086
608,2962
608,3851
608,5012
608,5578
608,7608
608,8012
608,9651
609,672
609,1032
609,1164
609,2280
609,2395
609,2881
609,6427
610,1426
610,1752
610,1764
610,1853
610,2297
610,4623
610,4691
610,5352
610,5651
610,6661
610,9764
611,713
611,1187
611,1810
611,3440
611,3989
611,4304
611,4502
611,5065
611,5244
611,6953
611,8843
611,9387
612,826
612,1375
612,2318
612,8547
613,676
613,708
613,1197
613,1408
613,1966
613,3349
613,5838
613,7224
613,7426
613,8831
613,9809
614,8537
614,9980
615,680
615,708
615,843
615,1047
615,1201
615,1399
615,2064
615,2417
615,3015
615,3423
615,4108
615,4314
615,4555
615,4695
615,5299
615,6368
615,7058
615,8490
616,2043
616,3406
616,4706
617,1916
617,4552
618,783
618,1013
618,1298
618,1451
618,1650
618,2342
618,5883
618,8950
619,820
619,823
619,1283
619,1615
619,4227
619,4296
619,6452
619,7746
620,2880
620,3354
620,5334
620,7578
621,750
621,855
621,893
621,1022
621,1077
621,2164
621,2867
621,3094
621,7151
621,7277
622,1169
622,1508
622,1651
622,2223
622,2245
622,3466
622,4756
622,4840
622,5031
622,7372
622,9786
623,2350
623,3705
623,3940
624,3726
624,4896
624,5236
624,6291
624,7299
624,7393
624,9188
625,1453
625,1833
625,1960
625,2010
625,2229
625,2344
625,2671
625,2816
625,2831
625,3154
625,3609
625,4254
625,5110
625,5318
625,7354
625,7400
625,8973
625,9342
625,9487
626,3088
627,834
627,1227
627,1776
627,5684
627,5739
627,5893
627,7020
627,8805
628,2297
628,2356
628,2775
628,3646
628,4530
628,4820
628,5069
628,5840
628,8563
629,729
629,1230
629,1962
629,2217
629,2220
629,3778
629,4416
629,6118
629,7507
630,632
630,734
630,1182
630,1289
630,1557
630,2323
630,3350
630,4294
630,5004
630,5238
630,6126
630,7297
630,9182
630,9541
631,715
631,1092
631,1171
631,1194
631,1381
631,1526
631,1676
631,2054
631,2825
631,4050
631,4070
631,4913
631,5036
631,5414
631,5719
631,5836
631,5941
631,6069
631,6250
631,7674
631,8312
631,8669
631,9298
632,796
632,942
632,1080
632,1425
632,1824
632,2120
632,2423
632,2630
632,2713
632,3124
632,3246
632,4548
632,5503
632,5726
632,8530
632,8896
633,1575
633,2174
633,4589
633,4875
633,5365
633,7169
634,763
634,799
634,2500
634,3219
634,3786
635,833
635,971
635,1349
635,1598
635,1747
635,2864
635,3364
635,5101
635,5141
635,7757
635,8512
635,9010
636,684
636,1997
636,2388
636,2521
636,3130
636,4629
636,4982
636,5862
636,9952
637,1377
637,1452
637,5702
638,1178
638,1732
638,1863
638,7111
638,7230
638,7374
638,8415
639,752
639,1949
639,2277
639,5316
639,7373
639,7846
639,8945
640,920
640,1064
640,1100
640,1143
640,1273
640,1279
640,1347
640,2046
640,2374
640,4642
640,5268
640,6540
640,7178
640,7686
640,8821
641,729
641,1034
641,4547
641,5038
641,5548
641,5886
641,6615
641,7479
641,8198
641,8420
642,1035
642,2692
642,2941
642,2993
642,3264
642,3444
642,3894
642,5019
642,5267
642,5737
643,1129
643,1687
643,1791
643,2081
643,2493
643,4271
643,7663
644,1044
644,2168
644,2275
644,3357
644,4195
644,5488
644,8989
645,690
645,887
645,1940
645,2151
645,2182
645,3908
645,4494
645,6994
645,7404
645,7624
645,7715
646,3960
646,5927
646,7257
646,9289
647,1106
647,1345
647,1789
647,2325
647,3008
647,3131
647,3372
647,4766
647,5078
647,5764
647,5921
647,6501
647,7537
647,8293
647,8967
647,9412
648,6573
648,8150
649,733
649,892
649,974
649,1502
649,1720
649,5310
649,5454
649,5660
649,5805
649,6373
649,6865
649,7564
649,7583
649,9119
650,1714
650,2484
651,988
651,1070
651,3039
651,4639
651,5922
651,6836
651,9591
651,9657
652,1299
652,2478
652,4361
652,4762
652,5371
652,5495
652,5690
652,7423
653,1795
653,2718
653,3040
653,3082
653,4066
653,4977
653,7264
654,1272
654,1668
654,2564
654,2953
654,3320
654,3407
654,5021
654,5371
654,6811
654,7580
655,694
655,752
655,978
655,1631
655,2168
655,3876
655,4450
655,5508
655,5522
655,5626
655,7663
655,9920
656,1140
656,1939
656,2306
656,2650
656,3336
657,1357
657,1553
657,3691
657,4936
657,5001
657,6027
657,6295
657,6475
658,789
658,927
658,1209
658,1373
658,1817
658,1867
658,3108
658,3319
658,3396
658,3433
658,3536
658,4317
658,4414
658,4466
658,5067
658,5573
658,7077
659,908
659,1261
659,1813
659,2840
659,5102
659,5741
659,6084
659,8994
660,773
660,900
660,2357
660,2590
660,3268
660,3446
660,3912
660,6175
660,6710
660,6723
660,7699
661,970
661,1065
661,1118
661,1846
661,2586
662,814
662,1180
662,2581
662,2978
662,4292
662,5898
662,6315
662,6423
662,7345
662,8341
662,9557
662,9756
663,1653
663,1717
663,2093
663,2520
663,3176
663,3687
663,3826
663,5512
663,6696
663,6871
663,7260
663,7717
663,8340
663,9519
664,950
664,1103
664,1275
664,2130
664,2512
664,2693
664,2951
664,3063
664,6633
664,6694
664,7044
664,7541
664,9671
665,4781
666,1449
666,1840
666,1903
666,1993
666,2097
666,2759
666,3205
666,3545
666,6468
666,6755
666,8987
667,2384
667,3125
667,5368
667,5489
667,7332
667,8676
667,8843
668,953
668,3107
668,5397
668,8123
668,9181
668,9673
669,1012
669,1932
669,2334
669,2632
669,2802
669,2805
669,4437
669,9757
669,9913
670,886
670,1596
670,2425
670,5137
670,8400
670,9652
671,897
672,896
672,1081
672,2332
672,4789
672,4947
672,7637
672,8545
672,8964
672,9303
672,9388
673,759
673,793
673,958
673,1847
673,1882
673,2198
673,3754
673,5667
673,5797
673,8936
674,681
674,1138
674,1536
674,2023
674,2140
674,3434
674,3474
674,3759
674,4286
674,4542
674,5614
674,6527
674,7420
674,7588
674,9521
674,9710
675,2841
675,7320
675,7851
675,8174
676,2791
676,3727
676,8764
677,812
677,2386
677,5666
677,8935
677,9778
678,4263
679,689
679,770
679,1369
679,3193
679,4010
679,7510
679,9100
679,9629
680,1613
681,1767
681,2603
681,2620
681,5383
681,5746
682,4000
683,1269
683,2291
683,2896
683,7666
683,7954
684,1092
684,1302
684,1777
684,1815
684,2379
684,2669
684,2734
684,3494
684,4797
684,5760
684,9371
684,9402
685,784
685,961
685,977
685,1768
685,1827
685,2996
685,3192
685,3206
685,3297
685,3765
685,4183
685,4496
685,5761
685,5769
685,6180
685,8250
685,8430
685,9648
686,786
686,1033
686,1119
686,1423
686,1531
686,2041
686,2354
686,2588
686,4825
686,6246
686,7544
686,9109
686,9332
687,975
687,3023
687,3462
687,3506
687,5517
687,5584
687,6868
687,7226
687,7682
688,704
688,1054
688,6398
688,8107
688,8483
689,1060
689,1133
689,7262
690,785
690,1396
690,1610
690,2351
690,2361
690,2628
690,2718
690,2798
690,2885
690,3042
690,3388
690,3674
690,3847
690,3981
690,5071
690,5326
690,5461
690,6514
690,6883
690,7828
690,7884
690,9742
690,9871
691,929
691,2420
691,2505
691,2762
691,2902
691,4403
691,4616
691,4703
691,5977
691,6551
691,7747
691,8123
691,8948
692,1744
692,3105
692,5060
692,6728
692,7673
692,7791
692,8925
693,769
693,3855
693,4570
693,4619
693,7925
693,9119
693,9738
694,3370
694,5512
694,8364
694,8600
694,8720
695,1210
695,2625
695,6009
696,727
696,1282
696,3680
696,3729
696,4338
696,6941
696,7436
697,753
697,1230
697,1376
697,1521
697,2533
697,2586
697,3117
697,4016
697,4017
697,4171
697,4181
697,4873
697,5273
697,5277
697,7907
698,1026
698,3568
698,4083
698,4277
698,5866
698,6115
698,6399
698,6497
698,6900
698,6919
698,7626
698,7647
698,8636
698,9354
699,771
699,1560
699,2612
699,3716
699,4568
699,5486
699,6020
699,6684
700,732
700,733
700,910
700,2355
700,2729
700,3834
700,5222
700,5539
700,7737
700,8217
700,8956
701,1554
701,1863
701,1921
701,3379
702,959
702,1863
702,2518
702,3513
702,3642
702,4523
702,4562
702,4596
702,4893
702,5047
702,5213
702,5491
702,6046
702,6176
702,7055
702,7811
703,720
704,2293
704,2603
704,3871
704,4997
704,5381
704,6694
705,1384
705,2380
705,4962
705,8190
705,8357
706,2239
706,5008
707,1325
707,1979
707,2393
707,3660
707,4027
707,6955
707,7205
707,7261
707,7782
707,9028
708,857
708,933
708,1293
708,1730
708,1780
708,2299
708,2501
708,3910
708,4758
708,5839
708,6956
708,8218
708,8279
708,8526
708,8952
709,2554
709,2583
709,3346
709,3730
709,9309
709,9343
710,1633
710,1808
710,2898
710,2939
710,3649
710,3905
710,4453
710,6355
710,6778
710,7117
710,7590
710,8220
710,8594
710,9319
711,758
711,1113
711,1372
711,1417
711,2087
711,3091
711,3348
711,3735
711,4507
711,6919
711,6955
711,7876
711,8003
711,9196
712,915
712,928
712,3762
712,5810
712,6181
712,6322
712,6352
713,7334
714,1072
714,2339
714,2414
714,7132
714,7795
715,1049
715,1426
715,3032
715,3278
715,3881
715,6182
715,7073
715,7915
715,8030
715,8393
715,8419
715,9071
715,9369
716,2497
716,3468
716,4433
716,4532
716,4745
716,5618
716,7986
717,1077
717,1923
717,4165
717,4702
717,5318
717,5888
717,6091
717,6779
717,9016
717,9518
718,1404
718,1540
718,1705
718,2624
718,3485
718,4193
718,6847
718,7877
719,1031
719,1127
719,1728
719,1787
719,2556
719,7107
719,8099
719,8244
719,8776
720,745
720,1076
720,1079
720,1482
720,1718
720,2072
720,2448
720,2494
720,2901
720,3043
720,3179
720,3499
720,3545
720,3761
720,4513
720,4987
720,5554
720,5703
720,6080
720,6872
720,7108
720,7728
720,8563
720,8654
720,9719
720,9731
720,9916
721,949
721,1032
721,1090
721,1244
721,1830
721,1871
721,1902
721,2044
721,2484
721,2611
721,3705
721,4199
721,4291
721,5133
721,5314
721,5864
721,5938
721,6046
721,6266
721,6633
721,6997
721,7703
721,8166
721,8558
722,4125
723,1459
723,2646
723,2927
723,4069
723,4363
723,4646
723,4985
723,6008
723,7006
723,7916
723,8225
724,811
724,1007
724,1647
724,2302
724,5469
724,5593
724,6024
724,8164
724,8611
724,9363
724,9526
724,9546
725,939
725,1101
725,1408
725,1432
725,1646
725,1692
725,1733
725,1866
725,1963
725,1970
725,2458
725,2610
725,2677
725,3254
725,3274
725,3715
725,4002
725,4080
725,4332
725,4378
725,4386
725,4547
725,4697
725,4829
725,5377
725,6827
725,7066
725,7646
725,8164
725,8556
725,8898
725,9131
725,9221
725,9441
726,1107
726,3339
727,803
727,822
727,1040
727,4501
727,4675
727,5829
727,6275
727,6341
727,6707
727,7422
727,7675
728,819
728,841
728,897
728,1488
728,1667
728,1992
728,2066
728,2088
728,2328
728,2495
728,2919
728,3293
728,3486
728,3881
728,4477
728,4507
728,4848
728,5076
728,6490
728,7042
728,8019
728,8257
728,8772
728,8864
728,9080
728,9381
729,766
729,982
729,1101
729,1565
729,2099
729,2301
729,2520
729,3700
729,5257
729,6475
729,6612
729,6649
729,6973
729,7146
729,7690
729,8220
729,9085
730,7518
730,9247
731,1175
731,1894
731,2468
731,4098
731,7115
731,7550
731,7635
732,1227
732,1534
732,2000
732,4464
732,5547
732,5693
732,5774
732,7459
732,8839
732,9109
733,814
733,1364
733,3675
733,5662
733,9123
733,9204
734,788
734,1243
734,1321
734,1700
734,2032
734,2746
734,3686
734,5080
734,6044
734,7087
734,7159
734,7916
734,8476
734,8478
734,8480
734,8509
735,931
735,1115
735,1531
735,2063
735,2157
735,3385
735,3640
735,3959
735,4149
735,4277
735,5606
735,6648
735,7845
735,9033
735,9352
735,9991
736,1316
736,2521
736,2653
736,2687
736,3109
736,4216
736,4901
736,7909
736,9930
737,951
737,1272
737,4410
737,6206
738,989
738,1063
738,1155
738,1225
738,1434
738,1462
738,1569
738,1967
738,2211
738,2410
738,2761
738,3259
738,3268
738,3510
738,4212
738,6330
738,7212
738,8946
738,9203
738,9646
738,9678
738,9962
739,1913
739,2614
739,2987
739,3009
739,3708
739,4176
739,4208
739,4507
739,4741
739,5072
739,5145
739,8586
739,8734
739,8793
740,1609
740,1747
740,2215
740,2368
740,2545
740,4838
740,6336
740,7993
740,9775
741,834
741,1038
741,3669
741,3789
741,5023
741,9932
742,1014
742,1279
742,1307
742,1450
742,2086
742,3449
742,4436
742,4461
742,4798
742,7053
742,8458
742,9089
742,9408
742,9578
743,980
743,1216
743,2334
743,2534
743,3282
743,3772
743,3879
743,4012
743,5617
743,6871
743,9121
743,9950
744,913
744,916
744,943
744,1212
744,1269
744,1804
744,2836
744,5000
744,5333
744,5980
744,7078
744,7893
744,8206
744,9890
745,4837
745,7331
747,1383
747,1440
747,2289
747,3718
747,6578
747,7671
747,8018
747,9578
748,847
748,2388
748,4826
748,7000
748,7619
748,7651
748,9624
748,9641
749,814
749,1491
749,1595
749,2264
749,2531
749,4094
749,4606
749,5415
749,6452
749,7125
750,921
750,1982
750,4902
750,6222
751,2060
751,2284
751,5109
751,5579
751,9635
752,1527
752,1844
752,5333
752,7424
752,8397
753,885
753,3742
754,4224
754,5773
754,9255
755,808
755,847
755,1019
755,1091
755,1309
755,1438
755,1504
755,1841
755,2268
755,2365
755,2414
755,2985
755,3303
755,3392
755,3533
755,4429
755,5393
755,6377
755,6455
755,6579
755,7290
755,8611
755,9326
756,1330
756,1882
756,2428
756,3013
756,4249
756,4563
756,4893
757,1551
757,3097
757,3128
757,4050
757,5528
757,6606
757,9355
758,1178
758,1331
758,1735
758,2541
758,3194
758,4750
758,6133
758,6449
758,9562
759,1963
759,3034
759,5487
759,5765
759,8539
760,890
760,2002
760,3348
760,3476
760,4698
760,5899
760,8256
760,8351
761,1352
761,1434
761,1906
761,2538
761,2605
761,2914
761,3057
761,3073
761,3349
761,3510
761,4502
761,4751
761,5213
761,5312
761,7289
761,9967
762,1268
762,1821
762,2322
762,4124
762,4902
762,5284
762,5751
763,1266
763,1459
763,2151
763,2267
763,2605
763,3831
763,5072
763,6771
763,6926
763,7296
763,8493
763,8783
763,9790
764,1030
764,1388
764,1831
764,3289
764,5280
764,5642
764,5682
765,880
765,958
765,1474
765,1588
765,2012
765,2169
765,2255
765,2391
765,2929
765,3039
765,3600
765,3635
765,3759
765,5133
765,5913
765,7749
765,9275
766,907
766,1174
766,1387
766,1411
766,2585
766,3253
766,3633
766,3915
766,4736
766,5263
766,5830
766,8067
767,786
767,850
767,871
767,913
767,921
767,1029
767,1157
767,1217
767,1395
767,1490
767,1809
767,2084
767,2230
767,2382
767,2517
767,2772
767,2881
767,2907
767,3203
767,3924
767,4430
767,4518
767,5465
767,6653
767,7176
767,7778
767,7783
767,8494
767,8576
767,8789
767,8797
767,9114
767,9250
767,9511
767,9861
768,4601
768,4913
769,1680
769,5194
769,6949
770,1480
770,5351
770,6346
770,9269
771,948
771,2857
771,3564
771,5697
771,8405
772,1189
772,2473
772,2882
772,3280
772,3295
772,3573
772,4089
772,4364
772,6495
772,7848
772,8355
773,1472
773,1922
773,2199
773,3644
773,4051
773,4088
773,6527
773,8921
773,9997
774,2883
774,3573
774,4041
774,8892
774,9042
775,1055
775,2072
775,2735
775,3079
775,3521
775,6591
775,7462
775,8013
775,9535
776,1914
776,1973
776,3646
776,6078
776,8341
776,8677
777,878
777,1128
777,1777
777,1798
777,2577
777,2819
777,4740
777,7796
777,9329
778,1141
778,1968
778,2418
778,2462
778,2865
778,5013
778,5178
778,5445
778,5953
778,9277
778,9383
779,859
779,865
779,1056
779,1251
779,1361
779,1423
779,1774
779,1867
779,2035
779,2259
779,2449
779,2821
779,4842
779,6939
779,7743
779,7785
779,8729
779,9323
779,9795
780,781
780,1096
780,6729
781,1057
781,1762
781,2633
781,3188
781,3436
781,3465
781,4754
781,7249
781,9061
781,9093
782,1696
782,2606
782,2984
782,3623
782,4553
782,4862
782,4914
782,6375
782,6805
782,7498
782,9142
783,898
783,1976
783,6623
784,1225
784,5338
784,6960
785,1114
785,1505
785,1653
785,1748
785,1751
785,2095
785,2296
785,2619
785,2994
785,3125
785,3647
785,3860
785,4370
785,5740
785,6332
785,7193
785,8331
785,8427
785,8961
786,821
786,1677
786,2538
786,2711
786,3067
786,6036
786,7725
787,1883
787,5527
787,6193
787,9662
788,798
788,1918
788,1935
788,2192
788,3531
788,4718
788,8264
788,9445
788,9581
788,9648
789,818
789,870
789,898
789,1982
789,3826
789,5668
789,5782
789,6574
789,6648
789,7134
789,7728
789,9162
790,906
790,1055
790,1262
790,1628
790,2897
790,7932
790,9998
792,1761
792,3372
792,4000
792,4634
792,4816
792,6237
792,6285
792,6466
792,7753
792,8158
793,830
793,1919
793,1964
793,2256
793,2395
793,3643
793,8507
794,859
794,2053
794,2320
794,2487
794,2644
794,3593
794,5205
794,5272
794,6289
794,6892
794,7738
794,9512
795,2553
795,2611
795,2761
795,5091
795,6856
795,8006
795,8945
795,9927
796,954
796,979
796,1327
796,2684
796,3134
796,3201
796,5897
796,6055
796,6914
796,8076
796,8199
796,8381
796,9511
797,9113
798,837
798,4421
798,4671
798,5608
798,5683
798,7008
799,1199
799,1428
799,4876
799,4945
799,6845
799,8788
799,9553
800,970
800,1726
800,2614
800,3126
800,4234
800,6666
801,914
801,917
801,941
801,1900
801,2334
801,2540
801,3870
801,5349
801,7263
801,8222
801,8403
801,8902
801,8951
802,860
802,1110
802,1208
802,1258
802,1820
802,2475
802,3351
802,3757
802,4455
802,4695
802,5130
802,7777
802,9096
803,978
803,6122
804,1021
804,5622
804,5634
804,6582
804,7520
805,1417
805,1724
805,3792
805,6130
805,6345
805,8481
806,8164
806,8842
807,864
807,5080
807,8023
808,1229
808,1252
808,9825
809,1349
809,3711
809,5391
809,7221
810,1020
810,3313
810,4437
810,9098
811,1331
811,2564
811,4094
811,4589
811,5412
811,7973
811,8396
811,8431
812,3504
812,4621
812,5986
812,8141
812,8536
813,1710
813,1962
813,2337
813,3443
813,3933
813,6233
813,7014
814,825
814,1104
814,2790
814,3307
814,3402
814,3922
814,5002
814,6748
814,7261
814,7906
815,1256
815,1582
815,2079
815,2432
815,3479
815,3990
815,4421
815,5167
815,5791
815,7061
815,7155
816,877
816,1105
816,1401
816,1495
816,1695
816,1931
816,2038
816,2138
816,2807
816,2838
816,2844
816,3347
816,3682
816,4212
816,4442
816,4515
816,6060
816,6940
816,7730
816,7840
816,8363
816,9222
816,9462
816,9737
817,1166
817,1916
817,2965
817,5243
817,6772
818,977
818,981
818,1069
818,1713
818,1743
818,2249
818,2287
818,2693
818,2785
818,4253
818,5527
818,6111
818,8135
818,9055
819,1441
819,1574
819,1634
819,2700
819,8841
820,1391
820,2694
820,3950
820,7068
820,8376
820,8831
821,3745
821,4848
821,7585
821,7823
821,8852
822,3738
822,6098
822,7236
822,8618
823,999
823,2353
823,2499
823,3652
823,4954
823,5549
823,5872
823,8659
823,8797
824,2049
824,2454
824,3203
824,4187
824,4943
824,4978
824,5749
824,7525
825,2460
825,4575
825,6411
825,9117
826,1135
826,7073
827,2928
827,7961
827,8513
827,9355
828,1296
828,1355
828,2876
828,4320
828,8584
829,1764
829,1918
829,2233
829,2436
829,2500
829,3110
829,4248
829,4355
829,4620
829,4815
829,5535
829,6574
829,6664
829,7581
829,8421
830,1034
830,2826
830,4255
830,5788
830,6362
830,6386
830,9360
831,997
831,1657
831,3000
831,5211
831,6476
832,1152
832,1628
832,1654
832,2431
832,2647
832,3360
832,3734
832,4021
832,5497
832,6807
832,8315
833,930
833,1193
833,3409
833,3579
833,4174
833,6001
834,1077
834,1636
834,2654
834,3584
834,6005
834,6752
834,7774
835,895
835,2777
835,3090
835,4120
835,8469
836,1245
836,1409
836,1538
836,1603
836,1617
836,1722
836,2424
836,2747
836,2924
836,3853
836,4737
836,5049
836,6184
836,7364
836,8505
836,9563
837,1006
837,1250
837,1543
837,2432
837,3489
837,4025
837,5987
837,6247
837,7074
837,8121
837,8362
837,9574
838,1467
838,4279
839,1889
840,1955
840,3302
840,7171
840,9782
841,1723
841,2660
841,3681
841,5317
841,5358
841,7570
841,9130
842,5563
842,6542
843,1015
843,1226
843,1698
843,2823
843,3123
843,5054
843,6701
843,6705
844,903
844,1045
844,1530
844,1614
844,3782
844,4136
844,7503
844,7661
844,8638
844,9085
845,1471
845,2897
845,3117
845,4629
845,7931
846,1015
846,2173
846,3611
846,4837
846,5907
847,1161
847,1452
847,1572
847,2493
847,3495
847,4952
847,6597
847,7725
847,8838
847,9449
848,1099
848,1156
848,1486
848,6306
848,8275
848,8439
848,8450
848,9849
849,2190
849,3170
850,1180
850,1245
850,1365
850,1611
850,1814
850,1992
850,2107
850,3598
850,5077
850,5340
850,5532
850,6427
850,7016
850,7817
851,4534
852,950
852,1286
852,1365
852,1648
852,1734
852,2046
852,3744
852,5536
852,6692
852,8506
852,8779
852,9325
852,9452
853,907
853,1027
853,1583
853,1623
853,1858
853,3940
853,4736
853,5590
853,5702
853,5984
853,6101
853,6571
853,6794
853,6930
853,8639
853,9038
853,9224
853,9324
853,9628
853,9927
854,1324
854,3596
854,7857
855,1221
855,1335
855,1441
855,2586
855,2587
855,3453
855,4419
855,4644
855,5088
855,7203
855,7524
856,1254
856,3512
856,3544
857,2198
857,3484
857,5716
857,7468
857,9428
857,9760
859,2670
859,3152
859,4963
859,5332
859,7161
859,8366
860,930
860,945
860,1140
860,1248
860,1894
860,6236
860,6464
860,6719
860,9736
861,1035
861,1355
861,4777
861,7683
861,8145
862,963
862,1013
862,1460
862,1590
862,1909
862,4761
862,9846
863,4480
863,5227
864,1247
864,3240
864,4608
864,8926
864,8928
864,9763
865,1179
865,1188
865,1747
865,2140
865,2149
865,2162
865,2250
865,2323
865,2614
865,3028
865,3338
865,3431
865,3685
865,4330
865,4478
865,4625
865,5544
865,6296
865,7644
865,7823
865,8440
865,8524
865,9021
866,2919
866,3201
866,4038
866,5983
866,6625
866,9478
867,1259
867,1435
867,1558
867,1923
867,2880
867,3055
867,3368
867,6752
867,7228
867,7494
867,7670
868,1116
868,3098
868,4397
868,6853
869,1925
869,2427
869,2908
869,4554
869,4795
869,7027
869,8957
869,9157
870,2998
870,3477
870,4302
870,5504
870,6141
870,6766
870,7000
870,7696
870,7980
871,1550
871,3546
871,9804
872,2211
872,2824
872,3160
872,3604
872,3653
872,4263
872,4993
872,5180
872,5476
872,8604
873,2689
873,3325
873,6303
873,9218
874,1972
874,2288
874,2508
874,2597
874,2636
874,2698
874,2901
874,3985
874,4312
874,6762
874,8050
874,8589
874,9107
874,9767
875,881
875,1141
875,1638
875,1762
875,1839
875,2694
875,3185
875,4877
875,5527
875,6869
876,2242
876,2434
876,2441
876,2751
876,2768
876,2830
876,3360
876,3389
876,5729
876,5758
876,6553
877,1187
877,1965
877,2061
877,3442
877,5093
877,6056
877,8084
878,933
878,1166
878,2193
878,3551
878,6542
878,7225
879,6171
880,1499
880,2823
880,3314
880,4600
880,4922
880,5385
880,5452
880,6020
880,6302
880,6442
880,7205
881,2262
881,6656
882,2643
882,3610
882,3671
882,4656
882,6225
882,7863
882,8874
882,9361
883,2013
883,3467
883,3726
883,3727
883,5802
883,6390
883,8655
884,1020
884,1272
884,1273
884,1317
884,1737
884,2531
884,2608
884,3576
884,3912
884,3958
884,4536
884,4906
884,4937
884,5482
884,5795
884,7531
884,8128
884,8873
885,1017
885,2546
885,6122
885,7536
885,7942
886,7604
886,9068
887,3159
887,3310
887,3362
887,4211
887,4367
887,4827
887,5444
887,7093
887,8111
887,8122
887,9462
888,2038
888,3172
888,7003
889,1250
889,1625
889,1640
889,1734
889,1898
889,5703
889,7910
890,2405
890,2979
890,3982
890,5003
891,4445
891,6361
891,9557
892,3424
892,7041
892,8741
893,1010
893,6305
893,9264
894,1188
894,1338
894,1532
894,2427
894,2519
894,4130
894,5991
894,7521
894,8556
894,9014
895,1075
895,1213
895,1567
895,1589
895,2059
895,2370
895,3261
895,3920
895,5634
895,5976
895,6011
895,6036
895,6445
895,6529
895,8635
895,8860
895,9311
896,1043
896,1118
896,1789
896,2165
896,2807
896,3142
896,5734
896,6030
896,6636
896,7410
896,8141
897,1048
897,3165
897,3426
897,3460
897,5155
897,5704
897,7287
897,8878
898,999
898,6334
898,7113
899,3047
899,5466
899,5858
900,1256
900,2070
900,2093
900,2124
900,2247
900,2714
900,3233
900,3463
900,4789
900,5127
900,5525
900,5625
900,5862
900,5972
901,991
901,1775
901,1878
901,4261
901,5301
901,5386
901,6583
901,6660
901,6718
901,8613
902,1007
902,2667
902,4333
902,5951
903,2752
903,3557
903,5824
903,7429
904,1039
904,1093
904,1816
904,1948
904,3316
904,5668
904,5865
904,6730
904,7306
904,7958
904,8002
904,8286
904,8512
904,9197
904,9611
904,9740
905,2845
905,3803
905,6408
905,7793
906,3119
906,6526
906,6603
907,1370
907,1554
907,4746
908,1095
908,1439
908,4003
908,5258
908,5605
908,7798
908,8179
908,9003
909,994
909,2349
909,2430
909,2474
909,2525
909,2618
909,3713
909,3720
909,4349
909,4477
909,5426
909,6549
909,6788
909,6936
909,7402
909,7482
909,7675
909,9800
910,1651
910,1909
910,4415
910,5212
910,5226
910,5836
910,7019
910,7486
910,7736
911,3562
911,4071
911,4953
911,8207
912,1553
912,1907
912,2092
912,2686
912,4941
913,1332
913,1797
913,2008
913,2437
913,2440
913,3149
913,3224
913,3312
913,3701
913,4079
913,4208
913,4673
913,6176
913,7899
913,8387
913,8984
913,9613
914,921
914,1365
914,1552
914,1811
914,4869
914,5016
914,5295
914,5814
914,7874
915,1113
915,1314
915,1727
915,2127
915,2958
915,3846
915,4380
915,5493
915,5536
915,6702
915,8514
916,1241
916,3306
917,2019
917,2843
917,2845
917,3448
917,6187
917,7545
917,8218
917,8483
917,9426
918,1041
918,2137
918,2696
918,3098
918,4435
918,4556
918,5364
918,5645
918,7382
918,8180
918,8207
918,8415
919,1024
919,1353
919,2301
919,3226
919,3725
919,3862
919,4017
919,6160
919,7411
919,9328
919,9407
920,1120
920,1576
920,2802
920,2879
921,1325
921,3283
921,5074
921,6706
921,6776
922,1727
922,1971
922,2341
922,2862
922,3705
923,1621
923,2171
923,2340
923,4615
923,5099
923,5156
923,6313
923,7550
924,5828
925,1822
925,4585
926,1359
926,1691
926,2180
926,3274
926,3929
926,4129
926,6195
926,7001
927,6200
927,7214
928,1158
928,1179
928,2248
928,4052
928,5772
928,8133
928,8259
928,8980
929,1007
929,1223
929,1298
929,4454
929,5595
930,3374
930,8720
931,3265
931,3525
931,8665
932,1047
932,2480
932,3581
932,6944
932,7992
932,9828
933,6052
933,9576
933,9900
934,1243
934,1838
934,2748
934,4425
935,1075
935,1425
935,3081
935,4141
935,5904
935,6124
935,6470
935,8327
935,9189
936,1771
936,8183
937,4845
938,1629
938,2400
938,2909
938,3249
938,4434
938,4527
938,4925
938,5453
938,5604
938,6028
938,6618
938,6872
938,7005
938,7334
938,7437
938,8296
938,9743
940,948
940,1492
940,3342
940,6353
940,9970
941,4882
941,4917
941,8607
942,2150
942,6309
943,956
943,1505
943,4559
944,965
944,970
944,1281
944,1342
944,1456
944,3217
944,3812
944,4618
944,6106
944,6717
944,6766
944,7889
944,9383
945,4465
945,9390
945,9667
946,3763
946,4030
946,4244
946,7235
947,1106
947,1331
947,4307
947,5083
947,9381
948,3243
948,7838
949,2320
949,3724
949,3906
949,4048
949,5936
949,6102
949,6202
949,6248
949,7333
949,7469
949,8610
949,9748
950,987
950,5490
950,7960
950,9112
950,9391
951,1003
951,3424
951,4725
951,5854
951,6615
951,6925
951,8572
951,8977
952,1323
952,1490
952,4647
952,5061
952,9805
953,2374
953,2750
953,3328
953,3518
953,4061
953,4601
953,6231
953,9766
954,1087
954,1855
954,3365
954,8298
954,8521
955,2972
955,4265
955,6692
956,2982
956,3423
956,5677
956,5685
956,6360
956,6934
957,1104
957,2372
957,2617
957,2618
957,3018
957,3097
957,5333
957,6724
957,6843
957,7974
957,9724
957,9819
958,2867
958,4771
958,8216
958,9989
959,1676
959,3450
959,6083
959,6203
959,9571
960,2565
960,5526
960,6511
960,6688
960,8342
960,8758
961,1292
961,4970
962,995
962,1246
962,3205
962,3538
962,5481
962,5603
962,6647
962,8043
962,9176
962,9314
963,1674
963,2397
963,3234
964,1065
964,1129
964,1206
964,1327
964,1793
964,2345
964,4047
964,4553
964,7162
965,2956
965,5571
966,6530
967,2067
967,3195
967,3246
967,3440
967,6379
967,7521
967,8900
967,9505
968,2516
968,7089
968,7105
968,9083
969,1445
969,2740
970,1994
970,2666
970,7475
970,7849
970,8306
970,9658
971,1969
971,2613
971,4618
971,5675
971,8192
971,8385
971,8983
971,9633
972,1709
972,2310
972,9179
973,2026
973,3591
973,9258
975,1486
975,1626
975,3163
975,3521
975,4173
975,4267
975,5291
975,6217
976,3516
976,3585
976,5158
976,7082
976,7499
976,7816
976,8196
976,9620
977,1436
977,3208
977,3958
977,6029
977,7878
977,9086
977,9513
978,1597
978,2161
978,2261
978,2644
978,3572
979,1694
979,2513
979,3287
979,4481
979,8396
979,9759
980,4326
980,7335
980,8669
981,2268
981,3758
981,4175
981,4343
981,5331
981,8225
982,2063
982,3827
982,5001
982,6171
982,7032
984,1274
984,2069
984,2195
984,2653
984,4336
984,5034
984,5385
984,6653
984,7768
986,1404
986,2379
986,3949
986,5233
986,8324
986,8337
987,2707
987,3690
987,7820
988,1198
988,1361
988,1372
988,1675
988,2842
988,3848
988,5650
988,6254
988,6283
988,7624
988,8205
989,1318
989,1633
989,1993
989,2194
989,2481
989,3003
989,3011
989,3128
989,3267
989,3405
989,4925
989,5185
989,5550
989,6803
989,7012
989,7035
989,7200
989,8197
989,8982
990,5918
991,1394
991,5173
991,5255
991,5296
991,6455
991,6548
991,7234
992,3676
992,9017
992,9120
993,1035
993,2486
993,2801
993,4249
994,1834
994,2210
994,4181
994,4983
994,5485
994,6392
994,8743
995,2728
995,3485
995,5753
995,6171
995,6584
995,6861
995,7117
995,8930
996,1176
996,2567
996,2654
996,3058
996,3101
996,4021
996,5025
996,7346
996,7682
996,9182
996,9206
997,1944
997,2524
997,3342
997,3970
997,8422
997,8808
998,1155
998,1736
998,2114
998,2273
998,2533
998,5147
998,6756
999,2891
999,3016
999,3067
999,4153
999,4576
999,5942
999,6060
999,6909
999,9278
1000,1752
1000,2056
1000,2464
1000,6141
1000,7828
1000,8890
1001,2650
1002,2074
1003,6218
1004,1275
1004,1579
1004,1669
1004,1849
1004,2404
1004,3465
1004,4850
1004,4857
1004,5339
1004,6039
1004,6356
1004,6801
1004,6896
1004,9586
1005,1786
1005,1817
1005,1818
1005,2773
1005,2788
1005,3265
1005,4163
1005,7307
1005,8524
1005,9173
1006,2705
1006,3704
1006,4378
1006,5124
1006,5855
1006,7751
1007,6759
1007,9641
1008,1027
1008,1043
1008,1465
1008,2286
1008,2406
1008,2485
1008,3666
1008,4645
1008,5284
1008,5374
1008,6647
1008,7240
1008,7548
1008,8660
1008,8917
1009,1307
1009,2207
1009,2348
1009,3520
1009,3559
1009,4444
1009,5838
1009,8770
1009,9193
1011,1060
1011,1332
1011,1459
1011,1726
1011,1869
1011,2006
1011,2593
1011,2774
1011,4939
1011,6428
1011,6854
1011,8052
1011,8089
1011,8811
1012,2642
1012,2784
1012,6390
1013,1109
1013,3784
1013,4262
1013,6920
1013,7422
1015,1031
1015,1339
1015,2296
1015,2735
1015,2868
1015,3449
1016,1455
1016,4352
1016,7283
1016,8157
1017,1468
1017,2507
1017,4923
1017,4990
1017,7813
1018,1524
1018,3011
1018,3363
1018,3385
1018,3391
1018,3491
1018,8752
1018,9982
1019,1172
1019,1310
1019,2930
1019,3596
1019,5176
1019,6762
1019,6842
1019,9100
1019,9265
1020,1503
1020,1519
1020,2308
1020,2775
1020,3215
1020,5061
1020,6205
1020,6547
1020,7865
1020,8119
1020,9622
1020,9830
1020,9865
1021,3075
1021,3236
1021,3945
1021,8550
1022,1328
1022,1393
1022,1708
1022,1875
1022,2128
1022,2348
1022,3363
1022,3626
1022,3634
1022,4063
1022,7335
1022,8664
1022,8703
1023,1121
1023,3416
1023,4022
1023,7267
1023,8361
1024,2347
1024,2682
1024,3163
1024,3180
1024,3763
1024,4530
1024,4762
1024,8203
1025,2175
1025,5303
1025,6801
1025,8536
1026,1410
1026,1617
1026,4145
1026,6053
1026,6952
1027,1510
1027,1601
1027,1635
1027,1794
1027,4043
1027,5010
1027,6960
1028,1393
1028,3228
1028,3243
1028,3257
1028,4424
1028,4536
1028,5285
1028,5398
1028,6204
1028,6321
1028,6367
1028,6764
1028,7232
1028,8889
1028,9389
1029,9172
1030,1401
1030,2303
1030,4335
1030,6153
1030,9257
1031,1555
1031,2501
1031,7481
1031,8485
1031,8826
1032,1659
1032,4239
1033,1725
1033,6641
1034,1553
1034,1585
1034,2011
1034,2266
1034,2922
1034,3153
1034,4353
1034,7305
1034,8777
1035,1702
1035,1885
1035,1927
1035,2204
1035,2533
1035,2760
1035,2786
1035,3455
1035,3598
1035,3612
1035,4066
1035,4604
1035,6412
1035,7107
1035,9359
1036,4007
1036,4353
1037,3771
1038,1265
1038,2012
1038,2377
1039,1215
1039,2078
1039,2494
1039,7087
1039,9044
1039,9198
1040,1346
1040,1718
1040,3455
1040,3866
1040,4890
1040,5037
1040,7197
1040,7571
1041,5677
1042,1084
1042,1290
1042,1488
1042,1646
1042,2263
1042,2488
1042,3061
1042,3720
1042,3865
1042,4232
1042,4241
1042,5086
1042,5173
1042,7554
1042,8236
1042,8856
1042,9079
1042,9598
1043,4033
1043,7692
1044,3600
1044,6424
1044,8381
1045,1088
1045,2419
1045,2657
1045,4095
1045,4099
1045,4114
1045,4294
1045,4319
1045,4918
1045,4974
1045,5000
1045,5724
1045,8511
1045,9190
1046,3848
1046,3917
1046,5620
1046,6639
1046,8477
1047,1231
1047,1239
1047,1672
1047,1676
1047,3285
1047,4087
1047,4694
1047,5437
1047,6873
1047,8389
1047,8658
1047,9520
1047,9553
1048,2540
1048,4447
1048,4592
1048,4634
1048,4865
1048,5104
1048,6899
1048,7070
1049,1305
1049,1376
1049,5850
1049,5858
1049,6111
1049,8430
1050,1276
1050,1370
1050,1635
1050,1940
1050,4111
1050,6693
1050,7008
1050,7465
1050,7770
1050,8687
1050,8882
1050,9854
1051,1389
1051,2251
1051,2366
1051,2878
1051,2882
1051,2898
1051,4274
1051,7928
1051,8627
1051,9153
1051,9162
1051,9413
1052,1941
1052,4358
1052,7482
1052,8719
1053,4689
1053,6761
1053,7160
1053,8282
1054,1108
1054,1432
1054,2078
1054,2591
1054,2878
1054,3262
1054,4992
1054,5235
1054,7171
1054,8462
1054,9227
1055,1888
1055,6092
1056,1423
1056,4341
1056,4711
1056,4820
1056,6480
1056,6483
1056,6526
1056,6980
1056,7593
1056,9111
1056,9287
1057,1289
1057,1644
1057,1718
1057,2457
1057,3206
1057,5973
1057,6213
1057,9199
1057,9495
1058,1153
1058,1814
1058,2189
1058,4672
1058,5690
1058,6877
1058,7790
1058,7996
1059,1993
1059,2257
1059,8019
1060,1061
1060,3925
1060,5772
1060,6494
1060,6821
1060,7206
1060,7612
1060,9725
1061,1159
1061,1192
1061,1360
1061,1666
1061,3541
1061,4801
1061,4940
1061,5170
1061,6467
1061,8309
1062,1815
1062,2715
1062,4571
1063,1487
1063,2945
1064,1078
1064,1537
1064,2108
1064,2338
1064,2425
1064,2785
1064,3005
1064,3610
1064,3658
1064,3894
1064,4068
1064,4079
1064,4157
1064,4420
1064,4456
1064,5507
1064,5628
1064,5715
1064,6621
1064,7270
1064,7362
1064,7543
1064,9524
1065,2193
1065,5380
1065,5558
1065,7339
1065,7481
1065,7700
1065,8115
1066,1223
1066,3595
1066,6189
1067,1681
1067,2126
1067,2560
1067,8360
1067,8515
1068,1555
1068,5847
1069,7537
1069,8922
1070,1218
1070,2188
1070,2942
1070,2974
1070,3385
1070,3907
1070,4002
1070,4313
1070,5802
1070,6351
1070,6394
1070,6432
1070,6621
1070,7052
1070,9124
1070,9644
1070,9799
1071,1719
1071,2026
1071,5812
1071,6071
1071,6502
1071,7189
1071,8097
1072,1624
1072,1932
1072,3344
1072,8661
1072,8807
1073,1141
1073,4181
1073,4986
1074,1400
1074,1590
1074,2002
1074,3748
1074,5287
1074,6043
1074,6471
1076,2390
1076,3889
1076,5198
1076,7957
1076,8105
1077,1167
1077,1424
1077,2185
1077,3133
1077,4522
1077,5418
1078,3015
1078,4170
1078,4859
1078,5186
1078,7924
1079,1147
1079,1328
1079,1529
1079,2205
1079,3277
1079,4908
1079,7945
1079,8469
1080,3054
1080,5195
1080,5961
1081,3878
1081,5837
1082,2250
1082,3523
1082,5570
1082,7722
1083,1808
1083,3896
1083,4543
1083,5039
1083,6271
1083,7532
1083,7836
1084,3535
1084,6168
1084,8804
1086,1503
1086,3957
1086,8761
1087,2426
1087,3317
1087,4463
1088,3204
1089,1250
1089,1977
1090,1549
1090,7622
1092,1248
1092,1598
1092,2365
1092,5100
1092,5432
1092,6587
1092,7430
1092,7959
1092,8933
1093,2496
1093,5571
1094,2069
1094,3829
1095,2022
1095,3009
1095,4422
1095,5843
1095,5935
1095,9533
1096,1657
1096,1741
1096,2098
1096,2571
1096,2924
1096,3329
1096,4339
1096,4579
1096,7288
1096,7776
1097,2453
1097,5844
1097,7634
1097,8690
1098,1980
1098,4803
1098,8604
1099,4637
1099,4729
1099,4899
1099,8694
1100,1437
1100,2270
1100,2383
1100,2812
1100,5562
1100,5869
1100,5916
1100,6772
1101,1452
1101,2207
1101,2761
1101,4994
1101,5556
1101,5763
1101,5782
1101,9249
1101,9289
1101,9526
1101,9555
1102,7047
1103,1673
1103,4016
1103,5142
1103,6229
1103,7971
1104,1516
1104,2062
1104,2239
1104,3652
1104,3986
1104,4197
1104,4736
1104,4876
1104,5063
1104,5667
1104,6290
1104,8634
1105,1743
1105,5424
1106,1114
1106,1138
1106,1660
1106,2569
1106,3857
1106,6083
1106,8928
1106,9012
1107,2225
1107,6118
1107,7386
1107,8585
1107,8696
1108,6219
1109,1409
1109,1731
1109,2905
1110,4133
1110,6459
1111,3324
1111,6107
1111,9234
1112,1965
1112,2252
1112,6450
1113,1479
1113,1722
1113,1957
1113,2202
1113,3955
1113,5164
1113,5253
1113,6513
1113,7784
1113,8170
1114,3411
1114,5206
1114,5221
1115,4555
1115,4942
1115,9200
1116,1403
1116,2563
1116,2796
1116,5141
1116,7021
1116,7874
1116,7986
1117,1153
1117,1725
1117,1917
1117,2294
1117,2412
1117,2887
1117,3211
1117,3583
1117,4477
1117,4635
1117,5549
1117,6050
1117,7139
1117,8717
1118,1926
1118,2615
1118,2880
1118,3851
1118,5827
1118,7266
1118,9435
1119,1358
1119,1394
1119,1853
1119,2775
1119,3155
1119,3383
1119,3551
1119,4194
1119,7700
1119,7894
1119,7991
1119,9472
1119,9933
1120,1521
1120,1669
1120,3569
1120,5640
1120,5771
1120,6103
1120,9577
1121,1703
1121,2106
1121,2969
1121,3459
1121,4293
1121,5638
1121,5748
1121,6548
1121,7873
1121,8089
1121,8240
1121,9804
1123,1507
1123,4214
1123,5523
1123,8357
1124,2779
1124,2852
1124,2859
1124,4318
1124,5617
1124,6707
1124,7067
1124,7945
1124,8462
1124,9101
1124,9540
1125,1496
1126,1314
1126,2910
1126,3404
1126,3565
1126,5351
1126,5534
1126,7050
1126,7457
1126,9284
1127,1154
1127,7709
1128,1348
1128,2685
1128,3391
1128,4392
1128,5446
1128,5915
1128,9621
1129,1230
1129,1531
1129,3849
1129,5140
1129,8962
1130,2048
1130,2289
1130,2428
1130,3038
1130,3885
1130,5204
1130,7646
1130,7761
1130,9747
1131,3803
1131,4300
1131,4722
1131,6249
1132,1522
1132,2434
1132,2747
1132,3875
1132,4117
1132,4600
1132,8901
1133,1183
1133,1381
1133,1480
1133,2498
1133,2631
1133,4018
1133,4045
1133,4594
1133,4778
1133,4873
1133,5286
1133,6625
1133,7033
1133,9486
1134,2174
1134,2261
1134,2869
1134,4161
1134,5353
1134,8034
1134,8834
1135,1818
1135,3625
1135,4508
1135,4861
1135,5642
1135,5824
1136,2373
1136,6439
1137,1164
1137,1278
1137,1489
1137,1661
1137,3044
1137,4610
1137,5316
1137,5608
1137,5713
1137,5747
1137,5964
1137,6285
1137,6855
1137,9875
1138,2562
1138,3592
1138,3926
1138,3977
1138,4996
1138,6023
1138,6355
1138,7425
1138,8032
1138,8688
1139,2266
1139,2724
1139,6143
1139,7105
1139,8109
1140,1872
1140,2081
1140,2141
1140,2383
1140,4358
1140,4888
1140,5326
1140,7629
1140,8727
1141,2733
1141,3184
1141,4958
1141,4996
1141,5438
1142,2704
1142,3174
1142,4074
1143,2345
1143,6833
1144,1184
1144,5228
1144,9165
1145,1392
1145,1683
1145,2155
1145,5074
1145,9251
1146,3329
1146,6815
1147,2509
1147,2803
1147,3373
1147,3395
1147,4095
1147,4247
1147,4850
1147,6038
1147,6132
1148,1562
1148,2076
1148,3034
1148,4176
1148,6150
1148,6243
1148,8589
1149,1972
1149,3113
1149,5699
1149,6145
1150,2723
1150,2739
1150,4657
1150,9532
1151,2665
1151,2814
1151,5453
1151,6239
1151,7765
1151,8399
1151,9208
1152,4442
1152,5037
1152,6153
1152,6642
1152,8646
1153,1369
1153,3847
1153,7503
1153,8899
1154,5965
1154,7849
1154,8342
1154,8697
1155,1485
1155,1499
1155,2189
1155,3241
1155,3356
1155,4036
1155,8810
1155,9789
1156,5394
1157,1505
1157,2616
1157,2699
1157,5659
1157,5898
1157,6757
1157,7371
1157,7672
1157,8549
1157,8780
1157,8931
1158,1766
1158,4090
1158,5177
1158,6368
1158,8768
1158,9293
1159,1291
1159,1788
1159,3028
1159,3754
1159,4861
1160,1215
1160,3359
1160,3670
1160,4514
1160,4951
1160,5662
1160,7445
1160,8148
1161,1286
1161,1705
1161,5073
1161,5211
1161,6065
1161,8053
1161,9215
1161,9442
1162,1292
1162,1444
1162,2899
1162,3288
1162,3530
1162,4535
1162,4617
1162,4794
1162,5220
1162,5991
1162,6248
1162,7829
1162,9057
1162,9260
1163,1714
1163,2295
1163,3603
1163,3901
1163,8442
1163,9342
1164,8616
1164,9304
1165,2052
1165,3709
1165,8247
1166,1204
1166,3816
1166,4345
1166,6159
1166,6519
1166,7319
1166,7581
1166,9362
1167,2523
1167,2920
1167,5242
1167,5840
1167,8238
1168,2134
1168,2760
1168,2965
1168,5346
1168,6179
1168,6194
1168,6957
1168,8462
1168,8486
1169,1205
1169,1502
1169,1719
1169,3946
1169,5530
1170,6913
1170,8653
1170,9233
1170,9900
1171,7579
1172,1599
1172,1804
1172,2456
1172,2528
1172,2811
1172,3530
1172,3761
1172,4329
1172,4431
1172,5849
1172,5966
1172,7383
1172,7846
1173,3106
1173,3552
1173,3758
1173,4257
1173,5043
1173,5404
1173,7397
1173,7767
1173,9723
1174,1829
1174,2728
1174,3482
1174,4344
1174,5578
1175,1530
1175,1770
1175,1901
1175,2019
1175,2877
1175,2980
1175,3555
1175,3634
1175,3725
1175,4159
1175,6089
1175,6443
1175,7741
1175,7794
1175,8493
1175,8708
1176,1382
1176,1501
1176,3807
1176,3873
1176,4960
1176,6154
1176,6526
1176,7071
1176,7744
1176,9338
1177,3402
1177,3717
1177,3817
1177,4516
1177,7331
1177,7952
1177,8181
1177,9550
1178,1398
1178,1671
1178,3827
1178,5322
1178,5677
1178,7654
1178,9723
1179,3423
1179,3663
1179,4376
1179,4382
1179,4856
1179,8051
1180,1484
1180,1880
1180,2158
1180,2492
1180,2503
1180,2998
1180,3293
1180,3544
1180,3862
1180,4210
1180,4411
1180,5359
1180,5580
1180,5927
1180,6816
1180,7555
1180,9673
1181,3202
1181,3615
1181,4494
1181,4887
1181,5258
1182,2222
1182,2765
1182,3635
1182,4877
1182,6922
1182,7525
1182,9629
1183,1454
1183,1662
1183,1674
1183,2324
1183,2530
1183,2622
1183,3040
1183,3599
1183,4650
1183,6435
1183,7067
1183,7101
1183,8725
1183,9773
1184,7343
1184,7529
1184,8778
1185,4979
1186,1269
1186,1956
1186,3589
1186,7181
1186,7463
1186,8778
1186,9605
1187,1780
1187,3506
1187,6592
1188,1545
1188,1805
1188,2121
1188,2437
1188,2656
1188,3384
1188,3895
1188,4113
1188,4715
1188,5925
1188,6882
1188,7714
1188,9727
1188,9974
1189,1207
1189,1472
1189,1926
1189,2491
1189,4146
1189,4631
1189,4759
1189,5547
1189,5576
1189,6476
1189,6570
1189,7474
1189,7753
1189,8355
1189,9055
1189,9142
1189,9905
1190,1344
1190,2406
1190,3774
1190,4012
1190,5271
1190,5277
1190,5371
1190,6440
1190,7012
1190,7276
1190,8016
1190,9373
1191,1822
1191,2243
1191,2795
1191,3247
1191,4047
1191,4061
1191,4128
1191,4791
1191,8237
1191,8751
1192,1868
1192,2235
1192,2418
1192,2781
1192,3666
1193,1836
1193,2282
1193,2372
1193,2986
1193,4671
1193,4685
1193,5756
1193,7329
1193,9153
1194,8030
1195,2514
1195,3650
1195,4724
1195,6374
1195,6662
1195,6717
1195,8920
1195,8991
1195,9389
1196,1933
1196,3675
1196,7211
1196,7237
1197,1857
1197,3194
1197,4063
1197,9268
1197,9686
1198,1479
1198,2557
1198,2701
1198,8343
1199,1556
1199,1561
1199,2039
1199,2103
1199,2631
1199,2863
1199,6198
1199,6799
1199,7194
1199,8428
1200,2382
1200,3106
1200,4586
1200,6564
1200,9385
1201,1607
1201,3125
1201,7839
1201,9825
1202,1643
1202,4283
1203,1661
1203,3244
1203,5049
1203,5723
1203,8929
1204,3618
1204,3656
1204,7312
1204,7523
1204,7749
1205,2609
1205,2780
1205,3093
1205,4120
1205,4502
1205,4819
1205,8562
1205,9888
1206,1542
1206,2192
1206,4324
1206,5362
1206,5436
1206,6847
1206,7195
1206,7806
1206,8890
1207,1892
1207,2961
1207,3353
1207,5497
1207,5664
1207,5978
1207,6336
1207,9030
1208,2938
1208,3534
1208,3845
1209,1329
1209,1470
1209,2758
1209,3120
1209,3292
1209,3429
1209,3988
1209,4382
1209,4700
1209,7356
1209,8702
1209,9985
1210,2443
1210,4808
1210,5580
1210,6169
1210,6419
1210,7937
1210,8770
1211,1730
1211,3279
1211,4161
1212,1486
1212,3258
1212,4202
1212,7273
1212,9319
1213,2454
1213,2915
1214,1249
1214,1490
1214,1834
1214,2004
1214,2186
1214,3371
1214,3656
1214,5893
1214,7830
1215,1548
1215,4600
1215,5200
1215,9457
1217,1295
1217,2578
1217,6703
1218,2419
1218,3678
1218,8807
1219,1547
1219,5776
1219,6842
1219,7434
1219,8579
1219,9974
1221,1484
1221,1627
1221,7062
1221,8791
1221,9444
1222,1857
1222,1866
1222,3187
1222,4270
1222,8722
1223,2675
1223,2694
1223,5143
1223,6668
1223,7534
1225,1997
1225,8743
1226,1283
1226,3119
1226,5293
1226,8314
1227,1341
1228,2599
1228,3087
1228,3751
1228,6819
1228,8100
1228,9521
1230,3304
1230,3334
1230,3968
1230,4384
1230,6347
1231,2108
1231,3175
1231,4459
1231,5043
1231,5655
1232,1559
1232,2963
1232,3417
1232,6058
1232,7305
1232,8737
1232,9424
1233,1985
1233,3225
1233,3714
1233,5427
1233,6789
1233,6863
1233,6930
1234,2133
1234,2853
1234,3255
1234,4927
1235,3447
1235,5460
1237,1329
1237,1636
1237,4456
1238,1363
1238,1405
1238,2129
1238,2158
1238,2183
1238,2254
1238,2310
1238,2872
1238,3281
1238,3328
1238,4105
1238,5156
1238,5791
1238,9530
1239,1929
1239,2288
1239,4528
1240,1956
1240,3043
1240,3897
1240,4751
1240,5315
1240,8148
1240,9357
1241,1640
1241,3126
1241,5380
1241,5540
1242,1587
1242,1792
1242,2321
1242,2536
1242,2851
1242,3352
1242,3507
1242,4060
1242,5681
1242,6703
1243,1350
1243,1894
1243,3366
1243,4064
1243,4808
1243,5461
1243,7480
1244,1340
1244,2073
1244,2580
1244,3357
1244,7364
1245,1637
1245,2294
1245,2681
1245,4751
1245,6781
1246,3412
1246,5060
1246,5347
1246,7638
1247,1277
1247,1306
1247,1943
1247,2549
1247,2645
1247,2955
1247,3116
1247,3451
1247,3852
1247,4048
1247,4102
1247,4310
1247,4747
1247,4914
1247,5028
1247,5182
1247,5993
1247,6108
1247,6131
1247,6692
1247,6699
1247,7745
1247,8092
1247,8806
1247,9004
1247,9554
1247,9593
1248,7098
1248,7904
1248,9597
1249,2379
1249,3958
1249,6218
1249,7543
1250,3903
1250,5027
1250,7060
1250,7108
1251,6764
1251,7567
1252,1342
1252,2358
1252,4429
1252,8634
1254,2519
1254,3143
1254,3169
1254,3938
1254,4523
1254,6354
1254,6566
1254,8695
1255,1980
1255,3996
1255,4838
1255,4912
1255,8884
1255,8964
1256,1406
1256,8489
1257,1923
1257,4921
1257,4959
1257,4999
1257,5021
1257,7593
1258,3814
1258,3959
1258,4633
1258,5470
1258,7170
1258,8094
1259,2409
1259,2540
1259,2881
1259,4399
1259,4537
1259,6572
1259,8976
1260,1462
1260,5144
1260,9893
1262,3436
1262,4497
1263,1288
1263,1811
1263,2488
1263,2566
1263,2973
1263,5069
1263,6855
1263,7982
1263,8848
1264,2068
1264,3194
1264,5234
1264,5826
1264,6380
1264,6667
1264,6714
1264,6760
1264,7055
1264,8505
1265,2160
1265,3781
1265,4019
1265,4203
1265,4284
1265,4601
1265,5731
1265,7789
1266,1608
1266,1746
1266,3822
1266,6918
1267,2601
1267,7279
1268,3671
1268,6731
1270,2355
1270,2447
1270,4236
1270,4844
1270,5725
1270,6077
1270,6194
1270,6213
1270,6230
1270,7492
1271,5330
1271,8851
1272,2346
1272,3085
1272,3469
1272,9744
1273,6347
1274,6734
1275,2556
1275,3873
1275,4039
1276,2793
1276,9984
1277,1546
1277,1741
1277,3322
1277,3404
1277,3603
1277,3893
1277,4620
1277,5189
1277,5276
1277,6245
1277,6959
1277,8156
1277,8304
1278,1693
1278,2439
1278,6613
1278,7414
1278,7568
1278,8432
1279,2027
1279,2545
1279,2981
1279,4270
1280,1534
1280,1785
1280,3041
1280,5451
1280,6093
1280,7939
1280,9606
1281,2490
1281,9596
1282,1538
1282,1799
1282,1991
1282,2185
1282,3407
1282,3583
1282,3850
1282,4485
1282,5866
1282,8317
1282,8436
1282,9220
1282,9564
1283,2399
1283,3987
1283,4374
1283,5623
1284,1354
1284,1920
1284,2129
1284,2732
1284,3522
1284,6915
1284,8347
1284,8734
1285,1509
1285,3902
1285,3956
1285,4433
1286,6301
1286,9885
1287,1500
1287,2178
1287,5207
1287,5988
1287,7871
1288,1875
1288,2736
1288,5299
1288,7723
1289,2407
1289,3674
1289,3746
1289,5343
1289,6064
1290,2027
1290,2662
1290,2778
1290,2906
1290,3838
1290,4521
1290,6172
1290,7036
1291,3595
1292,1511
1292,1721
1292,1748
1292,2567
1292,3188
1292,4224
1292,7507
1292,8193
1292,9905
1293,3145
1293,3227
1293,3384
1293,9017
1295,2814
1295,3326
1295,4006
1295,5869
1295,6506
1295,7055
1295,7136
1295,9735
1296,1870
1296,1990
1296,2045
1296,2459
1296,2828
1296,4693
1296,4789
1296,4960
1296,7830
1296,9630
1296,9996
1297,1503
1297,2668
1297,7128
1298,1515
1298,2188
1298,3654
1298,3783
1298,3945
1298,5994
1298,7106
1298,8366
1298,9431
1298,9601
1299,2061
1300,2111
1300,2209
1300,3434
1300,5242
1300,5434
1300,8167
1301,1560
1301,1645
1301,3091
1301,3440
1302,1839
1302,2592
1302,8018
1302,9762
1302,9849
1303,2438
1303,3623
1303,3857
1303,5478
1303,6148
1303,6771
1303,8150
1304,1320
1304,2007
1304,2925
1304,3956
1304,4404
1304,5431
1305,2354
1305,4240
1305,5135
1305,5849
1305,6020
1305,6508
1305,8648
1305,9030
1305,9479
1306,1742
1306,1878
1306,2214
1306,2607
1306,3361
1306,4142
1306,4981
1306,5316
1306,5650
1306,6650
1306,7207
1306,9547
1307,1605
1307,1685
1307,2572
1307,4135
1307,7170
1307,7196
1308,2734
1308,5859
1308,9271
1309,3480
1309,4101
1309,4659
1309,6072
1309,6906
1309,9383
1310,3182
1310,4591
1310,9313
1311,2446
1311,6689
1311,8209
1312,1810
1312,2050
1312,2279
1312,2934
1312,3137
1312,3452
1312,3673
1312,3702
1312,3729
1312,5439
1312,6079
1312,6110
1312,6164
1312,6824
1312,7354
1312,8505
1312,8755
1312,9315
1312,9675
1313,6234
1313,6575
1313,8123
1313,9254
1314,1321
1314,2002
1314,2193
1314,2408
1314,4576
1314,6147
1314,6454
1314,7981
1315,1802
1315,2051
1315,3187
1315,8086
1315,9306
1315,9585
1316,2411
1316,2482
1316,3222
1316,3925
1316,4473
1316,8038
1316,9836
1317,1670
1317,1868
1317,1896
1317,1928
1317,2443
1317,3156
1317,3919
1317,7277
1317,8485
1317,9427
1317,9628
1318,1616
1318,4655
1318,4810
1319,1477
1319,2225
1319,3638
1319,4391
1319,5090
1319,9133
1319,9510
1320,2371
1320,2887
1320,3154
1320,4427
1320,6406
1321,1787
1321,2450
1321,2763
1321,4565
1321,5718
1321,6657
1322,3330
1322,4548
1322,4676
1322,6002
1322,9802
1323,6090
1324,1941
1324,2184
1324,3298
1324,4972
1324,6552
1324,9783
1325,1781
1325,3505
1325,3819
1325,4053
1325,4860
1325,4949
1325,5055
1325,5766
1326,2347
1326,2598
1326,6045
1326,6120
1326,6373
1326,6420
1326,7523
1326,8009
1326,9608
1327,5434
1328,2205
1328,3235
1328,7751
1330,4824
1330,6049
1330,6178
1330,6391
1330,9993
1331,1431
1331,3764
1332,1474
1332,3017
1332,3380
1332,4071
1332,6094
1332,7739
1332,8074
1333,1636
1333,2075
1333,2784
1333,2829
1333,3811
1333,5783
1333,5971
1333,8056
1333,9406
1334,1829
1334,2985
1334,3491
1334,5362
1334,8194
1335,2042
1335,2292
1335,2795
1335,3341
1335,4744
1335,4761
1335,7064
1335,7373
1336,3736
1337,1466
1337,2755
1337,5744
1337,7614
1337,8024
1337,8190
1337,8194
1337,8228
1337,9067
1337,9718
1338,1430
1338,3701
1338,6640
1338,6914
1338,7535
1338,7865
1338,9059
1339,1614
1339,1712
1339,1792
1339,2225
1339,2445
1339,3620
1339,4208
1339,6779
1339,8562
1339,9530
1339,9882
1340,1695
1341,3403
1341,4136
1342,2626
1342,2792
1342,4158
1342,4682
1342,4818
1342,8996
1342,9070
1343,2581
1343,3181
1343,3577
1343,4552
1343,5165
1343,5647
1344,1541
1344,1551
1344,2936
1344,3689
1344,4445
1344,4496
1344,4615
1344,4917
1344,5831
1344,9751
1344,9792
1346,1672
1346,2078
1346,4057
1346,8144
1347,2760
1347,5545
1347,7056
1347,8889
1348,1442
1348,2773
1348,2952
1348,5901
1348,6940
1348,7673
1348,8232
1348,9826
1349,4814
1349,6343
1349,6722
1349,8242
1349,8558
1350,3850
1350,4488
1351,2479
1351,6262
1352,1826
1352,1854
1352,2303
1352,3121
1352,4987
1352,8956
1353,2054
1353,4759
1353,7819
1354,2345
1354,7643
1354,8171
1355,1573
1355,3046
1355,3672
1355,4010
1355,4241
1355,5993
1355,9491
1356,2247
1356,2944
1356,3160
1356,6317
1357,1800
1357,2182
1357,3967
1357,4842
1357,5081
1357,6159
1357,6467
1357,7373
1358,2229
1358,3413
1358,5329
1358,7076
1358,7122
1358,7154
1358,8173
1358,9000
1358,9914
1359,4469
1359,8359
1360,4646
1360,8731
1361,2517
1361,2757
1361,2933
1361,3066
1361,7843
1361,8184
1362,5375
1362,6451
1362,8514
1362,8519
1362,9834
1363,1715
1363,1873
1363,4644
1363,4774
1363,5251
1363,6263
1364,1417
1364,3605
1364,6727
1364,9043
1365,2165
1365,3001
1365,3080
1365,3197
1365,3607
1365,3843
1365,5588
1365,5939
1365,6132
1365,8911
1366,3099
1366,4022
1366,6460
1366,9694
1367,2220
1367,2305
1367,4251
1367,4459
1367,5152
1367,7776
1367,7841
1368,3629
1368,4065
1368,4622
1368,5126
1368,6701
1369,1547
1369,3618
1369,7707
1370,1794
1370,1899
1370,2305
1370,2664
1370,3136
1370,4314
1370,4405
1370,5642
1370,6021
1370,6118
1370,6279
1370,6323
1370,6977
1370,7255
1370,7522
1370,7920
1370,8499
1371,2191
1371,4128
1371,7434
1372,2306
1372,2836
1372,4274
1372,4707
1372,6141
1372,6340
1372,9605
1373,1922
1373,4797
1373,5039
1373,7910
1374,1996
1374,4060
1374,4444
1374,4570
1374,5601
1374,7261
1374,7805
1375,1421
1375,2658
1375,4454
1375,7720
1376,2221
1376,3340
1376,3737
1376,4617
1376,4684
1376,4814
1376,5532
1376,6698
1376,9713
1377,3734
1377,5638
1377,5873
1377,6655
1378,1982
1378,2391
1378,4469
1378,5416
1378,5533
1378,9076
1379,1603
1379,1728
1379,1769
1379,2022
1379,3924
1379,4131
1379,4222
1379,4862
1379,7578
1379,8993
1381,1817
1381,2189
1381,9386
1382,4184
1382,4207
1382,4671
1382,6643
1382,6660
1382,8008
1382,8907
1382,9054
1383,3624
1383,4213
1383,9186
1383,9387
1384,1416
1384,1655
1384,1751
1384,2057
1384,2311
1384,2672
1384,4115
1384,4658
1384,5002
1384,7925
1384,8356
1384,8767
1384,9698
1385,2474
1385,2636
1385,3116
1385,5798
1385,5848
1385,6659
1385,6790
1385,6939
1385,8250
1385,9278
1386,1434
1386,2960
1386,4173
1386,7422
1386,9848
1387,1701
1387,6167
1387,7317
1388,1515
1388,1611
1388,1865
1388,2855
1388,5223
1388,6322
1388,9227
1389,1726
1389,2304
1389,2326
1389,4602
1389,5321
1389,5957
1389,8714
1390,3028
1391,1579
1391,1920
1391,2103
1391,5427
1391,5474
1392,1997
1392,2602
1392,2770
1392,4625
1392,8274
1392,9041
1393,1687
1393,2673
1393,4402
1393,5171
1393,6245
1393,6293
1393,7717
1394,5223
1394,6846
1394,8102
1394,8555
1395,3215
1395,4373
1395,5538
1396,1974
1396,7315
1396,9431
1397,2055
1398,1540
1398,1687
1398,2278
1398,2815
1398,4487
1398,4966
1398,7456
1398,8541
1399,3092
1399,3590
1399,3976
1399,6805
1399,8884
1400,2260
1400,2438
1400,2458
1400,2854
1400,5921
1400,5966
1400,6350
1401,2503
1401,9196
1402,3359
1402,5041
1402,6174
1402,8186
1403,1578
1403,3010
1403,4006
1404,6050
1404,7690
1405,3134
1405,3568
1405,3612
1405,4440
1406,1475
1406,2443
1406,3244
1406,4493
1406,6145
1406,6307
1406,9368
1407,4612
1407,8552
1408,2765
1408,3133
1408,3741
1408,7891
1410,2119
1410,2456
1410,4698
1410,9594
1411,2206
1411,3003
1411,6656
1411,8029
1411,8992
1411,9513
1411,9944
1412,4198
1412,4505
1412,5039
1412,5468
1412,6923
1412,7600
1412,9424
1413,2797
1413,3141
1413,7384
1414,1790
1414,2028
1414,3770
1414,5411
1414,7450
1415,1437
1415,1798
1415,1978
1415,2059
1415,2138
1415,2605
1415,3265
1415,3473
1416,1701
1416,5514
1416,6132
1416,7474
1417,2985
1417,3055
1417,4485
1417,5882
1417,6485
1418,3326
1418,8263
1419,2343
1419,3783
1419,8992
1420,1565
1420,3797
1420,4118
1420,6724
1421,6037
1421,6496
1422,1440
1422,2927
1422,3231
1422,3750
1422,3779
1422,3787
1422,9404
1423,3825
1423,4648
1423,7787
1423,8091
1423,8202
1423,9997
1424,6033
1425,2294
1425,6729
1425,7462
1425,9160
1426,1884
1426,1935
1426,1984
1426,3571
1426,3688
1426,4126
1426,8084
1426,9423
1427,3075
1427,6315
1428,1574
1428,3335
1428,4645
1428,5625
1428,6350
1429,1440
1429,1499
1429,5858
1429,5932
1430,1548
1430,2999
1430,5416
1430,6017
1431,1701
1431,2005
1431,2616
1431,2895
1431,5198
1431,6399
1431,6489
1431,8062
1431,9306
1431,9925
1432,1481
1432,1600
1432,1969
1432,4155
1432,6928
1433,4524
1433,4574
1434,1702
1434,2272
1434,3712
1434,4232
1434,6070
1434,6168
1434,6527
1434,8845
1435,7213
1435,8830
1436,9289
1437,1938
1437,2263
1437,3513
1438,1556
1438,1722
1438,2113
1438,2204
1438,2353
1438,5353
1438,7368
1438,7401
1438,8013
1439,6485
1440,3509
1440,3621
1440,8649
1440,8735
1441,2472
1441,4133
1441,5308
1441,9130
1441,9795
1442,1876
1442,1934
1442,1944
1442,3578
1442,4137
1442,5494
1442,6576
1442,9915
1443,3647
1443,3809
1444,2794
1445,1913
1445,2806
1445,4013
1445,4178
1445,4587
1446,1474
1446,1580
1446,1594
1446,2279
1446,3458
1446,4051
1446,4110
1446,4686
1446,5297
1446,6727
1447,1543
1447,2111
1447,3777
1447,4728
1447,7562
1448,2645
1448,4790
1448,5238
1448,6345
1448,7112
1448,7397
1448,7530
1448,8072
1449,4297
1449,5392
1449,5827
1449,6419
1449,6705
1449,7427
1449,8631
1450,1985
1450,2913
1450,4036
1450,5178
1450,5398
1450,5509
1451,2177
1451,2304
1451,6269
1451,9821
1451,9924
1452,1464
1452,1998
1452,6167
1452,6440
1452,8014
1452,8040
1453,1987
1453,2475
1453,2544
1453,4107
1453,4331
1453,6338
1453,7302
1453,7506
1453,9945
1454,1619
1454,1908
1454,2309
1454,7616
1455,1518
1455,3545
1455,5117
1455,8929
1456,1471
1456,1685
1456,4196
1456,6045
1456,6056
1456,6102
1456,6319
1456,7742
1456,8856
1457,3050
1457,4230
1457,5992
1457,7344
1457,8959
1458,1633
1458,1753
1458,1953
1458,2781
1458,2860
1458,2937
1458,3386
1458,5044
1458,7480
1458,8803
1459,1475
1459,1535
1459,3790
1459,3898
1459,4298
1459,4853
1459,6547
1459,7331
1460,3069
1460,3840
1460,5311
1460,5773
1461,2933
1461,5582
1461,6924
1461,7936
1462,1544
1462,1619
1462,2045
1462,2136
1462,3013
1462,3226
1462,3808
1462,4683
1462,5093
1462,6695
1462,7282
1463,2123
1463,2240
1463,2788
1463,2883
1463,4818
1463,6863
1464,2259
1464,2995
1464,4784
1464,5318
1464,6439
1464,6763
1464,8902
1465,1905
1465,2046
1465,3638
1465,4897
1465,5530
1465,5633
1465,8903
1465,9337
1466,1895
1466,2527
1466,4640
1466,4916
1466,4988
1467,2059
1467,4957
1468,2939
1469,2679
1469,2821
1469,5656
1469,6270
1469,6583
1469,7416
1470,1525
1470,3328
1470,3499
1470,6895
1470,8582
1471,2236
1471,2949
1471,3060
1471,5018
1471,5506
1471,5624
1471,6373
1471,6610
1472,2309
1472,2346
1472,3501
1472,4149
1472,8867
1472,9703
1473,3210
1473,6862
1473,6971
1473,8728
1473,9719
1474,3486
1474,5294
1474,9098
1475,7076
1475,8601
1476,2477
1476,2706
1476,4796
1476,5068
1476,5278
1476,6031
1476,6531
1476,6532
1476,7440
1476,7921
1476,8814
1477,2400
1477,2837
1477,3364
1478,2613
1478,7267
1478,9415
1479,2152
1479,2535
1479,2659
1479,4482
1479,9791
1479,9838
1480,1535
1480,2454
1480,4596
1480,8166
1481,2725
1481,9815
1482,1825
1482,6335
1483,1816
1483,3410
1483,4829
1483,8279
1483,8786
1483,9322
1485,2156
1485,5520
1486,6329
1486,7116
1486,8822
1486,9733
1487,1987
1487,2092
1487,2648
1487,3602
1487,4662
1487,7312
1488,1580
1488,1709
1488,2832
1488,3344
1488,3518
1488,3663
1488,3869
1488,4381
1488,4873
1488,4926
1488,7773
1488,8213
1488,8429
1488,9921
1488,9933
1489,4400
1489,5448
1490,1563
1490,1859
1490,2721
1490,3713
1490,6627
1490,6981
1490,8559
1491,1776
1491,3076
1491,3945
1491,4501
1491,5614
1491,8038
1492,2679
1492,3688
1492,8626
1493,1950
1493,2224
1493,5248
1493,7227
1493,7517
1493,8082
1494,1717
1494,2412
1494,6033
1494,8097
1494,9947
1495,3397
1495,6062
1497,1653
1497,2215
1498,2234
1498,2888
1498,4075
1498,4508
1498,4539
1498,8009
1498,8101
1498,8881
1499,1652
1499,4327
1499,6752
1499,8176
1501,1593
1501,6966
1501,8453
1501,8532
1502,1996
1502,3099
1502,3641
1502,4677
1503,2072
1503,2169
1503,2229
1503,2424
1503,2548
1503,2722
1503,2858
1503,2871
1503,2897
1503,3024
1503,3135
1503,3141
1503,5058
1503,5421
1503,6812
1503,7091
1503,7864
1505,2627
1505,5340
1505,5428
1505,8411
1506,5721
1507,6765
1507,8757
1507,9983
1508,2804
1508,5905
1508,8314
1509,1754
1509,2027
1510,2987
1510,5461
1510,6885
1510,7574
1510,7873
1510,9773
1511,3345
1512,1716
1512,2195
1512,2712
1512,4312
1513,2322
1513,3844
1513,6804
1513,8544
1514,3708
1515,2170
1515,3706
1515,6665
1515,7381
1515,7930
1515,9272
1516,4675
1516,8061
1517,1519
1517,2015
1517,9934
1518,1692
1518,3127
1518,4668
1518,5928
1518,7365
1518,8186
1520,2179
1520,2661
1520,5425
1520,6605
1520,8395
1521,8060
1522,2479
1522,5958
1522,8742
1522,9448
1523,2123
1523,3068
1523,3144
1523,3487
1523,4101
1523,5165
1523,5168
1523,6387
1523,6869
1523,7293
1525,1639
1525,4375
1525,4595
1525,4748
1525,5600
1525,6068
1525,8007
1526,1556
1526,2989
1526,3294
1526,7618
1527,3383
1527,4777
1527,8518
1527,9063
1527,9134
1528,4434
1528,4440
1530,3027
1530,6546
1530,9324
1531,2317
1531,6359
1532,2122
1532,2385
1532,2684
1532,2793
1532,3399
1532,5692
1532,7294
1532,7404
1533,2242
1533,3112
1533,7485
1534,4176
1534,5578
1535,1691
1535,2023
1535,2358
1535,3264
1535,5304
1535,7923
1535,9330
1536,3232
1536,6137
1536,6601
1536,6933
1536,9538
1538,1627
1538,3500
1538,4400
1538,4628
1538,8861
1538,9048
1538,9437
1539,6079
1539,9638
1540,2060
1540,2149
1540,3993
1540,4105
1540,4180
1540,4390
1540,4830
1540,5543
1540,8499
1540,8905
1540,9266
1541,4290
1542,2100
1542,3254
1542,6128
1542,7013
1542,8337
1543,6280
1543,7951
1543,8059
1544,1692
1544,2610
1544,2820
1544,2997
1544,3221
1544,3262
1544,3935
1544,3947
1544,6622
1544,6627
1544,6905
1545,4164
1545,7051
1545,7346
1545,7786
1545,8547
1546,3844
1546,6030
1546,7715
1547,2817
1547,3435
1547,4915
1547,5678
1547,6425
1547,8744
1548,2031
1548,2797
1548,3062
1548,5955
1548,6698
1548,7065
1548,7077
1549,1948
1549,2361
1549,3511
1549,3744
1549,6966
1549,8949
1549,9790
1549,9841
1550,1734
1550,2124
1550,2905
1550,4009
1550,4104
1550,5531
1550,5594
1550,5711
1550,6317
1550,6942
1550,7794
1551,4144
1551,4974
1551,5167
1551,5673
1551,7220
1551,8380
1551,9775
1551,9816
1552,2065
1552,4145
1553,1837
1553,2813
1553,3319
1553,5160
1553,6211
1553,9352
1554,2858
1554,3248
1555,2492
1555,3376
1555,3420
1555,8680
1556,1736
1556,6554
1556,7447
1556,7502
1557,2751
1558,2536
1558,4191
1558,4964
1558,5898
1558,6265
1558,6742
1558,6915
1558,7054
1559,1759
1559,5492
1560,8896
1561,1649
1561,1796
1561,2187
1561,3238
1561,5574
1561,6631
1561,7274
1561,7496
1561,7549
1561,8347
1561,9215
1562,1757
1562,1761
1562,1978
1562,3229
1562,3307
1562,3757
1562,5472
1562,5926
1562,7628
1562,7703
1562,8866
1562,8904
1562,9758
1563,3586
1563,4504
1563,9200
1563,9519
1564,2094
1564,2215
1564,2226
1564,2647
1564,2790
1564,6095
1564,7917
1565,5454
1566,2339
1566,3463
1566,8470
1567,3842
1567,4041
1567,6022
1567,6883
1567,7302
1567,7705
1568,1772
1568,2651
1568,3102
1568,5491
1568,5500
1568,6983
1568,8093
1568,8905
1568,8988
1569,3719
1569,3892
1569,5915
1570,1593
1570,7328
1571,4520
1571,4932
1571,6561
1572,3981
1572,7202
1572,7888
1572,8608
1572,9687
1573,1909
1573,3347
1573,3774
1573,4109
1573,4514
1573,6837
1573,7176
1573,7611
1574,1859
1574,2075
1574,5053
1574,6292
1574,8297
1575,2279
1575,3297
1576,3130
1576,8375
1576,9202
1577,1666
1577,3796
1578,3738
1578,7212
1578,8241
1578,8814
1578,9607
1578,9883
1579,3530
1579,3807
1579,4179
1579,5067
1579,5613
1579,7853
1579,9620
1580,1872
1580,2113
1580,2453
1580,2890
1580,3242
1580,3978
1580,4652
1580,4719
1580,6027
1580,6427
1580,7557
1580,7910
1581,1597
1581,3340
1581,3918
1582,2157
1582,2537
1582,3459
1582,4086
1582,6310
1582,7148
1582,8286
1582,9989
1583,3570
1583,8492
1584,2888
1584,3637
1584,5451
1584,6894
1584,7786
1584,9202
1584,9236
1585,2873
1585,3395
1585,4520
1586,3959
1586,7473
1586,7807
1586,9696
1587,1739
1587,2803
1587,5016
1587,8064
1587,8529
1588,2134
1588,2581
1588,4628
1588,5906
1588,6127
1588,6783
1589,2227
1589,3148
1589,4763
1589,7013
1589,8470
1589,9935
1591,4392
1591,6396
1591,7701
1592,2282
1592,6512
1592,7602
1594,1612
1594,1841
1594,3309
1594,4064
1594,4076
1594,4243
1594,4291
1594,5410
1594,5991
1594,6100
1594,6552
1594,8137
1594,9117
1595,3996
1595,7312
1595,7800
1596,4772
1596,7148
1596,7560
1598,2351
1598,2629
1598,3926
1598,4961
1598,5052
1598,5436
1599,3277
1599,3538
1599,4544
1599,6023
1599,8666
1599,9045
1600,1725
1600,2569
1600,4584
1600,4925
1600,5093
1600,5846
1600,8525
1600,9182
1600,9943
1601,1833
1601,2209
1601,5910
1601,9316
1602,2787
1602,3518
1602,5579
1602,6337
1602,8792
1602,8842
1603,2518
1603,3020
1603,3269
1603,3831
1603,4958
1603,6755
1603,9473
1603,9836
1603,9987
1604,2065
1604,3929
1604,4279
1605,6335
1605,8600
1607,2243
1607,3032
1607,4723
1609,4565
1609,5429
1609,6013
1609,8130
1610,1808
1610,3416
1611,4235
1612,2332
1612,7287
1612,7455
1613,2023
1613,8125
1614,5871
1615,1814
1615,2092
1615,5358
1615,6606
1615,7565
1615,8562
1615,9082
1615,9448
1616,6108
1617,1618
1617,2299
1617,2731
1618,2080
1618,2084
1618,4204
1619,2086
1619,2965
1619,5340
1619,6768
1619,8680
1619,8736
1620,2222
1620,2293
1620,2726
1620,2816
1620,3077
1620,3094
1620,5104
1620,5311
1620,5738
1620,7339
1620,8252
1620,9826
1620,9974
1621,1899
1621,2876
1621,9080
1622,3191
1622,3554
1622,4566
1622,6279
1623,7042
1623,8554
1625,1936
1625,4414
1625,5203
1625,8528
1626,4920
1626,7127
1626,9105
1627,3546
1628,2331
1628,7187
1628,9914
1629,8819
1630,1892
1630,4753
1630,5521
1630,6006
1630,6240
1630,7729
1630,7853
1630,7956
1630,9749
1631,4299
1631,5674
1631,6151
1632,5464
1632,8668
1632,9422
1633,1792
1633,3013
1633,9160
1633,9327
1634,3099
1634,5208
1634,5309
1634,7503
1634,7711
1634,8998
1634,9149
1634,9256
1634,9787
1635,2209
1636,1915
1636,3151
1636,3327
1636,4286
1636,4702
1636,7075
1636,8504
1636,9133
1636,9782
1637,1777
1637,3990
1637,4537
1637,5869
1637,6380
1637,6737
1637,7201
1637,8960
1637,9452
1638,3392
1638,3779
1638,7358
1638,9873
1639,2138
1639,5992
1640,2258
1640,2935
1640,5187
1640,6395
1640,6482
1640,7782
1640,9551
1641,2143
1641,2639
1641,3841
1641,4210
1641,4370
1641,4734
1641,9932
1642,1743
1642,5423
1642,8615
1642,8699
1643,1755
1643,6711
1644,4674
1644,7127
1645,2690
1645,3224
1645,3921
1646,1789
1646,1936
1646,2218
1646,5254
1646,5835
1646,6776
1646,7204
1646,8988
1646,9511
1648,2373
1648,3102
1648,9631
1650,2091
1650,4852
1650,8127
1650,9336
1651,4627
1651,5417
1651,7122
1651,7126
1652,1955
1652,4265
1652,7149
1652,9145
1652,9190
1653,1807
1653,4473
1653,6338
1653,8261
1654,2208
1654,2843
1655,1783
1655,3130
1655,4380
1655,4924
1655,9027
1655,9141
1656,4204
1656,6192
1656,8730
1657,9092
1658,3248
1660,1841
1660,2939
1660,3041
1660,3973
1660,4179
1660,4340
1660,4393
1660,4652
1660,6903
1661,3230
1661,3681
1661,5173
1661,5325
1661,6136
1661,8812
1662,3631
1662,3874
1662,7438
1663,2266
1664,3752
1664,7321
1665,2032
1665,2525
1665,2911
1665,6217
1666,2596
1666,3137
1666,7210
1666,8268
1667,4582
1667,5786
1667,8021
1668,2705
1668,3037
1668,4730
1668,5790
1669,2216
1669,2357
1669,5739
1669,8564
1670,1738
1670,2232
1670,6330
1670,6575
1670,8018
1671,3567
1671,4288
1671,6058
1671,6712
1671,7256
1673,2346
1673,5574
1674,3414
1674,3956
1674,4213
1674,4377
1674,5062
1674,6463
1674,6854
1674,7351
1674,7439
1674,7492
1674,7555
1674,8995
1675,7869
1675,9131
1675,9766
1676,6004
1676,7917
1676,8168
1677,3150
1677,4238
1677,6917
1677,7007
1677,8924
1677,9267
1678,3394
1678,4163
1678,4803
1678,5261
1678,7223
1678,9297
1678,9820
1679,2388
1679,2490
1679,3236
1679,5700
1679,5769
1679,6189
1679,6320
1679,6905
1679,7766
1679,8679
1679,9389
1680,5458
1680,8047
1681,1776
1681,2755
1681,4354
1681,5348
1681,5615
1681,6604
1681,7129
1681,7784
1682,4784
1682,5041
1683,1740
1683,1842
1683,2341
1683,2989
1683,3734
1683,4131
1683,4572
1683,6088
1683,7301
1683,9906
1685,2982
1686,4701
1686,8949
1686,9281
1687,2451
1687,2459
1687,8285
1688,2055
1688,2447
1688,2779
1688,2918
1688,2953
1688,3957
1688,4544
1688,5227
1688,9078
1689,1854
1689,1919
1689,3585
1689,7906
1690,2203
1690,2753
1690,3123
1690,3776
1690,5201
1690,7380
1690,9745
1690,9865
1691,2418
1691,2959
1691,3311
1691,5193
1691,5670
1691,7314
1691,9126
1691,9923
1692,2058
1692,6992
1692,9831
1693,2090
1693,2453
1693,7363
1693,8402
1693,8422
1693,9147
1693,9353
1694,2066
1694,4078
1694,5954
1694,6642
1694,7011
1694,7424
1694,9007
1694,9430
1695,6749
1696,2213
1696,2224
1696,3168
1696,3521
1696,4144
1696,6359
1696,6433
1697,1966
1697,3369
1697,3919
1697,5442
1697,7634
1698,1766
1698,2005
1698,2442
1698,2930
1698,3550
1698,4361
1698,4779
1698,5422
1698,5510
1698,6189
1698,6546
1698,7702
1698,8155
1700,8143
1700,8783
1701,4336
1701,4390
1701,4525
1701,6034
1701,8046
1702,1851
1702,1908
1702,2452
1702,3566
1703,2175
1703,2221
1703,6165
1703,6288
1703,8174
1703,9438
1704,5285
1704,7398
1704,9517
1705,1745
1705,6024
1705,6320
1705,6810
1706,2274
1707,1752
1707,2326
1707,2436
1707,3122
1707,3461
1707,4190
1707,4252
1707,5110
1707,7832
1707,8828
1707,9813
1707,9928
1708,1957
1708,3592
1708,7248
1708,7876
1708,8195
1708,8846
1709,5613
1709,7469
1710,2005
1710,4764
1710,6511
1710,9913
1711,3122
1711,4941
1712,5641
1712,7357
1712,8119
1712,8785
1713,3335
1713,7001
1714,1941
1714,5483
1714,9717
1714,9999
1715,5376
1715,6216
1715,7619
1716,2208
1716,4135
1716,4771
1716,6371
1716,8408
1716,8438
1718,4749
1718,5861
1718,9276
1719,2233
1719,3373
1719,3655
1719,4316
1719,6349
1719,6888
1719,9748
1720,2223
1720,3337
1720,4664
1720,9298
1720,9459
1721,8232
1721,8961
1722,1986
1722,3475
1722,4999
1722,6135
1722,6451
1722,8260
1722,9447
1722,9838
1723,5066
1723,8788
1724,3366
1725,2248
1725,5793
1725,9967
1726,2712
1727,8605
1728,1884
1729,5123
1729,6961
1729,7682
1729,8292
1729,9021
1729,9582
1729,9869
1730,4757
1730,6829
1731,1856
1731,2145
1731,4073
1731,4215
1731,5288
1732,1846
1732,2434
1732,2473
1732,3035
1732,3464
1732,3510
1732,7846
1732,8134
1732,8449
1732,8876
1733,4954
1733,5051
1734,2558
1734,3556
1734,3983
1734,4001
1734,4147
1734,4474
1734,5871
1734,6867
1734,7803
1734,8601
1735,1896
1735,6006
1735,9693
1736,2087
1736,2572
1736,2691
1736,3397
1736,3972
1736,4301
1736,4382
1736,4590
1736,4831
1736,5157
1736,5176
1736,5686
1736,6596
1736,7529
1736,7837
1736,8218
1736,8251
1736,9137
1737,4417
1739,9866
1740,2993
1740,5720
1740,6878
1740,7406
1740,8200
1740,8220
1740,8658
1741,2673
1741,2941
1741,3767
1741,7420
1741,7886
1742,2723
1742,3852
1742,3922
1742,4673
1742,5182
1742,7388
1742,9528
1743,3342
1744,9769
1745,2403
1745,3568
1745,3579
1745,4413
1745,5828
1745,6825
1745,8083
1745,8365
1745,9235
1745,9769
1746,1870
1746,3095
1746,4301
1746,5089
1746,5095
1746,5214
1746,6620
1746,7135
1746,7594
1746,7659
1746,8105
1747,2875
1747,9489
1748,1832
1748,1867
1748,2154
1748,2795
1748,3514
1748,4863
1748,5314
1748,7470
1748,9089
1748,9755
1748,9872
1749,2682
1750,2052
1750,2251
1750,6116
1750,7269
1750,7385
1751,2877
1751,2960
1751,3204
1751,4651
1752,2003
1752,2219
1752,2311
1752,2670
1752,4099
1752,4276
1752,4993
1752,5415
1752,8980
1754,6158
1754,6385
1755,2499
1755,5596
1755,7031
1756,3240
1756,3298
1757,2634
1757,3625
1757,6568
1757,6834
1757,7284
1758,1895
1758,3415
1758,4148
1758,8978
1759,3064
1759,4193
1759,6689
1759,6809
1760,2096
1760,2243
1760,4005
1760,6067
1760,8134
1760,8504
1760,8925
1760,9148
1760,9544
1762,3963
1762,4756
1762,4945
1762,6062
1762,7620
1763,2511
1763,3940
1764,3100
1764,5276
1764,7094
1765,6791
1765,7937
1766,2435
1766,9106
1767,2871
1767,4003
1769,2210
1769,2663
1769,2857
1769,4005
1769,5465
1769,8033
1770,2171
1770,2495
1770,4056
1770,8476
1770,9556
1771,2040
1771,2752
1771,8043
1772,3092
1772,8252
1773,2003
1773,2212
1773,6732
1773,8028
1773,9330
1775,2076
1775,2502
1775,3403
1775,3828
1775,5665
1775,7011
1777,5402
1778,3669
1778,4717
1779,8244
1780,5798
1780,6204
1780,7262
1781,7089
1782,1795
1782,1912
1782,2771
1782,3169
1782,4275
1782,7948
1782,8595
1782,8726
1782,9831
1782,9902
1783,1953
1783,4151
1783,6076
1783,9380
1784,7787
1785,3070
1785,3223
1785,7515
1786,7836
1787,4310
1788,5890
1788,8312
1789,2390
1789,4704
1789,5958
1789,9311
1790,2687
1790,8835
1790,9263
1790,9746
1791,5193
1791,5398
1791,6061
1791,7574
1792,5950
1792,6951
1792,7714
1792,8308
1793,2778
1794,1833
1794,2075
1794,3613
1794,4328
1794,4822
1794,7253
1794,7304
1794,9858
1794,9903
1795,6602
1795,8651
1796,3902
1796,3922
1796,4169
1796,8886
1796,9978
1797,2116
1797,6556
1798,2122
1798,2485
1798,3158
1798,6069
1798,6785
1798,8379
1799,2799
1799,3387
1799,5565
1799,5621
1799,7104
1800,2589
1800,2669
1800,3447
1800,3456
1800,3912
1800,4228
1800,4397
1800,4470
1800,4480
1800,7367
1800,8160
1800,9529
1801,2110
1801,2870
1801,4287
1801,4669
1801,7954
1801,8248
1801,9440
1802,1836
1802,2667
1802,9393
1802,9791
1803,3523
1803,4698
1803,9169
1804,4155
1804,4448
1804,7794
1804,9509
1807,1865
1807,3451
1807,4398
1807,4868
1808,2120
1808,2375
1808,3814
1808,5034
1808,5948
1808,9276
1809,2699
1809,4619
1809,6614
1809,7872
1810,4118
1811,2820
1811,4967
1811,5704
1811,8328
1811,8632
1811,9481
1813,2213
1813,3077
1813,5998
1813,6421
1813,8050
1814,2020
1815,2017
1815,2148
1815,8265
1815,8446
1815,9563
1816,2068
1816,2560
1816,3574
1816,6010
1816,6957
1816,7023
1816,7233
1816,9734
1816,9857
1817,1915
1817,3409
1817,6335
1818,3993
1818,7793
1819,1931
1819,2469
1819,3149
1819,5349
1819,9365
1820,1945
1820,2530
1820,5887
1821,2480
1821,3617
1821,3730
1821,4817
1821,5721
1822,2044
1822,2991
1822,3171
1822,4860
1823,4049
1823,6586
1824,4846
1824,7743
1825,2387
1825,2932
1825,2934
1825,3118
1825,4544
1825,5928
1825,7867
1825,8447
1825,8594
1825,9239
1825,9794
1826,1917
1826,7166
1827,5185
1827,7407
1828,2272
1828,2800
1828,3238
1828,3539
1828,8883
1828,9724
1829,3722
1829,6785
1829,8069
1830,2450
1830,4106
1830,4852
1830,7152
1830,7396
1830,9695
1830,9749
1831,4363
1832,5396
1832,7691
1832,8064
1833,4128
1834,2131
1834,6089
1834,8913
1835,4158
1836,2214
1836,2253
1836,4495
1836,7470
1836,8511
1837,4201
1837,6738
1837,8541
1838,3266
1838,3616
1838,3867
1838,4413
1838,4883
1838,7458
1838,7488
1838,7987
1839,7252
1840,6864
1841,1943
1841,2202
1841,2931
1841,5816
1841,6638
1841,8320
1841,8641
1842,3852
1842,6870
1842,8136
1842,9377
1843,2298
1843,4332
1843,5504
1843,7378
1843,7605
1843,8622
1843,8677
1844,2575
1844,2661
1845,8687
1846,3201
1846,7143
1847,3056
1847,4930
1847,6594
1847,8549
1847,9470
1847,9692
1848,2655
1848,4481
1848,8048
1849,5590
1850,2407
1850,2589
1850,3429
1850,4775
1850,5517
1850,6521
1850,9249
1850,9401
1850,9921
1851,2152
1851,4316
1851,5785
1851,7319
1852,8003
1853,2094
1853,3773
1853,3894
1853,5434
1853,5774
1853,8311
1853,8489
1854,7411
1854,7527
1854,8444
1856,5041
1856,8602
1856,8706
1857,2862
1857,2948
1858,5930
1858,7934
1860,2290
1860,2411
1860,4923
1860,6470
1860,8958
1861,2671
1861,2844
1861,3221
1861,4725
1861,4904
1862,3371
1862,4290
1862,6043
1862,6962
1863,2131
1863,3931
1863,5375
1863,5818
1863,6576
1863,9693
1864,2463
1864,3056
1864,4603
1865,3106
1865,4783
1865,6977
1865,8393
1865,9567
1866,2409
1866,4929
1866,4942
1866,8560
1866,9340
1866,9536
1867,5502
1867,6993
1867,8753
1868,2812
1868,3157
1868,3343
1868,4805
1868,6196
1868,7192
1869,4758
1869,9455
1870,2884
1870,5154
1870,9035
1872,8125
1873,3971
1873,5759
1874,3186
1874,3613
1874,4576
1874,6934
1874,7166
1874,7192
1874,7829
1875,6600
1875,6609
1875,9405
1876,2948
1876,2972
1876,3217
1876,7641
1876,8951
1877,1883
1877,2314
1877,2920
1877,2980
1877,3276
1877,3654
1877,4570
1877,4583
1877,4665
1877,5430
1877,7138
1877,7481
1877,7500
1877,7728
1877,8268
1878,2207
1878,3457
1878,3914
1878,4306
1878,5637
1878,7046
1878,7879
1878,7988
1878,8405
1878,9144
1878,9404
1878,9649
1878,9997
1879,2922
1879,3602
1879,4472
1879,4646
1879,5168
1879,5452
1879,5494
1879,5790
1879,7122
1879,8044
1879,8052
1879,8997
1879,9806
1880,2672
1880,2791
1880,2966
1880,4100
1880,4408
1880,4496
1880,5984
1880,6982
1880,9108
1880,9157
1881,2908
1881,4157
1881,5801
1881,7487
1882,3456
1882,9413
1883,3318
1883,4586
1884,4686
1884,5332
1884,5857
1885,2053
1885,4880
1885,5538
1885,5884
1885,6124
1886,1891
1886,3445
1886,4967
1886,5944
1886,6429
1886,6751
1886,7092
1886,7451
1887,2961
1887,3398
1887,4131
1887,5229
1887,6802
1887,8060
1888,3303
1888,5146
1888,7204
1889,2296
1889,2506
1890,4690
1890,5040
1891,1893
1891,2213
1891,3609
1891,4083
1891,4226
1891,4385
1891,5970
1891,7297
1892,2763
1892,3030
1892,3411
1892,5519
1892,9494
1892,9950
1893,6302
1893,7252
1893,7926
1893,7962
1893,9428
1893,9684
1894,3635
1894,4155
1894,8998
1895,5825
1896,2642
1897,3314
1897,4209
1897,5515
1897,6955
1897,7347
1897,8206
1897,8375
1897,8433
1898,2716
1898,3830
1898,5162
1898,5632
1899,3784
1899,8045
1900,3156
1900,3933
1900,6514
1900,6887
1901,4369
1901,4814
1901,6623
1901,6706
1901,6775
1901,7273
1901,8602
1901,8832
1902,2177
1903,2514
1903,5099
1903,5121
1903,6431
1903,8541
1905,1964
1905,3368
1905,5689
1905,7905
1906,2462
1906,2804
1906,3008
1906,4355
1906,7599
1906,9486
1907,3064
1907,3326
1907,3654
1907,3936
1907,6446
1907,6941
1907,8857
1908,2568
1908,3438
1908,4961
1908,5355
1908,6057
1909,2917
1909,3547
1909,4124
1909,5403
1909,6327
1910,7101
1910,9443
1911,3553
1911,4315
1911,9799
1912,2183
1913,1996
1913,3542
1913,4383
1913,4770
1913,6357
1913,6535
1913,8999
1914,4431
1915,2154
1915,4075
1915,7547
1916,2756
1916,4865
1916,6255
1916,7640
1916,8126
1916,8276
1916,8457
1917,2192
1917,2463
1917,2770
1917,5025
1917,6353
1917,6762
1917,7712
1917,8185
1917,9340
1918,1990
1918,2246
1918,3832
1918,5874
1918,6484
1918,8546
1919,3364
1919,3576
1919,6296
1919,6886
1919,7940
1921,1945
1921,2641
1921,4059
1921,4489
1921,4879
1921,5116
1921,6095
1921,6243
1921,6792
1921,9201
1922,3952
1922,4787
1922,6806
1922,6935
1922,9763
1923,2971
1923,5848
1923,6430
1923,9029
1923,9650
1924,1950
1924,1970
1924,1988
1924,2077
1924,7964
1924,9197
1926,5883
1926,6022
1926,7037
1927,2728
1927,2764
1927,4709
1927,7672
1927,9724
1928,4564
1929,2191
1929,2962
1929,3619
1929,4164
1929,4577
1929,4606
1929,7268
1930,2743
1930,8652
1930,9644
1931,4516
1931,5917
1931,6174
1931,6257
1931,9347
1931,9945
1932,3593
1932,4824
1932,6204
1932,7198
1933,2097
1933,3259
1933,4351
1933,4365
1933,5442
1933,8859
1934,2017
1934,2024
1934,2269
1934,2304
1934,2865
1934,3581
1934,3813
1934,3817
1934,5771
1935,2645
1935,3173
1935,5087
1935,6122
1935,6409
1935,7030
1935,7637
1935,9385
1936,2364
1936,5259
1936,5294
1936,6467
1936,9393
1936,9990
1937,3063
1937,5070
1937,5112
1937,5519
1937,6369
1937,7620
1937,7964
1937,7984
1937,8255
1937,8483
1937,8953
1938,2781
1938,7561
1938,8102
1939,3029
1939,3596
1939,3920
1939,5009
1939,7133
1939,8336
1940,4127
1940,4710
1940,6763
1940,8342
1941,9140
1941,9177
1942,4119
1943,2924
1943,4091
1943,7834
1944,3401
1944,5757
1945,2401
1945,4324
1945,6715
1946,2105
1946,3272
1946,5709
1946,8681
1947,5191
1947,5884
1947,7220
1947,7788
1947,8192
1947,9026
1948,2148
1948,3955
1948,4609
1949,3566
1949,4788
1949,5983
1949,7829
1949,8517
1950,4110
1950,8299
1951,3387
1951,3622
1951,4793
1952,2555
1952,4040
1952,5056
1952,5296
1952,5413
1952,8328
1953,5202
1955,2319
1955,8675
1956,2787
1956,2889
1956,3086
1956,3515
1956,3873
1956,6891
1956,7496
1956,7772
1956,8045
1956,8721
1956,8857
1956,9619
1957,2307
1957,6259
1957,9758
1958,2465
1958,6197
1958,8898
1959,2143
1959,5855
1959,6091
1960,3369
1960,4593
1960,6050
1960,8585
1961,2025
1961,4117
1961,7687
1961,9170
1962,2523
1963,2050
1963,3818
1963,6388
1963,7664
1964,3757
1965,5320
1965,8630
1966,5871
1966,9248
1966,9661
1967,4082
1967,5982
1968,2798
1968,3271
1968,4154
1968,4770
1968,6581
1969,2167
1969,3775
1969,8066
1970,1980
1970,3584
1970,6226
1970,6247
1970,6453
1970,7850
1971,3142
1971,3503
1971,8467
1971,8576
1971,8663
1972,2493
1972,2798
1972,3558
1972,3890
1972,4262
1972,4335
1972,4792
1972,9146
1973,2717
1974,2241
1974,2313
1974,4716
1974,5656
1974,8496
1975,1978
1975,4930
1975,5273
1975,9833
1977,3244
1977,4829
1977,9663
1978,3127
1978,3794
1979,3375
1979,6581
1980,4454
1980,4660
1980,5542
1980,6385
1980,7670
1981,3266
1981,3639
1981,3749
1981,5747
1981,6125
1981,9847
1982,2073
1982,4383
1982,4406
1982,4889
1982,4955
1982,5995
1982,7181
1982,7777
1982,8181
1983,2713
1983,3768
1983,6654
1983,7219
1984,3300
1984,5256
1984,5380
1984,5860
1984,7304
1985,2082
1985,2910
1985,2918
1985,4627
1985,8305
1985,8673
1986,7843
1987,2639
1987,3769
1987,7535
1988,4948
1988,6360
1988,8134
1989,2483
1989,4467
1989,4621
1989,5843
1989,5926
1990,2681
1990,3415
1990,3814
1990,5355
1990,5723
1990,7221
1990,7776
1991,2087
1991,2408
1991,3214
1991,3287
1991,4165
1991,8241
1993,3261
1993,3969
1993,6514
1993,6736
1993,7509
1993,9030
1993,9247
1994,2004
1994,2176
1994,9476
1995,2835
1995,3121
1996,5366
1997,2016
1997,2235
1997,2308
1997,2430
1997,2508
1997,2665
1997,2726
1997,2833
1997,3370
1997,3512
1997,3717
1997,3809
1997,3898
1997,5048
1997,5258
1997,5665
1997,6681
1997,7141
1997,9776
1998,2344
1998,3145
1998,3454
1998,4855
1998,5712
1998,5894
1998,9065
1999,2531
1999,4922
1999,5783
1999,7613
1999,8157
2000,4664
2000,5092
2000,5506
2001,2873
2001,4503
2001,5047
2001,5767
2001,7697
2002,2740
2002,4441
2002,6337
2002,6753
2003,2222
2003,3913
2004,2859
2004,4939
2005,3286
2005,3665
2005,3786
2005,5767
2005,7376
2006,2036
2006,3153
2006,8574
2008,2172
2008,2181
2008,3001
2008,3528
2008,4697
2008,5113
2009,4002
2009,5477
2009,7857
2010,2088
2010,3830
2011,2325
2011,3161
2011,3706
2011,4114
2011,9244
2012,3835
2013,2329
2013,4871
2013,5889
2013,9262
2014,2944
2014,3361
2014,3492
2014,3723
2014,5603
2015,2347
2015,8072
2015,9961
2017,3220
2017,4140
2017,8156
2017,8517
2017,9084
2017,9222
2018,2942
2018,3166
2018,3589
2018,5194
2018,7400
2018,9536
2019,3042
2019,3962
2019,4549
2019,5369
2019,5905
2019,6340
2019,7327
2019,7522
2019,7642
2019,7903
2019,8486
2019,8810
2019,9270
2020,2110
2020,2970
2020,6802
2020,7811
2020,8523
2020,9219
2020,9463
2021,4743
2022,7726
2023,2978
2023,3053
2023,8689
2023,9343
2024,2265
2024,2449
2026,4640
2026,8179
2027,2967
2027,4608
2027,7890
2028,3147
2028,4182
2028,4583
2028,7072
2029,2397
2029,2446
2029,3820
2029,7572
2029,8243
2029,8383
2029,8641
2029,8907
2029,9642
2030,3649
2030,5884
2031,6170
2032,2394
2033,2824
2033,3158
2033,4422
2034,7342
2035,4750
2036,2066
2036,2570
2036,4447
2036,4982
2036,5345
2036,7236
2036,7458
2036,7598
2037,3275
2038,3204
2038,4470
2038,9254
2039,3576
2039,5955
2039,6347
2039,8605
2040,3952
2040,4100
2040,4498
2040,6381
2040,7953
2041,3203
2041,3345
2041,3419
2041,3597
2041,7338
2041,8851
2042,2478
2042,3146
2042,3879
2042,5994
2042,8882
2043,2947
2043,3405
2043,3874
2043,3893
2043,5204
2043,7812
2043,9840
2044,2539
2044,2979
2044,3788
2044,4389
2044,4780
2044,5368
2044,8290
2045,2621
2045,3358
2045,3461
2046,2452
2046,3745
2047,2776
2047,3260
2047,3422
2047,4545
2047,9804
2048,8961
2049,5297
2049,6286
2049,6564
2049,7585
2049,8163
2050,2464
2050,3093
2050,3200
2050,3308
2050,3798
2050,5651
2050,6351
2050,7132
2050,7621
2050,8475
2050,9707
2051,3199
2051,3963
2051,4909
2052,2277
2052,3067
2052,6109
2052,8165
2053,3016
2053,5067
2053,7541
2053,9911
2054,4029
2055,5141
2055,9472
2056,3482
2056,7247
2056,7537
2056,8468
2056,8514
2056,8533
2056,8606
2057,2831
2058,6312
2058,6948
2058,8822
2059,5414
2059,6338
2059,6435
2059,9477
2060,3419
2060,7617
2060,8723
2060,9850
2061,2252
2061,2913
2061,2921
2061,3682
2061,4657
2061,6700
2061,8554
2061,8721
2062,6418
2062,6873
2062,6971
2062,9843
2064,8531
2065,2236
2065,4150
2065,4704
2065,6944
2066,4981
2067,3557
2067,4272
2067,5510
2067,5883
2067,5962
2067,9722
2068,4132
2068,4549
2068,6796
2069,3083
2069,3664
2069,3718
2069,4268
2069,7130
2069,7959
2071,2285
2071,4436
2071,4749
2071,6195
2071,6800
2071,9086
2071,9592
2073,4008
2073,8638
2074,7639
2075,2750
2075,7300
2075,8728
2076,3672
2077,2790
2077,7154
2078,7994
2080,2921
2080,3357
2080,4423
2080,5572
2080,8321
2081,2510
2081,2981
2081,9812
2082,6259
2082,6422
2082,7567
2082,8955
2083,3207
2083,5025
2085,3241
2085,6392
2085,8628
2086,3096
2086,5343
2086,5583
2086,6753
2086,7103
2086,7988
2086,9415
2087,5902
2087,9656
2088,5354
2088,5619
2088,7063
2088,7097
2088,7681
2089,2142
2089,3542
2089,4815
2089,5682
2089,6116
2089,7652
2090,7701
2090,7898
2091,2817
2091,9259
2092,2220
2092,7182
2092,8122
2092,9430
2093,2263
2093,2478
2093,4861
2093,4966
2093,5292
2093,6616
2093,6846
2094,5696
2094,6280
2094,8250
2094,8780
2095,3458
2095,3632
2095,4911
2095,5089
2095,9938
2096,2381
2096,2735
2096,3094
2096,9445
2099,2376
2099,2583
2099,2696
2099,6865
2099,8833
2099,9606
2100,2927
2100,3415
2100,4132
2100,4995
2100,6067
2100,6191
2100,6747
2100,6984
2100,7709
2100,9484
2100,9670
2101,2900
2101,5079
2101,6659
2102,2374
2102,2401
2102,3207
2102,3837
2102,4421
2103,2153
2103,4296
2103,5281
2103,5429
2103,6185
2103,8343
2103,9180
2104,2262
2104,3648
2104,5685
2104,7654
2105,2544
2105,2713
2105,4348
2105,6262
2105,8491
2105,8939
2106,2468
2106,3614
2106,6227
2107,3022
2107,3438
2107,4077
2107,4748
2107,4801
2107,7192
2107,7908
2107,8584
2109,3715
2109,5990
2109,6767
2109,7004
2109,7723
2109,7775
2109,8745
2109,8865
2109,8867
2110,3673
2110,3855
2110,4737
2111,2592
2111,2663
2111,7733
2112,2181
2112,7184
2112,9867
2113,5844
2114,2119
2114,2552
2114,2947
2114,4624
2114,4868
2114,5379
2115,2777
2115,3073
2115,5819
2115,9305
2116,2173
2116,3180
2116,4235
2116,8062
2116,9529
2116,9616
2117,2968
2117,3598
2118,2571
2118,3491
2118,5421
2118,9808
2118,9925
2119,6790
2120,3765
2120,4597
2120,8724
2120,9930
2121,3002
2121,3551
2121,4096
2121,6477
2121,6836
2121,8447
2121,8817
2121,9819
2122,2673
2122,2708
2122,2709
2122,2812
2122,3747
2122,4204
2122,4980
2122,5868
2122,6348
2122,6821
2122,6927
2122,8234
2122,8245
2122,8487
2122,8660
2123,3284
2123,3299
2123,5749
2123,6205
2123,9580
2123,9899
2123,9912
2124,6999
2125,8849
2126,2333
2126,3030
2126,5324
2127,8265
2127,8811
2128,4225
2128,6221
2129,2332
2129,6258
2130,2875
2130,3756
2130,4321
2130,5122
2130,5146
2130,5736
2130,6597
2130,7190
2130,7349
2130,7762
2130,9292
2131,2513
2131,4015
2131,8139
2131,8295
2131,8654
2133,2429
2134,4151
2135,5462
2135,9280
2136,6845
2138,3061
2139,2371
2139,7443
2140,4216
2140,5972
2140,7345
2140,8529
2140,8587
2141,3258
2141,4051
2141,4500
2141,6035
2141,6384
2141,8138
2141,8782
2142,7576
2143,2393
2143,4927
2143,6834
2144,3015
2144,3278
2144,5263
2144,6989
2144,7982
2144,9788
2145,2371
2145,4707
2145,5810
2145,7801
2145,8167
2145,9747
2146,2532
2146,3126
2146,4870
2146,8108
2147,2232
2147,2526
2147,3925
2147,8474
2148,4879
2148,5566
2148,7845
2148,9145
2148,9283
2148,9846
2149,5568
2149,7487
2150,4846
2150,5743
2150,6166
2151,2877
2152,2461
2153,3868
2154,8325
2155,9849
2156,2413
2156,2908
2156,3788
2156,5066
2156,5799
2156,5922
2156,6598
2156,7193
2156,9408
2156,9859
2157,3892
2157,4476
2157,4720
2157,8771
2157,8993
2157,9628
2159,9527
2160,8696
2161,4650
2161,6026
2161,6777
2162,2237
2162,4543
2162,5505
2164,5420
2164,5973
2164,6324
2164,7080
2164,8388
2164,8873
2164,9854
2165,3205
2165,3252
2165,3879
2165,8495
2165,9251
2165,9550
2166,5909
2166,7307
2166,7511
2167,2842
2167,4050
2167,4227
2167,6627
2167,6885
2167,6995
2167,9841
2167,9922
2168,2177
2168,2232
2168,2366
2168,3819
2168,4720
2168,5309
2168,6078
2168,8201
2168,9168
2169,3306
2169,4028
2169,4034
2170,6735
2171,2783
2171,6650
2171,8631
2172,3026
2172,3179
2172,3300
2172,3317
2172,4305
2172,4625
2172,5114
2172,5574
2172,5631
2172,7017
2172,7759
2172,9487
2173,3294
2173,3934
2173,4285
2173,4571
2173,8257
2173,8811
2174,2384
2174,2576
2174,3004
2174,4152
2174,4334
2174,4950
2174,6902
2174,8280
2175,3186
2175,6626
2175,8047
2176,2256
2176,3109
2176,4867
2177,9506
2178,2866
2179,3071
2179,7572
2179,8679
2180,5532
2182,3198
2183,2226
2183,3227
2183,3468
2183,3987
2183,5248
2183,5629
2183,5762
2183,6253
2183,8559
2186,2244
2186,5792
2187,3780
2188,2546
2188,2990
2188,3159
2188,5088
2188,5249
2188,5436
2188,6637
2189,2269
2189,2675
2190,8025
2191,2984
2191,3607
2191,4566
2191,6056
2192,2650
2192,3721
2192,7056
2192,7890
2193,5193
2194,4330
2194,5120
2195,2376
2195,2414
2195,3272
2195,6333
2195,6718
2195,6744
2195,8017
2195,8538
2196,2915
2196,4033
2196,7753
2196,9447
2197,2244
2197,2526
2197,4939
2197,5660
2197,6426
2197,7235
2198,4723
2198,5341
2198,6147
2198,7790
2199,6813
2200,3367
2200,5308
2200,7018
2200,7163
2200,7408
2200,8484
2201,7237
2202,2500
2202,4817
2202,7542
2203,5230
2203,9971
2204,2249
2204,2911
2204,4428
2204,7569
2204,8787
2204,9647
2205,5076
2206,8730
2207,3024
2207,4192
2207,4587
2207,6623
2207,6998
2207,9304
2207,9923
2208,5932
2209,3702
2209,4219
2209,5278
2209,6059
2209,6487
2210,3886
2210,4899
2210,9310
2211,3553
2213,2652
2213,2680
2213,4624
2213,7825
2214,4851
2214,9815
2215,2369
2215,3700
2216,2445
2216,2466
2216,3021
2216,3481
2216,4063
2216,5132
2216,5360
2216,5877
2217,3451
2217,4209
2217,9679
2218,3091
2218,3546
2218,5148
2218,6683
2218,6787
2218,6949
2218,7174
2218,7641
2218,8352
2219,3136
2219,4174
2220,5221
2220,7985
2220,9008
2221,3147
2222,2755
2222,2786
2222,4244
2222,5473
2222,6947
2222,7571
2223,2491
2223,3237
2223,4346
2223,5029
2223,5172
2225,4057
2225,4842
2226,4085
2227,2408
2227,4828
2227,9552
2228,3630
2228,5734
2229,4780
2231,4385
2231,5129
2231,5781
2231,7157
2231,7255
2231,7592
2231,7952
2232,6893
2232,9099
2234,8499
2235,5812
2235,9918
2236,2440
2236,2835
2236,2882
2236,3971
2236,4614
2236,5825
2236,6604
2236,6824
2236,9827
2237,9246
2238,2477
2238,5599
2238,5813
2238,7110
2239,8766
2240,4327
2240,9158
2241,3197
2242,4958
2242,7142
2242,8548
2244,2802
2244,4401
2244,5815
2244,9884
2245,2359
2245,4663
2245,4721
2245,6843
2246,3129
2246,3332
2246,8995
2246,9877
2247,2953
2247,7149
2248,2776
2248,7500
2249,4976
2249,6715
2249,7558
2250,4200
2250,7796
2251,2456
2251,4867
2251,7736
2252,2804
2253,4726
2253,8404
2254,4897
2255,2492
2255,2902
2255,3216
2255,4284
2255,4941
2255,5678
2255,5848
2255,6840
2256,6448
2256,6518
2257,2766
2258,7231
2259,2285
2259,2417
2259,2767
2259,5174
2259,6370
2259,7486
2259,7743
2259,8522
2260,3166
2260,3245
2260,4371
2260,4490
2261,2589
2261,2686
2261,3103
2261,3131
2261,4984
2261,5180
2261,6313
2262,5174
2262,5344
2262,7022
2263,7386
2264,2457
2264,3800
2264,3930
2264,4581
2264,8257
2265,2979
2265,4116
2265,5238
2266,5015
2266,5804
2266,8283
2267,4209
2267,6720
2267,6736
2268,2896
2268,5755
2269,4615
2269,5231
2269,6331
2269,7665
2271,6139
2271,6503
2272,3594
2273,7241
2274,3232
2274,4037
2274,4258
2274,5128
2274,5698
2274,5819
2274,6588
2275,5990
2276,5301
2277,2652
2277,3206
2277,5989
2277,8214
2277,9595
2278,4024
2278,6531
2278,9756
2279,5792
2280,2523
2281,3047
2281,5420
2282,4716
2283,5803
2284,3581
2284,8656
2284,9533
2285,7396
2286,3537
2286,3980
2286,5274
2286,5322
2287,2768
2287,3921
2287,5647
2287,7990
2288,3867
2288,6111
2288,7278
2289,3951
2289,8520
2289,9114
2290,3833
2290,7113
2290,7617
2291,2580
2291,5776
2291,6380
2292,3120
2293,6565
2294,2966
2294,3175
2294,3311
2294,4835
2295,3280
2295,3691
2295,9342
2296,2354
2296,3549
2296,4561
2296,4866
2296,4978
2296,5132
2296,5197
2296,5336
2296,5567
2296,5732
2296,6093
2296,6454
2296,6559
2296,6734
2296,6777
2297,5166
2298,4560
2298,9657
2299,2528
2299,4364
2299,5486
2299,5984
2299,8140
2299,9471
2300,2410
2301,9676
2302,4426
2302,6116
2302,7245
2302,8866
2303,3950
2303,5739
2303,6523
2303,6872
2304,4962
2304,6031
2304,6612
2304,7825
2304,9294
2305,2541
2305,4786
2305,6533
2305,8460
2306,6730
2307,2491
2307,4953
2307,6136
2307,6268
2308,4049
2308,5839
2309,8523
2310,6948
2311,3901
2311,5229
2312,7872
2312,8858
2312,9165
2313,2440
2313,2517
2313,2534
2313,3255
2313,4992
2313,5706
2313,8684
2313,8818
2313,9854
2314,3006
2314,3848
2314,3948
2314,6238
2315,7802
2315,8710
2317,2399
2317,3363
2317,9271
2318,3605
2318,5281
2318,5831
2319,5695
2319,5845
2319,8982
2320,2714
2320,4025
2320,4121
2320,4463
2320,5717
2320,8283
2320,8852
2321,2891
2323,8972
2324,8273
2325,8869
2326,2841
2326,7188
2326,8486
2327,2483
2327,3591
2327,5115
2327,5224
2327,6039
2327,6607
2327,7741
2327,7971
2327,9081
2327,9315
2327,9762
2328,2764
2328,2931
2328,4048
2328,5105
2328,9068
2329,2352
2329,4084
2330,2369
2330,2587
2330,3014
2330,5079
2330,5954
2330,6613
2330,6956
2330,7709
2331,2552
2331,3325
2331,3773
2331,5522
2331,7822
2331,8239
2331,9639
2333,2628
2333,3743
2333,5412
2333,5456
2333,5657
2333,7065
2334,3014
2334,5988
2334,8758
2335,3378
2335,4476
2335,5009
2335,7102
2335,8988
2335,9698
2336,3108
2336,5217
2336,5748
2336,5770
2336,6818
2336,7099
2336,7556
2336,8985
2337,5186
2337,5639
2337,6831
2337,8637
2337,9090
2337,9761
2338,3278
2338,4170
2338,9904
2339,3251
2339,6352
2339,8905
2340,2543
2340,4140
2340,6539
2341,3893
2341,3944
2341,5872
2341,7878
2341,9317
2343,3407
2343,7154
2344,3382
2345,2477
2345,3763
2345,4464
2345,4630
2345,5670
2345,9739
2346,3114
2346,3323
2346,3725
2346,3927
2346,4560
2346,8625
2346,8973
2346,8997
2348,8796
2350,2704
2350,4773
2350,5153
2351,3999
2351,5062
2351,9441
2351,9988
2352,2949
2352,8756
2353,2734
2353,3684
2353,3690
2353,6300
2353,6371
2354,2904
2354,4201
2354,4836
2354,5227
2354,6087
2354,6092
2354,8789
2354,8977
2354,9840
2355,6066
2355,6673
2357,6912
2359,2618
2359,9634
2359,9933
2360,2968
2360,6910
2360,7306
2360,9069
2361,2706
2361,4485
2361,5260
2361,6558
2361,7290
2361,9250
2361,9566
2362,6900
2362,7679
2363,6409
2364,4273
2364,8782
2368,4226
2368,6726
2369,2641
2369,3522
2369,4622
2369,7813
2369,8711
2370,4943
2370,7713
2370,8216
2370,8267
2371,2635
2371,2936
2371,3553
2371,3644
2371,7222
2371,9931
2372,2651
2372,2778
2372,3001
2372,4350
2372,4742
2372,5726
2372,6093
2372,7178
2372,8437
2373,3017
2373,4159
2373,4591
2373,4610
2373,6770
2373,7409
2373,7966
2373,9025
2375,4821
2375,5528
2375,7298
2376,2532
2376,2720
2376,4559
2377,2449
2377,2827
2377,7730
2377,8377
2378,5814
2378,6234
2378,6472
2378,8413
2379,3140
2379,4936
2379,5709
2379,7471
2380,2695
2380,4938
2381,7157
2381,7573
2382,2745
2382,6449
2383,3601
2383,5192
2384,5096
2385,3446
2385,3858
2385,4949
2385,9327
2386,4372
2386,7270
2387,2715
2387,2811
2387,3489
2387,3511
2387,4665
2387,5097
2387,5523
2387,6741
2387,7601
2388,3118
2388,7322
2389,2990
2389,4215
2389,5234
2389,6366
2389,7780
2390,2995
2390,3179
2390,3986
2390,4787
2390,5199
2390,6618
2390,7127
2390,7755
2390,8825
2390,9571
2392,7339
2392,8149
2392,9643
2393,4341
2395,3785
2397,3213
2398,2584
2398,4738
2398,9401
2399,4766
2399,6068
2399,9129
2400,2947
2400,4669
2400,8895
2401,2865
2401,4074
2401,4304
2401,4741
2401,7076
2402,6654
2403,2821
2403,5945
2403,7516
2403,9248
2405,4024
2405,4679
2405,5568
2405,5957
2405,8168
2405,9141
2405,9700
2407,2709
2407,4301
2407,4984
2407,5054
2407,5598
2407,5663
2407,6797
2409,4813
2409,4950
2409,8964
2410,5171
2410,5658
2410,6628
2411,5511
2411,5734
2411,6628
2412,6431
2413,3226
2413,7704
2414,2587
2414,6943
2415,6767
2415,7079
2415,7655
2416,2793
2416,5542
2416,6041
2417,3537
2417,3648
2417,4143
2417,9829
2418,4044
2418,7667
2419,3397
2419,3905
2419,5507
2419,6228
2420,2470
2420,6912
2420,9793
2421,4738
2422,2839
2423,2850
2423,5601
2424,4315
2426,3815
2427,3918
2427,4373
2427,5350
2428,3969
2428,4011
2428,5138
2428,8591
2428,9649
2430,6005
2430,6468
2430,7662
2431,2600
2431,2708
2431,5808
2432,3257
2433,6442
2433,8189
2434,3236
2434,5531
2436,3165
2436,5733
2436,9502
2437,5374
2437,6044
2437,6480
2437,7453
2437,7923
2437,8370
2437,9477
2441,2455
2441,2561
2441,2779
2441,2878
2441,2912
2441,6598
2441,7445
2441,8502
2442,2594
2442,3441
2442,5117
2442,5218
2443,3733
2443,5414
2443,7238
2444,3736
2444,7426
2444,7760
2444,7798
2444,9103
2444,9475
2445,4973
2445,7504
2445,7852
2446,4306
2446,5194
2446,9135
2447,2570
2447,2633
2447,4641
2447,4718
2447,5296
2447,5731
2447,6494
2447,8195
2448,7789
2449,3291
2449,3516
2449,5012
2449,5265
2449,6073
2449,6482
2449,8753
2450,3383
2450,3658
2450,5975
2450,6743
2450,7104
2450,9318
2451,3481
2451,4113
2451,5325
2451,5771
2451,8382
2452,4651
2452,4854
2453,5518
2453,7120
2453,7921
2453,8401
2453,8657
2454,3473
2454,5908
2454,6047
2454,6916
2454,7133
2455,3480
2455,4394
2455,6538
2456,6311
2456,7163
2457,3515
2457,5116
2457,5317
2457,5366
2457,7205
2458,3966
2458,4656
2458,9910
2459,3338
2459,3362
2460,3749
2460,8118
2461,5787
2461,8685
2461,8718
2462,3892
2462,5728
2462,7621
2463,9176
2465,2535
2465,3715
2466,3374
2466,3624
2466,3902
2467,3661
2467,3748
2467,9058
2468,2861
2468,3303
2468,9300
2469,2647
2469,8679
2470,2646
2470,3485
2470,4663
2470,5186
2470,6450
2470,9631
2470,9774
2471,4466
2471,4763
2472,5035
2473,3736
2473,4319
2473,8515
2474,6385
2475,3213
2475,3263
2475,3465
2475,4775
2475,8021
2476,2529
2476,3124
2476,4752
2476,8793
2476,9655
2477,2549
2477,2695
2477,3006
2477,6700
2477,6714
2477,7710
2477,8503
2477,9525
2478,4826
2479,2633
2479,2677
2479,4825
2479,5123
2479,7488
2479,7861
2479,8901
2479,9876
2480,6916
2480,8085
2481,3072
2481,4357
2482,3759
2482,4195
2482,5323
2482,5746
2482,6885
2482,7824
2482,9102
2484,3483
2484,4074
2484,4757
2484,4896
2484,5217
2485,2541
2485,2731
2485,2988
2485,3798
2485,4201
2485,6868
2485,9391
2487,3794
2487,3898
2487,6278
2487,7600
2487,7830
2487,8446
2488,3655
2488,3888
2488,8647
2489,3160
2490,3083
2490,3175
2490,3994
2490,6389
2490,9488
2490,9592
2493,5483
2494,4386
2494,4613
2495,5364
2495,8309
2495,9955
2496,6281
2497,3508
2498,4020
2498,6585
2498,9155
2498,9787
2498,9863
2499,3111
2499,4685
2499,4796
2499,7148
2499,7467
2499,7870
2499,9019
2501,3018
2501,3823
2501,3854
2501,4133
2501,8707
2501,9106
2502,7626
2502,7669
2502,7999
2503,2686
2503,4070
2503,4281
2503,5845
2503,6465
2503,8520
2503,8621
2504,2507
2504,3343
2504,3965
2504,4630
2504,5566
2504,6052
2505,6182
2506,8026
2506,8631
2506,9042
2507,2535
2507,6420
2507,7461
2507,8219
2507,8327
2508,4808
2509,6254
2510,3256
2510,5458
2512,2772
2512,3858
2512,4836
2512,5971
2512,8748
2513,4299
2513,5596
2513,5794
2513,9945
2514,3026
2514,3292
2514,3528
2514,4399
2514,4636
2514,9433
2515,7377
2516,2766
2516,3643
2516,4222
2516,4543
2516,4561
2516,5377
2516,5445
2516,7596
2516,9986
2517,7289
2517,8149
2518,8203
2519,2932
2519,3149
2519,5493
2519,6986
2520,2839
2521,4554
2522,6200
2522,6425
2523,6537
2523,8045
2524,5187
2525,5059
2526,5648
2526,7610
2526,9576
2527,3036
2527,3651
2527,3924
2527,5609
2527,5842
2527,7303
2527,8361
2527,8623
2527,9280
2528,8827
2529,4028
2529,7298
2530,5364
2530,9986
2531,3488
2531,4518
2531,4839
2531,6497
2531,7164
2531,7353
2531,7804
2532,2725
2532,3859
2532,5999
2532,6016
2532,9176
2533,3471
2533,5635
2533,6550
2533,8435
2533,8571
2533,9579
2533,9901
2534,2609
2534,2932
2534,8767
2534,9803
2535,6519
2535,8189
2536,2943
2536,3115
2536,3915
2536,4056
2536,4565
2536,5327
2536,6208
2536,6275
2536,6574
2536,8114
2536,9296
2537,6643
2538,3601
2540,3136
2540,5933
2540,6051
2540,6085
2540,8182
2541,3417
2541,3452
2541,3906
2541,5990
2541,6215
2541,9103
2542,3621
2542,3899
2542,4712
2542,7712
2543,3192
2543,3305
2543,5373
2543,6182
2543,7219
2543,7429
2544,2553
2544,3173
2544,6649
2544,7554
2545,3135
2545,3699
2545,5979
2545,8644
2546,7242
2547,2823
2547,6567
2547,6786
2547,9417
2548,6780
2548,7819
2548,8923
2550,2782
2550,3574
2550,3630
2550,4004
2550,5410
2550,6017
2550,7230
2550,9693
2552,6134
2552,8909
2553,4446
2553,4863
2553,6585
2553,9631
2554,3044
2554,4685
2554,7275
2555,4198
2555,6327
2556,4509
2556,7903
2557,2623
2557,9688
2558,4188
2558,6278
2559,2893
2559,3330
2559,5282
2559,6479
2559,7202
2560,9054
2561,3777
2561,4026
2561,4246
2561,5161
2561,7317
2561,7822
2561,9422
2562,6682
2562,6712
2562,7095
2562,7985
2564,2590
2564,4486
2564,5606
2564,5656
2564,6106
2565,3044
2565,3525
2565,4106
2565,5304
2566,2620
2566,3970
2567,7081
2568,4275
2568,6444
2569,2762
2569,4024
2569,5303
2569,8572
2570,2850
2570,5729
2571,4729
2572,5317
2572,6453
2572,8073
2573,5652
2573,8465
2574,6278
2574,6751
2574,6811
2574,7417
2574,7668
2574,9766
2575,3909
2575,4271
2575,4800
2575,5633
2575,5794
2575,8310
2575,9780
2576,4376
2576,4895
2576,8646
2577,8324
2577,8578
2578,4134
2578,5105
2578,5149
2578,5829
2579,4300
2579,5563
2579,6394
2579,6567
2581,6897
2581,7484
2581,8368
2581,9650
2581,9861
2583,3899
2583,6475
2583,7415
2584,3962
2584,5751
2584,7010
2585,2678
2585,6397
2585,6441
2585,6770
2585,7721
2586,2637
2586,3941
2586,3984
2586,5109
2586,6874
2586,7395
2587,5833
2587,7963
2588,4264
2588,5345
2588,6402
2589,2906
2589,4234
2589,6429
2589,7147
2591,4058
2591,5119
2591,6858
2591,8796
2593,7485
2594,3904
2594,5630
2596,2801
2597,3362
2597,4023
2597,4571
2597,5433
2597,5699
2597,6026
2597,7862
2597,9713
2600,2832
2600,2962
2600,5433
2601,9420
2602,6252
2602,6676
2602,7265
2602,9686
2602,9964
2603,3213
2603,6432
2603,6985
2604,2742
2604,2912
2604,4388
2604,5203
2604,5930
2604,6197
2604,7522
2604,9528
2605,6237
2605,6847
2607,3250
2607,7281
2607,8187
2608,2774
2608,3082
2608,6863
2608,8985
2609,3513
2609,4900
2609,9168
2609,9878
2610,2868
2610,7552
2612,5778
2612,5823
2612,6837
2612,7080
2614,5235
2615,5711
2615,8014
2616,5551
2617,2831
2618,2945
2618,4149
2618,4526
2618,9873
2619,4412
2619,5598
2619,5643
2619,7626
2619,8064
2620,3077
2620,3096
2621,5716
2621,6055
2621,8157
2621,8672
2622,6679
2623,8871
2624,5475
2625,6375
2626,3132
2627,4315
2627,6367
2628,3710
2628,4360
2628,5023
2628,5328
2628,5752
2628,5796
2629,8290
2630,4526
2630,4908
2630,8732
2632,3614
2633,3932
2633,4331
2633,7861
2634,3756
2634,9789
2635,3718
2635,7017
2636,3308
2636,8289
2637,3476
2638,2680
2638,3019
2638,3822
2638,6634
2638,6884
2639,2721
2640,3038
2640,4256
2640,6000
2640,6047
2640,8333
2641,2969
2641,3400
2641,3823
2641,8926
2642,2751
2642,7134
2642,8647
2643,3815
2643,3961
2644,3731
2644,4645
2644,6184
2644,7258
2644,7345
2644,7558
2644,8065
2644,8784
2644,8936
2644,9598
2645,4660
2645,6848
2645,7023
2645,7293
2645,9490
2646,2809
2646,5138
2646,5225
2646,9730
2647,4903
2647,8596
2649,2902
2650,3620
2650,4703
2650,6669
2650,7998
2650,8182
2650,8943
2650,9844
2652,3880
2652,3917
2652,5895
2652,7310
2652,7804
2652,8915
2653,2772
2653,5425
2653,7315
2653,9002
2654,3390
2654,6915
2654,7224
2654,7314
2654,9210
2654,9390
2655,3072
2655,5086
2655,5597
2655,5997
2657,5465
2658,8670
2660,2847
2660,3251
2660,3611
2660,4641
2660,7094
2660,7226
2660,7815
2660,9397
2662,2701
2662,4772
2662,5912
2662,7361
2663,8116
2664,6560
2664,9305
2665,3027
2665,3377
2665,8636
2666,8871
2667,5463
2669,4403
2670,4018
2670,8622
2670,9151
2671,2720
2671,3437
2671,5940
2671,6176
2671,6977
2671,8302
2672,3548
2672,4154
2672,5780
2672,7623
2672,7821
2673,2801
2673,3029
2673,3372
2673,3492
2673,6424
2673,8748
2674,2688
2674,3600
2674,3657
2674,4732
2674,5962
2674,6502
2674,9664
2675,6075
2675,6658
2675,6838
2675,8632
2677,6735
2677,7932
2679,2745
2679,3563
2679,8263
2679,8444
2680,3333
2681,4938
2681,7152
2682,9862
2683,4531
2683,7286
2684,4531
2684,8080
2684,9065
2685,2706
2685,8755
2686,7631
2687,3252
2687,3620
2687,5136
2687,5663
2687,6346
2687,7430
2687,8222
2687,8413
2687,9619
2690,3554
2690,4785
2690,6021
2690,6220
2690,8071
2691,3716
2691,8824
2691,9573
2693,3414
2693,4056
2693,4903
2693,6528
2693,6754
2693,8534
2693,8714
2693,9684
2694,3561
2694,3961
2694,7881
2695,5937
2696,3592
2696,9117
2696,9421
2697,4123
2697,7533
2697,7933
2698,2931
2698,3753
2698,4136
2698,4337
2698,4537
2698,8968
2699,3506
2700,5384
2700,6259
2700,8497
2701,6354
2701,7271
2701,7280
2701,7870
2701,9252
2701,9587
2702,7936
2702,8142
2703,7028
2703,8689
2703,8851
2704,3682
2706,3494
2706,6339
2706,6416
2707,6376
2708,4735
2708,5970
2708,6590
2709,5428
2709,6464
2710,9904
2711,4241
2711,6798
2711,8393
2711,8417
2712,8525
2713,8545
2713,9512
2714,6304
2714,6339
2714,6517
2714,9687
2715,5426
2715,6073
2715,7456
2716,2791
2716,6570
2716,7502
2717,3633
2717,4776
2717,5785
2717,7895
2717,8800
2717,8837
2717,9197
2717,9339
2718,3354
2718,4721
2718,5183
2718,8733
2719,3221
2721,2871
2721,3299
2721,3683
2721,4440
2721,5046
2721,5981
2721,7649
2721,8844
2722,3325
2722,5964
2722,9745
2725,3668
2725,4078
2725,6203
2725,6861
2725,7175
2725,8820
2726,4125
2726,4321
2726,4965
2726,9879
2727,4409
2727,5949
2727,8651
2727,9287
2728,6651
2729,9686
2730,3919
2730,4850
2730,5306
2730,8379
2732,2824
2732,3220
2732,9568
2733,8877
2735,4538
2735,6528
2736,3033
2736,3041
2736,3296
2736,4097
2736,4845
2736,8288
2737,8626
2737,8657
2738,4810
2738,4894
2738,7063
2738,7421
2738,8800
2738,9005
2739,3889
2739,4530
2739,4961
2739,5243
2739,6371
2739,7038
2739,7965
2739,8553
2739,8727
2739,8886
2740,3285
2740,4020
2740,5419
2740,6229
2741,3533
2741,4092
2741,4998
2741,5564
2741,6235
2741,9703
2743,3430
2743,3989
2743,4590
2743,7172
2744,3352
2744,4347
2744,5707
2744,9130
2744,9580
2745,3799
2746,6113
2746,6305
2747,3745
2748,6040
2748,8913
2749,3293
2749,5840
2749,7657
2749,8142
2750,3111
2751,3214
2751,3239
2751,3394
2751,4341
2751,5393
2751,6907
2751,7886
2752,3133
2752,5426
2752,7717
2752,8223
2753,4778
2754,3315
2754,9715
2755,3798
2755,4894
2755,5931
2755,6052
2755,6349
2756,6314
2757,5444
2757,6413
2758,2799
2758,2828
2758,5627
2758,6823
2758,8747
2759,5797
2759,7887
2760,5083
2761,6418
2761,6442
2761,6459
2763,4501
2763,4616
2763,8209
2763,8409
2764,3550
2764,5824
2765,5904
2765,9263
2767,3980
2768,4228
2770,6094
2770,7412
2771,4120
2771,4975
2771,7904
2771,8958
2772,3209
2772,5349
2772,7287
2772,9047
2773,4451
2774,3617
2774,4540
2774,5010
2774,5942
2775,7023
2775,7791
2775,9290
2776,2822
2776,6706
2776,7235
2777,4640
2777,8650
2778,3089
2778,7928
2778,9436
2779,3071
2779,3890
2780,4630
2780,4745
2780,4767
2780,4804
2780,6815
2780,8041
2780,9841
2783,3000
2783,7947
2784,2956
2784,5537
2785,3233
2786,3556
2786,4486
2786,5205
2786,8042
2787,3701
2787,8056
2787,9626
2788,2863
2788,3174
2788,5315
2789,3355
2789,6550
2789,8863
2790,4522
2790,4722
2790,6490
2790,9464
2790,9709
2790,9802
2792,2894
2792,4178
2792,4195
2792,4991
2792,5484
2792,6723
2792,7091
2792,8223
2792,8911
2792,9052
2793,4423
2793,4682
2793,6186
2794,3419
2794,4422
2795,4863
2795,6687
2795,7426
2795,8718
2796,3234
2796,4883
2796,6256
2796,7799
2797,2921
2797,3537
2797,4330
2797,5924
2797,7097
2798,5207
2798,6770
2798,7941
2798,9843
2799,3318
2799,6002
2800,3189
2800,3910
2800,4282
2800,5212
2800,5780
2800,6025
2800,9298
2801,3421
2801,3626
2801,3828
2801,4025
2801,4947
2801,6275
2803,4557
2803,5986
2804,3851
2804,6445
2804,7038
2805,8594
2807,3356
2808,3935
2808,3953
2808,4896
2808,6583
2808,6828
2808,6933
2809,3155
2809,3650
2809,5495
2810,4720
2811,4102
2811,6669
2814,6244
2815,7852
2816,4359
2817,2906
2819,7128
2819,7476
2820,3564
2820,5888
2821,3064
2821,3084
2821,6156
2821,9183
2822,5130
2822,6316
2825,3408
2825,4928
2825,5407
2825,5457
2825,8733
2826,5963
2827,9803
2828,5738
2829,9372
2829,9720
2830,4103
2830,4280
2830,5440
2830,6625
2830,6992
2830,7499
2830,8039
2830,9120
2830,9781
2831,7231
2831,8487
2832,3792
2833,3939
2833,4376
2833,4854
2833,5342
2833,7968
2834,3447
2835,2861
2835,5175
2835,6005
2835,8094
2836,9264
2837,4107
2837,5506
2837,6370
2837,9548
2837,9709
2838,3466
2838,5499
2838,7280
2838,7909
2839,5327
2839,7544
2840,3549
2840,4790
2840,7779
2840,8608
2840,9142
2841,8566
2842,4479
2842,5755
2842,6595
2843,3944
2843,6708
2845,6673
2845,8773
2845,9439
2846,5704
2846,5985
2846,6935
2849,3599
2849,5361
2849,5390
2849,5508
2849,6308
2849,6531
2849,9522
2850,3555
2851,4178
2851,5490
2851,6074
2851,7052
2851,7823
2851,9496
2851,9627
2852,4142
2852,4146
2852,4867
2853,3214
2853,3504
2853,6061
2853,6812
2853,7401
2853,9969
2854,6429
2855,5095
2856,4372
2857,4564
2857,5587
2857,7123
2857,8852
2859,7770
2859,8063
2861,3737
2861,4088
2861,8098
2862,6859
2862,7733
2862,9375
2863,8377
2864,2874
2864,3613
2864,4111
2864,4664
2864,9587
2865,4401
2865,7202
2865,7493
2866,3075
2866,4259
2866,4971
2866,5184
2866,5286
2866,6282
2866,6850
2867,5974
2867,9575
2868,2957
2868,4462
2868,9348
2869,5611
2869,5666
2869,8439
2869,8471
2870,3177
2870,4328
2870,5080
2870,6064
2871,6478
2872,9655
2873,3049
2873,3282
2873,3975
2873,7940
2873,8724
2873,8854
2873,9971
2875,4491
2875,5074
2875,5272
2875,5526
2876,3324
2876,9612
2877,3054
2877,5617
2877,9121
2878,6142
2879,3222
2879,4009
2879,4607
2879,5122
2879,6460
2879,6535
2879,6646
2879,6853
2879,7327
2881,4500
2881,4503
2883,5608
2884,4108
2884,5960
2884,9944
2885,8818
2886,4916
2887,7316
2888,5939
2888,7240
2888,8860
2888,9545
2889,3012
2889,6969
2889,8784
2890,3549
2890,4081
2890,5992
2891,6521
2891,7034
2892,3619
2892,4310
2892,7092
2892,7137
2893,6999
2894,3457
2894,7102
2894,8085
2895,3999
2895,4055
2895,4932
2896,4518
2896,4708
2896,6096
2896,8425
2898,4267
2898,4764
2898,6572
2900,4465
2900,4621
2901,9988
2902,6312
2903,3208
2903,6501
2903,9735
2904,6931
2904,7038
2904,9455
2905,3186
2905,3590
2905,4186
2905,4332
2905,7123
2905,8968
2906,4767
2906,6386
2906,7889
2906,8231
2906,9941
2906,9991
2907,3401
2907,3408
2907,8168
2909,4788
2909,8891
2910,6655
2910,8434
2911,3365
2911,3731
2911,4581
2911,5342
2911,5405
2911,5830
2911,6868
2911,8043
2915,7311
2915,8627
2915,9418
2916,5098
2916,6069
2916,7153
2917,5437
2917,7015
2917,8538
2917,8545
2917,9661
2917,9878
2918,9919
2919,5489
2921,4244
2921,4527
2921,5625
2921,8204
2922,4237
2922,6411
2925,5543
2926,5424
2927,3508
2927,8451
2927,9684
2929,3968
2929,5017
2929,8935
2930,3022
2930,7018
2931,3394
2931,3739
2931,3819
2931,4072
2931,6696
2931,8660
2932,5632
2933,4666
2933,6681
2933,7649
2933,8192
2934,3387
2934,4706
2934,5533
2934,7478
2934,9061
2935,3039
2935,8524
2936,5550
2937,4752
2937,6513
2937,6711
2937,7607
2938,4258
2938,6071
2938,6131
2938,6858
2939,7781
2941,3332
2941,5985
2941,6608
2941,7879
2942,4631
2942,6756
2942,9059
2943,3025
2943,4812
2943,8106
2944,5151
2944,5509
2944,6790
2944,8535
2944,8589
2945,3033
2945,3844
2945,5733
2947,3921
2947,5626
2947,7395
2948,4363
2949,3123
2949,3333
2950,5070
2951,3396
2951,7371
2952,3202
2952,5121
2952,5431
2952,8674
2954,3310
2954,3860
2954,3911
2954,6128
2954,8246
2954,9717
2955,5378
2958,3062
2958,3868
2958,6905
2958,7507
2958,8521
2959,3195
2959,3571
2959,4908
2960,3666
2960,4792
2961,3316
2961,7347
2961,8305
2963,4148
2963,5580
2963,7969
2963,9636
2964,5866
2964,6357
2964,9779
2964,9781
2964,9924
2965,4282
2965,5544
2965,6601
2965,7473
2965,8873
2966,5442
2967,3104
2970,3036
2970,3588
2970,4027
2970,5620
2971,4940
2971,6643
2972,3789
2972,6379
2973,3270
2973,3490
2973,5463
2974,7307
2974,8506
2974,8979
2975,5653
2975,6291
2976,3561
2976,4754
2976,5586
2976,6886
2977,4267
2977,7803
2978,3548
2978,3996
2978,4072
2978,4407
2978,4866
2978,5150
2979,7750
2980,3882
2980,8427
2981,4997
2981,6569
2981,8088
2981,8719
2982,4792
2982,8213
2984,6530
2985,3483
2985,6518
2986,4824
2986,5348
2986,7447
2986,9343
2986,9760
2987,5908
2987,6646
2987,7597
2987,8050
2987,8266
2988,3294
2988,3836
2988,5634
2988,7570
2989,3689
2989,5384
2990,3673
2990,4379
2990,5911
2991,3271
2991,4705
2991,7531
2992,4274
2992,9162
2993,3034
2994,7814
2995,4407
2996,8615
2996,9282
2997,3528
2997,6610
2998,3315
2998,7449
2999,4398
3000,3152
3000,4221
3000,4302
3000,4598
3000,5265
3000,7167
3000,7359
3000,7932
3001,7480
3002,4472
3002,5575
3002,6803
3002,9003
3002,9911
3003,4220
3003,6446
3003,8625
3003,8694
3003,9238
3004,3076
3004,4989
3005,3259
3005,6297
3006,4572
3006,5522
3006,6410
3006,6760
3006,6944
3006,7112
3007,8013
3008,3267
3009,8165
3010,3934
3010,6524
3010,6590
3010,7170
3011,4982
3011,6413
3011,8350
3011,8954
3012,4919
3012,6852
3013,3900
3013,8854
3014,9175
3015,3466
3015,4661
3016,6744
3016,9418
3017,4076
3017,7210
3017,9815
3019,6401
3019,8904
3019,9784
3020,4575
3021,4676
3021,8943
3022,6716
3023,4843
3023,4929
3024,5337
3024,5589
3024,6680
3024,7276
3025,4167
3027,3245
3027,3741
3027,5943
3027,6728
3028,3995
3028,8971
3029,7399
3029,8312
3029,9425
3029,9818
3030,5119
3030,6292
3032,3508
3032,8763
3033,7009
3033,8265
3034,4139
3034,4785
3034,7684
3036,3532
3036,5197
3036,5881
3037,5914
3037,7246
3037,9557
3039,4821
3039,5400
3039,5516
3040,4258
3040,6128
3040,7623
3040,9084
3041,3517
3041,4165
3041,4183
3041,4796
3041,4805
3041,4944
3041,7762
3041,8113
3041,8828
3043,8221
3045,3232
3045,3606
3045,4778
3046,3301
3046,6689
3046,7965
3046,8848
3047,3416
3047,3599
3047,3764
3047,5409
3047,5443
3047,5576
3047,6581
3047,6634
3047,6961
3047,7313
3047,8754
3047,8862
3047,9928
3048,7911
3048,9720
3049,3938
3049,7110
3050,5800
3050,6906
3050,7186
3050,9147
3050,9328
3051,3164
3051,7850
3052,4398
3053,3975
3054,4557
3054,4617
3054,6488
3054,6680
3054,6682
3054,7080
3056,3695
3057,8017
3058,4936
3058,5648
3058,6645
3058,7678
3059,5103
3060,7126
3061,3321
3061,3484
3061,5377
3061,5912
3061,8287
3061,9148
3063,4093
3063,5160
3063,5724
3064,4206
3064,7803
3064,9223
3067,4657
3068,4907
3068,6175
3068,6613
3068,7946
3068,8879
3068,9865
3069,4068
3069,5094
3069,8197
3069,8810
3070,7650
3070,9192
3071,7343
3073,3381
3073,5618
3074,4189
3074,5279
3074,5587
3074,5888
3074,6457
3074,7264
3074,7376
3074,7414
3074,9671
3074,9778
3074,9979
3075,3344
3075,4125
3075,4506
3075,4878
3075,6221
3075,8099
3075,8417
3075,8688
3076,3805
3076,3878
3076,9036
3077,3829
3077,4481
3077,7390
3077,7669
3077,8162
3077,9469
3077,9658
3078,6127
3079,3412
3079,4864
3079,9460
3080,7973
3081,3085
3081,6096
3082,5149
3082,8006
3082,8610
3083,5468
3083,6021
3084,3911
3084,7155
3084,9209
3085,7266
3086,5956
3087,7271
3087,7360
3088,4392
3089,5201
3089,6603
3089,7385
3089,7655
3089,8671
3090,3242
3090,5272
3091,5887
3091,8104
3092,3456
3092,3462
3092,4529
3092,8516
3092,9205
3093,5491
3094,8075
3095,6028
3095,8451
3095,9019
3096,3237
3096,3782
3096,4394
3096,5919
3097,5084
3098,3355
3098,4263
3098,4369
3098,5708
3098,7096
3098,7130
3098,9425
3099,8007
3099,8908
3099,9275
3100,4122
3100,4521
3100,5519
3100,7576
3100,8039
3101,3332
3101,3350
3101,4132
3101,4676
3101,7878
3101,9072
3102,4119
3102,5510
3102,7337
3102,8024
3103,4672
3103,5635
3103,6034
3103,7166
3103,7294
3104,3529
3104,3608
3105,6119
3105,9669
3105,9753
3106,5209
3106,7118
3107,6289
3107,9688
3108,4590
3108,5288
3108,8801
3109,3246
3109,5020
3109,5460
3109,5899
3109,7040
3110,3449
3110,4945
3110,8779
3111,4841
3111,7530
3111,9256
3112,3721
3112,5847
3112,6274
3112,8472
3113,7644
3114,7744
3115,8334
3116,3227
3116,7941
3116,9286
3117,4111
3117,5996
3117,7051
3117,8286
3117,9263
3117,9375
3118,7199
3118,7304
3119,3247
3119,5762
3119,8370
3120,3605
3120,5500
3120,6674
3120,8908
3121,3516
3121,3618
3121,4487
3121,7464
3122,3668
3122,4118
3122,4137
3122,5114
3122,5370
3122,5890
3123,5008
3123,9470
3124,6826
3124,7752
3126,3198
3126,7165
3127,8170
3127,9820
3128,3428
3128,8297
3128,9324
3129,3319
3129,8029
3129,9915
3136,4517
3136,5583
3136,6270
3136,8242
3137,7561
3138,4061
3138,4179
3138,6860
3138,7812
3140,3240
3141,4901
3141,6739
3142,8699
3144,3200
3144,3875
3144,4364
3145,3182
3145,8374
3146,3266
3146,6980
3147,4551
3147,5815
3147,8566
3147,8715
3149,6879
3150,4352
3150,6152
3150,6947
3150,9719
3152,4791
3152,5228
3152,5727
3152,5838
3152,7200
3152,7326
3152,8556
3153,5710
3157,4109
3157,5540
3157,5797
3157,6974
3158,3846
3158,4488
3158,6731
3158,6825
3158,7029
3160,3241
3160,5190
3160,5846
3161,3755
3161,5428
3161,6589
3161,8246
3162,4247
3162,4493
3162,5822
3163,3347
3163,5042
3163,8049
3163,9302
3164,9010
3165,7860
3166,5983
3166,8570
3166,9178
3166,9231
3167,3290
3167,3726
3167,4580
3167,8057
3170,3731
3170,8552
3171,9589
3173,3273
3173,4351
3173,5637
3173,9589
3174,8567
3175,5169
3176,8878
3177,5059
3177,8418
3177,9862
3178,5099
3178,5513
3178,5827
3178,5870
3178,6378
3178,9731
3180,3979
3180,6186
3180,7409
3180,8238
3182,5595
3182,8236
3183,3684
3183,5947
3183,6119
3183,6725
3184,3432
3184,6833
3185,5632
3185,8086
3185,8630
3185,9368
3186,5222
3188,4117
3188,8408
3189,3887
3189,4876
3190,8535
3190,9905
3191,5245
3191,5722
3191,7723
3191,7756
3191,9668
3193,4182
3193,6105
3194,5735
3195,7969
3196,6266
3198,5521
3198,6350
3199,4815
3199,5190
3199,7612
3200,3841
3200,3975
3201,8160
3202,3300
3202,3991
3202,4339
3202,5958
3202,9143
3203,4448
3204,5856
3204,9272
3205,3235
3205,4184
3205,5438
3205,7927
3206,3471
3206,4484
3207,3439
3207,9920
3208,4191
3208,4457
3208,8701
3208,9977
3209,7936
3209,8135
3210,3719
3210,3803
3210,4819
3210,8231
3211,7251
3211,7281
3211,8801
3211,9239
3212,4946
3213,4226
3213,4410
3213,4580
3213,9835
3214,3540
3215,3327
3215,4309
3215,4436
3215,4511
3215,7824
3215,8108
3216,6486
3216,6880
3216,6926
3216,9840
3217,4832
3217,8187
3217,8208
3218,4906
3218,8363
3219,5321
3222,4167
3222,5457
3222,8569
3222,9708
3223,3304
3223,8269
3224,3292
3224,3313
3224,3994
3224,6222
3224,8705
3225,3424
3225,3766
3225,6545
3225,7578
3226,3670
3227,3382
3227,4262
3227,7645
3227,8109
3227,8878
3227,9908
3229,6691
3229,7252
3231,9416
3232,4302
3232,4384
3232,5449
3232,5863
3232,6015
3232,6019
3232,6761
3232,6806
3234,4684
3234,4769
3234,6611
3234,6760
3234,9379
3235,4536
3235,9087
3235,9814
3236,5803
3237,5424
3237,5455
3237,6222
3237,6364
3239,5801
3239,7792
3239,9514
3240,6996
3241,5784
3241,9344
3242,7292
3243,4874
3243,5038
3243,7579
3244,3248
3244,3306
3244,9990
3245,6812
3245,7353
3245,9078
3246,5655
3246,5833
3246,6962
3246,7729
3246,8791
3247,3709
3247,6205
3247,9023
3248,3501
3248,5970
3248,6535
3248,7000
3248,7142
3248,8920
3248,9282
3250,4989
3250,7720
3251,9866
3252,5539
3253,3441
3253,9726
3254,4022
3255,4495
3255,4580
3255,6534
3255,7332
3255,8010
3256,4034
3256,7020
3257,3321
3257,4713
3257,8339
3258,4532
3258,6458
3258,7454
3258,7856
3259,3384
3259,5891
3259,9178
3260,7621
3261,5000
3261,9191
3263,3543
3263,4166
3263,5646
3263,9494
3263,9968
3264,3289
3264,5225
3264,5873
3264,8255
3264,9856
3265,4734
3266,4964
3266,5307
3266,6567
3266,7691
3268,9856
3269,3444
3269,7990
3269,8107
3270,4456
3270,5446
3270,5902
3271,4487
3271,7842
3272,5981
3272,8920
3273,6148
3274,8258
3275,3904
3275,4889
3275,7606
3275,8855
3275,9048
3276,3346
3276,4965
3276,6525
3276,6708
3276,7130
3276,8012
3277,4360
3277,5902
3277,6192
3277,7573
3278,6361
3279,6937
3280,3509
3280,5356
3280,7514
3281,6593
3282,6849
3282,7024
3282,8510
3283,6355
3283,7095
3283,8950
3284,4264
3285,8678
3286,3470
3286,4233
3286,4649
3286,5106
3286,5681
3286,5946
3286,8482
3286,9973
3287,4715
3288,6525
3289,4067
3289,7229
3289,7477
3290,4362
3291,6273
3292,5892
3293,3490
3293,4779
3293,6303
3293,6961
3293,7140
3295,3377
3295,5072
3295,8394
3296,3562
3296,3652
3296,5914
3297,3738
3297,4130
3297,4810
3297,5360
3297,7134
3297,7718
3297,8563
3297,9958
3298,6529
3299,3517
3299,4252
3299,5206
3299,9740
3300,3577
3300,5752
3300,6817
3300,9195
3301,3955
3301,5413
3302,6419
3302,9531
3303,3534
3303,4486
3303,9562
3304,3381
3304,4005
3304,4932
3305,5569
3305,8167
3305,9786
3306,9436
3307,3322
3308,4914
3308,6739
3308,6921
3309,6504
3310,4773
3310,6080
3311,5832
3313,3327
3313,5965
3313,7922
3314,4872
3314,5705
3314,6653
3314,7894
3314,7949
3315,4952
3315,5134
3315,6405
3315,7945
3315,8310
3316,7676
3317,3896
3317,7416
3317,8326
3318,3749
3319,5035
3319,5313
3319,6978
3321,3426
3321,5144
3321,6690
3321,9374
3322,4348
3322,5126
3322,6276
3323,7792
3324,5132
3324,6602
3324,7381
3324,7540
3324,7813
3324,8118
3325,9880
3326,3780
3326,3872
3326,4095
3326,5322
3326,6003
3327,6675
3327,6991
3328,3775
3328,4491
3328,8349
3329,3588
3329,4270
3329,4498
3329,5390
3329,5397
3329,5996
3329,7239
3331,4452
3331,5987
3333,4217
3333,8904
3334,7125
3336,8482
3337,9288
3338,5681
3338,9786
3339,4082
3339,9079
3339,9768
3340,6964
3340,8948
3341,4658
3341,5145
3341,6299
3341,8170
3342,5224
3342,6968
3342,7867
3343,8081
3344,5118
3344,6947
3345,4973
3345,5550
3345,7213
3345,8609
3346,6400
3346,7146
3347,4112
3347,5555
3349,4563
3349,5916
3349,6155
3349,7431
3349,7693
3349,9492
3349,9807
3350,6717
3351,4554
3351,4825
3351,5259
3351,5679
3351,5689
3351,7057
3351,7716
3351,8702
3351,9158
3351,9429
3353,4784
3353,5813
3353,6900
3353,6987
3353,8097
3353,8450
3353,9082
3354,3511
3354,6225
3354,7686
3355,3450
3355,4473
3355,8814
3356,5741
3356,7725
3357,3821
3357,6596
3357,9867
3358,9811
3359,4412
3359,7102
3360,3554
3360,3866
3360,4221
3360,4275
3360,4308
3360,5024
3360,5332
3360,5766
3361,6166
3361,7524
3362,3942
3362,9279
3364,5817
3364,9767
3365,4695
3365,7457
3366,6417
3367,3954
3367,7505
3367,8787
3368,7090
3368,8894
3369,5812
3370,4943
3370,6227
3370,9015
3371,3472
3371,6628
3372,3767
3372,6339
3372,9205
3374,3379
3374,5758
3375,8056
3377,3428
3377,6744
3377,7327
3377,8386
3378,3441
3378,4955
3378,6486
3379,3978
3379,4234
3379,4375
3379,4725
3379,8819
3381,4186
3381,8663
3382,4575
3382,6794
3383,5400
3383,6873
3383,7917
3384,9491
3385,4661
3385,5007
3385,6238
3385,7407
3387,3793
3387,4121
3387,5323
3387,6626
3387,6816
3387,7774
3387,8815
3387,9346
3388,4280
3389,4794
3389,5098
3389,5539
3390,3833
3390,4608
3390,5892
3391,7137
3391,8395
3393,4362
3393,7582
3393,9484
3393,9620
3394,3659
3394,9452
3395,6570
3396,7919
3397,3571
3397,3780
3397,9902
3398,3952
3398,4229
3398,5864
3398,6663
3398,7761
3398,8234
3399,4747
3399,4953
3400,3417
3400,5130
3401,5254
3402,9660
3403,4644
3403,7930
3403,8211
3404,5154
3404,7129
3404,9653
3404,9880
3405,6958
3406,5511
3406,7820
3406,8922
3407,3512
3407,5691
3409,5641
3410,3810
3410,3933
3410,4409
3410,7085
3410,7092
3410,7615
3410,7793
3410,8536
3410,8642
3410,9161
3411,4805
3412,4862
3413,3523
3413,4802
3414,5533
3418,3770
3418,4196
3418,5706
3418,6008
3418,8131
3418,9996
3419,7487
3420,6292
3421,3930
3421,5307
3423,6907
3423,7253
3423,7356
3423,7801
3423,9541
3425,4278
3425,5063
3425,7649
3425,9512
3426,3497
3426,3880
3427,4533
3427,4985
3427,7114
3427,7283
3429,4655
3429,4714
3429,7428
3429,8825
3430,3932
3431,5695
3432,5715
3432,9073
3432,9968
3433,9629
3436,4772
3436,7665
3437,3820
3437,4489
3437,5596
3437,6416
3437,6713
3438,5505
3438,6931
3438,7323
3438,9095
3438,9810
3440,4757
3440,6835
3441,5927
3442,5291
3443,4548
3443,4781
3444,6497
3445,4393
3445,6260
3445,8854
3446,3639
3446,5015
3447,4614
3447,5050
3447,6398
3449,4182
3450,6330
3451,3608
3451,3992
3451,6281
3453,4510
3453,4998
3453,6629
3453,6913
3453,8740
3454,7854
3455,4218
3455,4402
3455,4678
3455,8151
3455,8570
3455,8962
3456,4304
3456,4864
3456,5028
3456,5561
3456,8370
3457,9514
3458,3621
3458,4011
3458,5277
3459,4800
3460,6896
3460,7558
3460,8274
3461,3834
3461,3900
3461,5945
3462,3520
3462,5514
3462,6249
3462,7062
3462,7882
3462,8344
3462,9052
3463,8033
3464,8426
3464,9712
3465,4677
3465,5209
3465,5492
3465,5846
3465,8722
3466,9674
3467,5055
3467,7320
3468,5573
3468,7715
3468,8239
3468,9689
3468,9964
3469,9685
3470,9180
3470,9203
3471,5582
3471,6423
3471,7147
3471,7967
3471,8911
3471,9572
3473,6342
3473,8455
3473,8461
3474,5257
3475,5658
3475,6719
3475,7009
3476,6778
3476,7030
3476,7685
3476,8341
3477,7657
3478,6183
3479,3481
3479,3811
3479,4154
3479,9254
3480,3669
3480,4611
3480,7855
3481,3988
3481,4083
3481,7158
3483,4937
3483,9571
3484,4009
3485,7280
3485,7688
3485,7801
3485,9475
3487,4988
3487,5914
3487,5923
3487,8938
3488,7024
3488,8809
3489,8947
3490,8065
3492,3631
3492,3837
3492,4202
3492,5329
3493,8339
3495,5156
3495,8661
3496,9094
3497,4289
3497,5155
3497,6372
3497,7417
3497,7702
3499,6151
3503,6600
3503,8845
3503,9970
3504,7899
3506,8771
3507,4418
3507,4545
3507,7742
3508,7976
3509,5559
3510,9611
3510,9662
3511,3558
3511,4993
3511,7291
3512,4512
3512,5859
3512,6226
3513,6809
3513,9099
3514,9429
3515,9702
3516,7250
3518,7096
3519,3820
3519,6121
3519,6788
3519,9116
3519,9525
3520,8294
3521,8108
3521,8282
3522,4464
3523,5255
3523,7884
3523,9201
3524,5515
3524,7108
3524,8871
3524,9639
3525,8140
3526,3755
3526,4765
3526,5772
3526,7657
3526,8173
3527,4482
3527,4742
3527,8301
3528,8963
3532,8709
3533,4230
3533,5068
3533,5604
3533,8189
3533,8304
3534,4096
3534,4906
3534,6767
3534,8229
3534,8738
3534,8744
3536,6597
3536,8292
3538,4761
3538,7358
3538,8637
3538,8849
3539,4235
3539,4655
3539,4922
3539,9362
3540,4858
3540,5401
3540,7164
3540,7661
3541,5158
3541,5962
3541,6117
3541,9269
3541,9548
3541,9909
3542,6273
3542,6835
3542,7178
3542,7389
3543,5008
3543,5768
3543,7440
3543,9056
3544,4378
3545,4141
3545,6610
3545,7309
3547,5826
3548,4007
3549,5897
3549,6712
3549,9280
3549,9794
3551,3696
3551,3742
3551,4326
3551,5636
3551,6694
3551,7898
3551,9264
3552,5177
3553,4090
3553,6199
3553,6889
3553,8080
3553,8754
3554,3950
3554,5033
3554,7913
3554,9524
3555,3572
3555,3761
3555,4886
3555,6228
3555,8081
3556,3692
3556,6178
3556,8298
3556,8883
3558,3810
3558,3995
3558,4012
3558,4598
3558,5567
3558,8283
3559,7504
3559,7660
3559,8976
3560,7451
3564,4840
3564,5085
3564,9951
3565,4722
3566,4822
3566,6797
3569,4690
3569,5369
3570,9294
3570,9520
3571,5808
3571,8794
3572,3695
3572,3739
3572,3762
3572,4293
3572,5439
3572,8771
3572,9718
3575,5672
3575,7244
3578,4268
3579,5770
3579,8029
3580,9944
3581,3637
3581,5394
3581,6264
3581,7509
3581,7526
3581,7957
3581,9580
3582,4827
3582,5938
3582,6244
3583,3728
3583,4446
3583,7314
3583,8670
3584,8203
3584,8278
3584,8523
3586,4928
3586,7004
3587,3741
3588,9330
3589,4233
3589,4910
3589,8410
3590,5065
3591,8804
3592,4172
3592,4563
3592,5392
3592,5892
3592,6112
3592,6460
3592,6465
3592,6607
3595,3657
3595,8001
3595,9850
3597,8664
3598,8614
3599,4598
3599,5629
3599,6797
3599,7648
3599,7988
3601,3794
3601,4550
3601,8316
3602,3903
3602,6826
3603,9461
3605,9781
3606,4266
3606,8330
3606,8452
3607,4948
3608,7313
3608,7748
3609,4041
3609,4205
3609,4334
3609,8100
3611,4177
3611,4222
3611,6587
3611,8942
3612,5441
3613,4375
3613,9591
3613,9771
3614,4534
3614,7754
3615,4147
3615,7399
3617,4060
3617,7388
3617,7696
3617,9725
3619,8799
3620,3872
3620,4014
3620,5204
3620,5552
3620,6273
3620,7242
3620,9126
3620,9216
3620,9226
3621,5222
3621,8126
3622,5700
3623,4641
3623,6537
3623,9451
3624,8410
3625,9240
3626,4007
3626,4034
3626,5234
3626,5376
3626,5666
3626,5885
3626,6631
3626,7943
3626,8146
3626,8353
3626,9943
3629,5177
3629,6672
3630,8661
3631,5811
3631,6930
3631,8575
3632,5267
3632,6002
3632,8011
3633,4807
3633,4968
3633,5474
3633,8797
3634,6425
3634,7810
3634,8479
3635,4494
3636,8139
3637,3846
3637,7392
3637,8367
3638,5266
3639,6953
3641,5872
3642,4921
3642,6477
3642,7086
3642,7525
3642,9158
3642,9269
3644,8390
3645,3805
3645,4564
3645,4611
3645,4946
3645,5710
3645,7636
3645,8200
3646,7274
3647,4126
3647,9055
3648,3853
3649,5027
3649,6483
3649,9668
3650,4699
3650,7706
3651,6340
3652,8820
3653,6408
3654,4361
3654,4869
3654,8110
3657,5310
3657,6785
3657,7763
3657,9015
3658,6687
3658,8650
3658,9556
3659,6237
3659,8369
3660,5585
3660,5669
3660,6138
3660,6290
3660,6605
3660,8925
3663,5188
3664,6708
3666,8258
3667,9590
3668,5007
3668,5291
3669,8645
3669,9175
3670,5287
3670,5422
3670,7095
3671,8169
3671,9688
3672,4369
3672,5133
3672,5558
3672,8235
3674,3810
3674,5501
3675,4748
3675,5341
3675,5779
3675,9053
3677,6573
3677,9797
3678,5294
3679,6106
3680,4467
3680,9565
3681,6783
3683,4951
3683,6675
3683,7275
3683,9617
3684,8106
3688,8422
3689,4733
3689,6383
3689,6674
3689,6832
3690,4271
3690,6877
3691,4827
3691,6971
3691,8345
3693,3882
3693,3927
3693,4470
3693,5198
3693,5750
3693,5988
3694,5985
3694,6294
3694,7259
3694,9672
3695,8592
3696,4188
3696,4540
3696,6240
3696,8724
3696,8785
3696,9006
3696,9641
3699,5483
3699,6586
3700,3809
3700,3936
3700,6725
3700,7079
3701,5284
3702,5837
3702,6925
3702,9139
3703,4396
3703,6881
3704,7203
3705,3949
3705,5383
3706,3961
3706,5459
3706,9500
3707,4589
3707,5212
3707,7467
3707,7721
3707,9232
3708,5087
3708,6406
3708,6866
3708,6931
3708,7318
3711,4891
3711,5804
3712,6615
3713,5640
3714,4461
3714,5999
3717,5125
3718,4427
3718,7233
3719,5545
3719,6826
3720,5299
3720,9417
3721,4040
3721,7880
3721,8460
3723,4710
3723,6909
3723,6952
3723,7011
3724,6529
3724,6985
3724,8950
3724,9793
3726,8598
3727,5777
3728,4308
3728,8129
3729,4442
3729,5029
3729,5860
3729,9146
3729,9167
3730,4578
3731,4727
3731,5350
3731,9009
3731,9882
3732,3840
3732,4348
3732,5352
3732,6223
3732,9094
3732,9555
3733,6641
3733,6958
3733,7010
3733,9086
3737,4483
3738,3942
3738,4338
3738,6328
3739,8805
3739,9297
3739,9897
3740,7740
3740,8607
3741,6807
3741,9606
3743,9131
3744,5028
3744,6086
3744,6911
3744,8573
3745,4269
3747,8346
3748,4662
3748,5756
3748,7738
3750,9339
3751,8036
3752,3897
3752,5073
3752,5585
3752,9051
3753,4077
3753,9669
3754,5435
3754,6523
3755,5903
3756,5151
3756,5822
3756,7043
3756,7187
3756,9222
3756,9503
3758,5004
3759,3854
3759,4916
3760,4112
3760,4471
3760,6193
3760,7195
3760,7295
3760,8506
3760,9060
3761,9594
3763,5805
3763,7066
3763,8022
3763,8601
3763,9410
3764,4377
3765,5382
3765,9820
3766,4437
3766,5359
3766,6850
3767,4207
3769,3877
3769,4458
3769,6404
3769,9137
3771,5728
3771,6629
3771,7864
3772,5674
3772,6746
3772,7162
3773,4266
3774,5361
3774,7407
3775,4123
3775,4933
3775,6391
3776,5013
3776,5767
3776,6979
3776,7082
3777,7818
3778,5820
3779,5210
3779,6247
3779,6297
3779,9245
3779,9374
3779,9460
3781,5805
3781,6165
3781,8005
3782,3817
3782,7150
3782,9181
3783,4045
3783,9194
3784,7993
3784,9855
3785,4240
3785,8734
3785,9713
3786,7782
3786,8196
3788,7833
3788,7955
3788,8209
3789,5298
3790,4067
3790,5256
3791,5700
3792,4389
3792,5144
3792,7859
3793,5800
3793,9318
3794,5078
3794,6147
3794,6246
3794,7866
3795,4947
3795,6991
3795,7138
3795,8386
3795,8715
3797,4983
3797,5622
3799,4715
3800,6507
3801,4562
3801,8103
3802,5057
3802,6084
3803,4553
3803,5977
3803,6381
3804,5473
3804,8655
3805,9326
3805,9558
3805,9947
3806,5388
3806,8892
3807,6250
3808,5588
3808,5592
3808,8190
3808,9253
3809,4251
3809,6478
3809,7541
3809,8537
3810,7920
3810,9066
3811,4812
3812,4845
3812,6398
3812,7218
3812,7264
3812,7389
3812,9927
3813,7778
3817,3821
3819,9355
3820,3973
3820,8479
3821,4207
3821,4666
3821,6698
3823,3830
3823,4866
3823,5615
3823,8120
3824,6784
3824,8081
3824,8587
3824,9213
3826,6995
3828,4660
3828,6700
3828,8902
3829,4475
3829,9163
3832,5116
3833,4115
3833,6857
3833,8750
3833,9233
3834,4830
3834,6191
3835,6678
3835,8760
3835,9492
3835,9577
3836,9623
3837,6500
3837,6946
3837,7248
3837,9772
3838,3964
3838,5229
3838,8830
3839,7043
3839,9208
3839,9432
3840,4252
3840,6422
3840,9187
3841,4393
3841,5849
3841,6592
3841,9603
3842,5331
3842,5961
3842,9832
3843,4319
3843,4357
3843,4367
3843,4846
3843,5342
3843,5976
3843,6956
3843,7073
3843,7643
3843,9360
3843,9643
3844,7185
3844,8510
3845,4853
3846,8202
3847,3931
3847,8912
3848,4643
3848,6703
3848,6920
3848,8351
3848,9621
3849,6115
3850,4478
3850,4517
3850,8132
3852,9245
3853,4261
3853,5627
3853,7958
3853,8407
3853,9830
3854,8259
3856,4672
3856,4768
3856,9784
3857,4854
3859,6105
3859,8682
3859,8970
3861,9107
3863,5168
3863,5339
3864,5497
3864,7552
3865,3998
3867,6991
3867,7258
3868,9627
3869,4068
3869,5315
3870,5334
3872,5307
3872,7334
3872,7627
3872,8063
3872,8092
3873,7997
3873,8332
3873,8423
3874,4708
3874,5716
3875,7565
3875,8799
3876,7647
3877,6091
3877,6664
3879,4820
3879,6226
3880,9134
3881,5852
3883,5714
3883,8111
3883,9185
3887,5125
3887,5853
3887,7410
3888,4032
3889,5875
3890,5956
3891,4539
3891,6417
3891,7924
3892,5158
3892,5290
3893,3986
3893,8397
3894,4323
3895,4300
3895,7139
3896,9394
3897,4159
3897,6417
3897,6530
3898,7278
3899,5167
3899,5433
3899,6666
3899,8384
3900,4786
3900,5075
3900,9191
3903,4432
3904,7877
3904,9595
3905,4343
3905,7506
3907,3946
3907,6624
3909,4077
3910,4674
3912,4144
3912,6458
3915,4574
3915,7775
3916,6807
3916,8178
3918,4210
3918,5312
3918,5513
3918,6104
3918,6799
3920,8076
3921,4665
3924,7353
3924,9155
3925,4099
3925,5877
3926,4799
3927,5665
3928,3944
3928,5799
3928,7681
3928,8552
3930,7827
3931,5727
3932,5487
3932,5630
3932,7006
3932,9169
3932,9379
3934,5181
3936,4568
3936,5541
3936,9859
3937,7007
3938,4636
3938,5446
3938,8154
3939,7153
3939,7158
3940,8511
3941,4036
3941,5354
3941,9690
3942,5654
3944,5181
3944,9981
3946,3972
3946,9268
3947,6464
3948,5738
3948,7384
3949,5659
3949,7572
3950,7218
3952,8031
3952,9353
3953,6904
3954,5134
3955,5163
3955,9349
3956,5896
3956,9478
3957,7880
3959,4706
3959,5071
3959,5784
3959,7693
3959,9350
3960,4180
3961,5725
3962,3983
3962,4138
3962,5457
3962,6832
3963,5514
3964,4511
3964,9031
3964,9451
3965,6832
3967,3979
3967,6913
3968,4604
3969,4046
3969,5124
3969,5654
3969,7508
3969,9821
3969,9913
3973,6864
3974,4969
3974,8180
3974,8975
3975,6667
3975,7124
3976,4782
3976,5043
3977,4156
3979,5246
3979,5300
3979,5373
3979,5723
3979,6709
3979,7100
3979,7182
3979,8872
3980,8501
3981,7663
3981,8177
3981,8473
3982,5476
3983,5137
3983,5967
3983,6594
3983,8213
3983,8358
3983,9609
3983,9972
3984,7021
3985,4070
3985,5565
3985,8629
3985,9008
3988,5669
3988,5899
3989,4306
3989,5610
3989,5667
3989,6265
3989,7973
3989,9736
3990,9184
3991,4760
3991,5832
3991,6358
3991,6455
3991,7985
3991,8643
3991,8657
3991,8716
3993,4303
3993,5955
3993,7566
3995,9676
3995,9959
3997,7797
3998,4662
3998,5274
3998,6476
3999,4104
3999,4577
3999,6510
3999,7269
4000,4971
4000,9888
4001,4299
4001,5835
4001,6721
4002,5239
4003,9709
4005,9981
4006,4509
4006,5530
4007,4321
4007,4567
4008,6365
4008,7732
4008,8354
4009,4911
4009,7962
4009,8675
4010,4488
4010,8214
4010,9006
4011,9053
4013,5652
4013,5755
4014,7839
4015,9782
4017,5226
4017,5845
4018,4062
4018,8041
4018,8774
4018,9359
4019,4497
4019,4843
4019,6257
4019,6397
4020,9635
4021,4097
4021,5900
4022,7790
4022,7893
4023,7255
4023,7727
4023,8685
4023,8858
4024,8082
4027,5743
4027,6299
4027,6904
4027,8577
4028,4067
4028,6459
4029,6496
4029,7464
4029,8528
4030,5108
4032,4626
4033,5673
4033,8038
4033,8542
4034,8887
4034,9875
4036,4727
4037,5576
4038,4373
4039,5730
4040,4164
4040,4273
4040,4528
4040,5096
4040,6504
4040,8434
4041,7810
4042,4098
4042,5383
4042,7919
4042,9351
4042,9646
4043,9238
4044,5418
4044,8149
4045,7330
4046,5268
4048,4106
4048,4426
4048,6154
4048,7200
4048,7955
4049,6644
4049,9194
4050,4289
4050,7027
4051,6747
4051,7954
4053,8464
4054,8358
4055,6160
4055,6304
4055,7387
4056,4864
4057,4215
4057,4750
4057,6029
4057,8428
4060,5403
4060,6370
4061,4728
4062,7976
4063,4652
4063,9035
4064,4317
4065,4239
4065,5676
4065,8477
4065,9290
4066,6621
4066,6965
4066,7216
4066,7930
4066,8180
4066,8841
4066,9335
4067,6179
4068,6714
4069,6097
4070,5423
4070,6536
4070,6876
4070,8077
4070,8406
4070,8607
4071,4569
4071,5347
4071,7696
4072,5101
4072,6233
4072,6986
4072,9618
4073,4612
4073,5095
4073,7693
4074,4835
4074,9741
4078,8110
4078,9659
4079,5502
4079,6138
4081,4775
4081,8579
4081,9320
4081,9599
4083,5147
4084,4561
4084,4738
4084,5508
4084,8175
4085,5374
4085,6761
4086,9013
4087,4890
4087,9409
4089,5058
4089,6098
4089,7822
4089,7881
4091,5560
4091,6942
4091,7223
4091,8645
4092,6819
4092,8846
4093,5472
4093,5901
4094,4990
4094,6733
4094,7217
4094,8983
4095,9936
4096,7642
4100,5631
4100,8850
4100,9231
4101,4352
4101,5356
4101,6840
4101,8063
4101,9051
4102,4583
4102,7442
4103,5261
4104,6463
4104,8833
4105,5904
4105,6129
4105,6727
4105,8789
4106,7417
4106,9076
4107,6107
4108,5003
4108,7201
4108,7476
4111,5572
4111,6665
4111,9906
4112,4243
4113,5775
4113,6310
4114,5948
4115,9228
4116,6471
4117,4202
4118,7344
4119,5946
4119,8497
4120,5185
4120,8248
4120,8747
4121,4153
4123,4915
4123,4998
4123,5441
4123,5713
4123,6381
4124,7995
4127,7245
4128,4281
4129,6068
4130,6644
4132,7352
4133,9774
4135,5534
4135,7627
4135,9454
4136,6499
4136,7342
4137,7589
4140,8276
4140,8674
4140,9966
4143,7366
4143,7470
4143,9004
4143,9833
4145,6384
4145,6678
4145,7956
4146,6810
4146,8999
4148,5030
4148,6463
4148,9124
4151,4337
4151,4677
4151,5881
4151,8092
4154,5319
4154,5478
4154,7285
4154,7656
4154,9056
4155,9666
4156,4238
4156,7747
4157,4527
4157,6720
4159,5368
4159,9229
4161,5692
4161,7193
4162,5967
4162,6462
4162,7337
4165,4475
4165,6192
4166,5951
4167,9160
4169,4841
4169,6169
4169,6541
4170,4424
4170,7549
4170,8202
4170,8577
4172,4295
4172,6632
4172,8240
4174,4417
4174,5860
4175,8612
4175,9372
4176,6513
4176,7229
4176,8708
4179,9935
4181,4484
4182,5050
4182,6765
4183,4342
4183,8071
4184,9779
4185,5207
4185,5444
4185,6309
4185,7229
4185,9210
4185,9517
4186,7539
4187,8154
4188,5042
4188,7042
4188,7543
4189,4256
4189,8568
4191,4856
4191,7433
4194,7949
4194,8104
4194,8875
4194,9920
4195,6492
4196,7961
4196,9441
4197,5638
4198,4452
4199,5726
4199,8658
4201,4438
4201,6356
4201,7679
4201,9138
4202,5817
4202,6194
4203,6612
4203,9155
4204,4467
4205,5470
4205,5993
4206,4619
4206,9863
4208,5806
4208,8593
4210,4261
4210,6072
4211,6911
4212,4285
4212,5430
4212,9102
4213,8361
4213,9458
4214,4298
4215,7547
4215,7566
4216,6258
4217,5600
4217,7795
4217,8693
4222,4323
4222,4336
4222,6360
4222,9034
4223,7115
4224,5210
4224,6773
4224,7179
4226,4339
4226,5237
4227,4689
4227,9949
4228,7577
4229,5546
4230,5889
4230,9199
4230,9257
4232,5524
4234,7516
4234,9534
4235,4658
4235,9039
4235,9508
4236,4451
4236,6659
4236,7434
4236,8775
4237,6174
4237,6332
4237,9493
4238,4793
4239,7085
4239,7963
4240,4875
4240,5292
4241,5911
4241,6609
4242,4898
4242,8263
4243,4424
4245,7851
4246,4282
4246,4379
4246,4823
4246,5929
4246,6972
4246,8032
4246,8896
4247,5952
4247,6458
4247,7081
4247,7639
4248,7182
4248,8124
4249,4287
4249,4405
4249,6778
4250,6565
4251,4500
4251,5813
4251,6215
4251,6870
4251,7405
4251,7514
4254,4567
4254,4629
4254,9386
4255,4356
4255,6048
4255,6852
4255,7695
4255,8837
4257,4400
4259,7279
4260,5907
4261,7215
4262,4349
4263,5688
4264,8957
4265,4934
4265,5162
4265,6369
4265,7740
4266,7323
4267,5119
4267,5247
4268,6446
4269,9237
4272,7731
4273,9699
4275,9446
4276,6146
4277,8273
4277,8347
4279,9540
4280,5209
4280,6085
4280,9184
4281,6657
4281,8701
4283,8228
4283,9221
4284,5976
4284,6110
4284,6808
4285,5639
4286,8152
4287,5319
4287,5611
4287,8026
4287,8686
4287,9296
4287,9936
4288,5403
4289,4740
4289,8353
4290,7845
4290,7948
4291,5064
4292,5195
4292,6957
4292,8441
4293,6716
4294,7145
4296,8553
4297,4759
4297,5793
4297,6034
4297,9207
4297,9363
4299,5717
4300,9436
4301,5432
4302,9519
4303,5650
4303,5697
4303,6178
4303,8507
4303,8928
4304,8500
4304,8784
4307,6483
4307,8261
4307,9621
4308,6148
4309,5481
4309,5609
4309,5852
4309,6512
4309,9384
4310,6506
4310,8564
4310,9351
4311,6639
4311,7724
4311,9136
4313,6688
4313,8478
4314,5873
4316,6499
4316,9402
4317,5577
4318,4884
4318,6129
4319,8460
4320,5254
4321,8786
4322,9992
4323,5903
4323,9747
4324,4834
4324,5521
4326,4937
4326,5367
4326,5820
4326,7581
4326,8644
4326,8756
4327,7784
4327,8548
4328,9281
4329,5300
4330,5953
4330,6723
4330,7912
4330,9703
4330,9919
4331,5602
4334,6231
4335,6705
4335,9485
4336,4519
4336,9061
4336,9075
4336,9536
4337,4731
4340,5306
4340,6057
4342,8124
4343,4438
4343,7145
4343,8289
4344,7997
4345,8365
4345,8599
4346,5615
4348,7927
4353,6088
4353,8147
4353,9018
4354,6728
4356,7227
4356,7981
4357,7757
4358,4768
4358,5878
4361,9267
4362,6210
4362,8740
4363,4764
4363,7002
4363,7390
4363,8918
4363,9275
4364,7608
4367,9282
4370,4668
4370,7556
4370,8400
4371,8786
4372,7093
4372,7885
4373,7441
4374,4616
4374,5787
4374,7191
4374,7596
4375,7071
4375,7107
4375,8044
4376,7411
4377,5900
4378,8522
4380,6188
4380,6242
4381,4885
4381,6451
4381,9405
4382,5218
4382,6177
4382,6502
4383,6837
4383,7360
4383,8335
4384,8205
4385,5216
4385,5381
4385,6186
4385,7969
4386,4411
4386,7121
4386,8103
4390,5956
4392,6261
4392,9887
4393,7613
4396,4609
4396,7029
4396,9322
4397,6078
4397,7437
4397,8426
4400,8424
4401,7204
4401,8382
4402,4928
4402,8002
4402,8137
4402,8501
4402,9485
4403,4816
4403,6046
4404,8870
4405,7995
4406,5895
4406,6009
4406,6143
4406,6558
4406,6929
4406,8864
4407,5189
4407,5556
4408,4746
4408,5480
4408,5788
4408,7735
4410,8217
4412,8284
4413,6808
4414,7456
4415,5171
4415,8816
4416,5670
4416,8061
4416,9737
4417,6867
4417,7173
4418,5018
4419,7066
4421,7652
4422,8211
4424,5711
4424,7465
4425,9637
4426,7371
4427,9277
4428,4432
4428,6599
4429,5220
4429,6295
4429,7807
4431,7975
4435,5777
4435,8116
4436,8048
4436,8573
4438,6102
4438,9411
4438,9734
4439,6958
4439,9469
4441,8783
4441,8932
4441,9444
4442,4769
4444,7460
4446,4986
4446,6107
4446,7908
4446,9662
4447,4847
4447,6563
4447,6768
4448,7886
4449,4667
4449,8647
4450,8752
4452,5233
4452,5664
4452,8005
4453,4847
4453,4900
4453,7700
4454,5108
4456,6932
4456,8028
4458,6123
4460,5421
4460,6569
4462,5036
4462,6773
4462,7319
4462,8095
4463,6184
4465,6528
4465,6638
4465,7950
4466,4637
4466,5694
4466,7684
4468,6114
4468,6312
4470,7346
4471,6721
4471,8917
4472,5897
4472,7284
4474,6133
4475,7179
4476,7468
4476,9302
4477,6170
4477,7762
4477,9310
4477,9312
4478,7508
4478,7603
4479,4668
4480,5701
4481,4975
4481,6566
4484,5679
4485,8229
4485,9293
4488,5280
4488,7106
4489,4910
4489,9977
4490,4809
4491,6030
4493,9161
4494,9000
4494,9481
4495,5783
4496,5022
4496,6382
4497,7897
4498,6343
4498,7209
4498,7238
4499,4933
4499,5040
4499,7118
4500,5657
4500,7405
4501,6333
4501,6369
4502,5032
4502,5910
4503,4659
4503,8436
4503,9487
4504,4886
4504,8246
4504,9183
4505,7512
4505,9156
4507,7099
4508,5289
4508,5502
4508,7143
4512,4804
4512,4822
4514,4593
4515,4578
4516,6236
4519,5127
4522,6841
4523,6257
4523,7460
4524,4526
4524,5537
4524,5912
4524,6814
4524,9845
4525,5764
4525,9994
4526,5069
4526,5777
4526,6211
4526,7821
4526,9156
4527,9715
4528,8425
4530,7933
4532,4620
4534,4797
4534,6062
4534,7190
4534,7918
4536,8986
4537,4974
4537,9226
4537,9539
4538,5959
4538,6884
4538,9376
4538,9655
4539,4724
4539,8051
4540,9474
4543,5876
4543,6858
4544,9410
4545,5211
4545,5986
4545,7719
4546,4768
4548,5696
4548,7016
4548,9089
4550,8169
4550,8692
4552,9014
4553,6691
4555,4831
4555,4849
4555,5052
4555,5660
4555,9837
4558,5079
4558,5131
4558,6263
4558,9237
4559,7504
4559,7780
4559,9081
4560,5408
4560,6233
4560,8815
4561,6720
4561,7398
4562,6407
4562,7203
4563,6709
4564,5524
4564,5861
4564,8720
4564,9247
4565,5386
4565,7316
4566,7510
4566,8436
4567,5047
4568,5876
4568,7222
4568,8227
4570,7475
4571,4699
4571,4701
4571,5094
4572,7152
4572,7464
4573,9112
4574,8199
4574,9427
4574,9508
4576,5164
4576,5875
4577,7646
4577,9250
4578,5935
4578,9354
4579,9230
4580,5828
4580,6403
4581,9258
4582,5365
4582,5947
4586,5052
4586,7498
4586,8843
4587,6250
4587,8489
4588,8982
4589,5022
4589,5179
4590,7655
4592,5224
4592,6492
4592,7036
4594,9525
4598,7059
4599,4754
4599,5705
4599,5924
4599,6175
4599,8624
4600,7764
4601,5289
4602,5271
4602,6208
4603,5844
4605,5282
4605,6474
4605,9335
4608,9312
4610,6187
4612,4874
4612,6048
4613,4905
4614,5121
4614,9527
4615,7308
4615,9951
4618,6075
4618,7512
4618,8603
4619,9129
4620,6620
4622,8055
4625,5115
4626,4675
4626,6123
4627,6835
4627,7350
4627,7912
4628,8148
4628,8560
4629,4892
4629,5804
4629,6737
4630,5135
4630,5618
4631,7953
4631,8588
4632,9949
4633,7613
4633,7720
4633,8551
4633,8757
4633,9723
4633,9810
4634,8794
4636,9516
4637,5153
4638,6039
4639,9468
4639,9733
4642,6719
4642,8669
4642,9400
4644,6851
4644,8212
4645,5886
4645,6212
4645,9500
4646,4841
4647,6424
4647,6456
4649,7429
4649,7605
4649,7818
4650,4976
4650,5663
4650,7272
4652,4882
4652,7413
4652,8348
4652,9213
4653,9682
4655,9232
4656,8057
4656,8313
4656,9046
4659,4712
4659,5684
4659,6325
4663,5019
4663,7084
4665,4962
4665,6053
4665,6061
4665,6219
4665,6238
4665,7005
4666,8742
4667,4880
4667,7527
4668,6199
4668,8643
4671,5327
4671,9095
4672,4729
4672,7027
4672,8496
4674,5553
4674,6521
4674,8020
4675,5247
4675,6198
4675,7459
4675,8490
4679,9619
4680,4816
4680,6801
4680,7629
4680,8897
4680,9329
4681,6749
4681,7734
4682,7005
4682,8862
4682,9586
4683,9163
4684,5910
4684,8004
4685,5688
4685,9440
4689,7750
4692,9493
4693,6216
4693,6902
4693,7978
4696,8284
4696,8414
4698,5268
4701,5808
4701,9625
4701,9960
4702,7738
4703,5633
4706,5357
4706,6144
4706,7620
4708,5346
4708,7044
4709,7563
4709,8817
4709,9288
4712,5710
4713,4809
4713,8427
4715,6177
4716,5800
4716,6701
4716,6774
4717,5045
4717,5645
4717,6945
4717,9433
4718,9198
4719,8319
4720,6295
4720,8618
4721,6568
4724,6697
4724,6901
4728,5586
4728,5816
4728,6491
4729,6203
4729,6420
4729,8957
4730,5794
4731,5917
4731,7444
4731,9291
4732,5554
4733,5619
4733,7230
4734,7025
4734,8331
4734,9236
4735,6163
4737,5981
4737,6076
4737,7622
4740,4758
4740,8368
4742,6800
4743,8635
4745,8277
4746,8745
4747,7935
4747,9001
4747,9038
4749,6489
4749,8162
4752,8744
4753,8665
4754,9554
4756,7479
4756,7625
4761,5252
4761,5599
4761,5929
4762,5045
4762,5745
4763,8682
4765,5372
4767,5570
4768,5467
4768,6683
4769,5392
4769,6191
4769,9652
4770,8529
4771,8444
4772,6036
4772,7189
4774,5260
4775,6539
4775,6787
4776,5011
4776,7103
4776,9744
4777,4798
4777,8254
4780,7340
4780,8464
4781,4926
4787,6029
4787,6079
4789,7384
4789,7942
4790,6599
4790,6646
4790,7408
4790,9741
4792,8433
4792,9645
4793,6206
4793,6364
4793,7899
4793,9069
4793,9242
4797,9776
4798,5692
4798,6157
4798,7703
4800,5573
4800,8844
4801,6667
4804,9029
4805,9270
4806,8798
4808,6308
4808,9583
4808,9850
4809,6161
4809,6825
4809,9903
4810,6314
4810,6557
4811,7896
4812,7453
4812,8750
4812,9120
4814,5308
4814,7249
4815,7739
4816,7131
4816,8068
4817,5950
4817,6109
4818,6283
4819,5085
4819,7074
4819,9378
4820,5542
4820,6545
4821,5816
4821,7109
4823,5569
4823,6783
4823,7197
4824,4881
4824,5214
4824,7296
4824,7783
4824,8364
4824,9813
4828,6499
4828,8954
4829,6469
4829,8335
4830,5159
4830,5427
4830,7140
4830,7249
4830,7788
4830,7817
4830,7918
4830,8054
4830,8117
4834,6383
4834,7690
4835,5885
4835,6979
4836,5196
4836,5906
4836,7091
4836,7398
4837,9376
4838,7387
4840,8941
4842,5411
4843,4871
4843,5280
4843,6294
4843,6974
4843,9896
4845,6199
4845,8280
4847,6541
4847,7022
4847,7515
4847,7774
4847,8493
4847,9488
4848,8895
4849,9382
4850,5200
4850,7041
4851,8590
4851,9301
4852,6288
4853,6251
4853,9274
4855,5379
4855,5607
4855,7883
4855,9326
4857,7597
4859,5602
4860,6937
4862,5389
4863,9704
4864,6791
4864,8912
4866,5100
4867,9532
4868,7222
4868,8762
4868,9033
4868,9860
4871,6366
4871,7619
4872,5181
4872,5373
4873,5788
4873,8324
4875,8565
4876,7369
4876,9007
4877,8178
4880,7937
4881,6059
4881,8907
4882,7369
4884,7044
4885,6907
4887,5696
4887,6534
4887,6634
4887,7854
4888,8233
4889,5455
4889,7300
4890,5252
4890,9839
4891,6509
4891,9211
4892,5499
4893,5260
4893,7595
4893,8019
4894,6813
4895,5654
4895,7944
4896,6437
4897,8408
4898,8073
4899,9889
4904,9615
4905,5581
4905,6936
4905,8877
4907,5705
4907,6593
4908,5646
4908,5693
4910,6239
4913,5098
4913,5311
4915,5658
4916,8642
4917,6757
4917,7167
4918,6004
4918,6804
4920,5076
4921,6682
4922,6750
4922,8922
4922,9582
4923,5486
4924,7403
4924,7859
4925,8573
4927,4929
4929,5789
4929,9416
4931,5225
4931,8939
4933,5412
4934,5950
4936,5671
4938,7276
4939,7263
4941,5022
4941,5515
4941,5697
4943,8036
4943,9346
4944,7631
4945,6891
4946,5969
4947,6428
4947,7870
4948,8421
4951,8343
4952,9640
4954,6064
4955,7860
4955,8526
4957,5270
4957,9037
4957,9483
4961,6086
4962,5337
4963,5664
4966,5174
4966,6430
4967,6925
4968,7685
4969,5357
4969,6589
4969,8869
4969,9166
4970,7448
4973,6591
4973,6758
4973,6793
4973,7036
4975,7360
4976,5566
4976,6722
4979,7421
4979,8557
4980,6140
4980,6421
4980,6757
4981,7563
4982,9518
4985,8868
4986,7848
4987,5410
4987,7388
4987,9127
4987,9499
4987,9822
4988,5027
4989,8025
4989,8954
4990,7185
4992,7260
4992,8456
4994,5948
4994,6007
4996,6012
4996,7352
4997,7139
4998,5248
4998,5378
4998,7678
4999,8456
5000,9125
5001,5314
5001,6738
5001,8768
5003,7831
5004,5160
5004,5480
5005,6038
5007,9396
5007,9881
5007,9923
5009,6679
5009,8522
5010,6966
5010,9762
5012,5346
5012,6139
5012,6555
5012,6617
5014,8320
5014,9001
5015,5595
5015,5653
5015,7030
5016,5785
5016,6082
5016,8939
5017,8268
5019,5399
5020,7131
5020,9882
5022,5033
5022,8756
5022,9296
5023,6468
5024,6011
5024,6196
5025,6202
5025,6454
5026,7168
5027,6735
5029,5561
5029,6081
5029,6462
5029,8546
5030,6344
5030,7354
5031,6207
5033,9271
5034,7462
5034,8348
5036,5261
5036,5443
5042,6415
5042,7460
5042,8442
5042,8725
5044,7288
5044,7533
5044,8418
5045,5183
5046,5089
5046,9433
5047,5400
5047,6444
5050,6399
5050,6970
5053,6696
5053,8378
5054,7981
5054,8513
5054,8931
5055,6076
5057,6453
5057,9829
5058,5148
5058,9604
5058,9837
5059,6085
5059,9331
5061,6180
5061,6970
5061,7471
5061,9614
5061,9752
5063,7733
5063,7799
5063,9637
5066,5417
5066,7068
5066,7336
5067,6768
5068,6893
5070,8271
5071,5470
5071,7444
5071,9386
5072,5693
5073,9442
5074,5867
5074,6940
5074,9256
5075,7699
5075,9100
5076,6629
5077,8231
5078,5131
5078,7214
5079,7614
5079,8893
5080,5152
5080,7659
5080,8151
5081,7994
5082,6125
5082,6410
5082,7754
5082,7797
5082,9209
5082,9371
5082,9458
5082,9750
5083,7097
5083,9860
5085,7446
5085,7984
5086,7383
5086,8731
5087,5195
5087,5274
5087,5485
5087,6162
5087,6841
5087,7943
5087,8011
5087,8738
5088,5142
5089,5722
5089,8726
5090,6348
5090,9585
5091,5707
5093,6387
5093,6686
5095,6948
5096,7459
5097,8632
5099,6083
5100,6504
5100,7074
5102,5462
5104,9401
5105,7028
5105,7892
5106,7517
5106,9978
5107,5232
5107,6827
5109,5312
5109,5472
5109,5546
5109,8593
5110,5435
5110,7463
5111,8593
5113,5725
5113,7431
5113,9751
5114,5404
5117,9335
5117,9994
5118,7168
5118,8172
5119,6828
5119,8362
5119,8689
5119,9464
5121,7594
5121,7747
5122,5591
5123,7309
5125,7483
5125,9358
5127,5517
5127,7387
5127,7683
5128,6642
5128,9479
5131,7446
5136,6638
5137,6980
5137,7069
5138,8007
5138,9205
5141,5939
5141,7194
5142,6179
5142,8328
5146,5646
5146,6938
5146,7719
5146,9593
5146,9706
5147,7333
5149,9502
5150,5475
5151,8446
5152,7090
5155,8161
5155,8887
5155,9245
5156,7111
5157,6260
5159,9242
5160,5228
5160,6353
5162,9633
5163,7336
5164,6880
5164,6895
5164,8598
5166,9303
5167,9792
5170,5241
5170,5759
5170,6704
5170,7750
5171,8790
5171,8844
5171,9379
5172,9953
5174,5930
5174,7015
5174,8764
5176,8933
5178,5701
5179,7141
5179,8575
5182,7093
5182,7257
5183,8829
5184,7248
5184,9171
5186,5630
5186,6544
5188,6099
5188,8877
5192,6163
5194,8235
5195,6898
5196,8346
5198,5967
5198,8227
5199,6286
5199,8723
5199,9301
5200,7171
5201,8303
5203,5344
5203,5748
5204,8360
5212,5837
5214,9643
5215,7258
5216,6806
5222,7337
5224,9587
5225,7259
5225,8599
5225,8943
5226,8212
5227,7413
5227,9794
5227,9901
5230,9119
5231,6044
5232,5390
5233,6569
5233,6592
5233,6666
5233,6968
5235,7485
5236,6123
5237,7518
5238,5305
5242,5275
5242,8210
5243,8163
5244,5529
5244,8463
5244,9528
5244,9583
5245,8338
5246,6242
5246,6403
5246,7391
5246,8970
5249,8842
5250,7609
5253,5582
5254,5635
5255,5559
5255,9810
5256,5286
5257,6150
5257,7321
5259,5359
5260,5644
5262,9795
5264,9816
5265,7586
5265,8145
5266,5488
5266,8464
5268,6051
5268,6862
5268,8351
5269,6135
5270,5852
5270,9023
5271,7039
5275,6164
5275,6351
5276,6831
5276,8821
5277,6368
5277,7151
5277,8571
5277,8880
5278,8965
5281,6542
5283,6969
5283,7486
5283,8879
5285,8474
5286,5728
5287,6820
5287,7474
5287,9937
5288,9987
5289,7501
5289,7637
5290,9859
5291,6161
5293,7161
5294,6156
5295,8336
5296,5387
5296,9543
5297,6173
5298,7498
5301,9942
5303,9075
5303,9634
5304,6379
5307,8012
5309,5546
5313,5389
5316,6943
5316,7349
5317,5487
5317,5577
5317,6318
5318,8900
5318,9797
5319,8323
5320,6888
5322,7458
5323,5452
5323,7392
5323,7809
5323,8000
5323,9473
5324,5863
5324,8418
5324,9025
5325,6103
5326,9454
5327,5880
5327,8887
5327,9050
5327,9157
5331,6842
5333,9749
5335,6721
5335,7734
5335,8155
5335,9592
5339,6400
5339,7365
5339,7941
5340,5818
5342,6007
5342,8153
5342,9146
5342,9842
5342,9995
5343,6206
5343,8938
5344,6588
5344,7033
5344,7915
5344,9420
5345,6763
5345,7496
5347,5720
5347,9046
5348,5965
5352,7755
5353,7112
5354,7561
5354,9846
5355,6010
5355,7564
5355,8402
5357,8914
5361,7077
5361,8617
5363,9206
5364,7317
5365,8020
5366,5995
5366,6041
5367,7451
5367,8150
5367,9811
5368,5683
5369,9052
5370,8507
5370,9874
5373,5575
5373,5963
5373,6130
5373,7891
5373,7896
5373,8823
5376,5520
5377,5447
5378,6829
5378,6869
5378,9259
5378,9876
5379,6293
5379,7598
5382,5471
5382,7731
5382,8278
5382,8443
5382,8823
5383,9535
5387,8741
5388,7704
5393,5949
5393,7183
5395,5498
5395,6775
5398,9869
5399,8269
5399,9453
5400,9613
5401,9851
5402,8923
5403,6433
5404,9173
5405,6114
5405,8692
5407,9407
5408,6267
5409,8893
5411,5867
5411,8459
5412,7309
5412,8580
5412,8804
5414,9422
5419,6332
5419,6412
5419,8091
5422,6577
5422,7673
5425,6214
5426,6145
5427,7232
5427,8739
5428,7374
5429,7861
5434,6828
5436,7153
5436,8596
5436,9314
5438,8443
5439,5661
5439,5792
5439,7290
5439,7477
5440,5919
5440,6125
5442,7322
5445,5857
5445,7016
5445,8079
5445,8561
5445,9406
5447,6104
5448,9796
5449,5802
5450,7524
5450,9390
5450,9490
5450,9604
5451,7281
5451,7589
5451,7680
5451,9673
5452,8176
5452,9266
5452,9917
5453,9694
5454,7285
5454,8760
5455,6903
5458,6013
5460,8559
5460,9122
5461,8620
5467,9531
5468,5868
5468,9798
5469,7324
5470,5501
5472,7132
5472,8276
5473,5694
5473,9809
5474,6506
5474,8314
5475,6181
5475,6882
5476,7069
5477,6214
5477,6584
5478,6097
5479,5832
5479,7026
5480,8960
5481,6121
5481,6965
5481,7580
5481,8735
5481,9828
5485,7769
5485,8888
5486,6404
5486,8673
5487,7840
5489,6732
5489,9729
5490,6740
5490,7814
5490,8768
5492,8300
5492,8763
5496,7048
5499,6822
5499,7116
5499,7488
5501,7518
5501,8114
5501,9541
5503,5952
5505,7989
5506,5707
5507,6474
5508,6773
5508,9287
5509,7948
5509,9399
5510,7911
5511,7943
5514,5661
5514,6435
5514,9299
5517,6080
5517,6213
5518,5572
5519,6814
5520,8138
5521,7120
5522,5560
5522,5938
5522,6272
5524,6208
5524,6603
5524,8732
5526,8488
5528,6201
5529,8449
5529,8466
5530,7208
5530,9031
5530,9366
5531,6516
5531,9623
5532,6432
5533,6173
5533,8713
5533,9394
5534,8730
5537,8390
5539,8282
5540,6450
5540,6457
5540,9073
5540,9255
5541,8412
5542,6144
5542,6551
5542,8778
5543,9878
5544,6282
5544,7294
5545,5745
5545,9332
5545,9496
5548,5761
5548,6011
5548,8331
5552,6985
5556,5879
5557,7528
5557,9943
5559,6264
5559,6658
5563,7681
5563,8058
5565,7967
5567,7853
5569,9610
5571,6022
5573,7592
5575,9199
5577,6965
5577,8368
5580,6954
5580,7737
5582,6622
5585,5977
5585,9814
5587,8707
5587,8934
5590,7918
5590,8906
5592,8401
5594,9031
5596,7901
5596,8450
5596,9953
5598,9970
5600,7625
5600,8054
5601,5686
5602,8633
5604,6704
5604,7760
5605,5997
5605,7616
5605,9426
5607,9019
5609,6416
5609,7739
5609,8578
5610,9329
5612,9448
5613,6684
5613,7111
5613,7668
5615,7601
5616,7724
5621,5645
5621,9067
5621,9972
5622,8221
5622,8296
5623,6285
5624,6282
5625,6779
5625,9333
5627,6162
5627,8069
5629,7763
5631,7251
5631,8865
5639,8002
5639,8023
5640,9016
5640,9051
5640,9113
5641,8930
5643,8009
5646,5841
5648,5947
5648,8850
5650,9088
5655,7196
5655,7679
5655,8737
5655,9286
5658,7758
5659,6376
5660,6963
5660,8379
5662,7121
5662,9912
5663,6928
5663,8434
5663,9962
5663,9963
5666,7449
5666,9456
5667,7508
5669,5735
5669,7611
5671,5712
5672,5740
5672,7156
5673,6690
5674,6631
5674,7772
5675,6524
5676,5786
5676,7675
5677,6070
5678,8543
5680,9716
5681,6674
5681,8058
5683,7032
5685,7658
5686,5934
5686,5963
5687,8031
5687,8781
5689,9780
5690,6386
5690,6452
5690,9574
5691,6661
5691,9680
5691,9761
5693,7078
5694,8174
5697,8802
5698,6362
5698,7088
5700,5750
5701,8690
5703,7935
5703,8649
5704,6562
5704,6577
5705,6252
5705,8895
5706,6348
5706,9746
5709,8821
5709,8847
5710,9969
5711,6121
5712,6127
5712,9308
5713,7457
5714,5980
5714,8532
5714,9307
5716,9138
5719,7206
5722,8527
5723,5811
5724,8853
5724,9785
5725,6733
5725,7895
5725,8604
5728,7136
5728,9581
5730,8287
5733,6964
5733,8072
5733,8899
5734,8872
5736,7439
5736,9482
5737,6993
5737,7089
5737,8437
5737,9320
5738,5760
5738,6441
5738,6999
5738,8339
5738,9715
5740,6978
5740,7627
5740,7667
5740,9253
5744,9964
5746,5814
5747,8618
5747,9543
5750,8121
5750,8303
5751,6784
5754,8248
5759,5895
5760,9090
5762,9369
5766,6066
5766,9458
5766,9567
5768,7909
5769,6315
5769,9838
5770,6759
5770,7785
5772,8967
5773,6244
5774,7250
5776,9699
5778,5885
5778,6890
5778,7957
5778,8389
5780,6573
5780,7420
5780,8325
5781,7979
5781,9875
5785,6138
5785,6317
5785,8581
5787,6996
5788,8042
5789,9188
5790,6648
5791,8130
5791,8713
5792,6441
5792,9474
5796,9645
5800,6933
5801,8152
5801,9896
5804,8612
5805,7286
5806,5842
5810,6960
5810,8580
5812,7922
5813,6859
5813,8605
5814,6395
5814,6992
5814,8410
5815,5830
5819,7208
5819,7628
5819,9135
5819,9416
5819,9907
5819,9982
5820,8494
5822,7718
5827,7032
5827,9091
5828,7942
5829,5880
5830,7529
5833,9504
5833,9522
5834,8332
5834,9104
5835,6277
5835,6821
5835,9209
5839,6363
5839,8093
5840,7559
5845,6669
5845,7944
5845,8480
5845,9672
5846,8955
5847,6447
5847,8568
5848,7869
5848,7880
5848,8578
5849,7406
5849,7586
5850,8518
5851,6252
5851,7363
5851,9894
5852,7115
5852,8409
5852,9479
5854,9752
5856,6326
5856,8153
5856,9171
5858,6277
5858,7410
5859,7583
5862,9288
5863,7706
5863,9091
5864,6594
5864,7898
5864,9682
5866,6899
5867,7361
5868,6037
5870,6396
5871,6929
5871,7602
5871,9404
5872,8179
5874,7054
5875,8934
5875,8955
5877,8806
5878,8993
5880,7198
5881,9566
5883,7570
5885,8686
5887,6911
5888,6934
5888,7651
5890,9317
5890,9432
5890,9483
5891,8597
5892,8791
5892,9189
5893,8355
5896,8017
5896,8211
5896,8306
5896,9588
5900,6209
5901,7701
5906,7320
5908,7213
5909,6550
5909,8470
5911,6309
5911,8588
5912,8310
5913,8404
5913,8567
5915,8473
5916,9468
5917,6675
5919,6190
5919,7195
5919,7463
5919,9124
5919,9204
5921,9350
5923,7272
5923,7684
5923,8288
5925,7045
5931,6691
5933,6058
5933,8772
5934,6541
5934,8491
5937,7540
5937,9049
5938,6248
5938,6286
5938,8054
5940,9228
5943,7145
5945,7961
5947,6857
5951,6899
5951,9071
5952,7897
5953,6426
5954,7330
5958,6901
5958,7039
5958,8173
5959,7636
5963,8156
5963,9711
5965,7883
5966,7121
5966,7587
5967,6217
5968,9211
5969,8264
5971,6104
5971,6387
5971,7119
5974,8049
5979,8291
5980,7528
5981,7712
5983,6388
5984,9443
5986,7542
5986,7704
5986,7978
5986,8143
5987,6973
5987,7816
5988,7184
5989,6365
5989,7841
5990,6478
5990,7956
5993,7781
5994,8516
5997,6848
5997,8606
5998,6018
5998,8102
6003,6554
6005,6584
6005,8082
6005,9553
6006,9710
6007,7197
6007,8313
6007,9689
6008,6071
6012,8206
6015,7777
6016,8697
6019,7601
6019,8788
6020,9727
6022,6144
6022,8796
6022,9669
6023,7247
6024,7983
6027,8249
6030,6239
6030,7183
6031,9177
6033,8897
6033,9532
6033,9636
6034,6484
6035,6280
6039,6159
6039,6401
6039,6716
6039,7124
6039,7946
6040,9658
6042,8358
6043,6082
6043,8868
6045,6263
6047,6578
6049,8944
6050,6220
6052,8676
6054,6819
6057,9415
6058,9663
6060,6264
6060,7622
6061,6232
6061,8349
6061,8619
6061,8834
6062,6803
6062,8859
6063,6537
6063,9013
6064,6510
6066,6505
6072,8875
6073,9578
6075,9742
6076,7780
6076,8438
6077,6225
6077,7676
6078,7247
6078,9839
6081,7804
6082,6183
6085,6559
6085,9380
6085,9547
6085,9897
6086,6655
6086,6796
6086,8035
6086,8340
6087,6354
6088,6327
6090,6614
6093,6196
6093,6836
6094,8461
6099,7752
6101,8508
6101,9164
6101,9632
6101,9979
6104,8628
6105,8359
6105,9605
6106,6364
6106,8098
6107,8345
6107,9419
6108,8519
6111,6981
6111,8600
6111,9450
6112,6875
6112,6926
6112,7175
6112,9216
6114,9115
6115,7072
6115,8482
6118,7560
6119,9677
6120,6228
6121,8453
6125,9632
6127,9644
6128,9868
6129,8372
6130,8201
6131,6601
6131,9446
6134,7043
6135,9637
6136,8316
6137,7268
6137,9518
6139,8079
6140,9891
6143,7786
6143,9372
6145,9989
6146,6515
6148,6413
6148,6994
6150,8622
6150,9508
6150,9596
6153,7443
6153,8662
6153,9934
6154,6680
6154,7719
6154,8748
6156,9294
6157,9375
6160,7289
6163,6207
6163,6267
6163,6644
6167,6988
6169,9827
6174,7552
6176,8008
6176,9871
6177,7352
6178,8707
6179,6185
6179,6864
6179,7142
6179,8693
6179,8815
6182,7199
6184,7021
6186,6319
6188,7885
6189,7375
6189,9618
6190,6792
6190,7882
6190,8832
6191,7832
6196,8392
6202,6362
6202,7085
6202,9505
6209,8131
6210,6921
6212,7286
6212,7442
6212,7998
6213,9754
6215,7141
6215,9109
6216,7546
6217,7177
6219,6543
6219,7201
6219,8169
6221,7114
6222,7968
6223,6814
6224,7144
6225,7164
6228,8095
6230,9623
6231,8423
6232,8329
6232,8376
6233,8258
6234,7818
6235,8376
6236,7636
6237,6579
6238,7175
6239,7746
6242,8382
6243,8317
6243,9144
6246,6487
6256,9325
6257,6436
6259,8806
6261,8243
6261,9435
6266,7350
6266,9184
6269,7722
6269,9311
6270,7987
6270,8769
6271,8798
6271,9767
6272,7983
6273,7927
6274,6972
6275,9566
6276,6461
6276,7050
6276,7400
6276,9515
6276,9991
6277,6710
6277,6754
6280,9812
6285,9823
6288,9411
6289,8261
6289,8951
6290,6677
6294,8133
6298,6488
6298,6818
6300,9513
6301,7551
6302,6671
6302,9181
6302,9503
6304,8761
6304,9806
6305,7277
6311,8437
6313,6588
6314,9613
6315,7836
6316,6319
6316,9035
6316,9864
6318,7109
6319,7764
6320,7983
6320,8977
6326,6377
6326,9049
6326,9496
6326,9807
6328,8776
6331,7045
6331,7440
6333,7435
6333,9132
6338,7519
6340,6841
6340,6964
6341,8760
6343,8935
6346,9732
6346,9893
6347,7938
6347,8526
6347,9041
6348,7597
6351,6672
6351,9853
6352,6924
6355,6375
6355,9449
6360,8566
6361,9864
6364,8991
6367,9426
6368,6664
6369,7511
6369,9165
6371,9563
6373,6609
6376,7977
6379,8417
6380,6508
6381,7278
6382,6614
6382,8297
6383,6810
6383,7361
6384,6822
6386,9196
6387,7160
6391,8110
6392,7082
6392,8136
6392,9075
6394,9132
6396,6611
6397,9192
6398,8451
6404,9183
6404,9646
6407,6576
6407,6650
6407,7473
6407,8288
6409,9300
6410,9761
6411,6637
6411,9239
6411,9877
6412,7377
6412,8127
6412,9151
6413,9074
6414,7652
6414,7863
6416,8388
6417,6534
6417,7448
6418,8152
6419,9032
6422,7677
6424,8765
6426,8006
6428,9978
6429,6508
6429,6793
6431,7179
6433,6533
6433,7506
6434,7208
6435,7929
6435,8128
6438,7295
6441,8474
6443,8185
6448,9603
6449,7583
6450,6861
6451,7513
6451,7977
6452,9395
6454,7270
6456,7370
6456,7907
6456,9094
6457,8627
6457,9948
6458,7765
6461,9016
6464,8512
6464,9995
6465,9246
6466,8645
6467,9549
6468,8400
6469,8592
6474,9022
6475,7759
6475,9708
6479,7888
6482,7630
6482,8915
6485,9000
6489,6844
6491,9672
6495,8823
6496,7501
6498,7935
6498,8014
6498,8513
6498,9223
6498,9384
6499,7577
6499,8061
6499,8638
6502,7216
6503,9600
6505,7864
6508,7595
6508,7629
6508,8367
6510,8321
6512,7070
6512,7181
6512,8432
6512,9917
6514,9649
6515,6849
6521,6892
6522,9201
6524,8503
6524,9277
6527,6630
6527,8847
6529,7063
6529,9982
6532,7718
6532,8826
6533,8191
6533,8329
6533,9414
6534,9779
6538,6914
6538,8782
6542,9358
6549,6565
6549,9677
6550,8326
6552,7795
6553,6844
6555,8880
6555,8899
6556,6616
6556,9022
6560,7050
6560,7586
6560,8527
6560,9058
6561,7299
6563,7393
6572,9297
6576,7467
6576,9402
6579,7779
6579,9344
6582,7026
6582,8039
6584,6849
6584,7045
6584,9313
6585,6983
6585,8700
6585,8909
6587,8070
6591,7610
6595,6635
6595,6929
6595,8934
6595,9603
6596,8972
6601,8036
6602,7760
6602,9362
6604,8781
6611,8471
6615,7124
6616,7049
6616,8487
6618,7876
6618,8867
6619,7119
6619,8078
6620,9765
6621,7587
6621,9483
6622,8690
6625,8738
6628,7125
6630,6789
6630,8210
6634,9116
6635,8172
6637,7283
6638,9683
6639,8780
6642,9934
6642,9998
6643,7559
6650,6732
6650,7059
6650,7702
6651,6736
6653,7104
6653,7357
6657,7025
6657,9582
6659,6769
6659,9185
6661,7310
6661,7999
6664,7545
6664,8337
6665,7191
6666,7220
6668,7098
6668,8267
6669,8870
6671,7767
6671,9963
6672,7711
6672,9152
6673,7394
6673,8032
6673,8561
6673,8651
6674,8828
6675,9293
6678,9431
6678,9625
6680,7471
6681,9973
6682,6794
6686,8713
6687,6953
6688,8132
6689,7554
6689,9185
6692,7497
6692,9881
6694,7890
6694,9956
6700,7604
6700,8702
6700,9493
6704,7342
6705,7664
6706,8869
6707,7758
6707,8188
6708,8475
6708,9830
6712,7579
6713,8924
6713,8985
6713,9768
6713,9833
6714,9419
6718,7660
6718,7800
6721,7687
6724,7850
6724,9789
6726,7214
6726,8016
6728,7419
6728,7947
6728,8223
6729,7645
6730,9174
6731,9217
6733,9500
6734,7926
6736,7035
6736,9048
6738,6765
6738,7215
6739,9351
6741,7691
6742,9683
6743,8004
6746,7332
6746,8518
6747,8305
6747,9800
6748,9812
6750,6890
6750,9093
6751,7257
6751,8910
6755,9373
6757,8746
6760,8544
6760,8947
6762,6941
6762,8714
6762,8849
6763,8676
6763,9454
6764,7167
6764,8103
6765,7379
6769,6950
6769,9261
6772,7212
6772,8883
6775,8868
6776,9180
6776,9370
6778,7521
6779,7137
6780,7497
6780,8318
6783,7418
6783,7697
6784,7692
6784,9154
6786,9931
6788,8845
6792,9506
6793,9584
6793,9874
6795,9011
6795,9069
6795,9325
6795,9730
6800,7454
6802,7029
6802,8958
6803,8583
6803,9230
6804,7852
6804,7888
6805,7060
6805,8853
6809,7575
6809,9857
6810,9965
6812,9023
6821,7293
6826,7970
6827,7071
6827,8245
6828,7768
6828,9939
6830,9679
6833,7806
6833,8226
6833,9062
6833,9612
6834,8294
6834,8371
6836,7090
6836,7763
6838,7883
6838,8333
6838,9993
6840,8983
6842,7482
6843,9171
6843,9506
6849,7274
6849,9111
6853,7772
6856,6859
6859,7505
6859,9141
6862,9550
6863,8498
6864,8531
6866,9002
6872,7535
6875,8836
6880,9910
6885,9681
6886,8952
6886,9059
6887,7430
6887,8803
6889,7491
6891,9427
6892,9992
6893,8077
6893,9115
6895,7002
6896,7756
6900,9161
6904,8113
6906,9237
6907,9543
6910,8315
6910,9678
6911,8381
6912,9001
6913,8652
6914,8183
6917,7828
6921,7412
6921,8091
6923,8254
6923,9377
6924,9317
6926,8383
6927,7367
6930,9622
6931,7009
6931,8749
6932,7545
6932,8147
6933,6946
6933,7031
6933,7402
6933,8931
6936,8643
6937,9729
6938,7190
6942,9028
6945,7135
6945,7452
6945,8652
6946,7381
6947,7553
6947,8005
6947,9966
6950,9036
6953,7555
6953,9516
6958,7879
6961,8775
6966,8240
6966,9137
6967,9721
6975,7862
6978,9172
6979,7992
6980,7218
6981,7323
6981,7455
6984,8146
6985,8093
6988,8378
6990,9503
6992,7326
6993,9501
6996,9903
6997,7039
6997,9941
6998,8373
7000,7207
7003,7396
7003,7815
7003,8682
7004,9295
7006,8813
7010,7449
7010,9354
7011,7366
7015,7569
7015,9175
7018,9217
7018,9403
7019,9279
7024,7919
7024,9047
7025,7156
7025,7546
7025,8729
7028,7789
7037,9085
7038,7807
7041,9559
7042,8158
7042,8233
7047,7533
7049,9150
7051,7966
7053,8809
7053,9471
7057,8801
7058,9542
7065,7103
7065,8680
7066,9074
7067,9598
7071,7531
7071,9730
7075,8753
7078,7817
7078,8575
7081,7947
7088,8611
7089,8101
7091,8863
7092,8384
7093,9818
7094,7686
7094,7831
7099,9159
7099,9763
7100,8502
7100,9690
7104,8344
7104,9388
7107,7562
7107,8106
7110,8710
7111,8717
7113,7177
7113,7767
7113,8300
7114,7262
7116,8547
7119,9367
7120,7284
7120,9819
7121,7484
7122,9980
7124,8569
7125,9309
7125,9674
7125,9797
7126,9912
7131,8047
7131,9396
7132,9938
7133,7734
7135,9214
7135,9542
7139,7419
7143,7863
7144,8837
7146,7288
7146,7308
7146,8966
7149,7472
7149,9482
7150,8792
7152,8158
7156,7826
7157,9466
7162,7713
7166,7923
7166,9113
7167,8015
7168,8412
7179,9154
7182,7677
7183,9568
7184,7553
7184,9552
7190,7698
7190,8520
7198,8620
7199,8290
7199,8454
7202,8490
7205,8542
7208,9366
7209,7341
7210,7735
7212,9260
7213,7310
7213,8030
7214,9084
7220,8663
7221,7551
7221,8838
7224,8840
7226,7432
7226,8371
7236,7625
7237,8990
7238,8840
7242,8315
7244,7250
7246,7308
7246,8965
7248,7644
7248,8655
7249,8287
7249,9798
7249,9965
7251,8779
7258,7618
7258,8888
7258,9321
7259,8104
7264,9042
7264,9437
7265,7792
7267,8816
7269,8119
7280,9045
7282,9988
7285,8101
7285,8326
7287,8670
7289,8538
7291,9138
7293,7642
7293,9824
7294,8725
7295,7611
7297,7769
7298,8861
7298,9361
7300,7950
7305,7390
7312,7379
7317,8280
7318,7372
7320,9842
7323,9659
7325,8740
7329,7826
7330,9274
7331,8068
7332,8319
7332,8908
7338,9036
7339,7589
7341,8458
7344,7556
7346,9575
7351,8193
7356,8704
7356,8918
7357,7873
7357,8479
7357,9624
7359,7875
7359,9985
7363,7939
7364,8765
7365,8503
7374,7438
7378,7607
7378,7647
7378,9721
7378,9986
7380,7855
7380,9235
7380,9853
7386,7708
7386,8177
7387,7653
7388,7497
7389,7530
7390,7641
7391,8037
7398,7698
7404,7428
7404,7990
7404,9273
7405,8191
7410,8785
7413,9187
7415,8665
7415,9984
7416,8551
7417,8281
7417,9775
7422,7599
7423,7494
7425,7944
7425,9773
7426,8602
7427,8712
7427,9916
7428,8612
7429,7840
7429,9455
7432,7735
7434,8088
7434,8906
7436,8302
7436,8963
7438,8208
7438,8972
7438,9253
7442,8172
7443,8270
7443,8855
7445,8615
7450,8975
7451,9524
7453,8825
7453,9827
7455,9653
7456,9219
7459,8109
7459,9922
7461,9087
7462,9884
7465,9746
7466,7843
7470,7638
7471,8515
7474,7857
7474,9691
7475,8468
7475,9495
7479,8281
7483,7544
7484,7819
7486,7815
7486,8020
7490,8373
7492,9095
7493,7732
7496,8534
7499,9195
7500,9956
7503,7768
7503,9007
7504,8245
7505,9564
7507,9654
7509,8603
7512,7771
7512,7928
7514,9742
7517,9998
7522,9174
7522,9457
7524,7534
7524,8144
7526,8717
7529,9612
7537,9514
7539,8001
7539,9049
7546,9577
7547,7816
7549,8888
7560,8187
7560,9220
7561,7615
7562,8485
7562,9450
7563,8111
7572,9440
7573,7892
7578,9110
7580,7633
7581,9037
7584,8637
7590,9104
7592,8543
7596,7996
7598,7607
7600,8254
7600,9701
7601,9274
7602,8535
7607,9140
7608,9695
7609,9167
7610,7885
7610,7996
7610,8839
7610,9170
7615,7960
7616,9067
7617,8862
7617,9116
7622,8391
7625,8416
7627,8984
7628,8322
7631,9459
7636,8387
7636,8630
7636,9334
7638,9776
7639,9777
7640,8442
7641,8350
7643,9255
7644,9231
7647,8703
7650,9241
7653,7980
7653,9788
7655,8395
7656,8458
7663,9337
7668,9551
7669,8574
7671,8363
7672,8281
7673,8792
7675,9556
7678,8508
7679,8070
7688,9212
7692,7838
7695,7882
7695,9166
7696,7915
7697,9695
7698,7974
7701,9303
7707,9544
7709,8897
7711,9462
7712,9344
7714,9060
7715,8237
7718,9704
7723,8751
7729,9569
7736,8936
7737,8695
7740,8445
7743,8510
7744,9896
7746,9680
7748,9586
7751,8459
7751,9333
7752,7811
7752,9498
7759,9003
7763,8577
7764,8555
7767,7802
7771,8948
7775,9357
7776,8243
7778,9064
7780,7875
7786,8144
7786,8186
7791,8674
7792,8402
7802,8997
7804,9696
7810,9489
7813,8940
7814,9412
7819,8743
7819,9560
7821,8809
7823,9478
7826,7979
7832,7847
7832,7989
7832,8610
7832,8683
7835,8414
7839,9357
7843,8146
7844,8626
7850,9517
7853,8746
7853,9680
7853,9892
7856,7991
7856,8629
7856,9373
7858,9257
7860,9839
7863,9480
7869,8700
7869,9073
7873,9716
7877,9290
7878,8944
7883,9607
7884,9334
7887,8040
7888,8439
7888,8937
7893,9392
7896,8380
7896,9784
7900,8833
7904,7905
7904,8147
7910,9299
7911,9753
7912,8323
7913,7946
7913,8125
7931,8865
7933,9408
7933,9443
7933,9498
7933,9937
7936,9687
7938,7977
7938,9733
7939,9295
7940,9492
7940,9653
7940,9670
7941,9718
7943,9291
7944,8031
7945,8709
7946,8074
7951,8959
7953,8181
7955,9537
7957,8678
7959,9748
7961,8694
7962,9842
7964,9203
7977,9725
7980,9345
7981,8210
7988,9384
7990,8242
7991,8413
7997,9092
7999,8344
8001,8334
8004,9635
8004,9694
8009,8385
8010,9340
8011,8443
8012,8519
8012,9596
8012,9633
8013,9520
8016,9803
8021,8385
8022,8585
8023,9334
8024,9530
8024,9924
8029,8639
8033,8325
8040,9125
8048,9754
8067,8716
8068,8790
8069,8113
8069,9066
8075,9948
8076,9043
8076,9364
8076,9745
8079,8449
8080,8819
8086,8401
8086,9150
8089,8969
8094,9648
8094,9885
8097,9537
8104,8681
8107,9204
8108,8247
8116,8736
8117,8161
8117,9398
8117,9873
8124,8969
8124,9341
8124,9956
8129,9851
8130,8685
8133,8894
8141,8441
8142,8374
8142,9940
8145,8597
8145,9485
8148,8398
8151,9229
8156,8311
8156,9600
8157,9732
8160,8322
8161,8500
8166,9985
8168,8416
8174,9463
8175,8212
8177,8555
8178,9739
8179,8624
8179,9755
8184,9014
8184,9285
8185,8406
8185,8855
8192,8881
8193,8884
8197,8440
8199,9434
8201,9151
8203,8215
8205,9772
8209,8429
8212,9942
8213,8447
8215,9024
8219,9449
8221,8362
8221,9491
8221,9770
8228,9403
8231,8885
8233,8857
8236,9683
8243,8469
8246,9414
8255,8795
8270,9510
8271,8712
8271,9856
8275,9378
8275,9984
8279,9166
8279,9946
8282,8824
8289,9129
8290,9494
8293,8311
8294,9914
8297,8360
8302,9610
8303,9480
8304,8537
8304,9976
8307,9172
8309,9509
8313,8940
8314,8472
8316,8466
8317,8979
8318,9475
8322,8800
8329,9760
8331,9962
8333,9808
8336,9114
8342,8640
8350,9110
8354,8616
8354,9639
8357,8420
8373,9963
8377,9213
8378,8455
8382,9283
8394,8916
8399,9640
8400,8457
8400,9077
8406,8415
8409,8617
8410,9805
8411,9371
8414,9377
8415,9243
8423,8692
8423,8774
8427,9617
8429,9757
8429,9765
8439,9315
8442,8989
8442,9616
8447,9011
8449,8836
8450,9627
8451,8838
8456,9692
8457,9685
8458,8704
8460,8673
8460,9759
8469,9174
8475,8597
8485,8576
8487,8880
8488,8528
8489,9852
8495,8921
8500,8767
8501,9046
8503,9010
8504,9515
8506,9040
8506,9154
8511,9103
8512,9602
8516,9121
8522,9381
8527,9887
8531,9482
8533,8684
8538,9039
8539,8818
8539,9286
8539,9434
8540,9259
8548,9588
8551,8642
8559,8683
8561,8614
8572,8687
8574,9463
8574,9564
8581,8656
8587,9527
8590,9446
8590,9498
8590,9575
8593,9645
8607,8774
8637,9941
8639,9931
8643,8994
8646,8991
8647,9558
8652,9219
8664,9925
8668,8893
8668,9306
8668,9809
8668,9929
8671,9682
8672,9700
8673,9930
8700,9364
8704,9907
8713,9251
8729,9370
8731,9189
8735,9574
8739,9208
8739,9459
8758,9728
8781,8889
8796,9738
8799,8938
8804,9318
8810,9835
8812,9028
8813,9062
8822,8965
8825,9360
8828,9050
8841,9898
8842,9884
8856,8984
8863,8909
8863,9192
8868,9224
8871,9534
8873,9234
8873,9706
8884,9244
8885,9785
8899,9270
8905,9515
8913,9983
8914,9345
8918,8930
8921,9310
8922,9892
8925,9397
8937,9595
8941,9026
8943,9601
8946,8998
8951,9461
8961,9966
8966,9522
8968,9414
8976,9965
8981,9980
8984,9572
8989,9438
8993,9126
9003,9770
9005,9088
9012,9136
9012,9186
9018,9951
9035,9636
9053,9398
9055,9877
9072,9697
9081,9880
9088,9529
9088,9902
9091,9465
9097,9771
9103,9481
9147,9615
9149,9722
9150,9159
9150,9885
9151,9663
9153,9321
9158,9206
9161,9393
9177,9573
9186,9568
9189,9366
9189,9423
9190,9811
9193,9212
9204,9765
9209,9359
9216,9949
9218,9647
9226,9240
9244,9814
9253,9421
9267,9502
9270,9432
9315,9675
9333,9420
9350,9940
9357,9705
9378,9546
9378,9969
9383,9928
9385,9523
9391,9999
9399,9758
9410,9562
9414,9992
9421,9894
9427,9560
9431,9584
9437,9668
9475,9793
9486,9845
9502,9891
9513,9657
9520,9876
9530,9659
9538,9721
9542,9954
9556,9919
9556,9935
9573,9594
9593,9879
9597,9889
9621,9754
9635,9817
9657,9983
9659,9848
9679,9729
9709,9898
9746,9888
9765,9972
9787,9831
9794,9828
9807,9990
9932,9952
