src,dst
0,1
0,2
0,3
0,4
0,5
0,9
0,13
0,15
0,17
0,25
0,26
0,27
0,32
0,42
0,60
0,65
0,71
0,72
0,78
0,79
0,83
0,86
0,93
0,107
0,121
0,122
0,133
0,143
0,145
0,162
0,178
0,183
0,186
0,221
0,231
0,236
0,268
0,292
0,297
0,310
0,317
0,330
0,349
0,418
0,426
0,447
0,532
0,555
0,570
0,580
0,624
0,636
0,685
0,693
0,709
0,710
0,718
0,722
0,731
0,770
0,802
0,864
0,901
0,940
0,973
0,1032
0,1033
0,1043
0,1130
0,1152
0,1154
0,1163
0,1170
0,1206
0,1265
0,1301
0,1315
0,1318
0,1327
0,1439
0,1514
0,1535
0,1569
0,1734
0,1811
0,1837
0,1848
0,1915
0,1917
0,1929
0,1938
0,1948
0,1955
0,1976
0,2059
0,2087
0,2091
0,2136
0,2244
0,2246
0,2308
0,2325
0,2334
0,2406
0,2420
0,2502
0,2572
0,2634
0,2658
0,2676
0,2725
0,2870
0,2873
0,2937
0,2993
0,3036
0,3085
0,3150
0,3154
0,3400
0,3503
0,3526
0,3583
0,3656
0,3735
0,3911
0,3971
0,4185
0,4192
0,4203
0,4345
0,4437
0,4449
0,4457
0,4602
0,4663
0,4689
0,4690
0,4733
0,4755
0,4780
0,4832
0,4907
0,4931
0,4986
0,5155
0,5178
0,5187
0,5252
0,5253
0,5258
0,5322
0,5410
0,5472
0,5594
0,5609
0,5621
0,5636
0,5685
0,5690
0,5691
0,5698
0,5733
0,5901
0,5937
0,6136
0,6304
0,6324
0,6333
0,6453
0,6500
0,6524
0,6804
0,6810
0,6855
0,6865
0,6932
0,7188
0,7230
0,7524
0,7670
0,7677
0,7689
0,8182
0,8229
0,8238
0,8427
0,8461
0,8472
0,8627
0,8636
0,8660
0,8664
0,8694
0,8914
0,8917
0,9107
0,9216
0,9253
0,9423
0,9650
0,9760
0,9849
0,9892
0,9904
0,9912
0,10034
0,10064
0,10108
0,10216
0,10270
0,10409
0,10445
0,10636
0,10706
0,10711
0,10745
0,10790
0,10832
0,10889
0,11308
0,11334
0,11365
0,11519
0,11735
0,11793
0,12013
0,12084
0,12129
0,12271
0,12355
0,12430
0,12541
0,12912
0,13008
0,13070
0,13140
0,13343
0,13399
0,13414
0,13491
0,13559
0,13570
0,13636
0,13848
0,14084
0,14285
0,14501
0,14539
0,14778
0,14800
0,14807
0,14817
0,15052
0,15107
0,15125
0,15283
0,15314
0,15345
0,15475
0,15503
0,15693
0,15840
0,15966
0,16120
0,16203
0,16208
0,16460
0,16649
0,16803
0,16850
0,17035
0,17092
0,17284
0,17328
0,17703
0,17859
0,18039
0,18482
0,18758
0,18805
0,18827
0,18962
0,19206
0,19335
0,19682
0,19963
0,20049
0,20121
0,20224
0,20485
0,20497
0,20541
0,20638
0,20825
0,20929
0,21463
0,21671
0,21757
0,21913
0,22039
0,22368
0,22373
0,22715
0,22826
0,23004
0,23211
0,23252
0,23569
0,23731
0,23791
0,23889
0,23935
0,23958
0,24240
0,24642
0,25194
0,25360
0,25640
0,25813
0,25962
0,26027
0,26246
0,26376
0,27001
0,27058
0,27226
0,27365
0,27392
0,27646
0,27654
0,27827
0,28236
0,28407
0,28558
0,28611
0,28737
0,29201
0,29412
0,29413
0,29561
1,4
1,8
1,12
1,67
1,91
1,120
1,127
1,150
1,247
1,282
1,348
1,365
1,367
1,388
1,389
1,390
1,419
1,463
1,488
1,524
1,630
1,654
1,835
1,1094
1,1131
1,1296
1,1475
1,1500
1,1528
1,2036
1,2124
1,2135
1,2285
1,2675
1,2813
1,2881
1,3178
1,3285
1,3711
1,3803
1,3822
1,3861
1,4026
1,4151
1,4156
1,4749
1,4921
1,4929
1,5139
1,5182
1,5357
1,5394
1,5416
1,5439
1,5701
1,5851
1,6168
1,6203
1,6224
1,6513
1,6668
1,6758
1,6856
1,7345
1,7513
1,8311
1,8817
1,8875
1,9526
1,9682
1,9712
1,9774
1,10162
1,10629
1,10658
1,10744
1,10880
1,10978
1,11115
1,11159
1,11367
1,11403
1,11628
1,12018
1,12166
1,12427
1,12538
1,12826
1,13169
1,13237
1,13889
1,14410
1,14563
1,15209
1,15885
1,16115
1,16357
1,16483
1,16555
1,17121
1,17697
1,17843
1,18535
1,18653
1,19326
1,19820
1,19874
1,20712
1,21251
1,21303
1,21497
1,22011
1,22362
1,22563
1,22585
1,22595
1,22948
1,22966
1,23152
1,23368
1,23374
1,23567
1,23652
1,24585
1,25000
1,25420
1,25734
1,25761
1,26280
1,26805
1,27222
1,27850
1,27932
1,28192
1,28301
1,28738
1,28947
1,29398
1,29574
1,29900
2,6
2,7
2,9
2,10
2,12
2,13
2,14
2,15
2,19
2,20
2,21
2,31
2,40
2,43
2,45
2,55
2,66
2,75
2,77
2,78
2,84
2,93
2,114
2,124
2,131
2,132
2,150
2,153
2,155
2,163
2,166
2,182
2,189
2,208
2,265
2,279
2,284
2,295
2,307
2,308
2,344
2,384
2,411
2,412
2,414
2,442
2,487
2,533
2,580
2,595
2,601
2,632
2,660
2,674
2,676
2,690
2,693
2,713
2,775
2,800
2,819
2,823
2,861
2,867
2,869
2,878
2,928
2,941
2,974
2,984
2,993
2,1016
2,1026
2,1035
2,1074
2,1085
2,1086
2,1125
2,1149
2,1152
2,1154
2,1182
2,1254
2,1255
2,1287
2,1297
2,1311
2,1325
2,1399
2,1400
2,1401
2,1438
2,1475
2,1477
2,1538
2,1546
2,1566
2,1584
2,1622
2,1641
2,1680
2,1732
2,1758
2,1768
2,1775
2,1801
2,1851
2,1866
2,1868
2,1980
2,1991
2,2006
2,2022
2,2048
2,2101
2,2208
2,2216
2,2232
2,2255
2,2256
2,2265
2,2288
2,2312
2,2404
2,2446
2,2504
2,2533
2,2537
2,2539
2,2540
2,2563
2,2661
2,2687
2,2735
2,2816
2,2836
2,2936
2,2990
2,3072
2,3107
2,3236
2,3237
2,3239
2,3344
2,3351
2,3431
2,3459
2,3478
2,3548
2,3614
2,3638
2,3722
2,3750
2,3771
2,3858
2,3870
2,3923
2,3925
2,3961
2,4001
2,4168
2,4208
2,4328
2,4381
2,4426
2,4476
2,4547
2,4554
2,4571
2,4592
2,4594
2,4628
2,4667
2,4726
2,4758
2,4815
2,4862
2,4949
2,5078
2,5096
2,5100
2,5219
2,5223
2,5231
2,5289
2,5449
2,5576
2,5667
2,5705
2,5753
2,5764
2,5863
2,5872
2,5925
2,5938
2,6008
2,6070
2,6309
2,6380
2,6443
2,6542
2,6596
2,6683
2,6684
2,6808
2,6853
2,7104
2,7167
2,7234
2,7407
2,7521
2,7544
2,7627
2,7675
2,7781
2,7830
2,7880
2,7884
2,7935
2,8036
2,8144
2,8347
2,8499
2,8537
2,8716
2,8796
2,8845
2,8880
2,8933
2,8958
2,9133
2,9170
2,9194
2,9224
2,9264
2,9438
2,9562
2,9779
2,9789
2,9880
2,9883
2,9905
2,9953
2,9954
2,9969
2,10004
2,10065
2,10136
2,10142
2,10159
2,10211
2,10254
2,10357
2,10422
2,10507
2,10610
2,10617
2,10742
2,10930
2,11076
2,11105
2,11142
2,11225
2,11364
2,11431
2,11605
2,11654
2,11813
2,11886
2,11913
2,11970
2,12014
2,12025
2,12027
2,12122
2,12140
2,12258
2,12261
2,12466
2,12506
2,12626
2,12741
2,12797
2,12930
2,12942
2,13136
2,13175
2,13373
2,13424
2,13463
2,13531
2,13581
2,13602
2,13620
2,13675
2,13678
2,13694
2,13842
2,14019
2,14114
2,14141
2,14158
2,14319
2,14477
2,14497
2,14564
2,14583
2,15027
2,15038
2,15050
2,15299
2,15356
2,15362
2,15436
2,15493
2,15498
2,15505
2,15690
2,15945
2,15967
2,15990
2,16023
2,16226
2,16310
2,16444
2,16446
2,16671
2,16788
2,16870
2,16881
2,17038
2,17063
2,17077
2,17297
2,17319
2,17359
2,17558
2,17610
2,17623
2,17656
2,18161
2,18264
2,18332
2,18358
2,18385
2,18457
2,18460
2,18462
2,18586
2,18627
2,18733
2,18896
2,19128
2,19144
2,19187
2,19230
2,19449
2,19681
2,19835
2,19918
2,20020
2,20028
2,20119
2,20222
2,20235
2,20281
2,20513
2,20530
2,20546
2,20662
2,20961
2,21177
2,21259
2,21263
2,21298
2,21417
2,21474
2,21647
2,21732
2,21832
2,22058
2,22060
2,22085
2,22113
2,22233
2,22441
2,22613
2,22959
2,23069
2,23151
2,23186
2,23235
2,23330
2,23336
2,23445
2,23464
2,23785
2,23813
2,23968
2,24051
2,24057
2,24178
2,24312
2,24484
2,24559
2,24560
2,24737
2,24754
2,24913
2,24916
2,24980
2,25030
2,25253
2,25499
2,25600
2,25674
2,25688
2,25942
2,25960
2,26102
2,26107
2,26227
2,26459
2,26483
2,26577
2,26613
2,26647
2,26817
2,26831
2,26980
2,27104
2,27127
2,27196
2,27312
2,27551
2,27585
2,27778
2,27943
2,27973
2,28157
2,28185
2,28550
2,28577
2,28595
2,29006
2,29189
2,29330
2,29487
2,29620
2,29626
2,29703
3,4
3,5
3,6
3,7
3,8
3,14
3,16
3,27
3,31
3,36
3,38
3,43
3,46
3,80
3,86
3,91
3,106
3,113
3,151
3,156
3,157
3,164
3,171
3,183
3,244
3,265
3,270
3,277
3,344
3,645
3,666
3,724
3,726
3,790
3,873
3,930
3,1000
3,1023
3,1058
3,1071
3,1173
3,1244
3,1305
3,1306
3,1465
3,1530
3,1555
3,1685
3,1821
3,1853
3,1888
3,1892
3,1953
3,2056
3,2199
3,2346
3,2442
3,2559
3,2779
3,2825
3,2835
3,2888
3,2898
3,2944
3,3038
3,3154
3,3208
3,3414
3,3463
3,3659
3,3777
3,4097
3,4154
3,4161
3,4166
3,4460
3,4545
3,4722
3,4851
3,4985
3,4993
3,5008
3,5016
3,5397
3,5569
3,5587
3,6050
3,6138
3,6154
3,6195
3,6199
3,6222
3,6242
3,6266
3,6358
3,6581
3,6627
3,6708
3,6877
3,6892
3,6991
3,6993
3,7072
3,7083
3,7256
3,7505
3,7644
3,7737
3,7819
3,7944
3,8468
3,8590
3,8646
3,8725
3,8798
3,9019
3,9024
3,9068
3,9089
3,9100
3,9316
3,9379
3,9426
3,9433
3,9630
3,9692
3,9700
3,9748
3,9825
3,10066
3,10141
3,10244
3,10492
3,10793
3,11001
3,11003
3,11183
3,11331
3,11356
3,11365
3,11557
3,11605
3,11623
3,12051
3,12099
3,12119
3,12206
3,12700
3,12960
3,12988
3,13179
3,13340
3,13387
3,13720
3,13815
3,14439
3,14598
3,14723
3,14843
3,15053
3,15056
3,15177
3,15353
3,15502
3,15563
3,15984
3,16383
3,16612
3,16819
3,17014
3,17214
3,17250
3,18449
3,18476
3,18555
3,18571
3,18674
3,18835
3,18864
3,18965
3,19005
3,19443
3,19842
3,20007
3,20128
3,20440
3,20671
3,21165
3,21613
3,21667
3,21788
3,22228
3,22360
3,22792
3,23194
3,23360
3,23452
3,23538
3,23603
3,23618
3,23669
3,23804
3,23856
3,24304
3,24473
3,24828
3,25004
3,25068
3,25109
3,25452
3,26585
3,26682
3,26904
3,26926
3,27224
3,27676
3,27966
3,28780
3,28976
3,29137
3,29145
3,29220
3,29237
3,29244
3,29622
4,5
4,6
4,11
4,12
4,18
4,25
4,33
4,37
4,39
4,63
4,74
4,79
4,92
4,96
4,105
4,117
4,129
4,243
4,415
4,452
4,475
4,491
4,515
4,651
4,691
4,712
4,721
4,799
4,804
4,856
4,863
4,979
4,995
4,1030
4,1080
4,1090
4,1149
4,1204
4,1275
4,1630
4,1656
4,1764
4,1882
4,1926
4,1970
4,2041
4,2180
4,2301
4,2388
4,2567
4,2648
4,2705
4,2851
4,2958
4,2970
4,3091
4,3140
4,3197
4,3251
4,3275
4,3313
4,3375
4,3654
4,3680
4,3980
4,4050
4,4101
4,4139
4,4153
4,4249
4,4286
4,4319
4,4367
4,4485
4,4584
4,4596
4,4635
4,4655
4,5131
4,5163
4,5404
4,5445
4,5502
4,5513
4,6187
4,6306
4,6466
4,7038
4,7040
4,7252
4,7278
4,7305
4,7712
4,7768
4,7798
4,7975
4,8081
4,8097
4,8193
4,8200
4,8299
4,8361
4,8386
4,8520
4,8548
4,8589
4,8681
4,8788
4,8943
4,8989
4,9466
4,9551
4,9704
4,10023
4,10162
4,10218
4,10283
4,10329
4,10376
4,10488
4,10506
4,10708
4,10847
4,10883
4,11178
4,11185
4,11362
4,11465
4,11995
4,12027
4,12124
4,12656
4,12993
4,13149
4,13167
4,13271
4,13748
4,13796
4,14224
4,14318
4,14340
4,14346
4,14573
4,14671
4,14989
4,15025
4,15574
4,15926
4,16036
4,16207
4,16369
4,16493
4,16674
4,16733
4,16940
4,17100
4,17178
4,17686
4,17768
4,18145
4,18237
4,18395
4,18769
4,18942
4,19155
4,19441
4,19745
4,20068
4,20500
4,20684
4,20811
4,20959
4,22351
4,22384
4,22419
4,23088
4,23306
4,23452
4,23483
4,23650
4,23792
4,24130
4,24220
4,24274
4,24590
4,25310
4,25577
4,27170
4,27397
4,27465
4,27541
4,28111
4,28781
4,28794
4,29469
4,29743
4,29819
4,29901
5,28
5,30
5,33
5,38
5,44
5,46
5,50
5,60
5,64
5,96
5,102
5,103
5,134
5,144
5,153
5,173
5,174
5,180
5,199
5,206
5,229
5,231
5,235
5,237
5,266
5,283
5,287
5,357
5,384
5,432
5,451
5,462
5,479
5,506
5,525
5,530
5,535
5,539
5,550
5,648
5,649
5,686
5,703
5,704
5,708
5,709
5,722
5,729
5,737
5,772
5,776
5,812
5,884
5,924
5,947
5,959
5,996
5,1030
5,1066
5,1107
5,1127
5,1134
5,1160
5,1211
5,1219
5,1242
5,1248
5,1257
5,1260
5,1266
5,1316
5,1361
5,1367
5,1386
5,1391
5,1395
5,1432
5,1463
5,1552
5,1707
5,1777
5,1780
5,1789
5,1790
5,1802
5,1803
5,1854
5,1858
5,1862
5,1918
5,2097
5,2110
5,2135
5,2160
5,2167
5,2367
5,2428
5,2727
5,2754
5,2766
5,2837
5,2910
5,2934
5,2936
5,3062
5,3076
5,3096
5,3167
5,3170
5,3186
5,3238
5,3251
5,3316
5,3327
5,3345
5,3382
5,3391
5,3412
5,3518
5,3606
5,3651
5,3763
5,3802
5,3840
5,3842
5,3862
5,3974
5,4007
5,4056
5,4169
5,4256
5,4492
5,4572
5,4580
5,4631
5,4639
5,4696
5,4786
5,4790
5,5137
5,5146
5,5328
5,5359
5,5396
5,5421
5,5613
5,5713
5,5745
5,5791
5,5862
5,5948
5,5993
5,5997
5,6127
5,6167
5,6264
5,6267
5,6354
5,6396
5,6501
5,6571
5,6584
5,6740
5,6785
5,6886
5,6980
5,7097
5,7135
5,7316
5,7322
5,7327
5,7353
5,7489
5,7491
5,7603
5,7714
5,7896
5,7910
5,8033
5,8086
5,8108
5,8256
5,8513
5,8647
5,8771
5,8816
5,9006
5,9009
5,9017
5,9086
5,9169
5,9191
5,9452
5,9533
5,9563
5,9590
5,9689
5,9725
5,9764
5,9847
5,10080
5,10137
5,10513
5,10659
5,10791
5,10855
5,11035
5,11066
5,11308
5,11335
5,11534
5,11563
5,11647
5,11666
5,11803
5,11828
5,11905
5,12170
5,12175
5,12335
5,12347
5,12406
5,12608
5,12633
5,12719
5,12940
5,13148
5,13330
5,13405
5,13461
5,13497
5,13725
5,14038
5,14119
5,14235
5,14353
5,14405
5,14478
5,14496
5,14658
5,14771
5,14957
5,14979
5,14998
5,15163
5,15256
5,15461
5,15579
5,15825
5,16163
5,16263
5,16460
5,16493
5,16588
5,16645
5,16659
5,16755
5,16848
5,17001
5,17040
5,17080
5,17132
5,17435
5,17436
5,17447
5,17975
5,18266
5,18279
5,18572
5,18617
5,18629
5,18711
5,18785
5,18830
5,18941
5,19060
5,19321
5,19397
5,19469
5,19531
5,19736
5,20660
5,20805
5,20860
5,20884
5,20952
5,21014
5,21057
5,21207
5,21235
5,21292
5,21382
5,21661
5,21762
5,22125
5,22214
5,22341
5,22391
5,22445
5,22538
5,22704
5,22809
5,22846
5,23053
5,23102
5,23320
5,23602
5,23912
5,23988
5,24231
5,24368
5,24424
5,25347
5,25423
5,25432
5,25433
5,25857
5,26207
5,26292
5,26463
5,26467
5,26541
5,26991
5,27449
5,27613
5,27662
5,27754
5,27802
5,28117
5,28163
5,28270
5,28310
5,28312
5,28521
5,28624
5,29925
6,7
6,8
6,9
6,10
6,11
6,14
6,17
6,26
6,38
6,47
6,49
6,50
6,51
6,52
6,57
6,60
6,64
6,65
6,69
6,70
6,85
6,99
6,104
6,108
6,122
6,125
6,127
6,136
6,144
6,146
6,169
6,173
6,177
6,183
6,215
6,238
6,251
6,252
6,269
6,272
6,287
6,297
6,299
6,329
6,379
6,385
6,392
6,442
6,483
6,513
6,523
6,535
6,559
6,606
6,625
6,639
6,666
6,675
6,681
6,712
6,739
6,831
6,838
6,840
6,875
6,886
6,1041
6,1045
6,1052
6,1058
6,1062
6,1097
6,1105
6,1108
6,1114
6,1147
6,1160
6,1196
6,1258
6,1264
6,1272
6,1281
6,1365
6,1464
6,1498
6,1522
6,1535
6,1546
6,1616
6,1682
6,1683
6,1725
6,1729
6,1750
6,1827
6,1834
6,1859
6,1908
6,1952
6,1975
6,1996
6,2049
6,2101
6,2158
6,2177
6,2185
6,2201
6,2205
6,2291
6,2310
6,2367
6,2368
6,2376
6,2421
6,2433
6,2453
6,2527
6,2532
6,2560
6,2586
6,2725
6,2726
6,2762
6,2874
6,2914
6,2996
6,3051
6,3056
6,3142
6,3164
6,3173
6,3195
6,3274
6,3280
6,3293
6,3428
6,3469
6,3518
6,3522
6,3546
6,3562
6,3706
6,3798
6,3916
6,3981
6,4131
6,4133
6,4152
6,4183
6,4203
6,4336
6,4529
6,4678
6,4774
6,4813
6,4910
6,4981
6,4984
6,5128
6,5129
6,5172
6,5193
6,5197
6,5202
6,5210
6,5272
6,5360
6,5408
6,5500
6,5510
6,5561
6,5600
6,5611
6,5626
6,5655
6,5717
6,5748
6,5826
6,5853
6,5992
6,6014
6,6018
6,6198
6,6219
6,6225
6,6284
6,6305
6,6328
6,6404
6,6507
6,6537
6,6706
6,6717
6,6819
6,6854
6,6974
6,6992
6,6995
6,7099
6,7193
6,7257
6,7292
6,7371
6,7399
6,7478
6,7483
6,7547
6,7577
6,7611
6,7641
6,7659
6,7711
6,7712
6,7745
6,7848
6,7892
6,7921
6,8035
6,8130
6,8280
6,8301
6,8310
6,8336
6,8426
6,8430
6,8523
6,8524
6,8535
6,9082
6,9104
6,9132
6,9134
6,9150
6,9386
6,9484
6,9548
6,9562
6,9609
6,9611
6,9753
6,9819
6,10094
6,10180
6,10286
6,10357
6,10420
6,10552
6,10612
6,10647
6,10698
6,10727
6,11143
6,11147
6,11316
6,11430
6,11473
6,11478
6,11534
6,11729
6,11782
6,11809
6,11812
6,11831
6,12009
6,12117
6,12308
6,12383
6,12430
6,12556
6,12630
6,12635
6,12668
6,12682
6,12853
6,13296
6,13318
6,13404
6,13461
6,13831
6,14027
6,14278
6,14312
6,14370
6,14484
6,14642
6,14667
6,14670
6,14698
6,14937
6,14940
6,14990
6,15083
6,15229
6,15269
6,15386
6,15776
6,15810
6,15956
6,16012
6,16018
6,16367
6,16487
6,16564
6,16753
6,17016
6,17073
6,17197
6,17293
6,17381
6,17529
6,17548
6,17750
6,17780
6,17831
6,17891
6,17981
6,18135
6,18162
6,18266
6,18348
6,18648
6,18727
6,18874
6,19164
6,19218
6,19263
6,19289
6,19394
6,19511
6,19636
6,19884
6,19992
6,20251
6,20352
6,20389
6,20398
6,20544
6,20908
6,21050
6,21086
6,21268
6,21477
6,21509
6,21768
6,21925
6,22038
6,22156
6,22271
6,22273
6,22379
6,22511
6,22646
6,23041
6,23156
6,23187
6,23628
6,23820
6,23858
6,24365
6,24400
6,24472
6,24862
6,25096
6,25143
6,25273
6,25359
6,25431
6,25658
6,25682
6,25932
6,26255
6,26781
6,26881
6,27002
6,27224
6,27274
6,27320
6,27322
6,27352
6,27371
6,27383
6,27395
6,27695
6,27873
6,27908
6,28199
6,28691
6,28924
6,29679
6,29806
6,29821
6,29873
6,29972
7,11
7,15
7,19
7,21
7,23
7,24
7,26
7,29
7,41
7,51
7,54
7,64
7,72
7,109
7,113
7,115
7,122
7,127
7,128
7,132
7,133
7,134
7,135
7,149
7,177
7,210
7,219
7,252
7,270
7,284
7,295
7,319
7,333
7,343
7,355
7,376
7,407
7,425
7,429
7,477
7,501
7,516
7,564
7,577
7,623
7,628
7,658
7,688
7,729
7,738
7,760
7,791
7,795
7,907
7,918
7,926
7,954
7,977
7,985
7,1014
7,1064
7,1088
7,1091
7,1106
7,1165
7,1193
7,1199
7,1200
7,1229
7,1333
7,1392
7,1462
7,1577
7,1699
7,1755
7,1793
7,1840
7,1993
7,2074
7,2139
7,2165
7,2171
7,2225
7,2266
7,2312
7,2411
7,2480
7,2562
7,2591
7,2592
7,2753
7,2773
7,2900
7,2942
7,2978
7,3034
7,3096
7,3181
7,3192
7,3284
7,3441
7,3584
7,3609
7,3613
7,3624
7,3764
7,3876
7,3896
7,4005
7,4019
7,4157
7,4170
7,4217
7,4253
7,4275
7,4280
7,4372
7,4374
7,4396
7,4458
7,4461
7,4528
7,4530
7,4551
7,4681
7,4868
7,4933
7,4976
7,5108
7,5147
7,5254
7,5438
7,5457
7,5460
7,5611
7,5684
7,5741
7,5806
7,5810
7,6013
7,6270
7,6330
7,6364
7,6392
7,6446
7,6572
7,6585
7,6598
7,6756
7,6957
7,7115
7,7334
7,7412
7,7631
7,7663
7,7780
7,7812
7,8238
7,8272
7,8424
7,8686
7,8717
7,8974
7,9000
7,9142
7,9222
7,9668
7,9672
7,9805
7,9868
7,9999
7,10078
7,10158
7,10201
7,10449
7,10493
7,10718
7,10799
7,11004
7,11024
7,11029
7,11055
7,11254
7,11268
7,11555
7,11665
7,11732
7,11857
7,11906
7,12155
7,12222
7,12238
7,12246
7,12253
7,12298
7,12644
7,12834
7,13089
7,13192
7,13246
7,13370
7,13408
7,13517
7,13706
7,14031
7,14067
7,14148
7,14283
7,14307
7,14321
7,14397
7,14476
7,14517
7,14814
7,14939
7,14964
7,15098
7,15233
7,15257
7,15359
7,15608
7,16515
7,16741
7,16745
7,17329
7,17395
7,17405
7,17738
7,17779
7,17977
7,18536
7,18656
7,18657
7,18703
7,18720
7,18777
7,18950
7,18982
7,19064
7,19230
7,19514
7,19536
7,19722
7,20128
7,20307
7,20821
7,21220
7,21241
7,21479
7,21480
7,21797
7,21830
7,22174
7,22302
7,22454
7,22577
7,23160
7,23357
7,23607
7,23666
7,23883
7,23946
7,24056
7,24375
7,24630
7,24668
7,24797
7,24974
7,25113
7,25129
7,25294
7,25452
7,25457
7,25539
7,25691
7,25880
7,25895
7,26079
7,26283
7,26656
7,26725
7,26957
7,27049
7,27606
7,27748
7,28043
7,28048
7,28162
7,28211
7,28386
7,28630
7,28706
7,28911
7,29161
7,29336
7,29827
8,13
8,20
8,21
8,22
8,24
8,37
8,48
8,54
8,93
8,102
8,138
8,149
8,152
8,153
8,154
8,198
8,228
8,232
8,291
8,301
8,314
8,318
8,352
8,379
8,462
8,473
8,507
8,584
8,591
8,629
8,632
8,634
8,651
8,675
8,724
8,815
8,845
8,882
8,903
8,959
8,1068
8,1070
8,1093
8,1138
8,1323
8,1390
8,1394
8,1412
8,1453
8,1552
8,1556
8,1599
8,1654
8,1744
8,1766
8,1796
8,1801
8,1825
8,1861
8,1920
8,2077
8,2136
8,2144
8,2334
8,2349
8,2433
8,2460
8,2469
8,2476
8,2536
8,2657
8,2663
8,2798
8,2855
8,2890
8,2904
8,3009
8,3113
8,3184
8,3361
8,3362
8,3478
8,3502
8,3753
8,3820
8,3825
8,3891
8,4099
8,4250
8,4336
8,4370
8,4469
8,4471
8,4538
8,4653
8,4820
8,4938
8,4945
8,4987
8,5282
8,5356
8,5366
8,5494
8,5496
8,5616
8,5703
8,5726
8,5746
8,5864
8,5922
8,5971
8,6143
8,6165
8,6208
8,6281
8,6387
8,6435
8,6457
8,6499
8,6877
8,6902
8,6915
8,6938
8,6944
8,7055
8,7204
8,7218
8,7314
8,7598
8,7658
8,7741
8,8120
8,8160
8,8177
8,8180
8,8286
8,8377
8,8526
8,8583
8,8703
8,8743
8,9110
8,9126
8,9144
8,9205
8,9307
8,9371
8,9430
8,9747
8,9828
8,9832
8,9947
8,10262
8,10789
8,10841
8,11139
8,11358
8,11413
8,11637
8,11660
8,11966
8,12484
8,12514
8,12590
8,12709
8,12748
8,13051
8,13110
8,13197
8,13335
8,13492
8,14005
8,14301
8,14450
8,14738
8,14970
8,15078
8,15096
8,15332
8,15333
8,15377
8,15613
8,15671
8,15844
8,15960
8,16141
8,16172
8,16350
8,16709
8,17021
8,17575
8,17878
8,18120
8,18428
8,19417
8,20658
8,20847
8,20889
8,20911
8,20941
8,21306
8,21336
8,21381
8,21776
8,21856
8,22285
8,22365
8,22398
8,22415
8,22497
8,22978
8,23119
8,23158
8,23254
8,23463
8,23583
8,23587
8,24158
8,24954
8,25095
8,25199
8,25386
8,25650
8,25698
8,26651
8,26793
8,26827
8,26856
8,26862
8,27068
8,27169
8,27471
8,27558
8,27999
8,28129
8,28864
8,29072
8,29418
8,29933
9,10
9,16
9,20
9,25
9,30
9,35
9,39
9,46
9,47
9,53
9,58
9,61
9,62
9,66
9,70
9,75
9,89
9,95
9,100
9,104
9,110
9,123
9,168
9,172
9,186
9,193
9,201
9,217
9,238
9,255
9,332
9,348
9,366
9,456
9,498
9,523
9,587
9,597
9,603
9,614
9,627
9,638
9,639
9,649
9,718
9,729
9,771
9,800
9,809
9,836
9,927
9,961
9,964
9,980
9,983
9,1051
9,1062
9,1272
9,1292
9,1304
9,1313
9,1320
9,1380
9,1422
9,1446
9,1489
9,1630
9,1679
9,1685
9,1736
9,1764
9,1791
9,1905
9,2056
9,2074
9,2131
9,2188
9,2340
9,2374
9,2385
9,2397
9,2413
9,2500
9,2530
9,2564
9,2566
9,2700
9,3012
9,3024
9,3062
9,3091
9,3112
9,3114
9,3118
9,3138
9,3163
9,3241
9,3267
9,3309
9,3385
9,3442
9,3616
9,3669
9,3892
9,3989
9,4127
9,4170
9,4230
9,4393
9,4459
9,4483
9,4521
9,4569
9,4709
9,4883
9,4915
9,4927
9,5047
9,5096
9,5102
9,5424
9,5572
9,5680
9,5949
9,5985
9,6213
9,6279
9,6342
9,6351
9,6512
9,6566
9,6578
9,6819
9,6933
9,6989
9,7034
9,7309
9,7816
9,7824
9,7890
9,7895
9,7909
9,8113
9,8269
9,8349
9,8485
9,8538
9,8660
9,8667
9,8960
9,8991
9,9021
9,9022
9,9142
9,9156
9,9323
9,9374
9,9458
9,9598
9,9685
9,9746
9,9792
9,9909
9,9953
9,10098
9,10367
9,10677
9,10731
9,10829
9,10913
9,10998
9,11123
9,11142
9,11158
9,11206
9,11329
9,11684
9,11737
9,12186
9,12371
9,12533
9,12565
9,12626
9,12651
9,12801
9,12846
9,12931
9,12971
9,13008
9,13054
9,13100
9,13130
9,13423
9,13479
9,13481
9,13661
9,13684
9,13694
9,13844
9,13913
9,13976
9,14007
9,14092
9,14810
9,15325
9,15356
9,15440
9,15889
9,16120
9,16239
9,16854
9,17031
9,17166
9,17257
9,17267
9,17312
9,17698
9,17717
9,18236
9,18397
9,18483
9,18944
9,19039
9,19048
9,19111
9,19127
9,19210
9,19261
9,19280
9,19436
9,19751
9,19770
9,19838
9,19998
9,20167
9,20376
9,20662
9,20855
9,20995
9,21093
9,21276
9,21421
9,21616
9,21685
9,21700
9,22175
9,22215
9,22289
9,22311
9,22312
9,22459
9,22887
9,23035
9,23045
9,23081
9,23297
9,23322
9,23504
9,23528
9,23788
9,23834
9,23903
9,24104
9,24132
9,24317
9,24426
9,24507
9,24670
9,24814
9,24858
9,24954
9,25233
9,25444
9,25450
9,25581
9,25905
9,25951
9,26081
9,26312
9,26386
9,26412
9,27268
9,27284
9,27339
9,27425
9,27628
9,27673
9,27905
9,28069
9,28288
9,28903
9,29196
9,29233
9,29569
9,29946
10,45
10,131
10,167
10,211
10,214
10,226
10,241
10,255
10,394
10,477
10,542
10,663
10,705
10,709
10,808
10,971
10,1153
10,1274
10,1775
10,1807
10,1870
10,2442
10,2514
10,3235
10,3996
10,4617
10,4763
10,5065
10,5358
10,5476
10,5556
10,5585
10,5619
10,6181
10,6291
10,6634
10,6666
10,6743
10,6921
10,7022
10,7248
10,7319
10,7705
10,7770
10,7836
10,8780
10,8822
10,9455
10,9810
10,9866
10,10197
10,10268
10,10337
10,10524
10,10604
10,10660
10,10963
10,11659
10,12090
10,12720
10,14020
10,14041
10,14168
10,14440
10,15136
10,16056
10,17786
10,18505
10,18819
10,19130
10,20203
10,20204
10,20313
10,20691
10,21183
10,22099
10,22471
10,22607
10,23550
10,23709
10,24215
10,24978
10,25129
10,25336
10,26051
10,26074
10,26640
10,28000
10,28045
10,28642
10,29170
10,29544
11,17
11,24
11,34
11,35
11,48
11,50
11,76
11,138
11,149
11,375
11,417
11,424
11,473
11,569
11,748
11,849
11,872
11,890
11,943
11,999
11,1080
11,1265
11,1474
11,1553
11,1586
11,1981
11,1994
11,2111
11,2200
11,2251
11,2317
11,2330
11,2517
11,2556
11,2597
11,2718
11,2739
11,2820
11,3145
11,3359
11,4091
11,4164
11,4167
11,4303
11,4379
11,4998
11,5166
11,5326
11,5544
11,5593
11,5997
11,6055
11,6261
11,6521
11,6589
11,6746
11,6833
11,6855
11,7000
11,7123
11,7444
11,7455
11,7777
11,7926
11,8475
11,8654
11,8971
11,9400
11,9680
11,10006
11,10123
11,10323
11,10356
11,10992
11,11341
11,12045
11,13115
11,13132
11,13196
11,13221
11,13287
11,13357
11,13477
11,13877
11,13891
11,14311
11,14417
11,14978
11,15289
11,15715
11,16328
11,17230
11,17907
11,18386
11,18828
11,18870
11,18934
11,19083
11,19200
11,20227
11,20784
11,21552
11,21837
11,22132
11,22688
11,22865
11,23012
11,23473
11,23541
11,24036
11,24770
11,25109
11,25420
11,25434
11,25722
11,25922
11,26023
11,26567
11,27162
11,27852
11,27939
11,28316
11,28452
11,28721
11,29354
11,29510
12,59
12,107
12,108
12,139
12,261
12,329
12,332
12,460
12,477
12,549
12,609
12,725
12,742
12,886
12,1059
12,1106
12,1113
12,1131
12,1227
12,1270
12,1285
12,1354
12,1647
12,1721
12,1833
12,1859
12,1895
12,2368
12,2502
12,2726
12,2750
12,2885
12,2906
12,3134
12,3204
12,3245
12,3354
12,3447
12,3502
12,4290
12,4416
12,4473
12,4597
12,4606
12,4677
12,4808
12,4894
12,4935
12,5027
12,5116
12,5136
12,5168
12,5245
12,5918
12,6144
12,6348
12,6384
12,6701
12,6763
12,6800
12,6829
12,7150
12,7281
12,7573
12,7870
12,8212
12,8608
12,8720
12,8909
12,8929
12,9141
12,9458
12,10024
12,10697
12,10917
12,11269
12,11686
12,11863
12,11933
12,11941
12,12465
12,12597
12,12909
12,13149
12,13164
12,14560
12,14568
12,15203
12,15459
12,16548
12,16677
12,16703
12,16929
12,17360
12,17395
12,17407
12,17440
12,18398
12,18777
12,18782
12,18863
12,19615
12,19873
12,20003
12,20382
12,20861
12,20912
12,20979
12,21377
12,21679
12,22776
12,22786
12,23278
12,24646
12,24714
12,25172
12,25605
12,27163
12,27716
12,28366
12,28387
12,28820
12,28835
12,28927
12,29241
12,29273
12,29669
12,29756
13,40
13,42
13,59
13,63
13,65
13,70
13,98
13,115
13,131
13,169
13,200
13,209
13,263
13,320
13,485
13,486
13,620
13,653
13,892
13,935
13,962
13,1050
13,1110
13,1127
13,1273
13,1308
13,1316
13,1339
13,1405
13,1414
13,1426
13,1472
13,1516
13,1609
13,1730
13,1740
13,1797
13,2081
13,2282
13,2307
13,2481
13,2602
13,2691
13,2696
13,2746
13,2751
13,2894
13,2935
13,2969
13,2972
13,3147
13,3340
13,3345
13,3634
13,3695
13,3734
13,3876
13,3878
13,3966
13,3967
13,4662
13,4794
13,4946
13,4979
13,5032
13,5090
13,5707
13,5775
13,6358
13,6411
13,6513
13,6663
13,6683
13,7229
13,7300
13,7443
13,7840
13,8240
13,8341
13,9631
13,9677
13,10480
13,10489
13,10918
13,11487
13,11652
13,11770
13,12081
13,12429
13,12671
13,12834
13,13074
13,13166
13,13474
13,14136
13,14352
13,14387
13,14390
13,14393
13,15192
13,15322
13,15644
13,15767
13,16013
13,16268
13,16300
13,16530
13,17043
13,17634
13,17784
13,18224
13,18331
13,18384
13,18783
13,19255
13,19708
13,20123
13,20314
13,20315
13,20566
13,21037
13,21148
13,21215
13,21853
13,21860
13,21985
13,22086
13,22143
13,22716
13,22835
13,23359
13,23725
13,24283
13,24799
13,25015
13,25408
13,25850
13,25938
13,25958
13,26496
13,26881
13,26923
13,28054
13,28556
13,28956
13,29994
14,16
14,23
14,49
14,52
14,63
14,73
14,80
14,101
14,119
14,182
14,210
14,334
14,446
14,631
14,672
14,704
14,1069
14,1083
14,1115
14,1469
14,2041
14,2194
14,2317
14,2393
14,2436
14,2825
14,2953
14,2966
14,3043
14,3192
14,3252
14,3321
14,3323
14,3587
14,3720
14,4134
14,4334
14,4493
14,4943
14,5061
14,5099
14,5127
14,5300
14,6518
14,6614
14,6949
14,7078
14,7294
14,7774
14,8183
14,8222
14,8406
14,8714
14,9124
14,9160
14,9205
14,9498
14,9697
14,9929
14,10600
14,10654
14,10933
14,10949
14,11138
14,11338
14,12191
14,12263
14,12281
14,12340
14,12389
14,13162
14,13903
14,14383
14,14389
14,14568
14,15274
14,15301
14,15996
14,16269
14,16274
14,16649
14,16833
14,17046
14,17055
14,17333
14,19149
14,19238
14,19372
14,20118
14,20433
14,20814
14,20956
14,21682
14,23403
14,24944
14,25021
14,25061
14,25522
14,25900
14,25986
14,26325
14,26674
14,26726
14,27103
14,27946
14,28414
14,29327
14,29738
15,18
15,28
15,32
15,44
15,66
15,94
15,124
15,128
15,204
15,205
15,275
15,280
15,288
15,290
15,317
15,345
15,375
15,382
15,399
15,460
15,479
15,620
15,628
15,913
15,984
15,1128
15,1138
15,1156
15,1355
15,1404
15,1415
15,1430
15,1457
15,1650
15,1673
15,1777
15,2293
15,2671
15,2704
15,2770
15,2847
15,3676
15,4035
15,4048
15,4052
15,4230
15,4452
15,4463
15,5297
15,5306
15,6087
15,6252
15,6896
15,6955
15,6980
15,7040
15,8131
15,8431
15,8469
15,8749
15,8855
15,8960
15,10617
15,10704
15,10838
15,11188
15,11444
15,11490
15,11602
15,11831
15,11867
15,12094
15,12476
15,12844
15,12926
15,12932
15,13870
15,13896
15,15048
15,15201
15,15834
15,16078
15,16165
15,16450
15,16585
15,16825
15,17452
15,18117
15,19091
15,19262
15,20447
15,20756
15,20802
15,20872
15,21132
15,21222
15,21321
15,21339
15,22278
15,22696
15,22903
15,23200
15,24287
15,24587
15,24831
15,27072
15,27099
15,27732
15,28719
15,29290
16,18
16,19
16,22
16,27
16,29
16,34
16,53
16,55
16,61
16,81
16,98
16,107
16,123
16,136
16,137
16,146
16,151
16,162
16,223
16,225
16,226
16,253
16,267
16,273
16,280
16,281
16,285
16,309
16,328
16,330
16,349
16,350
16,367
16,385
16,390
16,448
16,458
16,506
16,512
16,514
16,534
16,547
16,552
16,576
16,581
16,588
16,609
16,634
16,647
16,652
16,689
16,715
16,753
16,780
16,819
16,820
16,821
16,832
16,838
16,887
16,893
16,910
16,938
16,950
16,951
16,952
16,974
16,988
16,1004
16,1022
16,1059
16,1076
16,1095
16,1108
16,1153
16,1155
16,1183
16,1200
16,1261
16,1267
16,1339
16,1349
16,1422
16,1574
16,1637
16,1707
16,1774
16,1802
16,1825
16,1836
16,1845
16,1937
16,1981
16,1986
16,2006
16,2111
16,2226
16,2231
16,2238
16,2298
16,2330
16,2344
16,2405
16,2415
16,2431
16,2480
16,2497
16,2620
16,2652
16,2689
16,2707
16,2782
16,2984
16,3149
16,3279
16,3289
16,3446
16,3485
16,3525
16,3566
16,3588
16,3802
16,3877
16,4078
16,4081
16,4128
16,4193
16,4197
16,4254
16,4264
16,4274
16,4282
16,4351
16,4352
16,4379
16,4486
16,4684
16,4778
16,4860
16,4878
16,4922
16,4956
16,4982
16,5101
16,5180
16,5239
16,5359
16,5409
16,5422
16,5500
16,5503
16,5546
16,5755
16,5923
16,5944
16,6161
16,6208
16,6220
16,6256
16,6354
16,6549
16,6774
16,6970
16,6990
16,7093
16,7160
16,7389
16,7686
16,7827
16,7839
16,7846
16,7862
16,7877
16,7936
16,8239
16,8310
16,8625
16,8772
16,8882
16,9218
16,9409
16,9413
16,9433
16,9529
16,9666
16,9720
16,9840
16,9890
16,9915
16,10165
16,10278
16,10397
16,10716
16,10722
16,10744
16,10811
16,10949
16,11058
16,11091
16,11394
16,11436
16,11599
16,11707
16,11807
16,11992
16,12099
16,12115
16,12168
16,12230
16,12256
16,12438
16,12451
16,12732
16,12745
16,12866
16,12926
16,13000
16,13009
16,13014
16,13082
16,13249
16,13254
16,13466
16,13853
16,14275
16,14323
16,14423
16,14729
16,14751
16,14788
16,14885
16,14892
16,15118
16,15284
16,15316
16,15360
16,15376
16,15416
16,15544
16,15620
16,15625
16,15653
16,15910
16,16271
16,16273
16,16598
16,16734
16,16983
16,17338
16,17388
16,17444
16,17451
16,17522
16,17604
16,17693
16,17774
16,17846
16,17851
16,17948
16,18038
16,18106
16,18158
16,18541
16,18629
16,19015
16,19024
16,19031
16,19525
16,19540
16,19910
16,19955
16,20012
16,20022
16,20094
16,20102
16,20315
16,20409
16,20565
16,20776
16,20902
16,21259
16,21372
16,21383
16,21535
16,21574
16,21582
16,21636
16,22043
16,22075
16,22333
16,22869
16,23048
16,23197
16,23619
16,23651
16,23792
16,23910
16,24025
16,24257
16,24429
16,24506
16,24621
16,24767
16,24785
16,24836
16,24845
16,24903
16,25346
16,25374
16,25478
16,25549
16,25550
16,25556
16,25696
16,25820
16,26068
16,26310
16,26506
16,27072
16,27151
16,27236
16,27459
16,27486
16,27489
16,27607
16,28327
16,28597
16,28706
16,28948
16,29016
16,29038
16,29341
16,29479
16,29681
17,90
17,233
17,245
17,256
17,257
17,262
17,346
17,394
17,426
17,496
17,769
17,834
17,889
17,1102
17,1129
17,1186
17,1271
17,1470
17,1860
17,1977
17,2017
17,2641
17,3044
17,3229
17,3418
17,3521
17,3657
17,3750
17,3813
17,4241
17,4251
17,4344
17,4429
17,4534
17,4562
17,4652
17,4660
17,4871
17,5263
17,5267
17,5637
17,5694
17,6224
17,6535
17,6636
17,7482
17,8691
17,8796
17,8830
17,8904
17,9314
17,9678
17,9770
17,10293
17,10352
17,10854
17,11359
17,11540
17,11740
17,11774
17,11865
17,11949
17,12123
17,13976
17,14823
17,15381
17,15441
17,15546
17,15609
17,15749
17,15813
17,17068
17,18752
17,19127
17,20408
17,20419
17,20801
17,21130
17,21747
17,22242
17,22243
17,22372
17,22963
17,24069
17,24166
17,24249
17,24273
17,24310
17,24334
17,25415
17,25562
17,25763
17,25876
17,27598
17,27610
17,27736
17,27857
17,28065
17,28144
17,29283
17,29717
18,22
18,23
18,29
18,32
18,34
18,39
18,41
18,67
18,71
18,103
18,158
18,161
18,166
18,226
18,282
18,416
18,432
18,436
18,437
18,510
18,520
18,563
18,600
18,617
18,716
18,741
18,836
18,861
18,912
18,1082
18,1085
18,1086
18,1346
18,1407
18,1425
18,1449
18,1555
18,1579
18,1676
18,1950
18,2031
18,2129
18,2302
18,2379
18,2458
18,2491
18,2528
18,2585
18,2743
18,2842
18,2864
18,2885
18,2908
18,2924
18,3039
18,3054
18,3143
18,3161
18,3214
18,3377
18,3591
18,3628
18,3690
18,3726
18,3960
18,4175
18,4313
18,4332
18,4430
18,4438
18,4660
18,4728
18,4911
18,4935
18,5215
18,5232
18,5383
18,5451
18,5847
18,5931
18,6227
18,6269
18,6469
18,6478
18,6731
18,6748
18,6801
18,6838
18,6857
18,7209
18,7249
18,7359
18,7458
18,7626
18,7797
18,7811
18,8076
18,8093
18,8138
18,8233
18,8551
18,8577
18,8609
18,9032
18,9161
18,9186
18,9305
18,9357
18,9380
18,9472
18,9627
18,9653
18,9730
18,9741
18,9970
18,10012
18,10071
18,10087
18,10317
18,10446
18,10971
18,11041
18,11073
18,11899
18,11973
18,12227
18,12450
18,12544
18,12582
18,12770
18,12923
18,13062
18,13238
18,13273
18,13354
18,13820
18,14123
18,14156
18,14517
18,14704
18,15196
18,15329
18,15388
18,15465
18,15610
18,15849
18,16237
18,16311
18,16344
18,16508
18,16556
18,16569
18,17248
18,17623
18,17649
18,17736
18,17829
18,18054
18,18360
18,18566
18,18637
18,18856
18,19205
18,19988
18,20187
18,20310
18,20361
18,20541
18,21443
18,21515
18,21849
18,21912
18,21963
18,21991
18,22291
18,22326
18,23086
18,23215
18,23544
18,23969
18,24156
18,24408
18,24449
18,24593
18,24646
18,24715
18,24902
18,25224
18,25799
18,26024
18,26268
18,26269
18,26556
18,27183
18,27204
18,27213
18,27428
18,27586
18,28190
18,29126
18,29234
18,29755
19,35
19,40
19,75
19,101
19,112
19,166
19,175
19,177
19,196
19,204
19,227
19,253
19,322
19,437
19,526
19,895
19,896
19,911
19,946
19,1055
19,1105
19,1115
19,1203
19,1251
19,1265
19,1452
19,1523
19,1524
19,1541
19,1556
19,1570
19,1592
19,1681
19,1815
19,1860
19,1888
19,1928
19,1932
19,2104
19,2242
19,2292
19,2327
19,2347
19,2364
19,2378
19,2658
19,2985
19,3022
19,3071
19,3308
19,3429
19,3452
19,3665
19,3757
19,3774
19,3865
19,4300
19,4345
19,4358
19,4368
19,4410
19,4611
19,4677
19,5077
19,5235
19,5277
19,5371
19,5527
19,5620
19,5722
19,5949
19,6054
19,6302
19,6326
19,6872
19,7006
19,7340
19,7477
19,7565
19,7812
19,8194
19,8511
19,8550
19,9085
19,9463
19,9503
19,9574
19,9754
19,9987
19,10038
19,10144
19,10485
19,10747
19,10874
19,10901
19,10919
19,11166
19,11380
19,11503
19,12164
19,12848
19,13207
19,13732
19,14575
19,14595
19,14599
19,14937
19,14954
19,15144
19,15443
19,15470
19,15890
19,15977
19,16533
19,16768
19,17049
19,18210
19,18212
19,18436
19,18566
19,18706
19,18899
19,19170
19,19585
19,19747
19,20070
19,20108
19,20426
19,20795
19,20839
19,21759
19,22573
19,22782
19,23279
19,24246
19,24350
19,24366
19,24887
19,25000
19,25552
19,25791
19,26301
19,26446
19,26764
19,27371
19,27432
19,27843
19,28203
19,28466
19,28669
19,28681
19,29059
19,29463
19,29597
19,29631
19,29640
19,29863
19,29948
19,29974
20,311
20,512
20,665
20,774
20,1018
20,1680
20,1743
20,2028
20,2567
20,2675
20,3197
20,4178
20,5222
20,5656
20,6100
20,6674
20,6729
20,7612
20,8503
20,9688
20,10465
20,10732
20,11846
20,11902
20,12237
20,12595
20,13275
20,13536
20,13560
20,15568
20,17069
20,17213
20,17591
20,17620
20,19104
20,20153
20,22969
20,23474
20,25063
21,31
21,55
21,103
21,105
21,184
21,240
21,264
21,332
21,407
21,459
21,536
21,546
21,572
21,643
21,655
21,799
21,964
21,989
21,1127
21,1179
21,1298
21,1384
21,2337
21,2685
21,2803
21,3085
21,3099
21,3390
21,4835
21,4985
21,5031
21,5190
21,5217
21,5224
21,5744
21,5923
21,6329
21,6816
21,6968
21,7070
21,7181
21,7368
21,7676
21,7839
21,7932
21,8132
21,8225
21,8312
21,8793
21,8797
21,9178
21,9268
21,9332
21,9927
21,10155
21,10356
21,11210
21,11508
21,11893
21,12574
21,12717
21,13056
21,13071
21,14885
21,14892
21,14894
21,14972
21,15814
21,16213
21,16346
21,16369
21,17203
21,17539
21,19023
21,20986
21,22816
21,22976
21,23034
21,23143
21,23296
21,23357
21,23387
21,23791
21,23952
21,24121
21,24140
21,24419
21,25323
21,27179
21,28131
21,28805
21,29223
22,37
22,41
22,51
22,68
22,209
22,248
22,454
22,535
22,620
22,637
22,730
22,764
22,957
22,1016
22,1054
22,1111
22,1177
22,1446
22,1648
22,2814
22,3093
22,3144
22,3176
22,3579
22,3633
22,3851
22,4292
22,5378
22,6005
22,6608
22,8757
22,9265
22,9312
22,10115
22,10646
22,11217
22,11633
22,11826
22,11896
22,11926
22,13895
22,15345
22,15531
22,18001
22,18686
22,20011
22,20090
22,20889
22,21349
22,21726
22,21799
22,21840
22,22188
22,22332
22,23707
22,24933
22,25515
22,25816
22,27018
22,27736
22,28771
22,29563
23,33
23,43
23,68
23,100
23,134
23,137
23,139
23,140
23,145
23,216
23,229
23,311
23,362
23,420
23,493
23,496
23,521
23,526
23,542
23,602
23,696
23,697
23,750
23,858
23,875
23,912
23,922
23,948
23,967
23,1065
23,1164
23,1318
23,1483
23,1584
23,1706
23,1753
23,1766
23,1856
23,1969
23,2045
23,2046
23,2284
23,2289
23,2333
23,2335
23,2382
23,2848
23,2980
23,3032
23,3234
23,3460
23,3495
23,3808
23,3858
23,3973
23,4066
23,4077
23,4275
23,4299
23,4333
23,4726
23,4880
23,5063
23,5205
23,5600
23,5622
23,5752
23,5860
23,6055
23,6280
23,6399
23,6572
23,6810
23,7089
23,7332
23,7339
23,7917
23,7964
23,8236
23,8257
23,8269
23,8382
23,8640
23,8818
23,9029
23,9264
23,9422
23,9501
23,9727
23,9908
23,10019
23,10428
23,10441
23,10504
23,10576
23,10580
23,10608
23,10925
23,11249
23,11290
23,11401
23,11501
23,11650
23,11921
23,12286
23,12350
23,12432
23,12594
23,13118
23,13211
23,13260
23,13509
23,14129
23,14151
23,14795
23,15266
23,16164
23,16619
23,17637
23,17938
23,17962
23,18259
23,18294
23,18915
23,19228
23,19448
23,19503
23,19841
23,20339
23,20611
23,20625
23,21727
23,21938
23,22838
23,23004
23,23265
23,23278
23,23434
23,23955
23,24094
23,24136
23,24141
23,24146
23,24176
23,24566
23,24947
23,24961
23,25077
23,26012
23,26447
23,27038
23,28232
23,28366
23,28460
23,28874
23,29429
23,29702
23,29788
23,29875
23,29997
24,28
24,56
24,72
24,605
24,647
24,1205
24,1245
24,1277
24,1668
24,2187
24,2311
24,2493
24,2871
24,3919
24,4162
24,4558
24,4608
24,4818
24,5061
24,5068
24,5272
24,5754
24,7740
24,7968
24,8934
24,9508
24,11184
24,11983
24,14981
24,15615
24,16275
24,17537
24,20280
24,20535
24,20986
24,22046
24,22612
24,23946
24,24004
24,24016
24,25485
24,26321
24,26808
24,26916
24,27988
24,28888
25,36
25,47
25,56
25,118
25,190
25,219
25,260
25,277
25,342
25,359
25,378
25,392
25,404
25,438
25,489
25,521
25,547
25,568
25,636
25,918
25,945
25,1006
25,1159
25,1217
25,1456
25,1642
25,1672
25,1731
25,1887
25,1924
25,2268
25,2361
25,2366
25,2722
25,2872
25,3140
25,3524
25,3640
25,3710
25,3724
25,3787
25,3942
25,4087
25,4407
25,4741
25,4784
25,4961
25,5266
25,5323
25,6075
25,6301
25,6412
25,7243
25,7504
25,7543
25,7668
25,7729
25,8006
25,8371
25,8456
25,8555
25,8596
25,8979
25,9642
25,9784
25,10331
25,10788
25,11199
25,11281
25,11314
25,11361
25,11468
25,11607
25,11769
25,11963
25,12247
25,12625
25,13806
25,14321
25,14412
25,14491
25,14718
25,14733
25,14874
25,15148
25,15698
25,15734
25,15939
25,16770
25,17047
25,17125
25,17186
25,17358
25,18694
25,19059
25,19191
25,19722
25,20423
25,20572
25,20639
25,20764
25,21369
25,21945
25,22897
25,23549
25,23987
25,24501
25,25449
25,25582
25,25651
25,25706
25,25905
25,26117
25,26408
25,26547
25,27473
25,27593
25,28346
25,29540
25,29558
26,58
26,83
26,90
26,97
26,104
26,110
26,155
26,338
26,484
26,529
26,1045
26,1145
26,1210
26,1351
26,1533
26,1579
26,1752
26,1925
26,2394
26,2635
26,2980
26,2993
26,3056
26,3185
26,3723
26,3754
26,5102
26,5330
26,6033
26,6049
26,6209
26,6715
26,6784
26,7639
26,8772
26,8885
26,11427
26,12309
26,14103
26,14916
26,16522
26,16607
26,16983
26,19204
26,21737
26,22346
26,24341
26,24355
26,25732
26,29001
27,76
27,120
27,234
27,251
27,398
27,428
27,433
27,463
27,832
27,916
27,1232
27,1364
27,1444
27,1511
27,1529
27,1726
27,1809
27,1952
27,2042
27,2866
27,2973
27,3007
27,3254
27,3283
27,3323
27,3887
27,3971
27,4194
27,4226
27,4603
27,4750
27,4822
27,5764
27,5801
27,6561
27,7410
27,7792
27,8755
27,9221
27,9271
27,10860
27,11441
27,12290
27,12821
27,13515
27,14514
27,16182
27,17279
27,17428
27,20830
27,21863
27,22664
27,25622
27,25780
27,26423
27,27074
27,27274
27,27368
27,29483
28,56
28,92
28,130
28,174
28,239
28,318
28,320
28,325
28,341
28,571
28,609
28,614
28,628
28,1209
28,1238
28,1646
28,2196
28,2538
28,2575
28,3095
28,3231
28,3826
28,4342
28,4611
28,4776
28,4795
28,4827
28,5017
28,5338
28,5918
28,5919
28,6067
28,6622
28,6849
28,7399
28,8279
28,8571
28,9006
28,9295
28,9619
28,10217
28,10234
28,10413
28,10885
28,11233
28,11779
28,11959
28,12043
28,12181
28,12548
28,12877
28,13250
28,13993
28,16095
28,17460
28,18345
28,18394
28,18742
28,19150
28,19189
28,19318
28,19508
28,20530
28,21363
28,21529
28,21620
28,21674
28,22289
28,24262
28,24384
28,24542
28,25254
28,26230
28,26245
28,27951
28,28363
28,28812
28,29177
29,30
29,45
29,109
29,111
29,216
29,236
29,243
29,262
29,313
29,441
29,450
29,453
29,522
29,524
29,545
29,692
29,816
29,1162
29,1276
29,1304
29,1378
29,1433
29,1466
29,1534
29,1565
29,1568
29,1635
29,1636
29,1653
29,1675
29,1708
29,1718
29,1897
29,1973
29,2015
29,2389
29,2465
29,2662
29,2770
29,2812
29,2844
29,2918
29,3138
29,3370
29,3401
29,3430
29,3841
29,3879
29,3967
29,4115
29,4204
29,4408
29,4517
29,4968
29,5099
29,5280
29,5305
29,5391
29,5584
29,5699
29,5954
29,6215
29,6420
29,6457
29,6464
29,6514
29,6621
29,6739
29,6799
29,6801
29,6906
29,7016
29,7153
29,7300
29,7599
29,7779
29,7935
29,8344
29,8403
29,8666
29,8875
29,9041
29,9095
29,9279
29,10111
29,10639
29,10686
29,10834
29,10893
29,11025
29,11345
29,11486
29,11562
29,11847
29,11929
29,12033
29,12681
29,12981
29,13635
29,13689
29,14345
29,15320
29,15688
29,15708
29,16268
29,16437
29,16504
29,16681
29,16730
29,17041
29,17343
29,17353
29,17482
29,18282
29,18455
29,18663
29,18748
29,19556
29,19645
29,20231
29,20302
29,20657
29,20920
29,21746
29,21823
29,22892
29,23146
29,23478
29,24010
29,25158
29,26253
29,26502
29,26545
29,27274
29,27382
29,27757
29,27986
29,28292
29,28996
29,29265
29,29473
30,61
30,87
30,89
30,137
30,139
30,141
30,192
30,201
30,211
30,297
30,340
30,415
30,568
30,680
30,705
30,955
30,1198
30,1223
30,1235
30,1272
30,1294
30,1336
30,1398
30,1482
30,1566
30,1634
30,1640
30,1729
30,1808
30,1827
30,1914
30,1931
30,2089
30,2139
30,2182
30,2282
30,2296
30,2331
30,2528
30,2621
30,2659
30,2681
30,2721
30,2786
30,2942
30,2983
30,3074
30,3108
30,3457
30,4088
30,4326
30,4489
30,4824
30,5335
30,5407
30,5430
30,5600
30,5986
30,6051
30,6400
30,6532
30,6563
30,6571
30,6911
30,7468
30,7575
30,8123
30,8326
30,8501
30,8670
30,8713
30,8808
30,8866
30,9194
30,9209
30,9364
30,9518
30,9698
30,9740
30,9910
30,9995
30,10233
30,10329
30,10390
30,10444
30,10505
30,10528
30,10535
30,10890
30,10958
30,10961
30,12275
30,12385
30,13127
30,13350
30,13434
30,13451
30,13486
30,13714
30,14004
30,14296
30,14414
30,14508
30,15145
30,15789
30,15868
30,16170
30,16258
30,16371
30,16536
30,17133
30,17591
30,18025
30,18213
30,18643
30,19213
30,20284
30,20936
30,21048
30,21473
30,22232
30,22561
30,23673
30,24463
30,24531
30,24997
30,25507
30,26217
30,26445
30,27270
30,27936
30,28019
30,28068
30,28399
30,28468
30,28530
30,28579
30,29100
30,29375
31,58
31,111
31,148
31,163
31,173
31,303
31,307
31,388
31,446
31,527
31,571
31,596
31,622
31,631
31,737
31,815
31,900
31,956
31,1303
31,1396
31,1440
31,1449
31,1586
31,1873
31,1922
31,1993
31,2444
31,2445
31,3219
31,3508
31,3563
31,3997
31,4128
31,4215
31,4267
31,4313
31,4417
31,4692
31,5023
31,5274
31,5484
31,6136
31,6487
31,6942
31,7086
31,7310
31,7584
31,7716
31,7792
31,8902
31,9137
31,9873
31,10316
31,10649
31,11631
31,12390
31,12832
31,13053
31,13221
31,13836
31,14009
31,14061
31,15138
31,15271
31,16280
31,16337
31,16680
31,16756
31,16824
31,17098
31,17329
31,17469
31,17569
31,17872
31,18222
31,18424
31,21062
31,21813
31,22914
31,23593
31,24771
31,24928
31,25111
31,25998
31,26491
31,26709
31,26932
31,26953
31,27221
31,28111
31,28160
31,28378
31,28389
31,28981
31,28993
31,29146
32,42
32,85
32,126
32,279
32,342
32,474
32,533
32,908
32,1282
32,1471
32,1587
32,1751
32,2180
32,2432
32,3954
32,4255
32,4586
32,5050
32,5360
32,6401
32,6468
32,8178
32,8630
32,10082
32,10433
32,10969
32,15221
32,16629
32,16728
32,16780
32,17507
32,17593
32,18486
32,19291
32,19825
32,22093
32,23018
32,23233
32,24118
32,25534
32,26095
32,29093
32,29099
32,29920
33,158
33,167
33,199
33,240
33,291
33,302
33,304
33,368
33,443
33,455
33,794
33,817
33,957
33,1507
33,1827
33,1848
33,1863
33,1866
33,2008
33,2546
33,2557
33,2597
33,3159
33,3288
33,3356
33,3447
33,3468
33,3541
33,4791
33,5177
33,5371
33,5652
33,6083
33,6607
33,6745
33,6874
33,7625
33,7634
33,7643
33,7826
33,7924
33,8357
33,8510
33,8826
33,9660
33,9829
33,10372
33,11198
33,11957
33,12510
33,13306
33,13728
33,13758
33,14146
33,14996
33,15032
33,15115
33,18088
33,18202
33,18695
33,18829
33,19683
33,19880
33,20561
33,20739
33,20971
33,21771
33,22886
33,23787
33,24742
33,28229
33,28554
33,28873
34,62
34,74
34,82
34,170
34,174
34,234
34,345
34,405
34,466
34,483
34,528
34,542
34,661
34,679
34,771
34,772
34,802
34,843
34,960
34,1278
34,1483
34,1778
34,1992
34,2167
34,2458
34,2617
34,2810
34,3002
34,3211
34,3296
34,3667
34,3698
34,4024
34,4080
34,4403
34,4747
34,4836
34,5014
34,5074
34,5076
34,5617
34,5768
34,5788
34,5946
34,6358
34,6421
34,6673
34,6912
34,7029
34,7103
34,8786
34,9374
34,9988
34,10218
34,10640
34,11082
34,11190
34,11379
34,11842
34,12912
34,14110
34,14592
34,14637
34,16153
34,16966
34,17102
34,18543
34,18615
34,19165
34,19264
34,21090
34,21712
34,22806
34,23524
34,23849
34,26376
34,28304
34,28521
34,28632
35,36
35,77
35,81
35,106
35,119
35,130
35,182
35,184
35,214
35,275
35,301
35,343
35,431
35,553
35,554
35,656
35,746
35,1122
35,1390
35,1487
35,1673
35,2017
35,2024
35,2055
35,2240
35,2444
35,2688
35,3068
35,3121
35,3275
35,3586
35,3895
35,4582
35,4879
35,4991
35,5846
35,6312
35,6403
35,7452
35,8685
35,8715
35,9687
35,10430
35,10463
35,11101
35,11155
35,11351
35,12592
35,12873
35,13512
35,14233
35,14292
35,15898
35,19189
35,19357
35,20746
35,21580
35,21761
35,22439
35,22575
35,23194
35,24442
35,24489
35,25408
35,25488
35,25606
35,25665
35,26744
35,26927
35,28575
36,57
36,191
36,192
36,224
36,289
36,319
36,349
36,429
36,469
36,1006
36,1116
36,1170
36,1403
36,1424
36,1447
36,1474
36,1609
36,1876
36,2150
36,2203
36,2357
36,2474
36,2549
36,2589
36,2766
36,3305
36,3447
36,3600
36,3626
36,3822
36,4082
36,4381
36,4446
36,4961
36,5002
36,5202
36,5227
36,5356
36,6347
36,6480
36,6655
36,6959
36,6976
36,8041
36,8879
36,9694
36,10006
36,10221
36,10280
36,11274
36,11323
36,11838
36,12203
36,13155
36,13287
36,14289
36,14716
36,14886
36,16238
36,17244
36,17752
36,18860
36,18935
36,19141
36,19580
36,19928
36,20077
36,20224
36,21561
36,21641
36,21815
36,21908
36,22321
36,23352
36,23592
36,24205
36,24442
36,25055
36,25251
36,25315
36,25732
36,25993
36,26232
36,26355
36,26837
36,27360
36,28485
36,29347
37,91
37,858
37,1050
37,1378
37,1690
37,2529
37,4413
37,7384
37,7684
37,8202
37,10206
37,11412
37,12567
37,12960
37,14857
37,16111
37,17188
37,19997
37,22074
37,28271
38,68
38,151
38,180
38,214
38,285
38,439
38,541
38,837
38,1199
38,1461
38,1954
38,2181
38,2249
38,2279
38,2487
38,2535
38,2727
38,2757
38,4182
38,4454
38,5056
38,5471
38,5911
38,6151
38,6329
38,6427
38,6921
38,7606
38,7864
38,8010
38,8022
38,8642
38,9173
38,9177
38,9435
38,10986
38,11164
38,11263
38,11485
38,12812
38,13028
38,13092
38,13366
38,13888
38,14187
38,14210
38,14304
38,14797
38,14931
38,15644
38,16113
38,16418
38,16424
38,16470
38,16684
38,17165
38,17762
38,18755
38,20775
38,21306
38,21550
38,22000
38,22266
38,22479
38,23028
38,23201
38,24198
38,24371
38,26035
38,27165
38,27515
38,29042
39,77
39,99
39,549
39,842
39,973
39,998
39,1364
39,1450
39,1748
39,2251
39,2296
39,2589
39,2657
39,3008
39,3028
39,3720
39,4209
39,4749
39,5851
39,6036
39,7644
39,8546
39,8619
39,9078
39,11455
39,11516
39,12392
39,19470
39,20086
39,21237
39,21277
39,21972
39,22520
39,24450
39,24528
39,25668
40,44
40,49
40,54
40,59
40,108
40,146
40,148
40,150
40,152
40,236
40,303
40,306
40,328
40,401
40,408
40,411
40,493
40,572
40,582
40,645
40,677
40,701
40,777
40,796
40,902
40,985
40,990
40,996
40,1029
40,1074
40,1183
40,1212
40,1300
40,1363
40,1370
40,1540
40,1642
40,1695
40,1710
40,1823
40,1930
40,1987
40,2147
40,2272
40,2509
40,2712
40,2869
40,2971
40,3211
40,3260
40,3582
40,3862
40,3904
40,3926
40,4068
40,4157
40,4183
40,4200
40,4259
40,4550
40,4753
40,4870
40,5059
40,5200
40,5244
40,5336
40,5380
40,5503
40,5583
40,5915
40,6152
40,6242
40,6277
40,6531
40,6585
40,6644
40,6718
40,6848
40,7212
40,7425
40,7549
40,7815
40,7819
40,7968
40,8242
40,8289
40,8524
40,8632
40,8801
40,8823
40,8916
40,9026
40,9128
40,9624
40,9902
40,9960
40,10033
40,10503
40,10729
40,10928
40,11053
40,11321
40,11540
40,11567
40,11597
40,11696
40,12136
40,12422
40,12802
40,13007
40,13552
40,13614
40,13677
40,13774
40,13905
40,14341
40,14430
40,14907
40,15226
40,15242
40,15495
40,15607
40,15733
40,15757
40,16128
40,16184
40,16406
40,16790
40,17000
40,17202
40,17428
40,17442
40,17759
40,17854
40,18095
40,18208
40,18664
40,19447
40,19493
40,19499
40,19504
40,19615
40,19617
40,19739
40,19754
40,19894
40,19907
40,20067
40,20627
40,20930
40,20963
40,21136
40,21487
40,21922
40,22079
40,22351
40,22421
40,22748
40,22996
40,23164
40,23422
40,23509
40,24017
40,24141
40,24248
40,24558
40,24602
40,24679
40,24702
40,25118
40,25479
40,25674
40,25851
40,25940
40,26373
40,27172
40,27484
40,27859
40,27925
40,28071
40,28194
40,28395
40,28515
40,28756
40,28847
40,29289
40,29341
40,29480
40,29713
41,71
41,121
41,138
41,171
41,194
41,270
41,377
41,412
41,915
41,1345
41,1373
41,1436
41,1490
41,1713
41,1952
41,2693
41,2831
41,2904
41,3318
41,3771
41,3819
41,3884
41,4196
41,4199
41,4421
41,5152
41,5209
41,5373
41,5731
41,5842
41,6626
41,7041
41,7774
41,7988
41,9204
41,9245
41,10776
41,12494
41,13269
41,13725
41,13825
41,13878
41,14449
41,15111
41,15423
41,15458
41,17632
41,17979
41,20155
41,20559
41,21003
41,21449
41,21581
41,22315
41,22593
41,23068
41,23139
41,23882
41,26441
41,28130
41,29174
42,123
42,135
42,142
42,176
42,195
42,196
42,228
42,380
42,395
42,415
42,482
42,668
42,779
42,1214
42,1269
42,1322
42,1456
42,1569
42,1587
42,1726
42,1905
42,2178
42,2450
42,2460
42,2534
42,2621
42,2801
42,2817
42,2867
42,3129
42,3444
42,3459
42,3488
42,3611
42,3623
42,4285
42,4326
42,5809
42,6039
42,6179
42,6797
42,7803
42,7850
42,8195
42,8942
42,9108
42,9347
42,9393
42,9532
42,10047
42,10123
42,10631
42,11021
42,11408
42,12111
42,12350
42,13336
42,13793
42,14004
42,14040
42,14053
42,14152
42,14316
42,14467
42,14663
42,15361
42,15709
42,17110
42,17255
42,17324
42,17612
42,18129
42,18315
42,18472
42,18641
42,18954
42,19156
42,19219
42,19461
42,20260
42,20480
42,21442
42,21572
42,23338
42,23620
42,24956
42,25790
42,26053
42,26736
42,27115
42,29470
42,29890
42,29904
43,57
43,67
43,115
43,117
43,121
43,185
43,203
43,216
43,223
43,325
43,338
43,441
43,449
43,475
43,536
43,642
43,646
43,761
43,794
43,872
43,1254
43,1421
43,1482
43,1486
43,1507
43,1568
43,1639
43,1727
43,1803
43,2280
43,2294
43,2325
43,2380
43,2464
43,2476
43,3970
43,4015
43,4209
43,4243
43,4722
43,4762
43,4926
43,5043
43,5102
43,5233
43,5365
43,5525
43,5901
43,5965
43,6039
43,6635
43,6750
43,6904
43,6978
43,7169
43,7264
43,7764
43,8435
43,8959
43,9296
43,10183
43,10349
43,10702
43,11001
43,11092
43,11266
43,11502
43,11624
43,11836
43,11887
43,13076
43,13888
43,13937
43,14144
43,14368
43,14429
43,14714
43,14759
43,15407
43,16972
43,17211
43,17306
43,17833
43,17850
43,17936
43,18205
43,18851
43,19290
43,20537
43,20722
43,21769
43,21808
43,22045
43,22598
43,22796
43,22994
43,24534
43,25064
43,25533
43,25719
43,26019
43,26290
43,26301
43,26358
43,27053
43,27689
43,27963
44,85
44,97
44,157
44,224
44,242
44,358
44,419
44,668
44,672
44,721
44,783
44,1167
44,1303
44,1479
44,1915
44,1918
44,2441
44,2713
44,3198
44,3243
44,3383
44,3527
44,3540
44,4437
44,4804
44,4834
44,4904
44,5010
44,5088
44,5334
44,5822
44,6142
44,6712
44,7247
44,7536
44,7896
44,9157
44,9285
44,9536
44,9542
44,9961
44,10045
44,11053
44,13141
44,14154
44,16367
44,16705
44,16706
44,17173
44,17462
44,18798
44,19027
44,19593
44,19864
44,20500
44,21092
44,21509
44,21654
44,22296
44,22820
44,23657
44,23694
44,25188
44,29198
45,160
45,199
45,232
45,390
45,841
45,1207
45,1262
45,1502
45,1765
45,2216
45,3427
45,4010
45,5888
45,7141
45,8616
45,9707
45,9714
45,11140
45,13642
45,15286
45,15818
45,16049
45,22425
45,22655
45,27180
45,27662
45,28839
45,29868
46,48
46,53
46,82
46,89
46,116
46,125
46,178
46,289
46,376
46,403
46,413
46,479
46,512
46,543
46,607
46,669
46,706
46,798
46,814
46,936
46,962
46,1013
46,1041
46,1097
46,1226
46,1352
46,1501
46,1740
46,2117
46,2119
46,2357
46,2423
46,2441
46,2462
46,2701
46,2888
46,2969
46,3020
46,3225
46,3346
46,3379
46,3649
46,3961
46,4272
46,4442
46,4512
46,4540
46,4717
46,4770
46,4779
46,4818
46,4912
46,5082
46,5170
46,5225
46,5404
46,5453
46,5741
46,5824
46,5927
46,6545
46,6704
46,7101
46,7187
46,7400
46,7424
46,7807
46,8087
46,8479
46,8682
46,8750
46,8773
46,8886
46,8922
46,8935
46,8982
46,9193
46,9270
46,9371
46,9573
46,9583
46,10052
46,10807
46,11149
46,11163
46,11275
46,11279
46,11429
46,11500
46,11864
46,12054
46,12161
46,12386
46,12437
46,12455
46,12577
46,12974
46,13214
46,13406
46,13647
46,13827
46,13881
46,14419
46,14602
46,14702
46,14720
46,14961
46,15191
46,15312
46,15324
46,15329
46,15599
46,15664
46,15879
46,15902
46,17471
46,17484
46,17593
46,17696
46,17817
46,17855
46,18209
46,18705
46,18955
46,19323
46,19336
46,19399
46,19496
46,19882
46,19892
46,20127
46,20411
46,20654
46,21013
46,21289
46,21434
46,21656
46,22253
46,22308
46,22852
46,23258
46,23325
46,23480
46,24258
46,24774
46,25506
46,25706
46,26379
46,26436
46,26592
46,26746
46,27066
46,27737
46,27751
46,28064
46,28539
46,28814
46,28815
46,28840
46,29236
46,29463
46,29589
47,84
47,130
47,132
47,141
47,172
47,200
47,217
47,258
47,286
47,299
47,346
47,398
47,408
47,497
47,509
47,538
47,586
47,646
47,655
47,661
47,675
47,697
47,822
47,831
47,844
47,919
47,935
47,953
47,1023
47,1025
47,1099
47,1141
47,1248
47,1504
47,1560
47,1709
47,1874
47,2057
47,2245
47,2454
47,2581
47,2586
47,2627
47,3169
47,3233
47,3249
47,3403
47,3542
47,4109
47,4490
47,4491
47,4811
47,4881
47,4977
47,5092
47,5335
47,5384
47,5455
47,5644
47,5932
47,5950
47,6161
47,6330
47,6346
47,6393
47,6426
47,6532
47,6652
47,7004
47,7212
47,7359
47,7422
47,7731
47,7891
47,8121
47,8559
47,8693
47,8749
47,9406
47,9943
47,9973
47,10209
47,10650
47,11072
47,11335
47,11393
47,12110
47,12272
47,12702
47,12716
47,13681
47,13722
47,14045
47,14071
47,14234
47,14433
47,15050
47,15104
47,15111
47,16538
47,17031
47,18497
47,18557
47,18593
47,19047
47,19860
47,20743
47,20868
47,21093
47,22025
47,22108
47,22232
47,22306
47,23040
47,23103
47,23495
47,24355
47,24632
47,25428
47,26134
47,27299
47,27313
47,27366
47,27759
47,28377
47,28757
47,29014
47,29359
47,29915
48,95
48,129
48,273
48,288
48,452
48,1263
48,1722
48,2432
48,2775
48,3049
48,4153
48,4173
48,4705
48,5339
48,7039
48,8105
48,8411
48,11263
48,15632
48,18956
48,19242
48,19802
48,22627
48,23790
48,24520
48,25777
48,26546
48,28101
49,52
49,87
49,105
49,202
49,323
49,331
49,476
49,491
49,1819
49,1856
49,2093
49,2531
49,2732
49,3833
49,4248
49,4452
49,4512
49,5411
49,5709
49,6151
49,7093
49,7237
49,7374
49,8477
49,9458
49,9983
49,11320
49,12178
49,12378
49,12581
49,12687
49,13530
49,15026
49,16927
49,17220
49,18545
49,19707
49,20366
49,22519
49,25104
49,25193
49,25903
49,26745
49,28704
49,28765
49,29085
49,29485
50,81
50,116
50,410
50,441
50,499
50,556
50,974
50,1060
50,1072
50,1714
50,1939
50,2350
50,3500
50,4245
50,4990
50,5897
50,6031
50,6155
50,6186
50,6640
50,8778
50,8972
50,9016
50,9417
50,9964
50,10442
50,10966
50,11152
50,11641
50,12976
50,15124
50,16640
50,20652
50,20773
50,20815
50,21782
50,23682
50,23843
50,24225
50,27927
50,29102
51,98
51,185
51,495
51,1019
51,1090
51,1850
51,2124
51,2175
51,2954
51,2955
51,3120
51,4783
51,5170
51,7271
51,7953
51,8105
51,8414
51,9305
51,9457
51,9539
51,9657
51,10398
51,11400
51,11771
51,13337
51,13341
51,14947
51,16295
51,19936
51,24131
51,24748
51,26861
51,27616
51,29453
52,69
52,86
52,369
52,378
52,576
52,852
52,1667
52,1688
52,1785
52,1872
52,2371
52,2568
52,2743
52,3261
52,3369
52,3732
52,4612
52,5458
52,5939
52,6542
52,6606
52,6651
52,6987
52,7197
52,8325
52,8430
52,9216
52,10962
52,11292
52,12661
52,13691
52,13708
52,14377
52,15654
52,15802
52,16329
52,18721
52,19652
52,20400
52,20404
52,20774
52,21236
52,22284
52,22435
52,23806
52,24088
52,24867
52,25139
52,25765
52,27108
52,27537
52,27742
52,28983
53,112
53,128
53,148
53,179
53,258
53,299
53,339
53,341
53,403
53,445
53,518
53,554
53,582
53,742
53,756
53,812
53,980
53,1011
53,1015
53,1040
53,1047
53,1082
53,1257
53,1514
53,1596
53,1646
53,1831
53,2214
53,2363
53,2545
53,2582
53,2642
53,2747
53,2880
53,2911
53,2928
53,3321
53,3330
53,3417
53,3486
53,3495
53,3575
53,3685
53,3697
53,3823
53,3976
53,4013
53,4188
53,4350
53,4458
53,4503
53,4519
53,4835
53,5739
53,5990
53,6699
53,7134
53,7147
53,7245
53,7334
53,7688
53,7739
53,7787
53,7848
53,8903
53,10305
53,10389
53,10436
53,10739
53,10971
53,11002
53,11498
53,11709
53,11874
53,11881
53,12023
53,12043
53,12058
53,12179
53,12193
53,12229
53,12236
53,12439
53,12824
53,13234
53,13989
53,14177
53,14974
53,15333
53,16259
53,16578
53,16639
53,16847
53,16938
53,17107
53,17915
53,17918
53,18301
53,18502
53,18780
53,19129
53,19868
53,20191
53,21227
53,21287
53,22331
53,22512
53,22950
53,22954
53,23041
53,23155
53,24278
53,24733
53,24752
53,24784
53,24966
53,25131
53,25870
53,26356
53,26695
53,27034
53,27455
53,27666
53,28143
53,28846
53,29382
53,29428
53,29547
53,29574
53,29630
53,29943
54,169
54,276
54,310
54,588
54,667
54,1305
54,1710
54,1795
54,4385
54,4736
54,6681
54,6814
54,7165
54,7417
54,7873
54,9520
54,10133
54,11497
54,14286
54,15403
54,17283
54,17532
54,17947
54,18292
54,18693
54,19158
54,22313
54,22336
54,22645
54,22861
54,23443
54,25594
54,26260
54,29467
54,29746
55,78
55,111
55,160
55,161
55,276
55,296
55,876
55,879
55,1003
55,1230
55,1649
55,1942
55,1957
55,2288
55,2772
55,2838
55,2846
55,2957
55,4387
55,4489
55,4509
55,4928
55,5562
55,5705
55,5733
55,7189
55,7992
55,9001
55,11039
55,11375
55,13286
55,13807
55,13896
55,13900
55,14137
55,14186
55,14258
55,15705
55,17335
55,18289
55,18440
55,18837
55,19259
55,20215
55,20831
55,22621
55,22829
55,23321
55,25883
55,26794
55,29000
56,62
56,117
56,161
56,164
56,192
56,212
56,215
56,290
56,307
56,337
56,470
56,484
56,485
56,624
56,643
56,670
56,733
56,780
56,979
56,1005
56,1093
56,1120
56,1134
56,1164
56,1276
56,1383
56,1409
56,1538
56,1721
56,1790
56,2124
56,2126
56,2191
56,2750
56,2789
56,2907
56,3736
56,4017
56,4439
56,4726
56,4903
56,4971
56,4977
56,5583
56,5696
56,5719
56,5950
56,6859
56,7030
56,7422
56,7717
56,7933
56,8507
56,8573
56,8820
56,8900
56,9030
56,9073
56,9284
56,9610
56,9662
56,9804
56,9909
56,9999
56,10166
56,10603
56,10616
56,11768
56,11837
56,12730
56,13264
56,13764
56,13780
56,14271
56,14546
56,15522
56,15628
56,16021
56,16273
56,16363
56,16463
56,17150
56,18161
56,18366
56,18554
56,18604
56,18890
56,19195
56,19568
56,20000
56,20297
56,20351
56,20635
56,21227
56,21399
56,21562
56,21821
56,22365
56,22781
56,23059
56,23559
56,24017
56,25394
56,25846
56,26557
56,26793
56,27155
56,28329
56,28668
57,99
57,118
57,142
57,168
57,180
57,344
57,387
57,454
57,1356
57,1926
57,2181
57,3212
57,3630
57,3641
57,4221
57,4366
57,5555
57,6277
57,7195
57,7277
57,8653
57,9042
57,10668
57,10828
57,12370
57,14792
57,15558
57,15572
57,16382
57,16595
57,17589
57,21712
57,21989
57,22688
57,24145
57,27974
57,28630
57,29182
58,69
58,73
58,79
58,88
58,90
58,141
58,142
58,145
58,159
58,171
58,248
58,304
58,333
58,366
58,443
58,460
58,560
58,579
58,591
58,664
58,773
58,825
58,859
58,987
58,1056
58,1066
58,1154
58,1650
58,1717
58,1806
58,2050
58,2128
58,2146
58,2178
58,2186
58,2346
58,2595
58,2653
58,2716
58,2717
58,2816
58,2944
58,2974
58,3059
58,3445
58,3951
58,4081
58,4089
58,4179
58,4577
58,4906
58,5144
58,5192
58,5236
58,5417
58,5451
58,6007
58,6135
58,6608
58,7048
58,7056
58,7681
58,7804
58,7845
58,8581
58,8891
58,8924
58,9151
58,9541
58,10047
58,10205
58,10881
58,10960
58,11247
58,11590
58,11646
58,12239
58,12392
58,13565
58,14069
58,14976
58,15747
58,16137
58,16650
58,16837
58,17096
58,17755
58,18169
58,18219
58,18842
58,18891
58,18971
58,18993
58,19215
58,19674
58,19922
58,20164
58,20391
58,20428
58,20869
58,21063
58,21338
58,21896
58,22833
58,23007
58,23274
58,23845
58,24343
58,24448
58,24801
58,25105
58,26464
58,27117
58,27512
58,27531
58,27609
58,28150
58,28902
58,29375
58,29386
58,29611
58,29880
59,368
59,610
59,629
59,750
59,896
59,2763
59,2847
59,6764
59,7815
59,12173
59,12524
59,13838
59,13881
59,14639
59,18811
59,20278
59,24216
59,26697
60,100
60,126
60,218
60,221
60,278
60,306
60,315
60,320
60,323
60,336
60,383
60,425
60,436
60,504
60,505
60,568
60,593
60,698
60,733
60,746
60,951
60,1015
60,1188
60,1219
60,1342
60,1408
60,1581
60,1639
60,1753
60,2152
60,2184
60,2452
60,2458
60,2472
60,2518
60,2526
60,2638
60,2661
60,2721
60,2886
60,3058
60,3145
60,3316
60,3496
60,3564
60,3728
60,3927
60,4094
60,4354
60,4402
60,4586
60,4589
60,4732
60,4813
60,4892
60,4896
60,5167
60,5341
60,5393
60,5509
60,5692
60,6214
60,6322
60,6441
60,6494
60,6527
60,7261
60,7279
60,7349
60,7580
60,7600
60,7904
60,7927
60,8115
60,8133
60,8766
60,8835
60,9433
60,9485
60,9537
60,9608
60,9741
60,10015
60,10064
60,10161
60,10187
60,10312
60,11089
60,11601
60,11697
60,11817
60,11911
60,12295
60,12362
60,12485
60,12513
60,12863
60,12910
60,12919
60,13114
60,13384
60,13714
60,13726
60,13859
60,13980
60,14549
60,14772
60,15127
60,15130
60,15541
60,15542
60,16480
60,17116
60,17276
60,18167
60,18443
60,18956
60,19298
60,19991
60,21003
60,21914
60,22231
60,22597
60,23167
60,23296
60,23451
60,24182
60,24298
60,24477
60,25023
60,25037
60,25189
60,26652
60,27138
60,27268
60,28440
60,28651
60,28730
60,28989
60,29019
60,29085
60,29287
61,80
61,95
61,170
61,198
61,208
61,400
61,427
61,505
61,541
61,764
61,855
61,1065
61,1212
61,1249
61,1366
61,2322
61,2457
61,2494
61,3320
61,3392
61,3476
61,3728
61,3799
61,4335
61,4417
61,4943
61,5084
61,5380
61,6339
61,6827
61,6840
61,6913
61,7516
61,7896
61,8886
61,9777
61,9848
61,10061
61,10385
61,10641
61,10693
61,11888
61,12479
61,13054
61,13128
61,13581
61,13716
61,14038
61,14216
61,14228
61,15704
61,15783
61,16158
61,16161
61,16372
61,16749
61,16858
61,17668
61,18000
61,18682
61,19861
61,20498
61,20914
61,21096
61,21958
61,22030
61,23150
61,24584
61,24871
61,24903
61,26059
61,26859
61,27244
61,27867
61,28273
62,84
62,87
62,101
62,188
62,212
62,283
62,305
62,495
62,706
62,1158
62,1191
62,1234
62,1489
62,1712
62,1878
62,2007
62,2342
62,2376
62,3282
62,3517
62,3669
62,3826
62,4043
62,4207
62,4363
62,4734
62,4751
62,4807
62,4973
62,5243
62,5415
62,6019
62,6831
62,6875
62,7321
62,7700
62,8254
62,8340
62,8538
62,8814
62,9103
62,9267
62,10537
62,11581
62,12123
62,12541
62,13704
62,14727
62,15028
62,15951
62,16050
62,16415
62,16906
62,17081
62,17460
62,18169
62,18505
62,18904
62,19365
62,22044
62,22670
62,23849
62,24084
62,24977
62,26037
62,28582
62,29491
63,76
63,188
63,242
63,269
63,431
63,578
63,656
63,1250
63,2000
63,2354
63,3993
63,4763
63,5909
63,6988
63,8305
63,8531
63,10317
63,11020
63,13040
63,14231
63,15097
63,16083
63,21163
63,22683
63,27631
64,376
64,684
64,766
64,769
64,773
64,1328
64,1347
64,1409
64,1773
64,1774
64,1814
64,1835
64,2361
64,2432
64,2452
64,2488
64,3847
64,3982
64,4049
64,5855
64,5997
64,7249
64,7928
64,8294
64,9225
64,9276
64,10152
64,10247
64,12156
64,12268
64,12428
64,12742
64,13579
64,13642
64,13740
64,14825
64,15552
64,16992
64,17638
64,18117
64,18350
64,18635
64,18644
64,19583
64,19799
64,19808
64,20770
64,21171
64,21763
64,23297
64,24111
64,25159
64,25342
64,25524
64,25685
64,25831
64,29702
65,140
65,233
65,256
65,261
65,286
65,305
65,347
65,562
65,574
65,702
65,1302
65,1512
65,1617
65,1889
65,2092
65,2315
65,2570
65,2953
65,3048
65,3226
65,4359
65,4562
65,4674
65,5188
65,5493
65,5736
65,7090
65,7436
65,7637
65,7826
65,7860
65,7941
65,8228
65,8285
65,8783
65,9482
65,10224
65,10240
65,11204
65,11325
65,11859
65,11952
65,12315
65,12464
65,13173
65,14211
65,15153
65,16261
65,17219
65,17291
65,18181
65,18310
65,18317
65,18497
65,18878
65,19063
65,19070
65,19535
65,19571
65,19983
65,20074
65,20471
65,21264
65,21369
65,21822
65,21986
65,22027
65,22728
65,23290
65,24670
65,25619
65,25740
65,26812
65,26960
65,27061
65,27084
65,27101
65,28634
65,28728
65,29666
66,165
66,181
66,254
66,319
66,324
66,363
66,369
66,404
66,551
66,635
66,790
66,1117
66,1240
66,1247
66,1362
66,1445
66,1448
66,1653
66,1755
66,1771
66,1962
66,2035
66,2252
66,2681
66,2967
66,3018
66,3085
66,3389
66,3449
66,3662
66,3996
66,4035
66,4389
66,4760
66,5089
66,5177
66,5229
66,5291
66,5299
66,5645
66,6504
66,7011
66,7784
66,7910
66,8520
66,8554
66,8693
66,8767
66,9008
66,9067
66,9417
66,9596
66,9724
66,9866
66,10111
66,10274
66,10543
66,10915
66,11328
66,11360
66,12021
66,13344
66,13599
66,13785
66,14491
66,15009
66,15706
66,16047
66,16669
66,16732
66,16777
66,16931
66,17910
66,19155
66,19668
66,20013
66,22118
66,22294
66,24239
66,24821
66,25595
66,25626
66,25629
66,25713
66,25798
66,26173
66,26388
66,26463
66,27083
66,27214
66,27326
66,28560
66,28868
66,29676
66,29975
67,94
67,97
67,119
67,147
67,206
67,220
67,300
67,309
67,337
67,395
67,421
67,449
67,525
67,557
67,978
67,1047
67,1338
67,1442
67,1524
67,1641
67,1758
67,1814
67,1906
67,2184
67,3180
67,3292
67,3387
67,3442
67,3654
67,3752
67,3892
67,4529
67,5183
67,5708
67,6049
67,6244
67,7494
67,7512
67,8847
67,9270
67,10346
67,10614
67,10771
67,10888
67,13359
67,14308
67,15254
67,15318
67,15990
67,16135
67,17423
67,20692
67,21292
67,22121
67,22505
67,23344
67,24870
67,25252
67,25334
67,25590
67,25817
67,25868
67,29595
67,29650
68,74
68,92
68,96
68,116
68,140
68,222
68,260
68,467
68,478
68,673
68,796
68,840
68,925
68,1175
68,1773
68,2271
68,2298
68,2462
68,2466
68,2507
68,2510
68,2724
68,2774
68,2966
68,3046
68,3063
68,3166
68,3406
68,3559
68,3681
68,3782
68,4450
68,4934
68,5135
68,5282
68,5608
68,5610
68,5621
68,5991
68,5993
68,6014
68,6216
68,6452
68,6619
68,6700
68,6775
68,7149
68,7336
68,7606
68,7639
68,7665
68,7819
68,8165
68,8369
68,8378
68,8453
68,9978
68,10160
68,10299
68,10302
68,10479
68,10859
68,11077
68,11280
68,11723
68,12299
68,12600
68,12691
68,12948
68,13189
68,13826
68,13855
68,14275
68,14629
68,14663
68,15080
68,15434
68,15872
68,16297
68,17058
68,17485
68,18062
68,18269
68,18327
68,19148
68,20105
68,21068
68,21355
68,21564
68,21633
68,21938
68,21983
68,23486
68,23492
68,23791
68,24386
68,26022
68,26513
69,124
69,757
69,785
69,1599
69,1703
69,2109
69,2626
69,3013
69,3208
69,3297
69,3816
69,4591
69,5579
69,6372
69,6678
69,7352
69,9266
69,11245
69,11346
69,11821
69,12798
69,12980
69,13111
69,14521
69,15260
69,16400
69,16782
69,18228
69,18425
69,18721
69,18854
69,19904
69,20540
69,20642
69,21857
69,23188
69,24110
69,25144
69,26834
69,27753
69,29434
70,73
70,88
70,102
70,120
70,135
70,181
70,193
70,210
70,220
70,254
70,257
70,311
70,324
70,382
70,416
70,457
70,492
70,630
70,674
70,697
70,832
70,850
70,871
70,935
70,1227
70,1231
70,1247
70,1310
70,1362
70,1374
70,1381
70,1563
70,1581
70,1596
70,1632
70,1655
70,1723
70,1832
70,1885
70,1912
70,1949
70,1957
70,1968
70,2082
70,2086
70,2188
70,2190
70,2267
70,2392
70,2396
70,2499
70,2505
70,2536
70,2560
70,2579
70,2738
70,2788
70,2802
70,2811
70,2943
70,2960
70,2995
70,3002
70,3110
70,3152
70,3372
70,3422
70,3650
70,3713
70,3879
70,4021
70,4248
70,4441
70,4500
70,4567
70,4584
70,4652
70,4674
70,4823
70,4846
70,4858
70,4884
70,4974
70,4996
70,5140
70,5395
70,5470
70,5515
70,5559
70,5625
70,5633
70,5785
70,5819
70,6045
70,6098
70,6491
70,6598
70,6978
70,7181
70,7469
70,7935
70,8198
70,8426
70,8498
70,8756
70,8919
70,8999
70,9055
70,9289
70,9749
70,9926
70,10068
70,10155
70,10344
70,10725
70,10813
70,10870
70,10959
70,11974
70,12096
70,12225
70,12474
70,12557
70,12584
70,12841
70,13053
70,13101
70,13385
70,13813
70,14047
70,14083
70,14751
70,14986
70,15204
70,15618
70,15700
70,15782
70,15850
70,16332
70,16427
70,16700
70,17569
70,17708
70,17731
70,18043
70,18784
70,18853
70,18908
70,19262
70,19386
70,19577
70,19613
70,19647
70,19842
70,19968
70,20129
70,20327
70,20814
70,20859
70,20971
70,21427
70,21522
70,21793
70,21873
70,21947
70,21990
70,21991
70,22560
70,22697
70,22711
70,22838
70,22938
70,23339
70,23519
70,23568
70,23848
70,24039
70,24417
70,24461
70,25132
70,25314
70,25403
70,25584
70,25686
70,26315
70,26365
70,26472
70,26749
70,27018
70,27072
70,27122
70,27712
70,27756
70,27775
70,27980
70,28082
70,29230
70,29540
71,206
71,339
71,363
71,381
71,391
71,397
71,499
71,1666
71,2262
71,2472
71,2702
71,2877
71,3311
71,3609
71,5398
71,6119
71,6885
71,8534
71,9230
71,11089
71,11747
71,13864
71,14578
71,15954
71,16026
71,16233
71,18759
71,19327
71,19816
71,22779
71,23831
71,24318
71,25489
71,26430
71,27191
71,27208
71,29314
72,194
72,225
72,399
72,510
72,581
72,806
72,839
72,943
72,1229
72,1271
72,1326
72,1509
72,2033
72,2148
72,2265
72,2300
72,2365
72,2744
72,2763
72,3131
72,3374
72,3492
72,4178
72,4564
72,4609
72,4745
72,5172
72,5231
72,5342
72,6157
72,6693
72,6953
72,7100
72,7397
72,7455
72,7655
72,7714
72,7832
72,8313
72,8900
72,9604
72,10726
72,11013
72,11225
72,11463
72,12429
72,12738
72,13156
72,13495
72,13566
72,13685
72,15102
72,15235
72,16450
72,16749
72,17871
72,17939
72,18376
72,18853
72,19963
72,20688
72,22493
72,23956
72,23958
72,24406
72,25076
72,25652
72,26072
72,28524
72,29270
72,29666
73,147
73,155
73,186
73,222
73,352
73,413
73,428
73,468
73,506
73,565
73,567
73,598
73,641
73,682
73,778
73,804
73,835
73,866
73,1460
73,1463
73,1522
73,1668
73,1712
73,1781
73,2196
73,2225
73,2306
73,2902
73,3059
73,3476
73,4107
73,4436
73,5306
73,5435
73,5779
73,5998
73,6327
73,6538
73,6891
73,7121
73,7239
73,8358
73,8924
73,8984
73,9609
73,9788
73,9862
73,10000
73,10129
73,10284
73,10371
73,11603
73,12755
73,13589
73,13957
73,14150
73,14375
73,14381
73,14552
73,15598
73,16293
73,16384
73,16655
73,16943
73,17195
73,17260
73,17289
73,17370
73,17385
73,17847
73,18754
73,18791
73,19038
73,19094
73,19379
73,20177
73,21275
73,21649
73,21659
73,22616
73,23654
73,23824
73,25312
73,25987
73,26362
73,26364
73,26539
73,26790
73,27376
73,27404
73,28126
73,28192
73,28572
74,213
74,1247
74,2023
74,2780
74,3739
74,5078
74,7328
74,10550
74,11469
74,11680
74,14473
74,15047
74,18801
74,21283
74,21624
74,24171
74,24569
74,28982
74,29678
75,82
75,129
75,190
75,200
75,229
75,230
75,247
75,266
75,386
75,430
75,435
75,551
75,640
75,652
75,690
75,703
75,1141
75,1223
75,1516
75,1769
75,1988
75,1998
75,2056
75,2393
75,2650
75,2697
75,2737
75,2982
75,3339
75,4191
75,5437
75,5508
75,5878
75,6282
75,6367
75,6614
75,6959
75,7234
75,7253
75,7562
75,8041
75,8137
75,8843
75,8864
75,8931
75,9656
75,10488
75,10522
75,10763
75,10853
75,10892
75,11283
75,11466
75,11599
75,11987
75,12532
75,13214
75,13766
75,14243
75,14502
75,14784
75,15287
75,15396
75,16583
75,16690
75,18147
75,18270
75,19495
75,19779
75,20681
75,22206
75,23399
75,23832
75,24009
75,24503
75,25401
75,25895
75,25922
75,27480
75,28447
75,29331
75,29350
76,327
76,339
76,1052
76,1057
76,2710
76,3831
76,4488
76,4549
76,5893
76,6490
76,7468
76,7713
76,7854
76,7898
76,9852
76,11731
76,11995
76,13297
76,13310
76,13978
76,15158
76,15248
76,16059
76,17951
76,20227
76,22182
76,23299
76,25663
77,156
77,194
77,710
77,1234
77,1916
77,2346
77,2583
77,3404
77,3570
77,4547
77,5381
77,6462
77,6701
77,8692
77,9131
77,10170
77,10423
77,11423
77,13632
77,16476
77,17567
77,18218
77,18817
77,22179
77,23799
77,24919
77,27073
77,27363
77,27771
77,28282
78,143
78,157
78,227
78,250
78,383
78,403
78,751
78,803
78,883
78,931
78,1068
78,1355
78,1459
78,1562
78,1574
78,1648
78,1710
78,1765
78,1916
78,2078
78,2372
78,2399
78,2419
78,2424
78,2960
78,3769
78,4050
78,4614
78,5700
78,5817
78,7112
78,7756
78,8054
78,8759
78,8840
78,8967
78,9140
78,9146
78,9325
78,9359
78,10086
78,10092
78,10184
78,10958
78,11981
78,12362
78,12596
78,12690
78,12985
78,14173
78,14783
78,14809
78,14871
78,15202
78,15494
78,15835
78,15947
78,15998
78,17225
78,17396
78,17558
78,17631
78,17726
78,17899
78,18450
78,18782
78,19074
78,20485
78,20837
78,21267
78,21793
78,22431
78,23593
78,23750
78,24413
78,25240
78,26201
78,26372
78,26799
78,28556
78,29060
79,94
79,136
79,207
79,294
79,327
79,374
79,519
79,525
79,590
79,657
79,698
79,719
79,844
79,903
79,986
79,1150
79,1309
79,1600
79,1615
79,1894
79,1974
79,2590
79,3286
79,3430
79,3597
79,3618
79,3621
79,3721
79,3943
79,4311
79,4351
79,4616
79,4676
79,5212
79,5224
79,5328
79,5367
79,5400
79,5576
79,5630
79,5761
79,6110
79,7023
79,7316
79,7331
79,7446
79,8058
79,8217
79,8326
79,8730
79,8853
79,9461
79,9649
79,9844
79,10035
79,10574
79,11349
79,12148
79,12294
79,12813
79,13543
79,13829
79,14085
79,14451
79,15090
79,16086
79,16309
79,16513
79,17916
79,18108
79,18138
79,18208
79,18710
79,19021
79,19536
79,19629
79,19798
79,19887
79,20194
79,22594
79,23142
79,23437
79,24083
79,24147
79,24582
79,25085
79,27332
79,28004
79,29346
79,29961
80,88
80,244
80,298
80,341
80,342
80,422
80,450
80,520
80,537
80,839
80,1165
80,1304
80,1384
80,1414
80,1845
80,1959
80,2029
80,2388
80,2470
80,2583
80,2684
80,3468
80,3561
80,3918
80,4186
80,4494
80,4496
80,4951
80,5111
80,5814
80,5927
80,6145
80,6367
80,6621
80,6971
80,7112
80,7509
80,7576
80,7786
80,7864
80,8095
80,8836
80,8983
80,9203
80,9207
80,9744
80,9757
80,10720
80,10730
80,10907
80,10954
80,11124
80,11178
80,11656
80,12515
80,12956
80,13861
80,14988
80,15127
80,15129
80,16425
80,16540
80,16628
80,16822
80,17127
80,17747
80,17757
80,17838
80,17957
80,18025
80,18435
80,18758
80,19575
80,20060
80,20305
80,20331
80,20363
80,20738
80,21646
80,22620
80,24429
80,24728
80,25320
80,25535
80,25604
80,26557
80,26991
80,27150
80,27640
80,27667
80,28010
80,28440
80,28727
81,466
81,550
81,622
81,720
81,1072
81,1404
81,2475
81,2644
81,4140
81,5780
81,9568
81,9754
81,13308
81,13435
81,13441
81,13566
81,15976
81,16424
81,16659
81,16888
81,16914
81,18107
81,18154
81,18264
81,20917
81,22615
81,25352
81,28938
81,29934
82,83
82,156
82,237
82,249
82,386
82,389
82,405
82,666
82,975
82,1370
82,1432
82,1530
82,1589
82,1874
82,1894
82,1983
82,2030
82,2601
82,3021
82,3283
82,3365
82,3424
82,3601
82,3679
82,3995
82,4056
82,4067
82,4078
82,4244
82,4394
82,4751
82,5624
82,6042
82,6560
82,6996
82,7091
82,7215
82,8089
82,8584
82,8823
82,8937
82,9225
82,10188
82,10288
82,10302
82,10550
82,11337
82,11404
82,11516
82,11827
82,11889
82,12796
82,13332
82,14430
82,14633
82,14696
82,15024
82,17780
82,18252
82,19457
82,19529
82,19600
82,19955
82,20748
82,21430
82,21534
82,21838
82,23529
82,24453
82,25176
82,25668
82,26497
82,26512
82,26620
82,28723
82,29009
82,29911
83,158
83,179
83,187
83,223
83,239
83,240
83,294
83,326
83,365
83,384
83,406
83,505
83,635
83,649
83,655
83,667
83,730
83,787
83,1029
83,1048
83,1261
83,1301
83,1381
83,1406
83,1787
83,1922
83,1946
83,1988
83,2091
83,2116
83,2172
83,2399
83,2401
83,2505
83,2674
83,2727
83,2836
83,2858
83,2881
83,3045
83,3135
83,3148
83,3196
83,3510
83,3696
83,4579
83,4714
83,4838
83,4860
83,4874
83,4949
83,5143
83,5278
83,5286
83,5377
83,5513
83,5579
83,5724
83,6122
83,6839
83,7211
83,7338
83,7348
83,7399
83,7483
83,7600
83,7678
83,7733
83,7818
83,8023
83,9368
83,9651
83,10514
83,10703
83,10728
83,10875
83,11036
83,11102
83,11890
83,11960
83,12151
83,12248
83,12428
83,12685
83,13971
83,14081
83,14333
83,14574
83,14755
83,14791
83,14829
83,15142
83,15171
83,15533
83,15614
83,15617
83,15776
83,15979
83,16950
83,16951
83,17163
83,17412
83,17720
83,17889
83,18315
83,18667
83,18780
83,19674
83,19948
83,19969
83,21156
83,21243
83,22712
83,22911
83,23905
83,24000
83,24158
83,24601
83,25980
83,26187
83,26302
83,26619
83,27566
83,27571
83,28050
83,28849
83,29524
84,13933
84,15618
84,15750
84,18399
84,19732
84,23922
84,26715
85,776
85,1631
85,1711
85,2870
85,2925
85,4139
85,4490
85,4556
85,7531
85,10770
85,11241
85,11961
85,12906
85,13034
85,17707
85,18166
85,18339
85,21065
85,21790
85,22956
85,28370
85,28682
85,28832
85,29448
86,246
86,484
86,862
86,929
86,976
86,1161
86,1190
86,1238
86,1296
86,1499
86,1792
86,1868
86,2483
86,2603
86,2737
86,3389
86,3556
86,3589
86,3605
86,4084
86,4214
86,4375
86,4506
86,5125
86,5126
86,5466
86,5665
86,5801
86,6097
86,6575
86,7130
86,7442
86,7593
86,7824
86,7907
86,8292
86,8506
86,8699
86,9007
86,9163
86,9435
86,10066
86,10079
86,10556
86,10965
86,11427
86,13794
86,14122
86,14598
86,14975
86,15136
86,15553
86,16041
86,16941
86,17082
86,18160
86,18501
86,18620
86,18728
86,19169
86,19905
86,20165
86,21429
86,21455
86,21919
86,22151
86,22332
86,23075
86,23456
86,24227
86,24283
86,24741
86,26916
86,26968
86,27141
86,27149
86,27671
86,29488
86,29637
87,118
87,152
87,195
87,251
87,291
87,469
87,692
87,713
87,1772
87,1807
87,2154
87,2442
87,2550
87,2875
87,2996
87,3207
87,3423
87,3428
87,3480
87,3520
87,4090
87,4184
87,4210
87,5993
87,6444
87,6546
87,6852
87,6894
87,7890
87,9128
87,10330
87,10621
87,10993
87,12135
87,12974
87,15324
87,15344
87,15349
87,15884
87,15897
87,16740
87,17027
87,19277
87,20496
87,22054
87,22909
87,23046
87,24861
87,26908
87,28123
87,28841
88,112
88,220
88,387
88,1898
88,2319
88,2693
88,2976
88,3225
88,4306
88,4390
88,4772
88,4816
88,4899
88,5757
88,7309
88,7804
88,12718
88,12736
88,13275
88,14645
88,15020
88,21423
88,22643
88,25300
88,25449
88,27472
89,465
89,4202
89,12242
90,147
90,281
90,325
90,777
90,1256
90,1558
90,1601
90,1967
90,2413
90,3758
90,3990
90,4428
90,5140
90,5532
90,5920
90,5932
90,7273
90,9483
90,15119
90,15143
90,15892
90,17191
90,21122
90,25159
90,26760
90,27931
91,207
91,278
91,353
91,360
91,753
91,792
91,1092
91,1289
91,2020
91,2646
91,2688
91,2804
91,3641
91,4005
91,4112
91,4148
91,4364
91,4468
91,5079
91,5580
91,6087
91,7575
91,8010
91,8365
91,9117
91,10650
91,10765
91,11635
91,11881
91,13354
91,13478
91,13858
91,14308
91,14571
91,15873
91,15931
91,17322
91,17955
91,19530
91,20872
91,21507
91,22202
91,22267
91,22720
91,25773
91,27121
91,27281
91,27430
91,27785
91,29229
91,29767
91,29812
92,978
92,1357
92,1834
92,2382
92,2834
92,3554
92,3616
92,3830
92,4039
92,4343
92,5822
92,6461
92,7411
92,10483
92,14413
92,16306
92,17678
92,18064
92,18930
92,19574
92,19701
92,20815
92,25714
92,28754
92,28920
93,221
93,329
93,381
93,659
93,963
93,967
93,1128
93,1237
93,1517
93,3023
93,3185
93,3420
93,3678
93,4302
93,4929
93,6201
93,6810
93,8234
93,8759
93,8874
93,11932
93,12170
93,12707
93,13028
93,17493
93,17581
93,17646
93,18043
93,20149
93,23738
93,24720
93,25117
93,28367
94,114
94,181
94,328
94,347
94,422
94,560
94,779
94,909
94,1033
94,1069
94,1155
94,1612
94,1880
94,2275
94,2410
94,2719
94,2808
94,2884
94,2917
94,3768
94,3994
94,4039
94,4066
94,4318
94,4591
94,4821
94,5578
94,5627
94,6013
94,6247
94,6266
94,6320
94,6386
94,6406
94,6421
94,6825
94,8587
94,8846
94,8985
94,10509
94,11134
94,11266
94,11412
94,11452
94,12003
94,12456
94,12899
94,12934
94,13427
94,13487
94,14282
94,14408
94,14643
94,14656
94,14916
94,15197
94,15588
94,15815
94,16693
94,16738
94,17364
94,17668
94,17735
94,18002
94,20301
94,21102
94,21117
94,21498
94,21760
94,21943
94,22285
94,22887
94,23196
94,23622
94,23653
94,25141
94,25220
94,26127
94,26569
94,27812
94,28197
94,28303
94,28352
94,28509
95,288
95,573
95,1087
95,1239
95,1739
95,1800
95,1935
95,2214
95,3128
95,3413
95,4407
95,9255
95,9582
95,11721
95,13246
95,17483
95,18001
95,18637
95,18981
95,20581
95,22020
95,26716
96,113
96,1270
96,7838
96,8162
96,20036
96,28891
97,225
97,267
97,1031
97,1201
97,1342
97,2035
97,2149
97,2472
97,3461
97,4734
97,4832
97,5487
97,8267
97,8663
97,8905
97,9363
97,9988
97,10071
97,10155
97,11079
97,11548
97,11913
97,14531
97,15033
97,15738
97,16373
97,17560
97,17622
97,19003
97,19058
97,19901
97,20276
97,20464
97,21375
97,22481
97,26470
97,26627
97,26829
97,26965
97,28623
98,207
98,418
98,445
98,526
98,529
98,755
98,4672
98,6365
98,8898
98,10251
98,14955
98,15151
98,17584
98,19254
98,21388
98,21891
98,23617
98,28948
99,408
99,528
99,670
99,916
99,1376
99,1590
99,1756
99,2473
99,3315
99,3434
99,3552
99,3679
99,4750
99,5058
99,5397
99,6833
99,7369
99,9101
99,9811
99,10108
99,10467
99,10620
99,10910
99,11224
99,17206
99,17714
99,19389
99,19800
99,20095
99,20652
99,21300
99,22063
99,22586
99,23364
99,24530
99,24690
99,25997
99,27403
99,27976
99,28055
99,28091
99,28868
100,109
100,218
100,277
100,314
100,471
100,1130
100,1169
100,1543
100,1787
100,2356
100,2445
100,2537
100,2620
100,3535
100,5767
100,5797
100,8088
100,8595
100,9623
100,9816
100,10423
100,16349
100,16945
100,18109
100,18910
100,19383
100,22101
100,24208
100,24504
100,25242
101,176
101,212
101,234
101,235
101,300
101,575
101,665
101,889
101,1676
101,1901
101,2414
101,2646
101,2772
101,2857
101,3029
101,3347
101,3724
101,3841
101,4071
101,8391
101,8948
101,9203
101,9783
101,10312
101,10627
101,10920
101,10934
101,10950
101,14860
101,16520
101,17128
101,17379
101,17643
101,18007
101,19096
101,19311
101,20013
101,20181
101,20420
101,20440
101,22762
101,24754
101,25494
101,26962
101,27168
101,28281
101,28864
101,28875
101,29346
102,276
102,358
102,754
102,755
102,2759
102,8701
102,10843
102,10955
102,12967
102,13730
102,13881
102,13973
102,14648
102,15892
102,19623
102,20545
102,28784
103,106
103,133
103,278
103,295
103,373
103,393
103,409
103,545
103,700
103,711
103,747
103,806
103,866
103,896
103,1000
103,1079
103,1102
103,1208
103,1311
103,1490
103,1677
103,1840
103,2107
103,2244
103,2257
103,2389
103,2496
103,2632
103,2852
103,3120
103,3182
103,3578
103,3596
103,3956
103,4220
103,4377
103,4844
103,5050
103,5080
103,5117
103,5329
103,5417
103,5811
103,6034
103,6308
103,6705
103,6915
103,7032
103,7298
103,7681
103,8265
103,8373
103,8453
103,8684
103,8803
103,9017
103,9085
103,9123
103,9832
103,12290
103,12418
103,12683
103,13022
103,13076
103,13550
103,13680
103,13688
103,14218
103,14518
103,14523
103,14639
103,16525
103,16625
103,16639
103,18014
103,19006
103,19760
103,20976
103,21020
103,21558
103,21667
103,22454
103,22817
103,23250
103,23303
103,23672
103,23757
103,24045
103,25710
103,26374
103,26444
103,26813
103,27238
103,28521
103,28827
103,28904
103,29713
104,208
104,785
104,1201
104,1207
104,2241
104,2515
104,2738
104,3095
104,3574
104,3973
104,5527
104,5777
104,6637
104,7635
104,7903
104,8890
104,9853
104,13424
104,18662
104,19170
104,25307
104,25553
104,27411
104,29278
105,126
105,197
105,457
105,514
105,564
105,1064
105,1147
105,1167
105,1216
105,1294
105,1950
105,2402
105,2414
105,4207
105,4411
105,4718
105,5012
105,5210
105,9704
105,13162
105,14097
105,14217
105,17180
105,17918
105,19823
105,20354
105,21185
105,21195
105,21432
105,21981
105,22066
105,23818
105,24375
105,25300
105,27841
105,28395
105,28452
105,29181
105,29395
105,29486
105,29995
106,110
106,143
106,375
106,1285
106,2067
106,2247
106,2372
106,2522
106,2789
106,3314
106,4331
106,7030
106,9138
106,11454
106,11722
106,15191
106,15278
106,16136
106,17545
106,25834
106,28572
106,29032
106,29916
107,114
107,264
107,364
107,678
107,714
107,718
107,884
107,1213
107,1653
107,1896
107,2386
107,2627
107,3049
107,3073
107,3223
107,4064
107,4285
107,4297
107,4728
107,4870
107,4901
107,6132
107,7613
107,8441
107,9560
107,10321
107,10539
107,11554
107,12070
107,12169
107,13159
107,13219
107,13521
107,13540
107,13634
107,14419
107,14811
107,14953
107,15908
107,16224
107,16862
107,17078
107,17260
107,17273
107,18454
107,19612
107,20038
107,20098
107,20499
107,21512
107,21762
107,21884
107,24163
107,24195
108,154
108,159
108,167
108,279
108,289
108,346
108,347
108,378
108,401
108,475
108,501
108,509
108,543
108,611
108,670
108,721
108,803
108,830
108,942
108,1044
108,1077
108,1118
108,1311
108,1324
108,1369
108,1661
108,1818
108,1864
108,1875
108,2009
108,2156
108,2171
108,2535
108,2696
108,2710
108,3074
108,3126
108,3207
108,3297
108,3459
108,3581
108,3741
108,3827
108,4134
108,4786
108,4888
108,4919
108,5162
108,5183
108,5203
108,5427
108,5578
108,5664
108,5845
108,7068
108,7416
108,8644
108,8874
108,8904
108,10147
108,12076
108,12952
108,12965
108,13202
108,13548
108,14443
108,14681
108,15825
108,16401
108,16664
108,17399
108,17470
108,17604
108,20009
108,20309
108,20427
108,21101
108,21648
108,21693
108,23223
108,24415
108,25166
108,25984
108,26179
108,26822
108,27240
108,27771
108,28379
108,29832
109,281
109,371
109,397
109,681
109,1009
109,3497
109,4912
109,5032
109,6738
109,7089
109,8452
109,8458
109,13141
109,13353
109,14668
109,16009
109,20061
109,21540
109,23430
109,26228
109,29450
110,205
110,940
110,1218
110,1469
110,1669
110,2418
110,3102
110,3308
110,3868
110,4376
110,4876
110,5128
110,5553
110,6138
110,8270
110,8624
110,8713
110,8970
110,9114
110,10305
110,12773
110,13183
110,13270
110,14032
110,18155
110,18710
110,19597
110,19617
110,19703
110,21240
110,21732
110,22932
110,23586
110,25322
110,26294
111,356
111,380
111,613
111,1447
111,5149
111,14767
111,28166
111,29440
112,233
112,256
112,740
112,928
112,1472
112,2181
112,2356
112,2550
112,2671
112,3168
112,3333
112,3450
112,4084
112,4252
112,5568
112,5765
112,6051
112,6125
112,6954
112,7231
112,8614
112,8758
112,9763
112,9998
112,11253
112,11856
112,12747
112,13041
112,13830
112,16529
112,16956
112,17234
112,18745
112,18900
112,19045
112,19186
112,20817
112,21862
112,22636
112,23292
112,23438
112,23570
112,23599
112,26948
112,27476
112,29296
113,175
113,178
113,215
113,250
113,395
113,558
113,843
113,956
113,987
113,1062
113,1456
113,1473
113,1803
113,1824
113,1833
113,1902
113,2243
113,2449
113,2454
113,2695
113,2898
113,3336
113,3529
113,3965
113,4375
113,4599
113,4751
113,6612
113,7098
113,7122
113,8535
113,8655
113,9755
113,10072
113,12328
113,12415
113,13136
113,13173
113,13417
113,13521
113,14739
113,17529
113,17593
113,18285
113,18491
113,19771
113,19791
113,20049
113,20636
113,21859
113,22391
113,23269
113,23523
113,24173
113,26050
113,26196
114,388
114,641
114,723
114,1467
114,2889
114,7866
114,8046
114,8413
114,8485
114,9342
114,11547
114,11817
114,14521
114,14938
114,22967
114,26482
114,27047
115,530
115,618
115,1465
115,1466
115,2990
115,3218
115,3992
115,4717
115,5148
115,5512
115,5930
115,7232
115,7406
115,7880
115,10420
115,10545
115,19816
115,20153
115,21505
115,28769
116,348
116,619
116,699
116,993
116,3325
116,3567
116,3935
116,4477
116,5060
116,7920
116,10418
116,10642
116,11084
116,12266
116,12757
116,12780
116,14959
116,15432
116,15863
116,16599
116,19549
116,21649
116,22162
116,22809
116,26451
116,28601
117,125
117,189
117,1203
117,1719
117,1830
117,2063
117,2139
117,2699
117,2927
117,3836
117,4939
117,5546
117,5999
117,6392
117,7344
117,7541
117,7973
117,8618
117,9038
117,9726
117,10628
117,11719
117,11798
117,12964
117,14997
117,15774
117,15824
117,18052
117,18078
117,18682
117,22653
117,22706
117,23482
117,24684
117,24990
117,25085
117,25301
117,25947
117,29294
117,29859
118,165
118,350
118,898
118,1286
118,2091
118,3270
118,3279
118,3382
118,4198
118,4911
118,5122
118,5333
118,5924
118,6163
118,6837
118,7322
118,8168
118,8637
118,9258
118,9571
118,10377
118,10513
118,12477
118,12766
118,13616
118,14569
118,17749
118,18028
118,20059
118,20122
118,20471
118,21460
118,25216
118,25953
118,26377
119,448
119,519
119,569
119,911
119,999
119,1013
119,1118
119,1119
119,1185
119,1195
119,1211
119,1348
119,1464
119,2259
119,2309
119,2327
119,2374
119,2551
119,2642
119,2818
119,2819
119,2947
119,3165
119,3793
119,4323
119,4543
119,4690
119,6722
119,6791
119,6964
119,6975
119,7574
119,8360
119,8602
119,8828
119,8979
119,9026
119,9261
119,9622
119,10237
119,10447
119,11619
119,11879
119,12155
119,12331
119,12650
119,12760
119,13106
119,14019
119,14771
119,15708
119,16045
119,16283
119,16757
119,19423
119,20456
119,23325
119,23525
119,23835
119,24142
119,24447
119,24563
119,24940
119,27083
119,27410
119,27702
119,28518
119,29075
119,29867
120,159
120,260
120,268
120,440
120,524
120,605
120,849
120,923
120,928
120,1047
120,1103
120,1204
120,1246
120,1509
120,1519
120,1537
120,1546
120,2085
120,2105
120,2422
120,2672
120,2848
120,3254
120,3782
120,3868
120,4201
120,4336
120,4859
120,4887
120,5338
120,5350
120,6362
120,6892
120,7186
120,7691
120,7795
120,7938
120,8032
120,10116
120,10210
120,10254
120,10314
120,10516
120,10713
120,10772
120,10877
120,12511
120,13690
120,13910
120,14092
120,14418
120,14914
120,16279
120,17107
120,17912
120,18435
120,18680
120,19174
120,19185
120,19361
120,21699
120,21770
120,21791
120,21861
120,22038
120,22577
120,23198
120,23774
120,23781
120,24172
120,24245
120,24593
120,25062
120,25377
120,25526
120,26180
120,26833
120,28437
120,29227
120,29322
121,238
121,604
121,618
121,1006
121,1073
121,1116
121,1625
121,1784
121,1809
121,1838
121,2097
121,2243
121,2628
121,4079
121,4421
121,4932
121,4953
121,7244
121,8969
121,9254
121,9723
121,9834
121,10031
121,10306
121,13571
121,15370
121,18160
121,18703
121,20834
121,22288
121,25455
121,26812
121,27001
121,27325
121,27468
121,29505
121,29688
121,29827
122,144
122,160
122,170
122,202
122,213
122,326
122,359
122,367
122,467
122,494
122,502
122,541
122,543
122,557
122,562
122,579
122,747
122,807
122,1133
122,1172
122,1321
122,1353
122,1369
122,1595
122,1644
122,1932
122,2061
122,2256
122,2271
122,2313
122,2339
122,2513
122,2524
122,2669
122,2793
122,3183
122,3253
122,3352
122,3624
122,3743
122,3773
122,3797
122,4031
122,4032
122,4630
122,4669
122,4791
122,4864
122,4869
122,4892
122,5403
122,5704
122,5829
122,5843
122,5881
122,6235
122,6293
122,6592
122,6650
122,7069
122,7074
122,7273
122,7289
122,7450
122,7479
122,7724
122,7946
122,8040
122,8413
122,8620
122,8986
122,9051
122,9060
122,9696
122,10232
122,10753
122,10793
122,11215
122,11272
122,11509
122,12307
122,13436
122,14068
122,14412
122,14434
122,14724
122,15504
122,16429
122,16433
122,16832
122,16925
122,16998
122,17253
122,17389
122,17563
122,18248
122,18290
122,18527
122,19117
122,19572
122,19586
122,20411
122,20587
122,20781
122,21482
122,22311
122,24210
122,25721
122,25774
122,26129
122,26180
122,26240
122,26325
122,26799
122,26936
122,27464
122,28880
122,28991
123,1550
123,1959
123,4239
123,4856
123,6372
123,6694
123,6746
123,7401
123,8164
123,9159
123,20784
123,21057
123,21468
123,22697
123,28912
124,205
124,377
124,467
124,504
124,589
124,656
124,964
124,1095
124,1101
124,1141
124,1184
124,1196
124,1253
124,1365
124,1443
124,1855
124,1951
124,2568
124,2758
124,3337
124,4311
124,5053
124,5478
124,5929
124,6315
124,6562
124,6597
124,6692
124,6952
124,7207
124,7813
124,9310
124,10406
124,10608
124,10630
124,11205
124,11810
124,12936
124,12951
124,13452
124,13585
124,14171
124,14364
124,16603
124,17295
124,17362
124,18291
124,18375
124,19505
124,21583
124,24448
124,24845
124,25770
124,26866
124,28248
124,29542
125,265
125,478
125,580
125,894
125,922
125,1061
125,1120
125,1842
125,2274
125,2359
125,2386
125,3019
125,3511
125,3723
125,4646
125,5145
125,5986
125,6263
125,6694
125,7752
125,8211
125,8284
125,8383
125,8594
125,8759
125,10335
125,10906
125,13207
125,14417
125,15271
125,15817
125,16252
125,16602
125,17340
125,18035
125,18532
125,18796
125,19723
125,22506
125,23675
125,24982
125,26077
125,27510
125,27727
125,29002
125,29425
126,164
126,222
126,250
126,280
126,293
126,324
126,432
126,450
126,805
126,806
126,818
126,882
126,939
126,1027
126,1122
126,1228
126,1496
126,1597
126,1867
126,1934
126,2002
126,2192
126,2217
126,2463
126,2486
126,2543
126,2751
126,3087
126,3122
126,3224
126,3368
126,3415
126,3433
126,4031
126,4061
126,4127
126,4154
126,4173
126,4197
126,4413
126,4469
126,4501
126,4568
126,4632
126,4647
126,4964
126,5105
126,5117
126,5155
126,5915
126,6097
126,6270
126,6402
126,6568
126,7099
126,8482
126,8557
126,8946
126,9611
126,9632
126,9662
126,10429
126,10916
126,11026
126,11161
126,11761
126,12402
126,13141
126,15195
126,15215
126,15770
126,15807
126,16031
126,16137
126,16169
126,16743
126,17104
126,17483
126,17766
126,18260
126,18393
126,18723
126,18754
126,19306
126,20025
126,20786
126,20944
126,21049
126,22011
126,22026
126,22556
126,23345
126,23412
126,23503
126,25128
126,25202
126,25587
126,27357
126,28240
126,29689
126,29759
126,29978
127,230
127,1084
127,1582
127,1987
127,2572
127,2616
127,5740
127,5783
127,5797
127,5985
127,7073
127,7968
127,9658
127,10907
127,12651
127,17012
127,19480
127,20006
127,21801
127,24992
127,26642
128,583
128,1252
128,2901
128,6392
128,13369
128,16284
128,16845
128,18371
128,19788
128,21032
128,21357
128,25710
129,198
129,272
129,310
129,331
129,357
129,420
129,532
129,720
129,796
129,970
129,1087
129,1252
129,1398
129,1583
129,1629
129,1903
129,2343
129,2350
129,2407
129,2473
129,2574
129,2792
129,2824
129,3700
129,3757
129,3919
129,3986
129,4019
129,4056
129,4362
129,4378
129,4666
129,4743
129,5387
129,5889
129,6115
129,6203
129,6434
129,6602
129,7398
129,7603
129,8368
129,8425
129,8874
129,8990
129,9476
129,9885
129,10095
129,10156
129,10336
129,10873
129,12031
129,13351
129,13746
129,14190
129,14337
129,14918
129,14975
129,16357
129,16498
129,16864
129,16988
129,17311
129,17521
129,17843
129,17863
129,18552
129,18977
129,19559
129,19925
129,21337
129,22044
129,23475
129,24493
129,24687
129,25296
129,25969
129,26421
129,26454
129,26722
129,26899
129,27302
129,28035
129,29531
130,185
130,440
130,700
130,965
130,1177
130,1727
130,1739
130,2000
130,3344
130,5819
130,5909
130,6498
130,6516
130,6932
130,8057
130,8370
130,9226
130,9373
130,15748
130,18323
130,20324
130,21357
130,23241
130,25623
130,29157
130,29584
131,162
131,168
131,485
131,602
131,1032
131,1326
131,1812
131,2613
131,2981
131,3017
131,3186
131,3784
131,4953
131,7338
131,7513
131,7562
131,9309
131,10568
131,14004
131,15244
131,24032
132,224
132,461
132,503
132,766
132,1109
132,1982
132,2762
132,2785
132,2978
132,4071
132,4801
132,5357
132,5907
132,6543
132,7305
132,7359
132,7674
132,8547
132,9440
132,10007
132,11201
132,12758
132,13736
132,14729
132,17582
132,18532
132,19476
132,20869
132,23315
132,24148
132,24224
132,24469
132,27630
132,28198
132,29136
133,561
133,871
133,3012
133,3699
133,6206
133,6319
133,6625
133,7765
133,7801
133,7940
133,13525
133,14497
133,19804
133,21910
133,23367
134,189
134,418
134,447
134,681
134,758
134,1525
134,1871
134,3047
134,3078
134,3807
134,3835
134,4633
134,5463
134,5623
134,8089
134,9110
134,11436
134,15113
134,16010
134,20603
134,20968
134,21073
135,219
135,391
135,453
135,468
135,790
135,829
135,846
135,867
135,1051
135,1099
135,1297
135,1498
135,1505
135,1797
135,2112
135,2284
135,2382
135,2413
135,2601
135,2721
135,3132
135,3213
135,3614
135,3663
135,3700
135,3952
135,4103
135,5159
135,6547
135,7103
135,7928
135,8664
135,8968
135,9017
135,9922
135,10208
135,10408
135,11506
135,11774
135,11833
135,12049
135,12071
135,12075
135,12797
135,13398
135,14159
135,15543
135,16391
135,17139
135,17950
135,18376
135,18757
135,21218
135,22826
135,24327
135,24624
135,25262
135,25590
135,25654
135,25723
135,25752
136,584
136,2404
136,2654
136,2870
136,3011
136,5245
136,5375
136,7525
136,11683
136,11719
136,12062
136,13070
136,13268
136,13309
136,14046
136,20590
136,26887
136,27271
136,27503
137,188
137,1302
137,2239
137,3253
137,3324
137,3618
137,4723
137,5220
137,5623
137,5644
137,5661
137,6205
137,6262
137,7676
137,7909
137,8561
137,12442
137,12477
137,13899
137,15717
137,18273
137,27458
137,28763
138,334
138,833
138,1396
138,2917
138,3333
138,3651
138,4194
138,4360
138,5031
138,5449
138,5547
138,9093
138,13308
138,16507
138,19559
138,19795
138,20257
138,22799
138,23002
138,26908
139,176
139,293
139,312
139,447
139,881
139,1008
139,1281
139,1831
139,2054
139,2069
139,3461
139,4327
139,4622
139,4809
139,4894
139,5614
139,6143
139,6363
139,6475
139,6492
139,8084
139,9687
139,9872
139,10450
139,10468
139,12058
139,13567
139,15928
139,16727
139,18946
139,19904
139,23708
139,25185
139,25639
139,25918
139,28268
139,28362
139,29171
139,29210
139,29973
140,163
140,172
140,292
140,355
140,515
140,965
140,1271
140,1499
140,1564
140,1618
140,1688
140,2475
140,2702
140,2823
140,3334
140,3817
140,3894
140,4053
140,4106
140,4422
140,4684
140,6950
140,7222
140,7396
140,7913
140,8199
140,8688
140,8958
140,10309
140,11885
140,12887
140,14285
140,14386
140,20134
140,22836
140,23697
140,25648
141,154
141,430
141,536
141,799
141,1137
141,1242
141,2614
141,3060
141,3696
141,4481
141,4759
141,9486
141,10291
141,11118
141,17316
141,22731
141,29326
141,29667
142,228
142,255
142,261
142,336
142,386
142,682
142,781
142,902
142,1303
142,1322
142,1998
142,2137
142,2270
142,2347
142,2445
142,2539
142,3708
142,4149
142,4205
142,4642
142,4762
142,5523
142,6047
142,6091
142,6617
142,6812
142,7856
142,8267
142,8543
142,8810
142,10050
142,10840
142,11005
142,11652
142,11946
142,12639
142,13743
142,13834
142,14034
142,14791
142,15078
142,17767
142,18026
142,18230
142,18283
142,19850
142,19885
142,20452
142,21428
142,22691
142,22742
142,22840
142,23169
142,23826
142,23941
142,24556
142,25573
142,26279
142,26834
142,27632
142,27945
143,175
143,187
143,314
143,430
143,544
143,680
143,699
143,722
143,855
143,1244
143,1353
143,1416
143,2027
143,2069
143,2169
143,2573
143,2784
143,2874
143,2884
143,3025
143,3262
143,3638
143,3686
143,3797
143,4245
143,4258
143,4277
143,4349
143,4626
143,4649
143,4670
143,5276
143,5491
143,5761
143,5831
143,5929
143,6248
143,6274
143,6427
143,6869
143,6994
143,7041
143,7159
143,7185
143,8455
143,9772
143,9879
143,10160
143,10175
143,11103
143,11375
143,12018
143,12054
143,12814
143,13415
143,13722
143,14540
143,14562
143,14574
143,14909
143,14924
143,15492
143,16299
143,16851
143,17161
143,19614
143,20344
143,20712
143,20850
143,21054
143,21107
143,23153
143,23466
143,23988
143,24164
143,24330
143,25550
143,25671
143,25923
143,26174
143,27755
143,28224
143,29007
143,29108
143,29449
143,29945
144,241
144,249
144,313
144,393
144,819
144,952
144,1401
144,2040
144,2714
144,3391
144,4907
144,6505
144,7238
144,7250
144,7634
144,8686
144,10508
144,10556
144,10791
144,11420
144,12949
144,13195
144,14827
144,15363
144,16113
144,20697
144,22812
144,24196
144,27222
144,27680
144,29716
145,203
145,350
145,362
145,582
145,745
145,1018
145,1398
145,1511
145,1731
145,2290
145,4053
145,4210
145,4595
145,5597
145,5902
145,6035
145,6156
145,6424
145,6601
145,6623
145,7119
145,9564
145,9743
145,12550
145,12698
145,12787
145,12902
145,12978
145,13572
145,13959
145,14693
145,14719
145,15107
145,15205
145,15495
145,16432
145,16693
145,17607
145,17960
145,18016
145,18397
145,19933
145,20840
145,20851
145,22534
145,23253
145,23390
145,24021
145,24047
145,26565
145,28143
146,732
146,793
146,1176
146,1506
146,1613
146,1679
146,2340
146,2399
146,5347
146,10331
146,13894
146,15957
146,16451
146,21321
146,22418
146,23165
146,23814
146,25396
146,26980
146,27614
146,27700
147,246
147,264
147,548
147,708
147,797
147,1248
147,2202
147,3448
147,3515
147,3522
147,4131
147,4280
147,4491
147,4498
147,4851
147,5227
147,5349
147,5521
147,5816
147,5918
147,6651
147,7541
147,7759
147,8347
147,8662
147,8956
147,11080
147,11295
147,12112
147,12205
147,12781
147,15632
147,16205
147,20785
147,24203
147,24322
147,25237
147,28127
147,29833
148,165
148,184
148,368
148,476
148,921
148,972
148,1200
148,1269
148,1395
148,1469
148,1852
148,1966
148,2087
148,2193
148,2280
148,2338
148,2957
148,3099
148,3852
148,4098
148,4308
148,6140
148,6339
148,8248
148,8323
148,8877
148,9541
148,9618
148,11816
148,13578
148,14126
148,14296
148,14775
148,15488
148,18048
148,18767
148,19061
148,19454
148,21117
148,23846
148,25952
148,28049
148,28761
148,29201
149,302
149,804
149,946
149,1038
149,1169
149,1885
149,2575
149,2989
149,4119
149,7024
149,8329
149,11123
149,11696
149,12088
149,12933
149,13611
149,17653
149,18325
149,18421
149,18528
149,21618
149,21915
149,24279
149,24823
149,25655
149,26836
149,29850
150,213
150,252
150,499
150,566
150,968
150,1995
150,2021
150,2242
150,3115
150,3863
150,5691
150,7891
150,8321
150,8690
150,9553
150,10282
150,10598
150,16412
150,16590
150,16779
150,17537
150,23793
150,26928
150,28743
151,509
151,813
151,1363
151,2485
151,2702
151,3783
151,6124
151,7829
151,9302
151,10534
151,12739
151,15328
151,24665
151,28097
152,201
152,607
152,634
152,644
152,691
152,899
152,992
152,2777
152,3066
152,3147
152,3156
152,3432
152,3801
152,3946
152,5090
152,5118
152,5693
152,6462
152,7043
152,7859
152,7901
152,8987
152,10246
152,10380
152,10909
152,10984
152,11306
152,11676
152,12383
152,12802
152,14392
152,16503
152,17434
152,17782
152,17841
152,18416
152,18417
152,18936
152,19957
152,22207
152,23002
152,23176
152,24492
152,27197
152,28593
153,361
153,480
153,489
153,604
153,898
153,988
153,1263
153,1474
153,2774
153,3222
153,3736
153,3800
153,4166
153,5325
153,6577
153,6647
153,7199
153,7426
153,10255
153,11389
153,11548
153,12663
153,12903
153,13999
153,16583
153,17416
153,19349
153,23054
153,23912
153,24464
153,24623
153,27100
153,27493
153,28136
154,757
154,768
154,1453
154,2691
154,3027
154,3379
154,5114
154,6862
154,7027
154,9404
154,9437
154,9647
154,11643
154,11822
154,12776
154,13484
154,15777
154,15883
154,16889
154,18963
154,19627
154,19755
154,23342
154,25630
154,28179
154,28915
154,29783
155,587
155,595
155,786
155,1044
155,3054
155,3854
155,4687
155,5339
155,5523
155,6249
155,6292
155,6740
155,9842
155,10023
155,14999
155,17088
155,18037
155,18247
155,20396
155,22601
156,263
156,5021
156,7632
156,10887
156,11243
156,12610
156,13217
156,13817
156,14548
156,15548
156,17311
156,21157
156,21325
156,24535
156,27529
157,187
157,191
157,202
157,235
157,385
157,452
157,455
157,730
157,768
157,777
157,891
157,898
157,1132
157,1213
157,1381
157,1477
157,1485
157,1578
157,2281
157,2496
157,2502
157,2619
157,2711
157,2834
157,2927
157,3026
157,3201
157,3217
157,3243
157,3834
157,4032
157,4232
157,4444
157,4668
157,4808
157,5054
157,5141
157,5160
157,5436
157,5834
157,5875
157,5968
157,6099
157,6116
157,6125
157,6486
157,6595
157,6850
157,7602
157,7791
157,8506
157,9333
157,9357
157,9467
157,10277
157,10361
157,10570
157,10771
157,11268
157,11611
157,12029
157,12425
157,12589
157,12868
157,13090
157,13233
157,13416
157,13941
157,14429
157,15093
157,15446
157,16919
157,17037
157,17463
157,17769
157,18777
157,19052
157,19187
157,20224
157,20234
157,20477
157,20480
157,20874
157,21160
157,21264
157,22825
157,23437
157,23973
157,25568
157,25845
157,27513
157,27515
157,28032
157,28323
157,29934
157,29984
158,191
158,237
158,273
158,414
158,593
158,633
158,1828
158,1897
158,1965
158,2651
158,3268
158,3472
158,3869
158,4118
158,5376
158,6425
158,7487
158,7591
158,7863
158,7932
158,8607
158,9103
158,11808
158,12654
158,12682
158,18033
158,19316
158,20118
158,23494
158,25674
159,402
159,587
159,595
159,740
159,808
159,1350
159,1467
159,1716
159,2007
159,2085
159,2151
159,2515
159,2555
159,2574
159,2736
159,2995
159,5567
159,5766
159,6133
159,6481
159,7191
159,7994
159,8313
159,8480
159,8577
159,8997
159,9180
159,9451
159,9520
159,9605
159,10053
159,11457
159,11845
159,12226
159,13385
159,14202
159,14215
159,14551
159,14991
159,15483
159,15669
159,16852
159,19107
159,20261
159,20343
159,21640
159,21686
159,22147
159,23569
159,24825
159,26381
159,27229
159,29069
159,29605
160,259
160,262
160,423
160,860
160,916
160,925
160,926
160,1123
160,1151
160,1895
160,1976
160,2057
160,2060
160,2330
160,2443
160,3410
160,3416
160,4141
160,4701
160,6593
160,7174
160,7898
160,8002
160,8150
160,8206
160,9000
160,9447
160,10228
160,12191
160,12417
160,12995
160,13493
160,14357
160,15405
160,16204
160,17185
160,18058
160,18394
160,19600
160,21546
160,21730
160,21965
160,22530
160,23511
160,23582
160,25678
160,25752
160,26966
160,29012
161,383
161,610
161,644
161,856
161,895
161,1283
161,1400
161,1815
161,2945
161,3053
161,4435
161,4584
161,4965
161,6031
161,6343
161,6648
161,7124
161,7259
161,8017
161,8951
161,10736
161,12409
161,15949
161,16350
161,17232
161,17342
161,17801
161,18398
161,18424
161,19871
161,20502
161,20955
161,21076
161,23094
161,24019
161,24781
161,25177
161,26970
161,27906
161,27960
161,28203
162,231
162,308
162,345
162,358
162,458
162,515
162,694
162,1148
162,1171
162,1256
162,1328
162,1337
162,1439
162,1490
162,1693
162,1906
162,2320
162,3398
162,3531
162,3592
162,3831
162,4499
162,4565
162,5463
162,5795
162,5935
162,7646
162,7736
162,8063
162,8497
162,8830
162,9122
162,9577
162,9877
162,10235
162,10646
162,10659
162,11734
162,11993
162,13000
162,14189
162,14406
162,15087
162,20014
162,23911
162,26823
162,27340
162,27703
163,209
163,389
163,503
163,544
163,764
163,814
163,835
163,897
163,947
163,1384
163,2272
163,2320
163,2722
163,4108
163,5286
163,5372
163,5385
163,5514
163,5966
163,7275
163,8332
163,8690
163,8738
163,9198
163,9691
163,10901
163,11165
163,12440
163,12894
163,13491
163,15602
163,16114
163,16256
163,18836
163,20208
163,20643
163,20677
163,22366
163,24457
163,24868
163,26701
163,26763
163,27145
163,27466
164,303
164,862
164,1182
164,1520
164,1531
164,2949
164,3013
164,3879
164,5098
164,5852
164,6695
164,7786
164,8078
164,9665
164,10036
164,10769
164,11203
164,13735
164,15435
164,15464
164,17054
164,20758
164,21411
164,22370
164,28721
164,29640
165,271
165,275
165,293
165,456
165,1077
165,1919
165,2606
165,2875
165,3209
165,4124
165,7856
165,8296
165,8560
165,9024
165,9217
165,10582
165,10762
165,11246
165,12269
165,13388
165,14226
165,18399
165,20619
165,20833
165,21077
165,24215
165,26465
165,26852
165,28827
166,179
166,196
166,267
166,398
166,726
166,778
166,892
166,961
166,1146
166,1662
166,1901
166,2092
166,2338
166,2437
166,2735
166,3064
166,3066
166,3086
166,3414
166,3588
166,3663
166,4052
166,4303
166,4322
166,4537
166,4609
166,5062
166,5957
166,6059
166,6439
166,7225
166,7431
166,7700
166,7798
166,8000
166,8055
166,8092
166,8136
166,8514
166,9567
166,9678
166,10500
166,11389
166,11446
166,11613
166,11770
166,11923
166,12414
166,14875
166,15985
166,16354
166,17381
166,17384
166,19422
166,20559
166,21026
166,21496
166,21647
166,21701
166,21789
166,22195
166,23630
166,25456
166,25788
166,26656
166,27026
166,27086
166,27120
166,28124
166,28289
166,28913
167,292
167,354
167,421
167,1192
167,1344
167,1545
167,1620
167,1657
167,1749
167,2164
167,2204
167,2633
167,3587
167,3636
167,3673
167,3685
167,3703
167,4506
167,4934
167,4992
167,5262
167,5610
167,6486
167,6541
167,7503
167,7766
167,7853
167,9278
167,11363
167,11368
167,12022
167,12315
167,12323
167,13267
167,13801
167,13815
167,14530
167,14660
167,15053
167,15784
167,15946
167,16730
167,17154
167,17798
167,17828
167,18538
167,20561
167,22974
167,23284
167,25216
167,25757
167,26548
167,26693
167,27308
167,29240
167,29589
168,197
168,1172
168,1873
168,1981
168,2569
168,3032
168,3399
168,3702
168,4338
168,5164
168,5441
168,7875
168,11315
168,11629
168,11690
168,12384
168,12787
168,14740
168,16160
168,16961
168,18172
168,20334
168,22248
168,22301
168,23450
168,24978
168,25699
168,26920
168,27575
168,29367
168,29812
169,259
169,473
169,983
169,1224
169,1314
169,1317
169,1368
169,1386
169,1507
169,1623
169,1911
169,1972
169,2047
169,3101
169,3169
169,3553
169,4093
169,4701
169,5130
169,5453
169,6344
169,7945
169,7970
169,10004
169,10768
169,11071
169,11127
169,11208
169,11290
169,11339
169,12857
169,12887
169,13089
169,13164
169,14272
169,15111
169,16353
169,16810
169,17140
169,17459
169,18324
169,20154
169,20220
169,20727
169,21054
169,21193
169,21368
169,21862
169,22326
169,22429
169,23440
169,24129
169,24851
169,24866
169,25873
169,25907
169,26115
169,26782
169,27024
169,27341
169,29258
169,29657
170,939
170,2076
170,5838
170,13952
170,15463
170,15790
170,16224
171,204
171,435
171,480
171,616
171,879
171,1757
171,2028
171,2490
171,3745
171,4812
171,5030
171,5388
171,8331
171,8355
171,8374
171,11585
171,12819
171,13782
171,14102
171,17990
171,23381
172,426
172,502
172,517
172,691
172,1768
172,1919
172,1997
172,2188
172,3276
172,3386
172,4218
172,4837
172,4966
172,4993
172,5824
172,6146
172,6463
172,6483
172,6695
172,7364
172,7969
172,8496
172,9696
172,11953
172,12441
172,12561
172,12603
172,14623
172,14712
172,15373
172,16935
172,19031
172,23167
172,26625
172,27914
172,28718
172,29176
172,29566
173,402
173,2028
173,5718
173,7313
173,7638
173,8075
173,9558
173,9765
173,9842
173,14649
173,17153
173,18570
173,27446
174,243
174,290
174,387
174,402
174,622
174,792
174,822
174,1000
174,1015
174,1485
174,1762
174,1769
174,1809
174,1876
174,2641
174,2856
174,3127
174,3221
174,3299
174,4063
174,5069
174,6378
174,6562
174,7454
174,8210
174,8967
174,9930
174,13460
174,13955
174,15033
174,16500
174,17495
174,17853
174,21406
174,23309
174,23382
174,24188
174,25006
174,27446
175,268
175,604
175,617
175,653
175,759
175,888
175,902
175,1082
175,1098
175,1129
175,1379
175,1430
175,1473
175,1491
175,1494
175,1830
175,2236
175,2345
175,3142
175,3255
175,3549
175,3704
175,4137
175,4222
175,4574
175,4763
175,4767
175,4890
175,5259
175,5882
175,6599
175,6882
175,7203
175,7846
175,8266
175,8519
175,9713
175,9856
175,9881
175,10899
175,11286
175,11562
175,12293
175,12643
175,12864
175,13704
175,14015
175,14436
175,14951
175,15064
175,15606
175,16290
175,16828
175,16896
175,17397
175,17645
175,17696
175,17889
175,18334
175,18524
175,18847
175,20903
175,20919
175,21041
175,21527
175,22084
175,23122
175,23574
175,23669
175,23895
175,25833
175,26414
175,26622
175,26701
175,27189
176,1659
176,2138
176,8872
176,9970
176,10275
176,10551
176,11239
176,14163
176,16374
176,17440
177,343
177,359
177,434
177,445
177,642
177,910
177,1109
177,1110
177,1284
177,1557
177,1795
177,2058
177,2480
177,2618
177,2705
177,2862
177,3842
177,3947
177,4334
177,4850
177,5040
177,5333
177,5479
177,6678
177,6736
177,6830
177,8072
177,8290
177,8826
177,11369
177,11783
177,12989
177,16161
177,17543
177,18195
177,18334
177,18793
177,20285
177,21635
177,22402
177,22466
177,23192
177,23761
177,26041
177,26649
177,27010
178,596
178,881
178,1246
178,1799
178,2611
178,3732
178,3978
178,5046
178,5083
178,5647
178,11435
178,13532
178,14985
178,18623
178,19519
178,21095
178,21929
178,26741
179,327
179,439
179,650
179,734
179,785
179,919
179,973
179,1020
179,1148
179,1188
179,1692
179,1780
179,2467
179,2850
179,3486
179,3635
179,3796
179,4944
179,6486
179,6672
179,6891
179,7649
179,7730
179,8263
179,8621
179,9262
179,10781
179,11137
179,11197
179,12259
179,13413
179,13441
179,14306
179,14539
179,14777
179,15555
179,15833
179,15944
179,16021
179,16685
179,17050
179,18379
179,19133
179,19200
179,19483
179,19638
179,21025
179,21902
179,22391
179,22461
179,23341
179,24174
179,24407
179,28098
180,193
180,230
180,302
180,373
180,422
180,464
180,501
180,532
180,570
180,600
180,1043
180,1142
180,1283
180,1331
180,1542
180,1791
180,2128
180,2277
180,2635
180,3082
180,3305
180,3437
180,3550
180,3606
180,4083
180,4095
180,4649
180,4744
180,5085
180,5099
180,5421
180,5458
180,5589
180,5854
180,6075
180,6327
180,6452
180,7167
180,7691
180,8433
180,8841
180,9352
180,9375
180,10264
180,10301
180,10836
180,12453
180,13170
180,14076
180,14265
180,14552
180,14881
180,14904
180,14919
180,14963
180,15170
180,15216
180,15781
180,15924
180,16728
180,17852
180,19075
180,19188
180,19678
180,20296
180,20455
180,25328
180,25679
180,27748
180,28263
180,28596
180,29325
180,29808
181,933
181,1020
181,2140
181,2331
181,2770
181,5196
181,5280
181,6758
181,7411
181,14790
181,18122
181,21461
181,21833
181,22417
181,24061
181,29928
182,555
182,770
182,1087
182,1389
182,1730
182,1819
182,2827
182,3174
182,3943
182,4423
182,11495
182,14538
182,15030
182,15392
182,16981
182,17790
182,18203
182,20339
182,23819
182,24826
182,26784
182,27187
182,27993
182,28696
183,284
183,316
183,409
183,472
183,540
183,732
183,931
183,1287
183,1397
183,1441
183,1910
183,2046
183,2467
183,3039
183,5679
183,5800
183,6770
183,6973
183,9868
183,10145
183,12464
183,13665
183,14403
183,15380
183,16146
183,17816
183,18659
183,18661
183,20701
183,20890
183,21850
183,22921
183,23625
183,24122
183,24675
183,24695
183,25262
183,29050
184,309
184,322
184,400
184,540
184,700
184,794
184,1203
184,1205
184,1440
184,1476
184,1532
184,1722
184,1788
184,2778
184,2792
184,2799
184,3702
184,3997
184,4635
184,4691
184,5264
184,5283
184,5807
184,7255
184,7460
184,8234
184,9188
184,9957
184,11779
184,12676
184,14376
184,14757
184,14779
184,15133
184,15354
184,16285
184,16746
184,18227
184,18974
184,19686
184,20173
184,21112
184,21526
184,22991
184,23073
184,24031
184,24835
184,25218
184,26062
184,26418
184,28446
185,217
185,218
185,326
185,335
185,880
185,963
185,1289
185,2111
185,3349
185,4003
185,4109
185,5034
185,5552
185,7452
185,7664
185,8811
185,10866
185,11898
185,16613
185,18251
185,18396
185,23463
185,23476
185,23899
185,26668
185,27320
185,29357
186,190
186,197
186,269
186,363
186,531
186,574
186,1420
186,1477
186,1908
186,2769
186,4562
186,6581
186,6966
186,7084
186,10345
186,12208
186,13634
186,15911
186,16002
186,16318
186,17705
186,20543
186,20547
186,20883
186,22788
186,23031
186,27341
186,29440
187,379
187,818
187,1048
187,1135
187,1478
187,2250
187,3031
187,4085
187,5392
187,9169
187,9318
187,9990
187,11912
187,19550
187,24331
187,25154
187,26256
187,29874
188,539
188,737
188,945
188,2245
188,2459
188,6307
188,10711
188,12415
188,28284
189,258
189,294
189,437
189,614
189,820
189,1346
189,2332
189,2709
189,4743
189,5248
189,5330
189,5492
189,5956
189,9938
189,10230
189,10466
189,12457
189,13433
189,17275
189,18467
189,22189
189,24498
190,406
190,1158
190,1343
190,2650
190,2658
190,6279
190,7596
190,8447
190,8450
190,10492
190,10587
190,13145
190,20806
190,25801
191,195
191,300
191,963
191,1021
191,1175
191,1642
191,3152
191,3210
191,3978
191,4475
191,6656
191,7236
191,8040
191,8509
191,9115
191,9281
191,9987
191,10530
191,13763
191,14883
191,16119
191,17123
191,17601
191,17709
191,19168
191,21308
191,22305
191,23659
191,23870
191,24427
191,24673
191,26142
191,26407
191,26494
191,26648
191,28395
191,29039
191,29991
192,211
192,272
192,282
192,396
192,619
192,702
192,795
192,1789
192,2159
192,2914
192,3388
192,3469
192,3684
192,4882
192,6782
192,9728
192,10167
192,10471
192,12644
192,16127
192,16874
192,22544
193,244
193,274
193,340
193,396
193,457
193,696
193,1656
193,2628
193,2732
193,3410
193,3668
193,3965
193,4074
193,4238
193,5402
193,5697
193,6247
193,6357
193,7434
193,8295
193,8297
193,8536
193,9332
193,9490
193,9556
193,10199
193,11244
193,11430
193,12784
193,12939
193,12981
193,13220
193,13637
193,15695
193,19995
193,24434
193,25439
193,27509
193,29130
194,370
194,798
194,859
194,1740
194,2738
194,3124
194,3440
194,4280
194,7116
194,8548
194,9080
194,12028
194,12639
194,13367
194,14455
194,14749
194,15446
194,18035
194,22641
194,28046
194,28393
194,29707
195,828
195,995
195,2663
195,3341
195,4179
195,6191
195,6286
195,8712
195,11067
195,12140
195,13599
195,16903
195,25934
195,26669
195,27252
195,27555
195,29052
196,266
196,356
196,382
196,907
196,995
196,1180
196,1333
196,2961
196,3100
196,3261
196,3810
196,4334
196,4576
196,4599
196,4721
196,4994
196,5226
196,5465
196,5656
196,5818
196,6916
196,7954
196,9649
196,10143
196,10810
196,10953
196,12406
196,13117
196,13362
196,13631
196,14516
196,15108
196,16189
196,18746
196,20181
196,21396
196,22199
196,22965
196,23763
196,25117
196,25302
196,26032
196,26047
196,26642
196,27971
196,29041
197,308
197,548
197,1489
197,1554
197,1629
197,2801
197,3166
197,3790
197,5452
197,5968
197,6202
197,7272
197,7949
197,8973
197,10220
197,11326
197,11587
197,14824
197,15578
197,21401
197,23411
197,24666
197,26199
197,26695
197,26726
197,28224
198,682
198,791
198,1445
198,1533
198,1818
198,4223
198,4695
198,5391
198,6066
198,6261
198,6622
198,7215
198,7304
198,8825
198,9306
198,10130
198,11005
198,11475
198,13513
198,15146
198,15796
198,18745
198,23686
198,24676
198,26792
198,27089
198,28984
198,29479
199,990
199,1505
199,1651
199,1704
199,1861
199,2632
199,5151
199,6332
199,7729
199,8892
199,14528
199,15099
199,26297
199,27201
199,29263
200,203
200,476
200,561
200,1361
200,1945
200,2900
200,2933
200,3470
200,3921
200,4184
200,4261
200,4577
200,4621
200,4650
200,5033
200,5931
200,6538
200,7882
200,7977
200,10866
200,10989
200,11960
200,12276
200,13067
200,16038
200,20210
200,20864
200,21551
200,21889
200,22330
200,22779
200,26012
200,27096
200,29011
201,247
201,399
201,412
201,760
201,1104
201,1604
201,1759
201,1850
201,2478
201,2523
201,2706
201,2899
201,3308
201,3586
201,3691
201,4705
201,5274
201,5585
201,6369
201,6558
201,6765
201,6770
201,8266
201,8387
201,8760
201,8854
201,9907
201,10332
201,10676
201,11054
201,11589
201,13262
201,13516
201,15239
201,15924
201,15956
201,15979
201,17193
201,17837
201,22264
201,25113
201,25142
201,26484
201,27198
201,27456
202,621
202,734
202,1623
202,1661
202,3250
202,6176
202,6979
202,7208
202,7480
202,7548
202,8079
202,8359
202,8803
202,9195
202,11473
202,11757
202,12751
202,15955
202,16974
202,18670
202,19255
202,19271
202,19995
202,20193
202,20657
202,20845
202,21509
202,26287
202,29280
203,671
203,1215
203,1602
203,1620
203,1671
203,1890
203,3145
203,3754
203,4484
203,4547
203,5293
203,6839
203,7699
203,7910
203,9437
203,10186
203,10298
203,10493
203,10615
203,11461
203,11775
203,13756
203,17651
203,19227
203,22797
203,22862
203,24118
203,25571
203,28776
203,29594
204,354
204,651
204,924
204,3804
204,5739
204,8384
204,21999
205,369
205,829
205,1470
205,1911
205,2849
205,3580
205,5394
205,6066
205,8125
205,8757
205,8933
205,9424
205,10391
205,10447
205,11080
205,12609
205,13948
205,14657
205,16299
205,17297
205,20127
205,20296
205,21159
205,22884
205,24804
205,26127
205,26946
206,242
206,317
206,373
206,451
206,612
206,687
206,1136
206,1225
206,1405
206,1598
206,1690
206,2621
206,2767
206,3328
206,3479
206,3517
206,3598
206,3733
206,3995
206,4011
206,4104
206,4327
206,5185
206,5265
206,6267
206,6786
206,7000
206,7445
206,8067
206,8153
206,8454
206,8535
206,8929
206,9252
206,9819
206,10172
206,10202
206,11006
206,11249
206,11665
206,11872
206,12120
206,12343
206,12502
206,12897
206,13105
206,14023
206,14760
206,14825
206,15564
206,15776
206,17171
206,17351
206,17573
206,17613
206,17634
206,18272
206,18774
206,19354
206,20257
206,20416
206,21238
206,21637
206,21670
206,23299
206,23685
206,25013
206,25130
206,25957
206,26795
207,257
207,298
207,316
207,511
207,549
207,877
207,1039
207,1325
207,1377
207,1418
207,1483
207,1742
207,1797
207,1957
207,1962
207,1995
207,2162
207,2487
207,2822
207,3014
207,3051
207,3416
207,4060
207,4921
207,4965
207,5291
207,5429
207,5431
207,5769
207,6005
207,6025
207,6081
207,6153
207,6333
207,6442
207,6474
207,6485
207,6772
207,6998
207,7341
207,7448
207,7512
207,7755
207,8139
207,8181
207,8259
207,9248
207,9319
207,9594
207,9595
207,9607
207,9843
207,10328
207,10354
207,10464
207,10635
207,11352
207,11795
207,11805
207,12058
207,12381
207,13592
207,14326
207,14448
207,17973
207,18537
207,19109
207,19401
207,20233
207,20288
207,20716
207,20747
207,21414
207,22193
207,22413
207,22643
207,23122
207,23275
207,25921
207,26172
207,26932
207,28429
207,28964
207,29091
207,29455
208,253
208,2278
208,4058
208,14161
208,18441
208,24357
208,26368
208,29301
208,29735
209,720
209,808
209,1745
209,4800
209,6501
209,7345
209,8830
209,9951
209,13292
209,14063
209,16639
209,17674
209,18185
209,21034
209,21397
209,23828
209,25839
210,227
210,351
210,428
210,558
210,569
210,788
210,1052
210,1081
210,1332
210,1479
210,1545
210,1663
210,1728
210,1879
210,2099
210,2422
210,3288
210,3555
210,3866
210,3963
210,4320
210,4348
210,4448
210,4663
210,5008
210,5011
210,5134
210,5170
210,5934
210,6752
210,8047
210,8115
210,8142
210,8168
210,8194
210,8708
210,8740
210,8862
210,9994
210,10289
210,10337
210,10422
210,11095
210,11517
210,11837
210,12398
210,12729
210,13242
210,13309
210,14465
210,14605
210,14846
210,15497
210,16024
210,16296
210,17856
210,18796
210,20150
210,20262
210,20278
210,21703
210,22122
210,22279
210,23021
210,25098
210,26205
210,26535
210,26661
210,27498
210,27641
210,28230
210,28654
210,28662
210,28729
210,29115
210,29160
211,500
211,570
211,636
211,646
211,742
211,911
211,915
211,1181
211,1280
211,1411
211,1810
211,1878
211,2695
211,2917
211,3390
211,3619
211,4038
211,4148
211,4174
211,4720
211,5157
211,5789
211,6218
211,6714
211,7603
211,8301
211,8452
211,9583
211,10304
211,10399
211,11102
211,11946
211,11998
211,13205
211,13390
211,13644
211,13794
211,14743
211,14779
211,15860
211,15916
211,16638
211,17215
211,20968
211,22675
211,24661
211,26201
211,26270
211,27192
211,27945
211,29152
212,274
212,287
212,330
212,743
212,1068
212,1733
212,2463
212,3412
212,3647
212,3869
212,4750
212,5402
212,5753
212,6009
212,6884
212,6889
212,7284
212,8937
212,12274
212,12504
212,13761
212,14608
212,15569
212,19516
212,20546
212,23498
212,27427
212,29223
213,2002
213,2090
213,2402
213,4739
213,8017
213,8744
213,12808
213,13046
213,13363
213,19090
213,20697
213,21488
213,22028
213,24223
213,24712
213,25849
213,26524
213,26608
213,27255
214,411
214,25396
214,29038
215,241
215,455
215,494
215,589
215,599
215,855
215,888
215,948
215,1024
215,1215
215,1220
215,1607
215,1619
215,2366
215,2482
215,2830
215,2836
215,2946
215,3263
215,3339
215,3659
215,3935
215,4012
215,4176
215,5079
215,5572
215,6076
215,6113
215,6671
215,6823
215,8008
215,9899
215,10039
215,10523
215,10690
215,10773
215,10832
215,12276
215,12675
215,12917
215,13781
215,14641
215,15204
215,17154
215,19040
215,19701
215,23202
215,26116
215,26593
215,28434
216,971
216,1657
216,2260
216,2778
216,2920
216,3590
216,3602
216,5248
216,5255
216,5792
216,7213
216,8481
216,9811
216,10945
216,11110
216,12990
216,13010
216,13276
216,14890
216,20523
216,20536
216,21150
216,22112
216,22767
216,24008
216,29965
217,318
217,353
217,845
217,1536
217,2039
217,2878
217,3094
217,3151
217,3288
217,3350
217,4749
217,5058
217,5662
217,5849
217,5919
217,6914
217,7052
217,8558
217,9640
217,9797
217,10352
217,11055
217,11685
217,12878
217,15621
217,15796
217,16506
217,17003
217,19834
217,21064
217,22601
217,23242
217,23342
217,23597
217,24258
217,24713
217,25864
217,25868
217,26734
217,27148
217,27735
217,27780
217,27933
217,29229
217,29348
218,285
218,321
218,336
218,417
218,490
218,513
218,625
218,652
218,763
218,888
218,996
218,1103
218,1197
218,1367
218,1455
218,1497
218,1535
218,1593
218,1633
218,1877
218,2016
218,2322
218,2370
218,2596
218,2707
218,2851
218,3084
218,3088
218,3099
218,3221
218,3285
218,3886
218,3938
218,3939
218,4065
218,4626
218,4711
218,4712
218,4886
218,5173
218,5471
218,5562
218,5577
218,5791
218,5823
218,5944
218,6245
218,6375
218,6393
218,6568
218,6820
218,6949
218,7373
218,7675
218,8417
218,8484
218,8538
218,8843
218,9234
218,9427
218,9808
218,9838
218,10318
218,10412
218,10444
218,10649
218,11594
218,11846
218,11885
218,11925
218,12190
218,12456
218,12580
218,12646
218,13019
218,13027
218,13800
218,13991
218,14500
218,15950
218,16077
218,16155
218,17068
218,17111
218,18405
218,18413
218,19466
218,19831
218,20343
218,20767
218,20964
218,20978
218,21148
218,21913
218,21984
218,22499
218,23471
218,23965
218,24783
218,26140
218,26173
218,26203
218,26526
218,27067
218,28096
218,29530
219,232
219,246
219,274
219,406
219,444
219,500
219,538
219,638
219,870
219,951
219,1081
219,1410
219,1523
219,1918
219,2189
219,2448
219,2495
219,2540
219,2633
219,2695
219,2913
219,3167
219,3665
219,4040
219,5312
219,5406
219,6046
219,6265
219,6303
219,6643
219,7333
219,7893
219,8077
219,8300
219,10041
219,11185
219,11434
219,12297
219,12831
219,13843
219,15086
219,15813
219,16271
219,17420
219,18385
219,18501
219,21248
219,24412
219,26594
219,26664
219,27056
219,28783
219,29791
220,372
220,436
220,478
220,567
220,783
220,1575
220,1956
220,2457
220,2643
220,4585
220,5035
220,5399
220,6656
220,6890
220,7578
220,7647
220,8118
220,10831
220,11532
220,12377
220,12435
220,13220
220,14035
220,14964
220,17138
220,21806
220,25096
220,25670
220,27686
220,27701
220,29131
220,29203
220,29206
220,29382
221,685
221,1017
221,1078
221,1329
221,2090
221,2096
221,2645
221,5406
221,5496
221,5536
221,5839
221,6885
221,10283
221,10443
221,10454
221,12342
221,12836
221,13413
221,16815
221,17912
221,22021
221,22831
221,26501
221,26901
221,28305
221,29125
222,248
222,820
222,4806
222,7876
222,8237
222,8473
222,9605
222,16091
222,17865
222,22654
222,23924
222,24718
222,26413
223,316
223,338
223,883
223,2095
223,4988
223,6715
223,11703
223,14314
223,15729
223,17239
223,19525
223,20177
223,23051
223,25546
224,351
224,1058
224,1232
224,1670
224,1737
224,2214
224,2237
224,3908
224,5772
224,5930
224,6955
224,7232
224,8091
224,11193
224,13002
224,13533
224,13726
224,18166
224,19557
224,20603
224,21172
224,22481
224,22989
224,24888
224,25247
224,29568
225,321
225,640
225,1180
225,1323
225,1458
225,1687
225,2066
225,2276
225,3364
225,4317
225,5654
225,8784
225,9579
225,9951
225,14126
225,15133
225,17800
225,21354
225,23757
225,24561
225,24572
225,29120
226,364
226,684
226,1037
226,1701
226,3080
226,3615
226,7134
226,7502
226,8241
226,8731
226,10265
226,12207
226,12601
226,16066
226,17657
227,662
227,914
227,1435
227,1770
227,2412
227,2478
227,2558
227,3593
227,3660
227,7131
227,8000
227,10299
227,10432
227,12504
227,14460
227,17198
227,18683
227,18865
227,19197
227,26911
227,29372
228,239
228,249
228,518
228,583
228,1754
228,1790
228,2308
228,2845
228,3339
228,5278
228,6074
228,6947
228,7170
228,7959
228,7991
228,8850
228,12469
228,12790
228,14536
228,17819
228,18604
228,18991
228,19035
228,20172
228,20200
228,20286
228,25733
228,27405
228,28416
229,1202
229,1600
229,2130
229,2248
229,2427
229,2594
229,3942
229,6318
229,7520
229,8096
229,11978
229,15557
229,16136
229,17084
229,18005
229,18157
229,19889
229,21706
229,21822
229,23247
229,29164
229,29571
230,259
230,361
230,1051
230,2429
230,3738
230,3975
230,8160
230,9491
230,9606
230,16156
230,16488
230,18090
230,23118
230,24573
230,29211
231,245
231,351
231,585
231,886
231,1328
231,1645
231,3078
231,4047
231,5095
231,6428
231,6559
231,6879
231,7095
231,7218
231,7793
231,8490
231,9295
231,9858
231,10871
231,12074
231,15440
231,16201
231,17172
231,17303
231,17379
231,18034
231,20659
231,23677
231,26964
231,27229
231,27481
231,28224
231,28424
231,29778
232,245
232,789
232,793
232,1222
232,1305
232,1359
232,1855
232,2269
232,2280
232,2523
232,2883
232,2948
232,2965
232,4738
232,4787
232,6945
232,10300
232,12623
232,13235
232,15345
232,15369
232,16695
232,18153
232,19052
232,19543
232,20387
232,23871
232,24085
232,27958
232,28316
232,29031
232,29928
233,305
233,2861
233,4389
233,15406
233,16524
234,356
234,606
234,1502
234,1637
234,1689
234,3895
234,4029
234,5313
234,6039
234,6941
234,7580
234,8043
234,9198
234,9562
234,10416
234,16084
234,21867
234,28221
235,271
235,810
235,857
235,1549
235,2401
235,2737
235,3703
235,3865
235,5202
235,7464
235,8315
235,10015
235,12156
235,14498
235,14969
235,15423
235,21603
235,21680
235,22953
235,27540
236,315
236,531
236,567
236,748
236,1815
236,2121
236,2236
236,2347
236,2363
236,2616
236,2703
236,3494
236,3747
236,5003
236,5424
236,6424
236,6688
236,8923
236,9575
236,9972
236,11193
236,12147
236,12238
236,12517
236,14786
236,14831
236,15931
236,17025
236,17240
236,17606
236,18109
236,19566
236,19709
236,19973
236,21557
236,23352
236,23464
236,23584
236,25494
236,27705
236,27877
236,28240
236,28811
237,917
237,2113
237,4595
237,6388
237,7286
237,13810
237,15844
237,21006
237,24548
238,453
238,574
238,930
238,986
238,1297
238,1683
238,1706
238,1771
238,2210
238,3086
238,5062
238,5747
238,6153
238,6360
238,7226
238,7588
238,8182
238,9136
238,9196
238,9353
238,9590
238,9805
238,10126
238,10756
238,12467
238,12993
238,13559
238,14386
238,15426
238,16989
238,18959
238,20593
238,22386
238,22885
238,24511
238,24988
238,25802
238,25948
238,28453
238,29756
239,286
239,370
239,571
239,719
239,1168
239,1604
239,3162
239,3620
239,4232
239,4382
239,4416
239,5603
239,5827
239,5999
239,6209
239,6510
239,8189
239,8684
239,8813
239,8847
239,9673
239,12162
239,13402
239,15940
239,20717
239,23749
239,28927
240,454
240,4136
240,4740
240,5218
240,10803
240,10897
240,16101
240,17763
240,20462
241,1348
241,2083
241,2254
241,2613
241,3487
241,6935
241,11494
241,12013
241,13537
241,15201
241,15928
241,17659
241,17785
241,19413
241,21098
241,21249
241,21556
241,23455
242,315
242,442
242,594
242,904
242,1172
242,1879
242,1892
242,2001
242,2112
242,2386
242,3474
242,5689
242,6352
242,7620
242,8674
242,10031
242,10965
242,11325
242,11467
242,12560
242,14610
242,14696
242,15304
242,15400
242,15522
242,16500
242,17732
242,19785
242,22403
242,23506
242,25184
242,27184
243,283
243,735
243,756
243,847
243,1028
243,1565
243,1783
243,2252
243,2637
243,2660
243,2776
243,3108
243,4038
243,4365
243,5110
243,5664
243,5705
243,5755
243,5787
243,6008
243,6230
243,7002
243,7214
243,7609
243,8276
243,9148
243,10557
243,11461
243,12223
243,12228
243,12554
243,15601
243,16454
243,18118
243,20173
243,21576
243,22623
243,23811
243,23899
243,23938
243,24748
243,25414
243,26065
243,26642
243,27499
243,27724
243,28295
244,1300
244,1838
244,3050
244,3240
244,3347
244,3781
244,4027
244,4238
244,4617
244,5657
244,5695
244,7398
244,10628
244,13331
244,14716
244,16870
244,17335
244,17477
244,21392
244,21637
244,24838
244,24917
244,29362
245,271
245,333
245,372
245,702
245,900
245,1213
245,1939
245,1999
245,2560
245,2656
245,3109
245,3751
245,4761
245,4859
245,5278
245,6146
245,6613
245,7632
245,10709
245,10807
245,11397
245,11468
245,12594
245,12913
245,13222
245,16878
245,17565
245,17610
245,18690
245,18765
245,18932
245,19041
245,20474
245,20967
245,24327
245,25924
245,29898
246,470
246,521
246,618
246,1362
246,2772
246,4121
246,4755
246,5120
246,5681
246,6107
246,7631
246,10276
246,17024
246,21379
246,21699
246,24452
246,28675
247,360
247,1021
247,1364
247,2490
247,2707
247,4567
247,4761
247,4830
247,6141
247,7499
247,9711
247,10158
247,13380
247,13383
247,19391
247,20368
247,24111
247,25188
247,28535
247,28773
248,371
248,380
248,579
248,1120
248,1312
248,1330
248,1672
248,2768
248,2894
248,4807
248,6052
248,6388
248,8741
248,12449
248,13170
248,13764
248,13779
248,15054
248,15881
248,19268
248,22809
248,25214
248,26088
248,28903
249,474
249,481
249,597
249,767
249,1295
249,1837
249,3860
249,4165
249,4281
249,5257
249,5837
249,6018
249,6037
249,6431
249,6878
249,7434
249,9619
249,10165
249,11656
249,11907
249,12128
249,12225
249,12622
249,13180
249,14610
249,14853
249,15005
249,15600
249,16133
249,17265
249,18392
249,18920
249,18988
249,19191
249,20943
249,21208
249,21805
249,22663
249,23238
249,24197
249,24218
249,25522
249,27110
249,27245
249,27255
249,28499
249,28957
249,29784
250,2936
250,3346
250,5853
250,14753
250,28262
251,370
251,392
251,753
251,826
251,1009
251,1282
251,1342
251,1397
251,1547
251,2012
251,2349
251,2384
251,2826
251,3358
251,3372
251,3402
251,3524
251,3644
251,3657
251,4048
251,4212
251,4224
251,4318
251,4666
251,4680
251,5117
251,5204
251,5367
251,5381
251,5557
251,5635
251,5830
251,5900
251,8237
251,8345
251,8908
251,9280
251,10195
251,11278
251,11472
251,11854
251,12359
251,12733
251,13130
251,13840
251,14814
251,15293
251,15840
251,16163
251,16848
251,17511
251,18756
251,21694
251,21837
251,23554
251,23578
251,27243
251,28841
251,29746
251,29932
252,254
252,263
252,353
252,599
252,1034
252,1250
252,1454
252,2213
252,2456
252,3471
252,4636
252,5066
252,5311
252,5996
252,9324
252,10770
252,11706
252,11943
252,13678
252,13977
252,15287
252,15602
252,15788
252,15923
252,19261
252,20528
252,24905
252,29036
253,517
253,594
253,786
253,2082
253,2194
253,2237
253,2258
253,2967
253,3411
253,3780
253,4356
253,4900
253,4958
253,6554
253,7069
253,7748
253,8191
253,8529
253,9046
253,9527
253,12817
253,13237
253,13926
253,13992
253,14563
253,15913
253,17823
253,17989
253,18737
253,22392
253,22689
253,25161
253,25563
253,25572
253,25649
253,25696
253,26097
253,26446
253,28782
253,29109
253,29666
254,887
254,2843
254,3721
254,4185
254,4933
254,5517
254,5668
254,9933
254,11975
254,15480
254,20250
255,504
255,599
255,706
255,744
255,1002
255,1331
255,1585
255,2494
255,2548
255,2807
255,3417
255,3872
255,3997
255,5786
255,6182
255,6504
255,7233
255,7885
255,8090
255,8142
255,8346
255,8706
255,9341
255,9870
255,10303
255,10924
255,11636
255,11664
255,13068
255,13256
255,14244
255,15510
255,15698
255,15716
255,16860
255,18600
255,20606
255,22148
255,23423
255,25502
256,805
256,920
256,1091
256,1096
256,1194
256,1996
256,2034
256,2219
256,2264
256,2351
256,2533
256,2817
256,2954
256,3418
256,3657
256,4193
256,4354
256,4471
256,4482
256,6065
256,6430
256,7407
256,7542
256,7652
256,8001
256,8061
256,8226
256,8345
256,8614
256,9265
256,9348
256,9492
256,9571
256,9736
256,9849
256,9956
256,10864
256,11610
256,13352
256,13419
256,13664
256,14901
256,15119
256,15254
256,16154
256,16481
256,17513
256,18801
256,19383
256,21203
256,23013
256,23062
256,23515
256,23827
256,24013
256,25254
256,26007
257,407
257,918
257,954
257,1168
257,1428
257,1448
257,2198
257,2911
257,3017
257,3193
257,3270
257,3952
257,4279
257,4901
257,5087
257,5497
257,5934
257,7850
257,9201
257,9292
257,9389
257,9766
257,10177
257,15582
257,15944
257,17655
257,20624
257,21243
257,21338
257,24294
257,24767
257,25138
257,28752
257,29090
257,29937
258,331
258,633
258,1091
258,1890
258,2293
258,2465
258,4522
258,7390
258,9129
258,11018
258,11459
258,16562
258,18184
258,18750
258,24969
258,28179
258,28649
258,28692
258,29520
259,381
259,470
259,556
259,563
259,605
259,621
259,859
259,1014
259,1045
259,1512
259,1946
259,2205
259,2465
259,2593
259,2719
259,2731
259,2746
259,3102
259,3272
259,3280
259,3551
259,4360
259,5189
259,6514
259,6858
259,7457
259,7691
259,7865
259,9090
259,9538
259,10146
259,10277
259,10375
259,11079
259,11130
259,11647
259,12310
259,14028
259,14138
259,14257
259,15535
259,17848
259,17959
259,18531
259,18652
259,19759
259,21869
259,23514
259,24022
259,24049
259,24779
259,25435
259,26683
259,28087
259,28587
259,28973
260,932
260,3322
260,3551
260,6682
260,7755
260,8628
260,9709
260,12371
260,14632
260,15214
260,28530
260,29556
261,2504
261,8507
261,20449
261,28538
262,482
262,1034
262,1210
262,1510
262,1682
262,1864
262,2126
262,3200
262,3274
262,3798
262,4713
262,5641
262,5970
262,8332
262,9122
262,9206
262,13525
262,14664
262,15528
262,17779
262,19305
262,19775
262,20900
262,23214
262,24531
262,24833
262,26664
263,710
263,751
263,792
263,901
263,1209
263,1326
263,1517
263,1606
263,1693
263,2003
263,2283
263,2371
263,2562
263,3082
263,3313
263,3917
263,5105
263,5303
263,5625
263,6144
263,6610
263,7034
263,7357
263,8804
263,9162
263,9558
263,9832
263,9911
263,11546
263,12823
263,14593
263,15352
263,15755
263,15869
263,16057
263,16457
263,16489
263,17844
263,18783
263,19593
263,23389
263,23561
263,23745
263,24536
263,25731
263,26104
263,26441
263,26782
263,26898
263,27077
263,27913
263,28163
263,29439
263,29705
263,29949
264,296
264,374
264,531
264,1037
264,1267
264,1702
264,1775
264,4739
264,5383
264,5736
264,5737
264,5969
264,6460
264,6657
264,7944
264,8165
264,9684
264,11012
264,12057
264,12727
264,13523
264,13632
264,14131
264,14489
264,14932
264,15051
264,17147
264,20213
264,20805
264,22263
264,22832
264,23333
264,25812
264,26888
264,27025
264,28975
264,29630
264,29733
265,323
265,423
265,767
265,915
265,921
265,1391
265,2094
265,2659
265,2892
265,3733
265,3767
265,5055
265,5198
265,7833
265,7844
265,10213
265,10865
265,12673
265,13126
265,13387
265,13504
265,13932
265,13933
265,14168
265,14332
265,14743
265,18075
265,18321
265,18470
265,19380
265,19954
265,20016
265,21495
265,22851
265,25525
265,26070
265,27384
266,2127
266,14404
266,24310
267,301
267,435
267,534
267,538
267,615
267,970
267,998
267,1019
267,1124
267,1420
267,1684
267,1994
267,2144
267,2199
267,2224
267,2611
267,2624
267,4854
267,5238
267,5676
267,5750
267,5791
267,6149
267,6376
267,7556
267,8373
267,9238
267,9466
267,9938
267,10979
267,11299
267,11492
267,11498
267,12360
267,13061
267,14032
267,15177
267,16013
267,18077
267,18675
267,19928
267,20929
267,21386
267,21527
267,22756
267,22915
267,24042
267,24512
267,25404
267,25510
267,26158
267,26831
267,27131
267,27435
267,28137
267,29587
268,440
268,488
268,508
268,1602
268,1929
268,1987
268,3296
268,4925
268,5690
268,7987
268,8943
268,12648
268,12772
268,15226
268,15314
268,17187
268,17275
268,17580
268,17772
268,18404
268,21586
268,21653
268,25680
268,28254
269,340
269,1376
269,2222
269,2229
269,2518
269,2862
269,3570
269,4390
269,4423
269,5284
269,6415
269,6470
269,7356
269,7709
269,8941
269,9779
269,10326
269,10394
269,12280
269,13811
269,16533
269,16667
269,17014
269,18139
269,22183
269,24079
269,28555
270,514
270,1125
270,1296
270,3090
270,4312
270,10508
270,14238
270,20886
270,20934
270,24276
271,304
271,362
271,427
271,717
271,848
271,947
271,1542
271,1950
271,3514
271,3717
271,4181
271,4404
271,5156
271,5335
271,6968
271,9403
271,10595
271,10672
271,13585
271,14707
271,16549
271,21417
271,26710
271,27952
272,377
272,483
272,836
272,1293
272,1641
272,2525
272,2651
272,4854
272,5204
272,5260
272,6164
272,7437
272,7918
272,8601
272,9066
272,10769
272,10885
272,11114
272,12237
272,13776
272,14126
272,16600
272,17355
272,17719
272,18309
272,18688
272,19022
272,19217
272,19489
272,22036
272,24778
272,25028
273,1224
273,1826
273,26072
274,1135
274,1464
274,1529
274,1621
274,2306
274,3615
274,4395
274,4709
274,5644
274,5674
274,8318
274,8485
274,11141
274,13116
274,15447
274,15971
274,18098
274,20625
274,27418
274,28930
275,637
275,1007
275,1352
275,1757
275,2042
275,2431
275,3011
275,3018
275,3585
275,4051
275,4496
275,7299
275,7483
275,7589
275,8786
275,10013
275,11480
275,13028
275,15304
275,15880
275,16072
275,16631
275,17583
275,17889
275,27120
276,1131
276,1909
276,2029
276,3031
276,4126
276,4212
276,4548
276,8133
276,8714
276,9315
276,11382
276,17331
276,22739
276,25966
277,391
277,745
277,869
277,1010
277,1603
277,2288
277,2446
277,3174
277,4114
277,4159
277,4552
277,4623
277,4795
277,4844
277,7159
277,7847
277,9054
277,9191
277,9260
277,9542
277,10124
277,10558
277,14442
277,14562
277,15598
277,17170
277,19946
278,853
278,874
278,1105
278,1231
278,2342
278,3157
278,3719
278,3786
278,4682
278,4984
278,5180
278,8205
278,10122
278,11497
278,12069
278,14354
278,22033
278,26067
278,26406
278,27381
278,28383
279,335
279,352
279,592
279,615
279,1124
279,1153
279,1349
279,1395
279,1455
279,1662
279,2132
279,2314
279,2684
279,2865
279,3076
279,3394
279,3457
279,3498
279,3751
279,4257
279,4297
279,4408
279,5324
279,7015
279,7168
279,7885
279,8025
279,8058
279,8268
279,8828
279,9223
279,9603
279,10338
279,10639
279,11076
279,11570
279,11700
279,12109
279,12450
279,12603
279,13206
279,13695
279,14520
279,14969
279,16007
279,16062
279,16557
279,18537
279,18698
279,18728
279,20062
279,20395
279,22770
279,23354
279,23854
279,24100
279,24288
279,24681
279,25703
279,26162
279,26330
279,26366
279,27565
279,27932
279,28408
279,28420
279,28836
279,29205
279,29275
279,29564
280,337
280,830
280,1189
280,1427
280,1747
280,1781
280,2203
280,2229
280,2398
280,2901
280,3006
280,3231
280,4121
280,5318
280,6524
280,7102
280,7796
280,7963
280,8269
280,8975
280,9068
280,9698
280,10740
280,12269
280,12562
280,13333
280,13701
280,13789
280,15100
280,15794
280,18372
280,18508
280,20392
280,21307
280,21411
280,21566
280,23200
280,24641
280,24778
280,25483
280,25692
280,25926
280,26336
280,26758
280,26852
280,28304
280,29695
281,471
281,1811
281,1851
281,1984
281,2623
281,2735
281,3384
281,3569
281,4507
281,5104
281,5174
281,5566
281,5805
281,5835
281,6147
281,6483
281,7461
281,7845
281,8298
281,9353
281,9749
281,10073
281,10257
281,11525
281,11557
281,11778
281,11882
281,13015
281,13489
281,13907
281,14375
281,15078
281,15961
281,16685
281,18214
281,18959
281,19388
281,19551
281,20532
281,21557
281,22220
281,23534
281,25169
281,26527
281,26549
281,27051
281,29054
281,29063
282,365
282,481
282,540
282,966
282,1001
282,1230
282,1299
282,1394
282,1547
282,2964
282,3290
282,4461
282,4843
282,4880
282,7017
282,7980
282,8809
282,11332
282,12524
282,14372
282,18842
282,19822
282,22536
282,25477
282,26747
282,27235
282,27327
282,28594
283,298
283,405
283,1501
283,1631
283,1951
283,4105
283,4341
283,4439
283,4651
283,5967
283,6249
283,7164
283,8183
283,9163
283,10846
283,11212
283,12804
283,16244
283,16428
283,19977
283,20174
283,23492
283,24152
283,28520
283,29237
284,306
284,728
284,731
284,784
284,844
284,930
284,966
284,1018
284,1377
284,1585
284,1640
284,1756
284,1874
284,2191
284,2335
284,2542
284,2588
284,2908
284,3699
284,3756
284,3904
284,4283
284,5087
284,5378
284,5821
284,6065
284,7136
284,7651
284,9053
284,10578
284,12244
284,12647
284,13266
284,13868
284,15253
284,16293
284,17208
284,18134
284,19232
284,19241
284,19331
284,19657
284,19758
284,20364
284,22530
284,22646
284,24378
284,26658
284,26772
284,27329
285,423
285,667
285,1508
285,1619
285,1858
285,2243
285,5676
285,7542
285,16244
285,22157
285,22335
285,22349
285,27585
286,312
286,1214
286,1487
286,1703
286,1716
286,1989
286,2315
286,2720
286,3476
286,3512
286,4060
286,6300
286,6362
286,10811
286,11384
286,12718
286,12767
286,13603
286,14155
286,14218
286,16185
286,21347
286,21705
286,24872
286,26563
287,811
287,1486
287,1725
287,2542
287,2934
287,2951
287,3046
287,3082
287,3332
287,4234
287,4504
287,4902
287,5621
287,5823
287,5945
287,6017
287,6247
287,6934
287,7901
287,11632
287,11924
287,13812
287,13867
287,14133
287,15481
287,16012
287,19301
287,20384
287,22326
287,22470
287,22764
287,24416
287,24430
287,24825
287,25266
287,26550
287,26824
287,28305
288,468
288,489
288,1502
288,1510
288,1723
288,2080
288,2353
288,3004
288,3108
288,3122
288,4343
288,4969
288,5599
288,7211
288,7719
288,9971
288,12786
288,13442
288,15622
288,16681
288,16989
288,17019
288,18639
288,20037
288,20545
288,21312
288,27354
288,28198
289,663
289,2102
289,2647
289,3550
289,5885
289,9105
289,11207
289,11968
289,15920
289,19777
289,23137
289,23283
289,25900
289,27928
289,29941
290,374
290,393
290,687
290,1999
290,2615
290,4200
290,4402
290,4521
290,6984
290,7051
290,7529
290,7979
290,8712
290,8735
290,20540
290,26018
291,404
291,621
291,1242
291,1573
291,2469
291,3348
291,5468
291,8632
291,8997
291,16982
291,21162
291,21533
291,22793
291,26706
291,29050
291,29580
292,585
292,1094
292,2063
292,5011
292,6403
292,7246
292,9507
292,13243
292,16862
292,18512
292,20226
292,26549
293,1117
293,1195
293,1548
293,2409
293,2774
293,3113
293,4080
293,5264
293,7320
293,8889
293,9428
293,10183
293,13821
293,14093
293,14821
293,18020
293,18785
293,19131
293,20649
293,20702
293,22127
293,22686
293,25311
293,25715
294,296
294,360
294,545
294,1036
294,1057
294,1245
294,1769
294,1956
294,2147
294,2323
294,2612
294,4472
294,6752
294,6896
294,6919
294,8259
294,8421
294,10225
294,10884
294,13195
294,16182
294,18429
294,20658
294,21876
294,21973
294,22818
294,28031
294,28709
294,29329
295,474
295,546
295,4918
296,313
296,969
296,1724
296,2172
296,3950
296,5532
296,7805
296,13978
296,17082
296,22077
296,23362
297,364
297,419
297,657
297,689
297,801
297,1049
297,1063
297,1284
297,1486
297,1560
297,1694
297,1727
297,1743
297,2075
297,2117
297,2211
297,2248
297,2385
297,3077
297,3266
297,3590
297,4373
297,5123
297,5176
297,5601
297,5809
297,6275
297,6671
297,7380
297,7394
297,7611
297,10802
297,11878
297,11998
297,13037
297,13060
297,13628
297,14421
297,14436
297,15531
297,15762
297,17148
297,18928
297,19303
297,19804
297,19831
297,19950
297,20270
297,20491
297,21132
297,21291
297,22158
297,22709
297,23021
297,23384
297,24254
297,24275
297,24478
297,25056
297,25062
297,27520
297,28465
298,334
298,741
298,1686
298,4076
298,4253
298,5065
298,5362
298,6128
298,6238
298,6602
298,6633
298,9273
298,9735
298,10451
298,15057
298,15233
298,16541
298,18437
298,18857
298,19501
298,21743
298,24071
298,29062
298,29399
299,565
299,693
299,719
299,755
299,807
299,1146
299,1386
299,1569
299,1665
299,2319
299,2577
299,2951
299,3536
299,3883
299,4856
299,4869
299,4989
299,5184
299,5271
299,6771
299,8495
299,9502
299,9593
299,11078
299,11421
299,11675
299,14935
299,15022
299,15766
299,17020
299,17513
299,20269
299,24853
299,25134
299,26960
299,27487
300,481
300,728
300,1056
300,1108
300,1352
300,1532
300,1666
300,1776
300,2013
300,2085
300,2362
300,2584
300,2958
300,4893
300,4937
300,5223
300,5318
300,5386
300,6143
300,6349
300,6820
300,7235
300,8043
300,8119
300,9496
300,9727
300,10406
300,10977
300,11196
300,11802
300,11871
300,13071
300,13608
300,14411
300,15306
300,15325
300,15486
300,15614
300,16059
300,16110
300,18226
300,20348
300,21028
300,21650
300,22061
300,22208
300,22349
300,22713
300,27025
300,27770
300,28343
300,28524
301,438
301,494
301,513
301,740
301,840
301,901
301,933
301,1030
301,1578
301,1598
301,2024
301,2148
301,3695
301,3940
301,4257
301,7728
301,8529
301,8797
301,9145
301,10416
301,11095
301,12771
301,13983
301,14102
301,15442
301,15560
301,15771
301,15969
301,17714
301,18914
301,19673
301,20729
301,20813
301,21967
301,22754
301,22781
301,24911
301,25822
301,26286
301,28369
302,322
302,464
302,559
302,824
302,927
302,1288
302,1570
302,1606
302,1621
302,2016
302,2036
302,2067
302,2666
302,3935
302,3984
302,4474
302,4917
302,4952
302,5113
302,5248
302,5343
302,5474
302,5608
302,5708
302,6100
302,6359
302,6951
302,7085
302,7242
302,7246
302,7705
302,8258
302,8551
302,8629
302,8951
302,9398
302,10408
302,11087
302,11223
302,16037
302,16189
302,16388
302,16432
302,16907
302,20697
302,20876
302,23020
302,23265
302,23404
302,23741
302,23839
302,24394
302,24928
302,24931
302,25036
302,25680
302,25800
302,26112
302,27001
302,27102
302,27150
302,28604
302,29765
303,833
303,920
303,1283
303,1459
303,1545
303,1568
303,2655
303,2681
303,2831
303,4651
303,4976
303,6371
303,7200
303,7242
303,8345
303,8623
303,10102
303,10319
303,10983
303,11844
303,11923
303,12312
303,12349
303,13482
303,16944
303,16986
303,18461
303,22631
303,22708
303,23427
303,24098
303,24242
303,24581
303,25112
304,553
304,1387
304,2138
304,2753
304,3917
304,6176
304,7417
304,8776
304,9601
304,10553
304,14356
304,15646
304,17069
304,17295
304,18866
304,22310
304,23972
304,24998
304,27019
305,421
305,759
305,1221
305,1749
305,2962
305,3493
305,4186
305,4459
305,8726
305,12665
305,15554
305,15599
305,15812
305,17723
305,18534
305,19957
305,22404
305,22420
305,26192
306,355
306,487
306,527
306,558
306,1067
306,1113
306,1210
306,1233
306,1240
306,1457
306,1744
306,2486
306,2773
306,2898
306,3507
306,4273
306,4793
306,4829
306,5066
306,6739
306,7437
306,7757
306,8916
306,9000
306,9090
306,9227
306,9245
306,9452
306,9963
306,10991
306,11176
306,12688
306,15081
306,17043
306,18066
306,20304
306,20604
306,20679
306,21039
306,22130
306,23129
306,23739
306,23856
306,24456
306,26148
306,28189
306,28724
306,28952
307,1608
307,2895
307,5346
307,11935
307,12917
307,18527
307,19847
307,21535
307,27214
308,589
308,5025
308,5944
308,13240
308,13914
308,23748
308,28732
308,29243
309,400
309,630
309,665
309,677
309,812
309,1431
309,2027
309,2855
309,3126
309,3454
309,5488
309,6688
309,7492
309,7623
309,7886
309,9774
309,11311
309,12921
309,15088
309,16565
309,17390
309,19333
309,29300
309,29938
310,312
310,1526
310,2268
310,2610
310,3711
310,4549
310,5307
310,5316
310,12896
310,19708
310,19811
310,21494
310,21671
310,26708
311,523
311,698
311,1461
311,3558
311,3642
311,3921
311,4361
311,4596
311,5529
311,6127
311,8021
311,10106
311,10241
311,11597
311,11759
311,12211
311,13505
311,16026
311,17832
311,18410
311,18433
311,21102
311,21645
311,22444
311,24329
311,25317
311,25836
311,27254
312,444
312,459
312,511
312,601
312,668
312,884
312,1275
312,1665
312,2417
312,2494
312,2788
312,3083
312,3090
312,3527
312,4044
312,4457
312,4742
312,4946
312,5337
312,5570
312,5721
312,5805
312,6423
312,6941
312,6983
312,10064
312,10359
312,11533
312,11825
312,12668
312,12920
312,13931
312,14077
312,14461
312,16030
312,17267
312,18998
312,22426
312,24603
312,24627
312,24912
312,24969
312,26427
312,27391
312,28727
312,29196
313,438
313,1151
313,1471
313,2051
313,2368
313,2752
313,2882
313,3074
313,3517
313,3616
313,3624
313,3694
313,3806
313,4016
313,4231
313,4444
313,4669
313,5630
313,6210
313,7457
313,8334
313,9072
313,9319
313,9355
313,9625
313,10241
313,10459
313,11437
313,11572
313,14781
313,15298
313,16884
313,17500
313,18633
313,20403
313,22042
313,22049
313,22625
313,23387
313,23528
313,24355
313,25893
313,26085
313,27017
313,27601
313,27790
313,27845
313,27854
313,28253
313,28481
313,29156
313,29516
313,29762
314,461
314,598
314,781
314,1783
314,2204
314,2387
314,2802
314,3376
314,3545
314,3631
314,3820
314,4080
314,6647
314,6720
314,6842
314,7436
314,8203
314,8303
314,8594
314,9031
314,9114
314,9348
314,10834
314,11048
314,11373
314,11661
314,13490
314,14928
314,16729
314,16898
314,18564
314,21988
314,24888
314,25372
314,28980
314,29490
315,371
315,565
315,932
315,1887
315,8148
315,9116
315,13032
315,16008
315,17016
315,18833
315,26945
315,29926
316,1837
316,3223
316,4740
316,4788
316,7533
316,8092
316,8252
316,10028
316,16275
316,16605
316,18416
316,18764
316,21334
316,22289
316,25024
316,26381
316,27125
316,27266
317,372
317,486
317,529
317,853
317,865
317,1076
317,1150
317,1368
317,1771
317,1993
317,2508
317,3156
317,3807
317,3860
317,3897
317,7058
317,11283
317,11942
317,12284
317,13080
317,14518
317,14905
317,15101
317,16443
317,17293
317,17391
317,17567
317,20201
317,20246
317,21062
317,26224
317,26520
317,27329
317,28513
317,28909
317,29766
318,557
318,725
318,727
318,745
318,865
318,890
318,1075
318,2745
318,3353
318,3505
318,4411
318,4924
318,5328
318,5786
318,6127
318,6297
318,8246
318,10636
318,13467
318,25299
318,29094
319,1195
319,1295
319,2104
319,2151
319,3304
319,3316
319,3818
319,5436
319,5839
319,7274
319,7616
319,7914
319,8923
319,9277
319,10563
319,15141
319,15326
319,18857
319,19532
319,24206
319,24854
319,25446
319,25677
319,25762
320,321
320,575
320,613
320,1841
320,2071
320,4937
320,5445
320,6080
320,6431
320,7176
320,7984
320,10936
320,12863
320,13459
320,14298
320,15037
320,15134
320,20275
320,21354
320,22531
320,22772
320,27021
320,27699
321,1557
321,2018
321,2527
321,2608
321,3494
321,6440
321,7835
321,8195
321,8584
321,13630
321,13879
321,20075
321,24221
321,24505
321,25467
321,26029
321,26556
321,29459
322,335
322,752
322,791
322,857
322,941
322,957
322,1033
322,1563
322,2117
322,2176
322,2296
322,3395
322,3433
322,4594
322,5047
322,5548
322,6065
322,6490
322,9256
322,9915
322,10239
322,11432
322,13305
322,16241
322,19169
322,20353
322,21022
322,21915
322,22340
322,23251
322,29456
323,752
323,2044
323,3861
323,5725
323,5899
323,6667
323,7838
323,10996
323,17444
323,21669
323,21893
323,24604
323,26504
323,26673
324,397
324,410
324,894
324,1012
324,1113
324,1257
324,1278
324,1402
324,1920
324,2049
324,2112
324,2199
324,2509
324,2786
324,2830
324,2976
324,3259
324,3268
324,3300
324,3359
324,3526
324,3567
324,3785
324,3845
324,3933
324,3937
324,3981
324,4051
324,4075
324,4487
324,4582
324,4748
324,4827
324,4930
324,5107
324,5179
324,5256
324,5660
324,5704
324,6937
324,7451
324,7731
324,8286
324,8288
324,8663
324,8909
324,9326
324,9530
324,9742
324,9876
324,10174
324,10388
324,10661
324,11060
324,11260
324,12078
324,12599
324,13189
324,14460
324,14507
324,15080
324,15987
324,16163
324,16680
324,16729
324,17056
324,17603
324,17982
324,18186
324,18635
324,18654
324,18708
324,19225
324,20376
324,20945
324,21431
324,21929
324,22059
324,22964
324,23255
324,23555
324,23682
324,23956
324,24083
324,24133
324,24909
324,25781
324,26218
324,26255
324,26349
324,26442
324,26756
324,27014
324,27548
324,28206
324,28230
324,28606
324,28847
324,29234
324,29528
325,354
325,1674
325,2771
325,2840
325,4679
325,6085
325,6207
325,6250
325,7007
325,8382
325,16550
325,16799
325,20520
325,20865
325,21230
325,28555
325,29550
326,1187
326,1596
326,2811
326,3075
326,3898
326,4073
326,5753
326,6657
326,7579
326,10533
326,11626
326,13931
326,14028
326,17332
326,17647
326,18220
326,19769
326,20041
327,1589
327,3456
327,4465
327,8679
327,13060
327,13643
327,23286
327,28218
328,1163
328,1509
328,2029
328,2823
328,4551
328,5142
328,7859
328,8051
328,8469
328,9104
328,11426
328,15305
328,19494
328,22250
328,26997
328,28223
329,511
329,944
329,3746
329,5410
329,5908
329,5914
329,7866
329,7994
329,8064
329,10921
329,11110
329,12126
329,12186
329,14028
329,16664
329,19655
329,21973
329,22325
329,25813
329,28040
329,29092
330,810
330,1385
330,1574
330,2569
330,2754
330,3355
330,3684
330,3920
330,4269
330,4639
330,4689
330,5114
330,5327
330,5907
330,6824
330,8207
330,8947
330,9456
330,10472
330,14495
330,16436
330,16928
330,20461
330,21128
330,21575
330,22035
330,22200
330,23044
330,24046
330,27070
330,27590
331,608
331,1197
331,4213
331,5550
331,5602
331,6502
331,9722
331,15149
331,17283
331,18229
331,19265
331,20188
331,25566
331,26583
331,29133
332,662
332,809
332,1274
332,1434
332,1498
332,1916
332,1919
332,2231
332,2429
332,2434
332,2712
332,2972
332,3125
332,3890
332,4034
332,4097
332,4116
332,4550
332,5168
332,5730
332,5828
332,6978
332,7114
332,7286
332,7311
332,7357
332,7781
332,7809
332,7951
332,8366
332,9115
332,9349
332,9472
332,9857
332,10657
332,12892
332,13134
332,13230
332,13780
332,13985
332,14288
332,14960
332,15088
332,15136
332,17533
332,17557
332,18076
332,18335
332,19815
332,20511
332,21081
332,22050
332,22680
332,23979
332,24652
332,25327
332,29415
332,29826
332,29895
333,676
333,3130
333,6035
333,7085
333,7122
333,10398
333,11971
333,19035
333,23018
333,23396
333,24294
333,25737
333,28915
333,29674
334,472
334,679
334,711
334,893
334,1312
334,1349
334,1399
334,1492
334,1550
334,1573
334,1782
334,2004
334,2428
334,2873
334,3349
334,3727
334,3744
334,3885
334,3940
334,4187
334,4383
334,4399
334,4539
334,4818
334,4837
334,4858
334,5046
334,6142
334,6272
334,6300
334,6508
334,6583
334,6794
334,7197
334,7287
334,7456
334,7618
334,7872
334,8741
334,9274
334,9334
334,9615
334,10154
334,10226
334,10299
334,11605
334,12630
334,13805
334,15417
334,15645
334,16245
334,17135
334,17153
334,18119
334,18634
334,18818
334,19399
334,19802
334,19927
334,20059
334,20187
334,21211
334,22561
334,23338
334,25304
334,26284
334,26507
334,26729
334,27089
334,27788
334,29428
334,29751
335,424
335,572
335,677
335,727
335,818
335,851
335,905
335,983
335,1159
335,1259
335,1447
335,1515
335,1682
335,2075
335,2307
335,2687
335,2699
335,2759
335,3255
335,3496
335,3612
335,3646
335,4348
335,4771
335,5275
335,5702
335,6294
335,6857
335,6878
335,7330
335,7818
335,8249
335,9006
335,9162
335,10364
335,10596
335,14213
335,17498
335,18679
335,18891
335,19004
335,19260
335,20038
335,20874
335,21400
335,21632
335,24003
335,25041
335,25212
335,25335
335,27562
335,28200
335,29143
335,29200
336,434
336,2106
336,5651
336,7776
336,9030
336,10589
336,19794
336,20630
336,21426
336,26264
337,664
337,810
337,1392
337,1732
337,1758
337,3204
337,5783
337,6438
337,9434
337,10987
337,11187
337,11974
337,13027
337,13530
337,13809
337,17397
337,17426
337,19349
337,20144
337,20146
337,22753
337,25136
337,28157
337,29432
338,414
338,654
338,1125
338,1385
338,1618
338,1664
338,1748
338,2273
338,3349
338,3969
338,4976
338,5774
338,6178
338,7471
338,10232
338,10804
338,13019
338,13757
338,14890
338,15995
338,18877
338,19232
338,24373
338,24492
338,29262
338,29604
338,29764
338,29827
339,357
339,539
339,562
339,659
339,743
339,906
339,1118
339,1130
339,1962
339,3081
339,3619
339,4456
339,4615
339,4845
339,5121
339,5501
339,6639
339,7235
339,9383
339,10514
339,11788
339,12642
339,12661
339,15305
339,15805
339,17753
339,17864
339,19211
339,19352
339,19707
339,19848
339,19866
339,21808
339,24333
339,26763
339,27824
340,488
340,586
340,754
340,814
340,955
340,2279
340,2956
340,3101
340,3128
340,3160
340,3367
340,4805
340,5263
340,6443
340,7271
340,8095
340,8750
340,9240
340,9546
340,9753
340,10852
340,12258
340,12272
340,12881
340,13819
340,16473
340,17489
340,17712
340,19833
340,21115
340,21500
340,23005
340,24144
340,26138
340,28589
340,29619
341,500
341,2183
341,2375
341,2965
341,4757
341,6161
341,9423
341,9602
341,13664
341,16262
341,18852
341,20235
341,24068
341,25397
341,27310
342,657
342,6335
342,10975
343,361
343,417
343,443
343,788
343,862
343,914
343,967
343,1157
343,1202
343,1241
343,1669
343,1858
343,1902
343,2008
343,2078
343,2079
343,2359
343,2499
343,2565
343,2697
343,2701
343,2997
343,3400
343,4199
343,4974
343,5006
343,5021
343,5097
343,5505
343,5678
343,5889
343,6954
343,7009
343,7547
343,7835
343,8073
343,8859
343,8883
343,8985
343,9575
343,10094
343,10475
343,10766
343,11200
343,11213
343,11753
343,12447
343,13865
343,13908
343,14380
343,14845
343,15150
343,15545
343,16167
343,17223
343,17292
343,17837
343,19194
343,19643
343,19757
343,20655
343,22272
343,22280
343,22404
343,26034
343,26354
343,26500
343,26847
343,28022
344,1171
344,1501
344,2758
344,3114
344,5019
344,8450
344,10407
344,12035
344,13656
344,19537
344,26532
345,434
345,688
345,1335
345,2122
345,2419
345,2603
345,2662
345,3191
345,3574
345,6383
345,7669
345,8015
345,8751
345,8793
345,10751
345,11667
345,11960
345,12239
345,12377
345,14576
345,17562
345,20151
345,20800
345,21142
345,22950
345,23928
345,24064
345,24840
345,25054
345,26244
346,410
346,1070
346,1390
346,1701
346,2063
346,4226
346,5992
346,6847
346,18094
346,25049
347,1715
347,2070
347,2353
347,3130
347,4672
347,4913
347,6721
347,9798
347,19137
347,23503
347,24831
347,26455
347,27478
348,444
348,503
348,627
348,1441
348,2790
348,4573
348,6140
348,7701
348,8471
348,9331
348,13437
348,14430
348,16921
348,19515
348,21725
348,23726
348,28878
348,29523
349,584
349,642
349,923
349,1741
349,2312
349,5201
349,6101
349,8077
349,10555
349,10680
349,10837
349,11011
349,11514
349,11777
349,12758
349,13604
349,17143
349,18371
349,21820
349,22153
349,23159
349,23930
350,2182
350,3844
350,8008
350,9617
350,16121
350,16375
350,29692
351,632
351,763
351,981
351,2108
351,2326
351,2912
351,2926
351,3077
351,3140
351,3460
351,3485
351,4378
351,4537
351,4623
351,5672
351,5986
351,7270
351,7654
351,8200
351,8693
351,8993
351,10995
351,11328
351,12543
351,12586
351,12587
351,12664
351,13145
351,13919
351,14122
351,15682
351,16517
351,17353
351,19874
351,20383
351,21244
351,21494
351,22097
351,23318
351,23620
351,24218
351,25120
351,26234
351,27861
351,28863
351,29825
351,29855
352,366
352,578
352,1255
352,1902
352,2256
352,2469
352,2840
352,3632
352,4347
352,5127
352,5762
352,6194
352,6273
352,6611
352,6992
352,7064
352,7462
352,9828
352,10534
352,11210
352,11336
352,11399
352,11812
352,12777
352,14484
352,14931
352,15025
352,17322
352,18787
352,19642
352,20528
352,22264
352,25381
352,26332
352,26956
352,29252
352,29472
352,29533
353,461
353,516
353,762
353,784
353,991
353,1822
353,2701
353,7871
353,12311
353,12737
353,13120
353,16070
353,27674
354,1757
354,3350
354,3915
354,5402
354,5924
354,9238
354,10419
354,11986
354,17729
354,18552
354,21551
354,21974
354,22291
354,23350
354,23475
354,25209
355,456
355,1193
355,1725
355,3930
355,4186
355,5192
355,5230
355,5332
355,5714
355,6109
355,6932
355,7939
355,9794
355,11409
355,12021
355,13471
355,15154
355,18600
355,20197
355,21721
355,21992
355,26288
355,26796
355,27192
355,27312
355,29078
356,723
356,833
356,854
356,866
356,940
356,1089
356,1347
356,1417
356,1605
356,2507
356,2679
356,3033
356,3358
356,3740
356,3768
356,3875
356,4144
356,4388
356,4892
356,5103
356,5399
356,6552
356,7004
356,7011
356,9034
356,10077
356,12573
356,12685
356,13480
356,14176
356,14248
356,14817
356,15280
356,15413
356,15679
356,16198
356,17436
356,18643
356,19081
356,19327
356,20469
356,21963
356,22147
356,25080
356,25368
356,27269
357,3279
357,5242
357,5643
357,19719
357,20207
357,29113
359,2761
359,7002
359,9089
359,10165
359,15142
359,16683
359,17784
359,23040
359,24254
360,685
360,920
360,1527
360,2172
360,2233
360,3025
360,3712
360,4596
360,4798
360,4822
360,6557
360,7131
360,7650
360,7834
360,13026
360,22785
360,22845
360,24873
360,25994
360,27077
361,409
361,825
361,2830
361,4294
361,4811
361,5331
361,6088
361,6886
361,9363
361,15067
361,17317
361,20731
361,21288
361,22119
361,23953
361,26597
362,1293
362,1539
362,2871
362,5609
362,13657
362,22555
363,1066
363,1159
363,1338
363,1575
363,2072
363,2228
363,2474
363,5207
363,5703
363,7546
363,8218
363,12095
363,12974
363,13239
363,16132
363,17520
363,18989
363,21930
363,22225
363,27821
363,28920
364,401
364,2170
364,2958
364,10648
364,11081
364,13100
364,15125
364,15514
364,19121
364,19639
364,22357
365,2039
365,3384
365,3474
365,4046
365,4637
365,5189
365,6408
365,6618
365,8134
365,9346
365,9803
365,12044
365,18116
365,18350
365,20129
365,21115
365,21802
365,26436
366,563
366,612
366,966
366,2131
366,4117
366,4263
366,4698
366,5813
366,8622
366,9153
366,10971
366,11330
366,21147
366,26457
367,770
367,1896
367,2468
367,3138
367,3988
367,4566
367,6485
367,8011
367,8031
367,8462
367,9424
367,10203
367,11426
367,11883
367,12292
367,12715
367,14085
367,16468
367,20358
367,21425
368,671
368,891
368,1161
368,1413
368,1823
368,3148
368,8052
368,8088
368,9272
368,11550
368,21935
368,24372
368,25275
368,26265
368,27458
369,496
369,613
369,735
369,856
369,1198
369,1260
369,1293
369,1375
369,1452
369,1455
369,1543
369,1571
369,1643
369,1979
369,2401
369,2541
369,2561
369,2657
369,2693
369,2807
369,2927
369,2974
369,3187
369,3189
369,3648
369,3810
369,3815
369,4047
369,4061
369,4441
369,4952
369,5098
369,5338
369,6448
369,6906
369,7534
369,8140
369,8554
369,8964
369,11342
369,12625
369,13025
369,13058
369,13152
369,13598
369,15634
369,16227
369,16469
369,16713
369,16776
369,17618
369,17966
369,18165
369,18750
369,19226
369,19293
369,19837
369,23197
369,24283
369,24430
369,24713
369,25355
369,25471
369,26001
369,26175
369,26197
369,26205
369,26289
369,28971
370,439
370,679
370,696
370,1785
370,1945
370,3258
370,4638
370,6455
370,7075
370,7159
370,7822
370,8303
370,8434
370,9044
370,9272
370,15261
370,15320
370,15482
370,19400
370,20592
370,22673
370,25211
370,26401
370,27139
371,413
371,699
371,765
371,1927
371,2313
371,2571
371,3168
371,3888
371,6122
371,10427
371,12064
371,15290
371,15976
371,16574
371,17164
371,18323
371,20777
371,24122
371,25022
372,654
372,2665
372,2666
372,2803
372,3451
372,5969
372,6590
372,7212
372,7608
372,10824
372,12814
372,12884
372,13084
372,13324
372,13587
372,15402
372,15852
372,21309
372,24055
372,24199
372,24769
372,25281
372,25621
372,26219
372,26549
372,26862
373,610
373,705
373,717
373,878
373,950
373,1079
373,1112
373,1480
373,1628
373,1748
373,1806
373,1814
373,1875
373,1901
373,2263
373,2377
373,2605
373,2938
373,3059
373,3395
373,3956
373,4070
373,4147
373,4338
373,4610
373,4936
373,4947
373,5199
373,5444
373,6310
373,6336
373,6399
373,6861
373,7335
373,7630
373,8412
373,9441
373,12103
373,12367
373,14067
373,14756
373,15106
373,17197
373,17651
373,18033
373,18170
373,18319
373,20228
373,20719
373,22573
373,23351
373,23360
373,23380
373,23517
373,23592
373,23608
373,24813
373,25002
373,25740
373,27011
373,29075
374,1098
374,1436
374,2218
374,2220
374,3646
374,4248
374,7720
374,9620
374,11065
374,15734
374,17075
374,18692
374,25593
375,864
375,1010
375,2510
375,3729
375,6083
375,6429
375,10250
375,17108
375,28733
376,491
376,502
376,534
376,877
376,1053
376,1581
376,3358
376,4088
376,4685
376,4784
376,6147
376,7789
376,9219
376,9891
376,10973
376,12039
376,16080
376,16430
376,16668
376,17618
376,18215
376,19531
376,23398
376,23693
376,25274
376,27339
377,429
377,908
377,1448
377,1697
377,1896
377,2434
377,4337
377,4778
377,4978
377,5216
377,5978
377,6311
377,6796
377,7927
377,8775
377,11646
377,12067
377,12883
377,13077
377,13260
377,17603
377,23230
377,24240
377,25320
377,26028
377,26662
377,29363
378,863
378,1677
378,2740
378,2998
378,3579
378,4616
378,5567
378,9014
378,10400
378,10497
378,12717
378,14052
378,14927
378,15246
378,15579
378,16660
378,23101
378,24638
378,24937
378,28236
378,29240
379,498
379,716
379,1050
379,1132
379,1314
379,1388
379,1588
379,3526
379,4930
379,5487
379,5689
379,6476
379,8037
379,8539
379,9672
379,10952
379,11016
379,11734
379,12185
379,12295
379,15455
379,16562
379,17245
379,17417
379,17516
379,19067
379,19091
379,23860
379,24820
379,27118
379,28114
380,1009
380,1607
380,2477
380,2952
380,6311
380,6693
380,9023
380,11877
380,13220
380,13745
380,14191
380,15586
380,17945
380,18667
380,21964
380,23322
381,416
381,433
381,510
381,687
381,1237
381,1377
381,1781
381,1810
381,1844
381,3421
381,4044
381,5058
381,6618
381,7544
381,7582
381,7851
381,7854
381,7989
381,8367
381,11048
381,11209
381,11569
381,12999
381,13048
381,13090
381,14170
381,14647
381,15454
381,15864
381,16385
381,16978
381,19855
381,19881
381,19939
381,23357
381,24738
381,26172
381,26184
381,26971
381,27479
381,29123
382,1218
382,1330
382,1588
382,1611
382,2033
382,2495
382,3602
382,5009
382,5218
382,5812
382,7310
382,16940
382,19033
382,21518
382,23074
382,23706
382,29817
383,424
383,2088
383,2407
383,3105
383,3494
383,6029
383,9768
383,14120
383,14934
383,18569
383,18834
383,20998
383,24973
383,27869
383,28148
384,425
384,465
384,554
384,635
384,658
384,680
384,736
384,1001
384,1031
384,1492
384,1660
384,1778
384,1941
384,2104
384,2263
384,2500
384,2669
384,3005
384,3366
384,3855
384,3945
384,4981
384,5616
384,6649
384,6875
384,7306
384,7954
384,9289
384,10008
384,10466
384,10543
384,11390
384,13002
384,14108
384,14447
384,14762
384,15396
384,15712
384,17206
384,18136
384,18466
384,19167
384,20384
384,20568
384,21206
384,24069
384,25797
384,26022
384,27246
384,27818
384,28813
384,29584
385,394
385,1028
385,1891
385,2464
385,3380
385,3905
385,3927
385,4141
385,4431
385,5528
385,7003
385,7447
385,8061
385,9713
385,10015
385,12343
385,16094
385,16666
385,16717
385,17954
385,20498
385,21602
385,22407
385,24464
385,26616
386,427
386,546
386,1551
386,2667
386,3391
386,4081
386,4855
386,5302
386,6390
386,7479
386,9251
386,11867
386,12206
386,13582
386,14220
386,22171
386,22930
386,23777
386,24054
386,24444
386,25648
386,25839
386,29858
387,396
387,466
387,1002
387,1140
387,1144
387,1320
387,1496
387,2047
387,2408
387,2557
387,10083
387,13385
387,13526
387,16953
387,18160
387,18432
387,27791
387,28091
388,1616
388,3797
388,4306
388,8015
388,10344
388,17523
388,19133
389,578
389,1192
389,1240
389,1852
389,1904
389,2823
389,4834
389,5714
389,6903
389,12692
389,15480
389,18977
389,24468
390,463
390,590
390,925
390,5635
390,5865
390,6664
390,6725
390,10581
390,11510
390,12095
390,18215
391,508
391,603
391,631
391,938
391,2501
391,4465
391,4885
391,5168
391,5296
391,5844
391,6126
391,7216
391,7717
391,9379
391,14884
391,16079
391,16619
391,17605
391,17688
391,20073
391,21726
391,24297
391,26761
391,29449
391,29749
392,661
392,1836
392,7440
392,14522
393,462
393,590
393,648
393,669
393,757
393,849
393,1165
393,1940
393,2691
393,3302
393,3628
393,3804
393,5072
393,5150
393,5234
393,5326
393,5677
393,5995
393,6222
393,6394
393,6636
393,7592
393,7831
393,8342
393,8883
393,9788
393,10735
393,11752
393,12587
393,12705
393,13208
393,13288
393,14739
393,14895
393,15545
393,16466
393,17169
393,22048
393,22399
393,22456
393,22542
393,23097
393,23863
393,24762
393,24817
393,26555
393,28639
393,28984
394,530
394,559
394,834
394,905
394,971
394,2544
394,5911
394,6243
394,7650
394,7900
394,11692
394,12849
394,14438
394,14533
394,15769
394,16349
394,16355
394,16859
394,18406
394,19527
394,19625
394,24194
394,24731
394,26395
394,27212
394,27474
395,1361
395,3942
395,5721
395,8419
395,13971
395,19055
395,22116
395,24021
395,25273
395,28736
395,28888
396,446
396,869
396,1704
396,1932
396,2062
396,3285
396,3882
396,4713
396,5201
396,5325
396,5755
396,5895
396,11042
396,12859
396,12935
396,13652
396,15836
396,16143
396,19005
396,20603
396,23478
397,1008
397,1057
397,1235
397,2065
397,2354
397,4916
397,5305
397,8767
397,9980
397,10073
397,10837
397,10863
397,15095
397,19810
397,29475
398,519
398,616
398,763
398,1258
398,1270
398,2093
398,4055
398,4546
398,4810
398,5009
398,6118
398,15567
398,18913
398,21079
398,24916
398,25543
399,714
399,725
399,852
399,1355
399,1540
399,1579
399,1700
399,2342
399,2538
399,2580
399,3020
399,3178
399,3577
399,3886
399,4278
399,4597
399,5887
399,5931
399,6040
399,6101
399,6477
399,7412
399,7432
399,7451
399,7560
399,9407
399,9468
399,9543
399,9738
399,11532
399,12296
399,12352
399,12923
399,13666
399,13862
399,14212
399,16254
399,16481
399,20065
399,21516
399,28072
399,28489
399,28993
400,492
400,897
400,1963
400,2343
400,2937
400,3613
400,3799
400,4064
400,4095
400,6453
400,7825
400,8379
400,9572
400,9629
400,10771
400,11236
400,11411
400,14298
400,14432
400,14858
400,16156
400,16261
400,16825
400,16965
400,19556
400,21341
400,24003
400,25838
400,26732
400,27141
401,495
401,919
401,1537
401,2403
401,3252
401,3565
401,4650
401,6152
401,7255
401,7405
401,7519
401,7760
401,9898
401,10004
401,10812
401,11034
401,13492
401,15752
401,17140
401,18953
401,22295
401,23535
401,29569
401,29636
402,874
402,4622
402,5178
402,6806
402,6829
402,8504
402,9498
402,12965
402,13248
402,15787
402,16438
402,17300
402,17626
402,18803
402,27436
402,27873
403,1700
403,1787
403,1938
403,2143
403,2235
403,2270
403,2519
403,2715
403,3505
403,3506
403,3558
403,4312
403,5545
403,10247
403,11875
403,12253
403,15011
403,15159
403,18232
403,21492
403,24791
403,25093
403,27809
403,27846
403,29616
404,548
404,944
404,1599
404,1718
404,10429
404,16470
404,21000
404,29830
405,626
405,842
405,1227
405,1798
405,4132
405,6428
405,7975
405,10638
405,13371
405,16420
405,16436
405,19659
405,21624
405,28487
406,490
406,608
406,949
406,1042
406,1100
406,1157
406,1333
406,1923
406,2509
406,3035
406,3849
406,4007
406,4062
406,4420
406,4538
406,4879
406,5143
406,5665
406,6566
406,6733
406,6815
406,7062
406,10501
406,10544
406,10750
406,11087
406,11305
406,13044
406,13638
406,13796
406,14579
406,14620
406,14834
406,16497
406,16960
406,17318
406,19066
406,19133
406,19738
406,20096
406,21301
406,21482
406,21774
406,22050
406,22875
406,22915
406,23399
406,23957
406,24650
406,25879
406,28303
407,734
407,1431
407,1816
407,1846
407,2360
407,3552
407,4777
407,6308
407,7161
407,7274
407,7311
407,8764
407,9172
407,9328
407,10399
407,10551
407,11255
407,13112
407,15384
407,17617
407,17736
407,23571
407,24775
407,25070
407,25936
407,28536
407,28599
407,28761
408,480
408,692
408,823
408,1672
408,1866
408,2212
408,2861
408,6093
408,7712
408,9737
408,11639
408,12408
408,13068
408,17324
408,18151
408,21585
408,21816
408,22014
408,22136
408,22834
408,23454
408,25126
408,25976
408,28451
409,603
409,643
409,731
409,891
409,892
409,921
409,1177
409,1891
409,2409
409,3039
409,5364
409,5370
409,6076
409,6338
409,6735
409,7267
409,7489
409,8552
409,8703
409,8774
409,11420
409,15299
409,16747
409,17409
409,17888
409,19113
409,20932
409,22718
409,25019
409,25082
409,26034
410,472
410,497
410,694
410,1341
410,1698
410,2064
410,2711
410,3332
410,5708
410,6271
410,6326
410,6730
410,8288
410,8366
410,9769
410,9781
410,10373
410,11301
410,11688
410,17560
410,17986
410,20050
410,21942
410,22236
410,23824
410,24342
410,26775
410,28529
411,508
411,588
411,823
411,936
411,1078
411,1080
411,1299
411,2358
411,2668
411,3337
411,3715
411,4755
411,4834
411,5232
411,5808
411,7109
411,7826
411,8953
411,9900
411,10001
411,12352
411,12369
411,13081
411,13317
411,16069
411,18253
411,21391
411,22260
411,23113
411,23401
411,23807
411,23876
411,25252
411,25495
411,26277
411,29117
412,639
412,1253
412,1715
412,1782
412,2067
412,2195
412,3550
412,9918
412,10908
412,12109
412,14851
412,16253
412,17341
412,18838
412,18998
412,19693
412,20430
412,27671
412,29515
413,1162
413,1796
413,2832
413,3201
413,4299
413,7007
413,7146
413,8354
413,10948
413,18272
413,19433
413,20608
413,22710
413,27329
414,420
414,451
414,623
414,762
414,1560
414,2073
414,2673
414,2916
414,2930
414,3048
414,3806
414,3843
414,4510
414,5226
414,5337
414,5654
414,5977
414,6028
414,6172
414,7318
414,7649
414,7772
414,8048
414,8887
414,9928
414,9995
414,12154
414,12948
414,15398
414,16174
414,16351
414,17809
414,18271
414,18583
414,20443
414,20549
414,21438
414,24711
414,25968
414,29673
415,601
415,913
415,3775
415,4125
415,4145
415,5627
415,10261
415,10547
415,12652
415,24815
415,26703
415,27976
415,29909
416,561
416,663
416,982
416,1521
416,1617
416,2447
416,3272
416,4540
416,20233
416,20921
416,21878
416,23227
416,25927
417,1231
417,7400
417,20116
418,522
418,1444
418,1714
418,2055
418,3117
418,3144
418,3409
418,4467
418,4773
418,5124
418,5489
418,7270
418,8201
418,9602
418,11491
418,11958
418,12987
418,13165
418,13215
418,14366
418,16893
418,17155
418,17183
418,19367
418,19814
418,20310
418,21431
418,22947
418,23132
418,23331
418,24472
418,25709
418,29528
419,575
419,1697
419,5251
419,5902
419,7075
419,8631
419,11670
419,19052
419,26736
420,433
420,834
420,968
420,1312
420,1341
420,1587
420,1940
420,2222
420,2576
420,2903
420,2963
420,3122
420,3936
420,5010
420,5541
420,5545
420,5855
420,6176
420,7050
420,7387
420,7616
420,7641
420,8362
420,8789
420,8831
420,10454
420,10637
420,10792
420,10888
420,10910
420,10982
420,11046
420,12339
420,12640
420,13033
420,13635
420,14007
420,14615
420,15556
420,16564
420,16823
420,18274
420,18499
420,18641
420,18725
420,19589
420,19739
420,20514
420,21657
420,22411
420,23372
420,28161
420,28838
420,29697
421,459
421,711
421,952
421,1027
421,1076
421,1119
421,1813
421,2782
421,3268
421,4002
421,4701
421,8764
421,8791
421,8878
421,10500
421,12783
421,13278
421,13324
421,15937
421,16391
421,19413
421,20679
421,22619
421,24204
421,24402
421,25804
421,27538
421,28421
421,28559
421,28650
421,29764
422,1002
422,1298
422,2993
422,3046
422,3318
422,5034
422,7323
422,8493
422,8795
422,9636
422,10984
422,12179
422,13721
422,15584
422,17340
422,26294
423,1421
423,5245
423,5607
423,8271
423,9449
423,11288
423,12158
423,12923
423,15079
423,16869
423,20561
423,23033
423,23883
424,448
424,909
424,965
424,1092
424,1662
424,2922
424,3212
424,3552
424,5094
424,5267
424,6091
424,7221
424,7268
424,8404
424,8562
424,8981
424,8994
424,9146
424,9855
424,9906
424,10074
424,10220
424,10353
424,11144
424,12262
424,13124
424,13213
424,13966
424,14011
424,16784
424,20360
424,21620
424,22030
424,22073
424,28635
425,471
425,626
425,893
425,904
425,1734
425,1839
425,2348
425,2608
425,4114
425,4146
425,4501
425,4634
425,4806
425,5717
425,6291
425,6454
425,6556
425,7635
425,7685
425,8665
425,9682
425,10273
425,10358
425,10530
425,10587
425,10621
425,11221
425,11563
425,12254
425,12495
425,12648
425,12707
425,12778
425,13930
425,13935
425,15375
425,15876
425,16610
425,17003
425,21111
425,22247
425,22580
425,22976
425,23392
425,23885
425,25041
425,25304
425,26229
425,26874
426,431
426,537
426,645
426,684
426,807
426,1428
426,1968
426,2109
426,2298
426,2417
426,3332
426,5549
426,6837
426,7235
426,8800
426,10024
426,10335
426,10666
426,11171
426,11521
426,11731
426,11884
426,11949
426,12708
426,15963
426,16558
426,23218
426,26602
426,27477
426,28756
426,29282
427,490
427,517
427,564
427,608
427,712
427,749
427,760
427,1313
427,1561
427,1731
427,2207
427,2484
427,2546
427,2972
427,2976
427,3220
427,3691
427,3702
427,4523
427,4634
427,5327
427,5652
427,6056
427,6578
427,8117
427,9045
427,9974
427,10134
427,11163
427,12843
427,14089
427,14451
427,16283
427,17805
427,18733
427,19331
427,19752
427,21368
427,22795
427,23238
427,23756
427,24888
427,25534
427,27990
428,469
428,1635
428,2439
428,3521
428,6108
428,6468
428,6677
428,7995
428,8080
428,8399
428,11959
428,12178
428,12631
428,12838
428,15042
428,15689
428,17474
428,18197
428,19465
428,21091
428,22177
428,25303
428,27290
428,29539
428,29672
428,29962
429,1038
429,1225
429,1299
429,2799
429,3867
429,3910
429,5037
429,5355
429,5601
429,6965
429,7047
429,7315
429,9764
429,10136
429,10613
429,11995
429,12484
429,13468
429,13784
429,14804
429,15017
429,15676
429,16836
429,17258
429,17453
429,20744
429,21290
429,21998
429,28955
430,486
430,768
430,1155
430,6402
430,7214
430,9612
430,17778
430,18943
430,19512
430,21162
430,24796
431,498
431,831
431,1176
431,1259
431,1274
431,1598
431,1788
431,1877
431,1984
431,2307
431,2818
431,2901
431,2968
431,3229
431,3362
431,3899
431,4872
431,4893
431,4989
431,5455
431,6018
431,6024
431,8101
431,8286
431,9810
431,9962
431,9971
431,9978
431,10577
431,10820
431,11294
431,12683
431,12771
431,14010
431,14910
431,15072
431,15573
431,15895
431,16795
431,18300
431,18852
431,19554
431,20329
431,20792
431,21347
431,24034
431,25512
431,25572
431,25724
431,26068
431,28568
431,29047
431,29250
432,641
432,789
432,922
432,941
432,1319
432,2548
432,3991
432,4913
432,5643
432,6540
432,6771
432,7273
432,7626
432,8459
432,9069
432,9333
432,9771
432,11133
432,13622
432,14026
432,14526
432,17685
432,20970
432,24036
432,26668
432,29501
433,537
433,1116
433,1786
433,7674
433,13248
433,14974
433,15464
433,16642
433,17664
433,24313
434,1484
434,2612
434,3363
434,4657
434,4873
434,4918
434,5110
434,6196
434,11743
434,13657
434,15145
434,18521
435,4554
435,4864
435,8208
435,8739
435,9395
435,13146
435,13968
435,14161
435,26101
436,992
436,6697
436,8488
436,11606
436,22309
436,25385
437,464
437,1576
437,3303
437,3816
437,6365
437,7771
437,7814
437,8004
437,8723
437,10729
437,11762
437,14586
437,21817
437,22274
437,22905
437,25938
437,27077
438,624
438,1042
438,1174
438,1610
438,2464
438,3286
438,3662
438,5349
438,6337
438,7060
438,7927
438,8042
438,8130
438,11023
438,11423
438,13965
438,14877
438,15933
438,16396
438,17656
438,19458
438,20905
438,21797
438,22382
438,22592
438,25409
438,26121
438,26388
438,27578
439,5125
439,7571
439,10478
439,10625
439,15420
439,15421
439,15527
439,16246
439,17997
439,23273
439,23565
439,24564
440,449
440,465
440,487
440,497
440,577
440,942
440,980
440,985
440,2159
440,2733
440,3262
440,4146
440,6384
440,8143
440,8375
440,9087
440,9860
440,10286
440,10923
440,13006
440,13016
440,14249
440,15555
440,16546
440,16597
440,17652
440,17967
440,18985
440,21353
440,21997
440,22673
440,25546
440,25831
440,27103
440,28733
440,29381
441,781
441,1036
441,1074
441,1812
441,1884
441,4814
441,5655
441,6811
441,8138
441,8669
441,14404
441,16077
441,20323
441,21733
441,22560
442,3123
442,7193
442,7690
442,12829
442,13696
442,14305
442,17099
442,19849
442,24624
442,29216
442,29435
443,3284
443,3882
443,5038
443,5052
443,5354
443,10180
443,13611
443,14252
443,14765
443,24879
443,24932
443,25244
444,1204
444,1267
444,1497
444,2916
444,2994
444,3377
444,3732
444,4515
444,4753
444,4798
444,5303
444,5979
444,6105
444,7539
444,7813
444,8807
444,10381
444,10777
444,11175
444,15211
444,15639
444,15660
444,16444
444,19218
444,19407
444,22629
444,23098
444,23423
444,24616
444,24723
444,26447
444,26854
444,27268
444,27681
444,28560
444,28603
444,29184
445,458
445,825
445,903
445,912
445,1060
445,1093
445,1387
445,1663
445,1676
445,2179
445,2348
445,2801
445,2896
445,3112
445,3216
445,4776
445,6762
445,8329
445,8427
445,12127
445,12993
445,14116
445,16344
445,16757
445,17071
445,19530
445,19697
445,20024
445,20716
445,20911
445,21951
445,22172
445,23105
445,26766
445,28035
446,518
446,672
446,780
446,880
446,1197
446,1321
446,1756
446,2880
446,3194
446,3205
446,3752
446,4551
446,5012
446,5473
446,6545
446,6702
446,6865
446,6961
446,7168
446,8325
446,9534
446,11489
446,11507
446,11687
446,12462
446,12726
446,13206
446,13294
446,13860
446,13928
446,14820
446,16520
446,17163
446,18285
446,21569
446,21920
446,22595
446,23254
446,23810
446,24519
446,25193
446,25405
446,26345
446,28611
446,29077
447,847
447,2716
447,2910
447,3042
447,3830
447,3896
447,4862
447,5442
447,6213
447,6691
447,6712
447,6777
447,7045
447,10183
447,10320
447,13188
447,13709
447,14471
447,14705
447,17209
447,23801
447,28350
448,8498
448,29067
449,482
449,1276
449,1343
449,1423
449,1553
449,1624
449,2501
449,3314
449,4397
449,4531
449,4817
449,6540
449,6624
449,8455
449,9825
449,11108
449,11893
449,13671
449,14546
449,15113
449,15491
449,17208
449,19988
449,23283
449,23834
449,26693
449,28273
450,640
450,750
450,797
450,975
450,1556
450,1645
450,1937
450,5198
450,5334
450,6939
450,7481
450,11600
450,14378
450,14510
450,14710
450,16792
450,17493
450,18697
450,20032
450,26522
451,917
451,1041
451,1192
451,1317
451,1329
451,1658
451,1825
451,2408
451,2817
451,3907
451,7308
451,8274
451,8857
451,15190
451,15731
451,17066
451,18383
451,20319
451,22112
451,22618
451,22963
451,27545
452,981
452,1445
452,1812
452,2294
452,2989
452,3130
452,4318
452,5574
452,6013
452,6686
452,9700
452,11602
452,14966
452,14985
452,17944
452,18188
452,20177
452,21458
452,26326
452,26469
453,522
453,1541
453,2080
453,2259
453,2327
453,2647
453,3250
453,3455
453,4407
453,4772
453,6036
453,6436
453,6741
453,6797
453,7580
453,7694
453,8459
453,10520
453,13579
453,14544
453,14714
453,15236
453,15552
453,16109
453,16316
453,17416
453,18307
453,19843
453,20790
453,21434
453,22340
453,23943
453,23971
453,25416
453,25552
453,26613
453,27574
453,29686
454,739
454,2059
454,3296
454,3341
454,3481
454,5252
454,6260
454,10339
454,11004
454,13074
454,18590
454,20682
454,20888
454,22160
454,22272
454,22527
454,24179
454,26515
455,533
455,826
455,934
455,1618
455,1647
455,3084
455,3364
455,3397
455,3610
455,5686
455,6099
455,6659
455,6673
455,11308
455,11433
455,11595
455,13471
455,13486
455,14183
455,14427
455,17262
455,19248
455,20765
455,20967
455,23451
455,24082
456,647
456,739
456,769
456,782
456,1216
456,1458
456,1665
456,1762
456,3401
456,3618
456,5132
456,7736
456,9201
456,10599
456,13205
456,15512
456,16462
456,17152
456,17467
456,20837
456,23704
456,24488
456,28297
458,2244
458,3568
458,4791
458,8066
458,15001
458,28236
459,633
459,3949
459,7709
459,7947
459,8311
459,8394
459,10801
459,13950
459,13963
459,19677
459,19746
459,20276
459,20330
459,21363
460,1309
460,1893
460,1966
460,2098
460,4228
460,7194
460,8402
460,12176
460,13343
460,19518
460,19611
460,24088
460,24729
460,24836
460,28229
461,507
461,553
461,623
461,686
461,690
461,1037
461,1202
461,1428
461,1723
461,1805
461,1921
461,2125
461,3267
461,3917
461,4153
461,5464
461,6011
461,7475
461,7816
461,14448
461,15184
461,16165
461,17652
461,20047
461,20793
461,23564
461,23775
461,23781
461,25207
461,25609
461,27250
461,27301
461,27872
461,28028
461,29520
462,827
462,875
462,1114
462,1418
462,1997
462,2050
462,2440
462,2782
462,3198
462,5553
462,7402
462,7886
462,9659
462,10396
462,11392
462,11651
462,12597
462,12951
462,17807
462,22394
462,23200
462,25042
462,26247
462,27160
462,29260
463,551
463,644
463,2506
463,3234
463,3495
463,3653
463,3865
463,4070
463,5487
463,5603
463,5897
463,6258
463,6334
463,7047
463,7803
463,8396
463,8643
463,8954
463,12216
463,12745
463,12990
463,13049
463,13142
463,14727
463,17239
463,18194
463,21141
463,21861
463,23875
463,28083
464,782
464,1135
464,1688
464,1832
464,7855
464,9397
464,10346
464,16274
464,19686
464,24526
464,24904
464,29683
465,1261
465,3091
465,4222
465,7642
465,9022
465,9231
465,11932
465,12392
465,16424
465,17389
465,18369
465,22507
465,24876
465,25755
466,2869
466,4108
466,7408
466,9655
466,11841
466,12605
466,13992
466,15117
466,18959
466,21709
466,26223
467,662
467,686
467,736
467,843
467,883
467,1003
467,1450
467,1480
467,1747
467,1820
467,2133
467,2453
467,2674
467,3113
467,3175
467,3187
467,3242
467,3578
467,3768
467,3811
467,3937
467,4453
467,5989
467,6016
467,6918
467,6957
467,7518
467,9396
467,9524
467,9691
467,9780
467,10890
467,11286
467,13283
467,17168
467,18538
467,19974
467,20489
467,20807
467,21328
467,22205
467,22516
467,22690
467,22722
467,23361
467,24808
467,24925
467,24955
467,25186
467,25240
467,25556
467,28910
467,29426
467,29915
468,829
468,937
468,1048
468,1124
468,2140
468,2142
468,2706
468,3179
468,3305
468,3344
468,4430
468,4754
468,6361
468,7309
468,8884
468,9317
468,9740
468,10767
468,13770
468,14407
468,15951
468,18444
468,19058
468,20496
468,20659
468,21200
468,21559
468,25764
468,26771
468,27376
469,493
469,544
469,560
469,848
469,984
469,1829
469,2037
469,2546
469,3849
469,3949
469,4761
469,4790
469,6691
469,6927
469,7079
469,7459
469,13231
469,13244
469,13298
469,16012
469,16306
469,17352
469,19879
469,20364
469,21110
469,21300
469,22641
469,23560
469,23675
469,23951
469,29392
469,29490
470,520
470,811
470,1532
470,1795
470,1804
470,1979
470,2218
470,2295
470,2876
470,3905
470,4317
470,4840
470,7059
470,7165
470,7456
470,7756
470,8058
470,8098
470,9062
470,13502
470,13854
470,15016
470,17573
470,20322
470,20759
470,22150
470,22545
470,24769
470,25628
470,29349
470,29617
470,29798
471,593
471,876
471,1115
471,1160
471,1534
471,1964
471,2333
471,2341
471,2964
471,3386
471,3531
471,3724
471,3947
471,4031
471,4574
471,5848
471,5979
471,6446
471,7058
471,7985
471,9557
471,10904
471,13011
471,13723
471,15120
471,15324
471,17740
471,18466
471,20518
471,20987
471,21425
471,26758
471,28610
471,29375
471,29645
471,29955
472,507
472,528
472,733
472,873
472,1567
472,2867
472,3380
472,3543
472,5719
472,6403
472,6804
472,12941
472,14313
472,14477
472,14538
472,14624
472,15851
472,16119
472,16774
472,18747
472,20728
472,21006
472,22552
472,22870
472,23588
472,25632
473,1178
473,1585
473,2446
473,6670
473,7471
473,9385
473,10059
473,11354
473,12413
473,17794
473,19542
473,21055
473,27611
473,29142
474,1576
474,1807
474,2451
474,2622
474,3083
474,4967
474,5426
474,5534
474,6420
474,7934
474,8931
474,9047
474,9132
474,11608
474,13586
474,14117
474,16661
474,19607
474,20703
474,21113
474,21566
474,22477
474,24971
474,25255
474,26383
474,27163
474,27374
474,29272
475,492
475,612
475,1382
475,3537
475,4133
475,4905
475,7609
475,8083
475,13030
475,13769
475,14652
475,15937
475,17566
475,18659
475,21568
475,29700
476,566
476,617
476,784
476,993
476,1316
476,1611
476,2232
476,2375
476,4424
476,6254
476,6260
476,8518
476,8845
476,9213
476,9869
476,9917
476,10267
476,10688
476,10984
476,11031
476,11679
476,11908
476,12718
476,13106
476,13616
476,16544
476,17644
476,18925
476,23778
476,23861
476,24619
476,25376
476,26057
476,26759
476,27568
477,1429
477,2383
477,3064
477,3558
477,4534
477,4639
477,5153
477,5429
477,6611
477,6648
477,6955
477,7921
477,8575
477,8860
477,9151
477,9293
477,9854
477,13213
477,16877
477,17579
477,18630
477,21285
477,22390
477,23677
477,24833
477,27114
477,27153
478,1146
478,2328
478,12981
478,14339
478,15085
478,21609
478,23733
478,24591
478,26296
479,1083
479,1243
479,1277
479,1300
479,1419
479,1462
479,3273
479,4714
479,4962
479,5715
479,6731
479,6908
479,6960
479,9070
479,9782
479,10078
479,10653
479,10757
479,13390
479,13907
479,14766
479,15023
479,15094
479,16213
479,18062
479,19561
479,19748
479,20631
479,20753
479,22376
479,25018
479,25669
479,28175
479,28541
479,28765
479,28896
480,616
480,1280
480,1426
480,1541
480,2383
480,2777
480,3055
480,3320
480,3424
480,5003
480,5004
480,6782
480,9846
480,12434
480,13279
480,14626
480,14760
480,14913
480,15430
480,16043
480,16722
480,17199
480,17378
480,19176
480,21360
480,22343
480,22544
480,23392
480,23410
481,583
481,669
481,3300
481,5083
481,5541
481,6510
481,7092
481,15273
481,21823
481,22273
481,22455
481,24103
481,24986
481,25054
481,27279
481,27489
482,867
482,1075
482,1107
482,1137
482,1212
482,1582
482,1786
482,1793
482,4822
482,6406
482,8465
482,8532
482,9097
482,10411
482,10734
482,10906
482,12695
482,14647
482,15147
482,19570
482,23760
482,26062
482,26363
483,516
483,817
483,868
483,1226
483,1371
483,1402
483,1476
483,1638
483,1820
483,2108
483,2189
483,2396
483,2670
483,3387
483,3745
483,3770
483,3882
483,3999
483,4171
483,5036
483,5422
483,5482
483,5617
483,5916
483,6473
483,6617
483,6769
483,7398
483,8127
483,9179
483,9195
483,9899
483,10223
483,10467
483,10865
483,11211
483,12744
483,12756
483,13097
483,14460
483,15458
483,16362
483,16475
483,16795
483,17118
483,17484
483,18544
483,18616
483,20610
483,22374
483,22396
483,22818
483,23451
483,23834
483,27180
483,27641
483,29292
484,659
484,689
484,2191
484,5120
484,6029
484,6193
484,10086
484,12431
484,13967
484,14667
484,23518
484,26923
484,27431
485,660
485,1184
485,1229
485,1525
485,1898
485,2131
485,2304
485,2788
485,3559
485,3622
485,4723
485,4993
485,5249
485,6092
485,6160
485,7363
485,8678
485,9864
485,10251
485,10526
485,10836
485,10896
485,11568
485,11658
485,13567
485,13774
485,15102
485,15832
485,16296
485,18259
485,18514
485,19529
485,19630
485,22094
485,26312
485,26518
485,28249
485,28709
485,29398
486,3710
486,5063
486,17568
486,19192
486,27798
486,28317
487,2328
487,3473
487,4171
487,6325
487,7808
487,11047
487,17114
487,18174
488,827
488,854
488,960
488,1071
488,1114
488,1538
488,2018
488,2302
488,3338
488,4940
488,6191
488,6355
488,7423
488,7477
488,7900
488,8321
488,10420
488,11339
488,12747
488,12821
488,18543
488,26876
488,28514
489,782
489,822
489,1184
489,1515
489,1624
489,1702
489,5090
489,5119
489,5300
489,6844
489,7081
489,7640
489,8224
489,9513
489,14313
489,14344
489,15220
489,17326
489,17486
489,18306
489,18388
489,18519
489,19294
489,19367
489,19439
489,22519
489,24599
489,29730
490,854
490,1774
490,2839
490,4136
490,4575
490,5687
490,6377
490,8213
490,10974
490,11023
490,13655
490,22410
490,26342
490,26948
491,555
491,577
491,2190
491,2909
491,3564
491,3566
491,3850
491,4506
491,5490
491,7042
491,8272
491,9270
491,9352
491,12373
491,18969
491,20885
491,21980
491,28387
492,1024
492,1371
492,1619
492,1872
492,2580
492,3444
492,3894
492,5217
492,6576
492,9393
492,10351
492,11835
492,12972
492,13697
492,19638
492,23424
492,23609
492,23722
492,26867
492,27190
492,27404
492,28027
493,887
493,2633
493,3005
493,5749
493,5770
493,8336
493,10214
493,12287
493,12740
493,12807
493,12821
493,12902
493,12909
493,13163
493,14372
493,17887
493,20198
493,24847
493,25037
493,25521
494,942
494,12580
494,21072
496,611
496,773
496,776
496,850
496,1073
496,1176
496,1336
496,1444
496,1488
496,1503
496,3336
496,3875
496,4115
496,4308
496,4960
496,6221
496,6998
496,8248
496,8323
496,8385
496,8687
496,9496
496,9800
496,10438
496,10997
496,11190
496,11702
496,12275
496,13469
496,13477
496,14489
496,14547
496,14897
496,15104
496,15807
496,16932
496,17622
496,17928
496,20274
496,20571
496,21145
496,22184
496,23473
496,25270
496,26267
496,26620
496,26640
496,28089
496,28569
496,28848
497,552
497,1085
497,1604
497,1713
497,2084
497,3415
497,4872
497,4904
497,7123
497,8181
497,8805
497,10808
497,11258
497,13629
497,17650
497,19510
497,20016
497,20989
497,22789
497,24601
497,25427
497,26585
498,1134
498,1185
498,1681
498,1999
498,3578
498,4748
498,5625
498,6632
498,6870
498,8173
498,8240
498,9144
498,10839
498,11391
498,13122
498,19870
498,21596
498,22068
498,22677
498,23461
498,23693
499,864
499,874
499,1279
499,1335
499,1441
499,1956
499,1997
499,2351
499,2543
499,3128
499,3826
499,4524
499,5222
499,6085
499,6165
499,7035
499,7646
499,7677
499,8069
499,8945
499,9772
499,11049
499,11264
499,11549
499,15831
499,15849
499,17915
499,19481
499,23342
499,28758
499,28965
500,1923
500,2871
500,3374
500,5825
500,6157
500,6587
500,9363
500,9703
500,9714
500,12460
500,13321
500,15564
500,19515
500,22408
500,23952
500,24392
500,28196
501,924
501,1677
501,1738
501,2037
501,2050
501,3833
501,6416
501,7021
501,7295
501,10153
501,11214
501,11459
501,11781
501,13243
501,19298
501,21635
501,22534
501,23233
501,25737
501,26885
501,28276
502,598
502,774
502,811
502,813
502,827
502,1264
502,1475
502,1634
502,2311
502,2747
502,4409
502,5006
502,6583
502,6802
502,7706
502,7743
502,7981
502,8097
502,8526
502,10631
502,10749
502,12187
502,13233
502,14233
502,14981
502,17597
502,18231
502,19545
502,19662
502,19826
502,23843
502,24581
502,25410
502,27693
503,708
503,1122
503,1353
503,1527
503,2688
503,3312
503,3712
503,3934
503,4607
503,7467
503,7586
503,8748
503,11390
503,11482
503,11717
503,12111
503,14021
503,16206
503,16229
503,17228
503,17309
503,19507
503,20357
503,21543
503,25863
503,27727
504,573
504,615
504,704
504,932
504,1321
504,1746
504,1923
504,2436
504,3590
504,3952
504,4205
504,4593
504,4819
504,6794
504,9639
504,10110
504,11699
504,14181
504,14209
504,21592
504,21703
504,22990
504,23770
504,27410
504,29355
504,29444
505,732
505,744
505,953
505,994
505,1128
505,1334
505,1728
505,2213
505,2357
505,2771
505,3432
505,5103
505,6482
505,6687
505,8268
505,8932
505,12261
505,12770
505,15664
505,18797
505,22436
505,29149
506,585
506,600
506,873
506,1472
506,2068
506,3335
506,4086
506,4919
506,5127
506,5383
506,6183
506,6616
506,9172
506,10009
506,11873
506,16044
506,17233
506,17296
506,17804
506,21131
506,23101
506,24671
506,24786
506,27264
507,923
507,1878
507,3271
507,3784
507,5108
507,5111
507,9174
507,19931
507,22553
507,24828
507,26277
508,550
508,673
508,1583
508,1615
508,1869
508,3878
508,4350
508,4561
508,7068
508,8091
508,8867
508,11956
508,12626
508,13108
508,13190
508,14885
508,17281
508,17449
508,18528
508,21850
508,23799
508,24939
508,25650
508,27305
508,28496
509,713
509,766
509,1007
509,1025
509,1039
509,1072
509,1408
509,1592
509,1660
509,1841
509,1868
509,1888
509,2566
509,2739
509,2775
509,2781
509,2837
509,3067
509,3798
509,3959
509,4328
509,4656
509,4825
509,4832
509,5139
509,5530
509,10691
509,11681
509,11964
509,12232
509,12729
509,14842
509,15513
509,16511
509,17065
509,17880
509,18781
509,19628
509,19942
509,20119
509,21842
509,23730
509,24856
509,26809
509,27893
509,28588
509,28861
510,1524
510,2416
510,2640
510,3938
510,8278
510,9624
510,10086
510,18939
510,22888
510,24841
510,25229
511,527
511,707
511,1238
511,2289
511,2566
511,3656
511,3912
511,4242
511,4293
511,5711
511,7702
511,8042
511,8420
511,8807
511,11297
511,12492
511,14079
511,16593
511,17114
511,17159
511,18476
511,19105
511,24603
511,29854
512,779
512,1102
513,650
513,816
513,1056
513,1228
513,1360
513,1540
513,1864
513,2310
513,3908
513,4612
513,4839
513,5161
513,9410
513,10705
513,11486
513,13454
513,20417
513,24365
513,28940
514,4857
514,6448
514,6687
514,7337
514,17670
514,29671
515,1207
515,1503
515,2094
515,2441
515,3525
515,3666
515,4022
515,4125
515,4671
515,5539
515,7111
515,7137
515,8049
515,8964
515,9667
515,11706
515,16544
515,17398
515,17910
515,19915
515,21266
515,21281
515,22029
515,22538
515,24839
515,26258
516,1136
516,1417
516,1440
516,3851
516,3948
516,4903
516,7045
516,7861
516,8267
516,8483
516,8752
516,9642
516,10868
516,11274
516,17632
516,20349
516,20952
516,25230
516,25592
516,26027
516,26246
516,28418
517,2352
517,2636
517,2986
517,4649
517,4950
517,6145
517,7219
517,10915
517,11101
517,11397
517,13899
517,15175
517,16343
517,17143
517,17193
518,3177
518,5716
518,6405
518,9577
518,13739
518,16441
518,20380
518,21156
518,21315
518,25953
518,26122
518,28793
518,29503
519,775
519,910
519,1580
519,1860
519,3374
519,3707
519,4110
519,5017
519,6368
519,7687
519,8298
519,9936
519,11140
519,12142
519,14011
519,21327
519,21729
519,22835
519,24322
519,24938
520,594
520,846
520,1004
520,1145
520,1961
520,2202
520,2262
520,2703
520,4092
520,4619
520,5946
520,5982
520,6945
520,7155
520,7987
520,8132
520,9948
520,10005
520,10479
520,11106
520,12009
520,12970
520,14931
520,16816
520,17075
520,18393
520,18687
520,19285
520,23959
520,23985
520,26679
521,650
521,715
521,793
521,1534
521,1658
521,2053
521,2264
521,3161
521,3370
521,3795
521,4310
521,4329
521,4524
521,4891
521,5238
521,5380
521,5434
521,5867
521,6325
521,6507
521,6995
521,7011
521,7139
521,7918
521,8810
521,9113
521,9876
521,10020
521,10196
521,11255
521,11310
521,13640
521,13770
521,15212
521,17000
521,18022
521,18372
521,18518
521,20204
521,20863
521,21052
521,21613
521,21900
521,22973
521,23097
521,23215
521,23664
521,23747
521,24549
521,25753
521,27768
521,29414
522,972
522,2923
522,4201
522,4695
522,5548
522,6452
522,7178
522,12038
522,12257
522,13428
522,15922
522,18364
522,18821
522,19958
522,22889
522,26863
522,29183
523,1354
523,10016
523,13293
523,14131
523,17702
523,18701
523,19006
523,22314
523,25907
524,576
524,707
524,738
524,765
524,943
524,1123
524,1307
524,1366
524,1559
524,1714
524,2617
524,2815
524,2933
524,3467
524,4091
524,4191
524,4314
524,4434
524,4466
524,4571
524,4716
524,5314
524,6063
524,6394
524,6959
524,7328
524,7610
524,7752
524,9482
524,9638
524,9708
524,9790
524,10670
524,10742
524,12208
524,13655
524,15193
524,15526
524,15853
524,16494
524,16575
524,18491
524,21248
524,22356
524,22515
524,24340
524,24522
524,25897
524,26140
524,29675
525,860
525,1139
525,1648
525,6812
525,7571
525,21823
525,27934
526,1014
526,1156
526,3660
526,3938
526,4242
526,6747
526,7817
526,9288
526,10196
526,10607
526,14156
526,19151
526,21257
526,22509
526,23441
527,586
527,959
527,1266
527,1903
527,2051
527,3237
527,4801
527,5491
527,7251
527,9358
527,9941
527,9976
527,11727
527,12657
527,14091
527,14172
527,19711
527,24048
527,24592
527,27398
528,1372
528,2699
528,5637
528,11863
528,12586
528,14582
528,15619
528,18219
528,18876
528,20594
528,21382
528,21878
528,23719
529,581
529,1378
529,2285
529,3519
529,3623
529,3927
529,8564
529,8938
529,9470
529,12221
529,14065
529,14479
529,15041
529,17501
529,18541
529,23330
529,25493
529,28184
530,556
530,885
530,1755
530,7142
530,7396
530,8773
530,11368
530,13475
530,23978
530,29430
531,591
531,627
531,775
531,821
531,988
531,2390
531,3352
531,3521
531,3981
531,5310
531,7381
531,8545
531,8915
531,9354
531,10517
531,11955
531,13085
531,15871
531,16616
531,18057
531,18379
531,21685
531,24295
531,24651
531,26376
531,29509
532,547
532,573
532,1256
532,5342
532,6630
532,7749
532,10084
532,19881
532,20828
532,21066
532,24007
533,1126
533,2195
533,2299
533,5912
533,11985
533,14136
533,29804
534,638
534,1147
534,1324
534,1594
534,1880
534,2459
534,2941
534,3205
534,4221
534,4264
534,4616
534,4963
534,6951
534,9387
534,9646
534,10663
534,14420
534,14422
534,15156
534,15701
534,18241
534,19834
534,20533
534,23601
534,24488
534,25882
534,27500
534,29162
535,1955
535,2764
535,11704
535,14813
535,27561
536,552
536,596
536,7105
536,11654
536,12733
536,14219
536,15475
536,21252
536,25480
537,674
537,683
537,789
537,2380
537,2390
537,2582
537,3402
537,3512
537,5295
537,5469
537,5518
537,7343
537,7453
537,7501
537,7525
537,9924
537,11019
537,11655
537,13168
537,13995
537,17030
537,17596
537,18985
537,20757
537,25637
538,1059
538,1577
538,2970
538,5686
538,5912
538,5916
538,6438
538,8134
538,9288
538,11861
538,12317
538,14371
538,15055
538,15527
538,21019
538,21058
538,29380
538,29459
539,1284
539,2154
539,2412
539,2842
539,3803
539,4646
539,4752
539,6831
539,7376
539,7633
539,8457
539,8517
539,13438
539,16547
539,17996
539,21577
539,22069
539,22359
539,23689
540,606
540,772
540,845
540,1393
540,1627
540,2038
540,2594
540,3905
540,5070
540,5874
540,6060
540,6309
540,9397
540,9922
540,9996
540,13595
540,16035
540,17886
540,18954
540,20337
540,20800
540,21506
540,29703
541,6737
541,7837
541,8567
541,8911
541,13423
541,18015
541,23151
541,27549
542,1022
542,1046
542,1084
542,2200
542,2425
542,3256
542,3617
542,3709
542,5704
542,6309
542,6769
542,7548
542,8149
542,8690
542,9021
542,9815
542,10097
542,11849
542,13393
542,15206
542,16150
542,16192
542,17953
542,20903
542,21374
542,22979
542,27604
542,28320
543,694
543,1258
543,1516
543,2060
543,5760
543,10343
543,12071
543,14101
543,14796
543,16976
543,23386
543,23490
543,24015
543,28044
543,28652
543,29365
544,653
544,878
544,885
544,975
544,1415
544,1500
544,1567
544,1772
544,1917
544,2109
544,3133
544,3642
544,3842
544,4030
544,4167
544,4253
544,5783
544,6276
544,7649
544,10120
544,11271
544,12571
544,12684
544,13394
544,14295
544,14662
544,14979
544,14998
544,16210
544,19425
544,19624
544,21200
544,22737
544,23323
544,24017
544,24047
544,24227
544,28257
544,29108
544,29660
545,592
545,1143
545,1576
545,1678
545,1780
545,1940
545,2118
545,2755
545,2943
545,3003
545,3177
545,4433
545,6285
545,9329
545,14319
545,16408
545,17965
545,18342
545,18713
545,20673
545,24716
546,566
546,611
546,788
546,1123
546,1150
546,1611
546,3003
546,3216
546,3764
546,5091
546,5867
546,6133
546,6948
546,6967
546,8521
546,9269
546,10024
546,10824
546,14720
546,16505
546,18573
546,28650
547,907
547,1397
547,1889
547,2522
547,4041
547,4968
547,5941
547,7015
547,8711
547,11898
547,12031
547,13688
547,17315
547,19005
547,19745
547,19945
547,23445
547,23470
547,24395
547,25239
547,28918
548,809
548,1053
548,1166
548,1351
548,1393
548,1536
548,1663
548,1847
548,1862
548,1886
548,1944
548,2165
548,3735
548,4391
548,4720
548,4833
548,6002
548,6146
548,6501
548,7224
548,7231
548,7469
548,7793
548,8834
548,9200
548,10596
548,10815
548,11021
548,12168
548,13577
548,16930
548,17727
548,17879
548,18652
548,21584
548,25655
548,28945
549,728
549,1179
549,1315
549,1382
549,5273
549,5923
549,6281
549,6282
549,8381
549,11064
549,11667
549,12022
549,13589
549,15869
549,20668
549,22370
550,3621
550,3735
550,4101
550,4331
550,5592
550,8157
550,12255
550,12408
550,12673
550,14003
550,14195
550,14504
550,17403
550,18622
550,18992
550,19306
550,20996
550,22096
550,24575
550,24902
550,25229
550,25959
550,27055
550,27678
550,29956
551,2914
551,3079
551,3767
551,7193
551,13744
551,18271
551,18930
551,19586
551,20957
551,22360
551,24231
551,25266
552,602
552,607
552,703
552,953
552,1356
552,1761
552,1763
552,1992
552,2309
552,2363
552,3080
552,3448
552,3520
552,5001
552,5632
552,5720
552,5787
552,6007
552,7765
552,8954
552,9009
552,9401
552,12136
552,16844
552,16975
552,17065
552,17299
552,17746
552,19069
552,19166
552,19642
552,20524
552,20785
552,21916
552,22013
552,24343
552,28537
552,28539
552,29293
552,29930
553,1570
553,2100
553,2119
553,3123
553,3913
553,6091
553,6353
553,6579
553,6714
553,6738
553,7066
553,7435
553,9322
553,11203
553,11722
553,14334
553,16573
553,17296
553,21715
553,22564
553,24949
553,29275
554,2834
554,3124
554,7938
554,13853
554,21446
554,28202
555,938
555,1190
555,2977
555,3609
555,5381
555,6562
555,8422
555,9175
555,13181
555,17008
555,18751
555,22574
555,22630
555,25178
555,29582
556,1239
556,4046
556,4812
556,5841
556,6559
556,8177
556,9987
556,12489
557,1890
557,2608
557,3853
557,7277
557,8975
557,18757
557,20232
557,21657
557,25687
557,26696
558,2646
558,3726
558,4886
558,5465
558,9996
558,11237
558,15783
558,22214
558,24272
559,749
559,1100
559,1319
559,1379
559,2052
559,4675
559,5446
559,7064
559,7080
559,7239
559,11810
559,15417
559,18773
559,19255
559,20538
559,22253
559,25083
560,746
560,747
560,1101
560,1990
560,2115
560,4737
560,5895
560,5980
560,6058
560,6840
560,7610
560,10783
560,12620
560,13175
560,14557
560,14826
560,14871
560,17046
560,18301
560,18907
560,20987
560,21031
560,21251
560,22603
560,22968
560,25204
560,29088
561,1260
561,1291
561,2379
561,2415
561,2630
561,2678
561,4399
561,5939
561,8317
561,9078
561,10522
561,13660
561,21651
561,25978
561,27527
562,695
562,850
562,1282
562,2729
562,3940
562,4556
562,6788
562,7402
562,7977
562,17222
562,17567
562,19481
562,23569
562,24267
562,27921
562,28223
563,673
563,2132
563,3269
563,4296
563,4984
563,5405
563,5773
563,7198
563,16221
563,16228
563,18318
563,18666
563,28055
564,1608
564,2692
564,4346
564,6796
564,13892
564,14753
564,15972
564,16595
564,18970
564,22109
565,1459
565,1615
565,2210
565,2863
565,3052
565,3907
565,3972
565,5831
565,9154
565,10443
565,12837
565,13387
565,18554
565,20055
565,20263
565,21212
565,23253
565,27082
565,28331
565,28603
565,28883
566,1738
566,2645
566,3065
566,9064
566,13573
566,15515
566,22017
567,1054
567,1667
567,1844
567,2433
567,3307
567,4430
567,4736
567,7173
567,9786
567,10017
567,10079
567,10192
567,10658
567,11568
567,12521
567,13069
567,13513
567,15592
567,16107
567,17252
567,19083
567,19167
567,19700
567,22540
567,23485
567,23727
567,25088
567,26984
567,27504
568,817
568,1221
568,4051
568,5237
568,12220
568,15811
568,19571
568,23963
568,27326
568,28462
568,29992
569,1166
569,1308
569,1332
569,2811
569,4385
569,4645
569,5507
569,6289
569,6888
569,8876
569,8935
569,9239
569,10110
569,11726
569,12636
569,14661
569,17631
569,18937
569,23108
569,23333
569,27369
569,29480
570,592
570,741
570,2564
570,3027
570,3351
570,4756
570,10610
570,12696
570,16374
570,16699
570,17540
570,20662
570,23824
570,25587
571,2287
571,3291
571,6165
571,10253
571,12743
571,19716
571,21896
571,24699
571,26387
571,26419
572,841
572,997
572,1005
572,2163
572,2882
572,3516
572,7238
572,8876
572,9259
572,12236
572,12551
572,14495
572,14500
572,21418
573,802
573,803
573,1188
573,1531
573,3456
573,4775
573,5351
573,6196
573,6765
573,6795
573,6860
573,6919
573,8407
573,8636
573,10682
573,12890
573,14083
573,14550
573,15535
573,15639
573,15725
573,16806
573,17587
573,18470
573,18711
573,18936
573,19208
573,19217
573,19852
573,21417
573,21873
573,22052
573,22218
573,22219
573,27291
573,27960
573,29647
574,838
574,1166
574,1558
574,1808
574,1824
574,2025
574,2324
574,3603
574,5530
574,6386
574,6555
574,8468
574,10871
574,11938
574,12468
574,16880
574,18788
574,18846
574,18897
574,20976
574,21325
574,23370
574,25110
574,25242
574,25512
574,25878
574,27598
574,27834
574,28241
575,658
575,1133
575,1747
575,2613
575,2872
575,3264
575,3432
575,4071
575,4233
575,5191
575,5857
575,6310
575,9135
575,9547
575,11654
575,13880
575,14114
575,14228
575,14933
575,15581
575,15724
575,18341
575,20215
575,20272
575,21695
575,24364
575,24761
575,26599
575,29471
576,1720
576,2369
576,2776
576,5094
576,7447
576,8124
576,14389
576,17026
576,19042
576,20035
576,21705
576,23701
576,23859
576,23891
576,25474
576,28741
577,2115
577,2119
577,4498
577,5790
577,6184
577,6210
577,9250
577,11865
577,12298
577,15109
577,16508
577,18884
577,19867
577,24689
578,2965
578,3275
578,4558
578,5811
578,8850
578,9239
578,10786
578,13696
578,23131
578,24763
578,25630
578,28697
579,1140
579,1828
579,2549
579,2966
579,3530
579,3986
579,6743
579,6754
579,7807
579,8795
579,10814
579,12400
579,13137
579,17025
579,17930
579,18287
579,26306
580,625
580,824
580,1036
580,1337
580,1521
580,1822
580,1961
580,2019
580,2305
580,2763
580,3337
580,3853
580,3955
580,4132
580,4368
580,4725
580,4826
580,5418
580,5798
580,6271
580,6792
580,6904
580,7929
580,8388
580,8744
580,8893
580,8957
580,9020
580,9377
580,9680
580,10107
580,10615
580,11836
580,13533
580,13792
580,14487
580,15401
580,15669
580,16101
580,18403
580,19032
580,19060
580,19073
580,21171
580,21249
580,21373
580,22324
580,23508
580,23621
580,24168
580,24636
580,24816
580,25168
580,27866
580,28561
581,1865
581,17502
582,10018
582,13552
582,14326
582,14845
582,17566
582,19980
582,20360
582,21891
582,24449
582,24713
582,28785
583,723
583,1049
583,1239
583,1480
583,1721
583,2299
583,2478
583,2805
583,3131
583,3227
583,4227
583,4344
583,6281
583,6584
583,6615
583,8071
583,9896
583,12728
583,13412
583,14479
583,15154
583,17121
583,17641
583,19566
583,20083
583,20570
583,20972
583,21500
583,24916
583,28547
583,28854
583,28970
584,821
584,994
584,2038
584,13687
584,15257
584,25242
584,27333
584,28504
584,29462
585,1544
585,2019
585,2150
585,3200
585,3356
585,3375
585,3490
585,4619
585,4781
585,5935
585,6096
585,6130
585,6811
585,7981
585,8844
585,9120
585,9484
585,11130
585,14354
585,14936
585,15909
585,22342
585,27449
585,28079
586,2391
586,3796
586,4308
586,4752
586,6178
586,7795
586,8581
586,8605
586,10810
586,12285
586,13289
586,14935
586,15957
586,18812
586,19657
586,24918
586,25943
586,26699
586,27042
586,27270
587,597
587,762
587,1217
587,1358
587,1439
587,1763
587,2291
587,2415
587,2459
587,2916
587,3133
587,3452
587,3478
587,3640
587,4256
587,4347
587,4693
587,4820
587,4957
587,5196
587,5271
587,5598
587,5922
587,6717
587,7170
587,9051
587,9132
587,10282
587,11364
587,12005
587,12125
587,12672
587,14419
587,15034
587,15625
587,15668
587,15719
587,17067
587,17524
587,17621
587,17975
587,19987
587,20479
587,20982
587,23457
587,24487
587,25365
587,25982
587,27164
587,27243
587,28059
587,28245
587,29060
588,3417
588,10262
588,11991
588,22513
589,744
589,798
589,1027
589,1103
589,2023
589,2287
589,2468
589,2744
589,2753
589,3949
589,4435
589,5856
589,7014
589,7035
589,7983
589,8742
589,9306
589,12854
589,15768
589,16836
589,17538
589,18581
589,19770
589,19834
589,21772
589,23391
589,24208
589,26498
589,29604
590,847
590,1610
590,1870
590,3216
590,5516
590,6217
590,8466
590,9114
590,10621
590,14230
590,15954
590,18023
590,22339
590,24618
590,25588
591,10480
591,13843
591,15409
591,19283
592,842
592,937
592,989
592,1104
592,1142
592,1226
592,2051
592,3151
592,3513
592,4341
592,4465
592,4654
592,5658
592,5961
592,6299
592,6907
592,8056
592,10434
592,10540
592,10541
592,11183
592,11965
592,13467
592,14469
592,14822
592,15511
592,18684
592,20282
592,20972
592,25080
592,27978
592,27988
592,28087
593,726
593,2019
593,2257
593,2410
593,2572
593,2973
593,3040
593,3158
593,3381
593,5547
593,6780
593,6929
593,8076
593,8607
593,9648
593,14335
593,18572
593,18789
593,19848
593,21186
593,24895
593,27929
593,28095
593,28551
594,629
594,637
594,743
594,982
594,1096
594,1704
594,1819
594,2595
594,4212
594,5089
594,5416
594,5973
594,9929
594,10438
594,11043
594,12777
594,19750
594,20581
594,21355
594,25582
594,26718
594,29839
595,1143
595,3994
595,4240
595,5965
595,23351
596,774
596,1374
596,1929
596,3845
596,4618
596,6662
596,8087
596,11611
596,11827
596,13465
596,17403
596,20368
596,28505
596,29493
597,2027
597,2489
597,4571
597,5256
597,8005
597,10531
597,16216
597,17630
597,18471
597,22026
597,22411
597,24627
597,27833
597,28249
598,619
598,1040
598,1292
598,2153
598,2471
598,2962
598,3010
598,3329
598,3612
598,3649
598,4630
598,5694
598,5871
598,6215
598,6447
598,6557
598,7049
598,7101
598,7124
598,7874
598,9395
598,9860
598,11852
598,12209
598,12286
598,13495
598,13718
598,14816
598,15196
598,15357
598,17748
598,17902
598,18146
598,19086
598,21706
598,22775
598,23545
598,24490
598,26487
598,27004
598,28130
598,28585
599,715
599,1826
599,2876
599,3660
599,4146
599,4695
599,5138
599,10107
599,10981
599,12180
599,13371
599,13577
599,20338
599,24639
600,754
600,1100
600,1794
600,1942
600,2547
600,2625
600,5667
600,6631
600,13827
600,19240
600,22671
600,25395
600,27472
601,881
601,934
601,1234
601,2145
601,2892
601,4395
601,4659
601,4766
601,5577
601,5710
601,6918
601,6940
601,7297
601,7362
601,7595
601,9341
601,9663
601,11392
601,12032
601,12886
601,12928
601,13281
601,13887
601,14216
601,14370
601,16428
601,20362
601,23081
601,25153
601,26020
601,26863
601,27253
601,28554
602,1181
602,28089
603,1088
603,2047
603,2946
603,6552
603,11639
603,20902
603,24180
604,752
604,1425
604,2455
604,7656
604,9167
604,10635
604,16416
604,17104
604,27106
604,29256
605,5368
605,5489
605,6086
605,7770
605,7905
605,15965
605,16979
605,21061
605,27496
606,1779
606,1906
606,3116
606,3304
606,3684
606,4806
606,4815
606,8616
606,9140
606,11627
606,19793
606,20086
606,24756
606,25791
607,1028
607,1938
607,2227
607,3464
607,3989
607,4667
607,5262
607,5661
607,5688
607,6260
607,8073
607,10575
607,10892
607,11750
607,16539
607,18347
607,18384
607,26844
608,931
608,1345
608,7486
608,8824
608,10365
608,12173
608,20282
608,25366
608,27430
608,28939
609,1029
609,4629
609,5048
609,6660
609,10034
609,13882
609,14556
609,15888
609,28667
610,1241
610,1733
610,6662
610,7814
610,7996
610,10753
610,13306
610,18938
610,23626
610,26242
610,28647
611,860
611,1288
611,1433
611,1761
611,2254
611,2255
611,2831
611,3676
611,3792
611,4322
611,5711
611,5751
611,6433
611,8150
611,9861
611,10036
611,11118
611,12037
611,14762
611,19031
611,19402
611,19718
611,19737
611,20226
611,20631
611,20780
611,24134
611,24260
611,24901
611,25077
611,26044
612,899
612,1292
612,1388
612,1542
612,1749
612,1789
612,2564
612,4396
612,6974
612,7558
612,12761
612,20628
612,27685
612,29710
613,678
613,3257
613,3312
613,3575
613,5186
613,9021
613,9903
613,13494
613,15507
613,19281
613,22662
613,23096
613,23579
613,24602
613,26267
613,27142
613,27372
613,28247
613,28854
613,29484
614,885
614,909
614,1001
614,2933
614,3131
614,3988
614,4631
614,6297
614,8376
614,9672
614,10147
614,12678
614,16186
614,16576
614,18451
614,19619
614,22717
614,23400
615,664
615,889
615,2934
615,3104
615,6461
615,10140
615,10233
615,14888
615,15411
615,16991
615,17558
615,23702
615,26326
616,1680
616,4893
616,6072
616,6488
616,10023
616,13301
616,27238
616,28331
617,626
617,978
617,1307
617,2730
617,2971
617,3425
617,3762
617,4544
617,4727
617,5738
617,5859
617,6711
617,8593
617,9742
617,10726
617,11796
617,12666
617,14561
617,14679
617,15879
617,16560
617,18824
617,23096
617,23168
617,25249
617,26085
617,28712
618,2733
618,2845
618,5444
618,7385
618,8838
618,11484
618,15638
618,16736
618,18080
618,18459
618,21496
618,23884
618,24988
618,25020
619,717
619,839
619,870
619,1403
619,1883
619,2084
619,2723
619,2863
619,3635
619,6750
619,7371
619,8001
619,9267
619,9708
619,11309
619,12744
619,12758
619,12894
619,13658
619,14857
619,18858
619,19118
619,22492
619,25357
619,26123
619,26731
619,27017
620,1784
620,8069
620,10942
621,727
621,3002
621,3464
621,4543
621,7805
621,8299
621,11955
621,12412
621,12800
621,22471
621,22991
621,26717
621,28315
622,2397
622,3573
622,5398
622,5506
622,5870
622,6166
622,6573
622,6785
622,7018
622,7964
622,8082
622,9386
622,10049
622,10620
622,12628
622,13663
622,14965
622,16345
622,17393
622,21461
622,22543
622,24171
622,27419
623,1249
623,1583
623,1695
623,2596
623,3849
623,8922
623,13772
623,17461
623,17927
623,18374
623,20353
623,21863
623,23938
623,26147
623,26874
623,27264
624,3572
624,8440
624,10662
624,13864
624,15673
624,16287
624,17783
624,23057
624,25924
624,26137
624,27415
625,1746
625,1891
625,3326
625,4510
625,7019
625,7367
625,8433
625,9341
625,11529
625,13319
625,15210
625,15697
625,18642
625,20510
625,25820
626,678
626,1012
626,1017
626,1035
626,1149
626,1174
626,1220
626,1708
626,1732
626,1917
626,2081
626,2262
626,3854
626,4316
626,4796
626,5195
626,5877
626,7611
626,8095
626,8317
626,8522
626,9883
626,11908
626,13554
626,16698
626,17372
626,20542
626,21787
626,22605
626,28517
626,29298
627,671
627,1687
627,2878
627,7581
627,10353
627,11221
627,15363
627,16696
627,18558
627,19111
627,19531
627,20037
627,28896
628,1264
628,1380
628,1408
628,1478
628,1612
628,1770
628,2197
628,2358
628,2779
628,3907
628,4443
628,4805
628,5570
628,6185
628,6901
628,7156
628,7533
628,7662
628,8765
628,10434
628,10812
628,12185
628,14279
628,14423
628,15284
628,15415
628,15453
628,21999
628,23335
628,23696
628,25666
628,26239
628,27451
628,27806
628,29351
629,3004
629,3773
629,4998
629,7775
629,10611
629,15537
629,24101
629,25192
629,27059
629,29480
630,2790
630,4118
630,4697
630,4975
630,8937
630,10969
630,11194
630,15592
630,22167
631,758
631,958
631,1323
631,3817
631,3851
631,4496
631,4729
631,5465
631,8781
631,9005
631,11208
631,18428
631,19717
631,27007
632,939
632,945
632,1144
632,1324
632,1640
632,3222
632,3601
632,7037
632,7906
632,9107
632,10985
632,11756
632,12443
632,13078
632,13832
632,14230
632,15556
632,16427
632,16514
632,19656
632,23859
632,24049
632,24187
632,24620
632,25554
632,26324
632,27603
632,27760
632,28782
632,28990
633,701
633,956
633,1017
633,1111
633,1306
633,1761
633,2677
633,3985
633,4361
633,5190
633,5388
633,6062
633,6356
633,6528
633,6977
633,7579
633,8328
633,8854
633,9833
633,10087
633,12829
633,14468
633,14764
633,14780
633,22935
633,23584
633,25528
633,28134
633,28726
633,29141
634,2185
634,5378
634,5580
634,5877
634,7005
634,9552
634,9739
634,11866
634,14764
634,22659
634,24067
634,27903
635,676
635,1849
635,2061
635,2156
635,3022
635,3247
635,4180
635,4247
635,4397
635,5217
635,5597
635,6621
635,6881
635,7202
635,9453
635,11088
635,11708
635,13675
635,15843
635,19768
635,19941
635,21529
635,21676
635,23924
635,23996
635,24193
635,25551
635,27653
636,1624
636,2640
636,2975
636,3118
636,7096
636,7971
636,8449
636,9209
636,10572
636,11800
636,15727
636,16416
636,19235
636,23580
636,24948
636,25475
636,27252
637,738
637,897
637,1504
637,1722
637,2055
637,5169
637,5565
637,5604
637,6380
637,9268
637,10653
637,12799
637,13463
637,14303
637,19613
637,20114
637,20140
637,20363
637,21276
637,22323
637,23817
637,25295
637,26100
637,27062
637,28613
638,1488
638,2375
638,4509
638,10802
638,13792
638,16628
638,20212
639,786
639,1092
639,2618
639,3805
639,4883
639,5251
639,6219
639,6305
639,6759
639,8290
639,8291
639,8725
639,9940
639,10932
639,11041
639,11309
639,12518
639,13927
639,15063
639,18674
639,22410
639,29401
639,29702
640,2006
640,2741
640,3103
640,3436
640,3636
640,6244
640,6744
640,6753
640,6977
640,7292
640,7366
640,10280
640,10288
640,11786
640,12163
640,14237
640,14443
640,14473
640,14490
640,16146
640,17037
640,17119
640,18186
640,18460
640,21035
640,21859
640,22319
640,22898
640,23458
640,23931
640,26237
640,27350
641,787
641,5185
641,7125
641,7832
641,11131
641,11752
641,12461
641,16236
641,20651
641,25446
641,27247
641,27472
642,695
642,1034
642,1668
642,3160
642,4148
642,4528
642,4906
642,5877
642,9035
642,9828
642,10135
642,10166
642,10897
642,13596
642,14361
642,14819
642,18179
642,19744
642,24656
642,27087
642,27594
643,2001
643,2120
643,2666
643,2879
643,5376
643,6476
643,6713
643,6728
643,7137
643,7531
643,7536
643,8149
643,8157
643,8266
643,8932
643,9640
643,10557
643,12125
643,13435
643,13752
643,14066
643,15597
643,18656
643,20571
643,21151
643,22185
643,24999
643,26309
643,26660
643,26746
643,26773
644,648
644,969
644,1011
644,1019
644,1302
644,1394
644,1443
644,2048
644,5218
644,5401
644,6474
644,7037
644,7137
644,7502
644,7938
644,8145
644,8657
644,9123
644,9147
644,10218
644,11160
644,11327
644,11401
644,11917
644,12536
644,12827
644,13088
644,15806
644,16662
644,18016
644,20486
644,20696
644,21041
644,21197
644,21383
644,22252
644,26263
644,26677
644,27372
644,29178
644,29315
644,29360
645,1222
645,2543
645,3472
645,3513
645,3790
645,4414
645,4867
645,5163
645,6212
645,7406
645,8365
645,11492
645,11623
645,11835
645,13332
645,15171
645,16946
645,19653
645,21660
645,22535
645,24895
645,29628
645,29770
646,701
646,880
646,1517
646,3187
646,3251
646,4138
646,4656
646,5158
646,5363
646,5807
646,6045
646,7132
646,8799
646,9168
646,9585
646,10133
646,10486
646,10654
646,14269
646,14537
646,18348
646,18567
646,19925
646,20627
646,21025
646,23471
646,24213
646,25365
646,26644
646,28053
646,29096
646,29168
647,900
647,2152
647,3603
647,5883
647,11666
647,16739
648,906
648,1053
648,1096
648,1186
648,1420
648,1664
648,2153
648,2344
648,4036
648,4902
648,5996
648,7154
648,7965
648,8049
648,8768
648,9129
648,9391
648,10174
648,15019
648,22524
648,23922
648,25887
648,26745
649,8392
649,28522
650,660
650,870
650,1313
650,1513
650,1980
650,2240
650,2334
650,2760
650,3365
650,3731
650,5510
650,5921
650,7120
650,7226
650,9094
650,10331
650,10570
650,12098
650,12786
650,13187
650,16341
650,20263
651,787
651,1572
651,2336
651,3953
651,6573
651,6702
651,9370
651,12517
651,13320
651,18504
651,22077
651,23520
651,25876
652,771
652,1180
652,1460
652,1536
652,3764
652,5984
652,7097
652,14194
652,15308
652,15754
652,19242
652,19797
652,28306
652,28629
653,1275
653,1909
653,2092
653,3102
653,3467
653,6400
653,10636
653,10844
653,11914
653,11922
653,13206
653,13776
653,16477
653,16695
653,20920
653,22195
653,23533
653,24178
653,26384
653,26978
653,28158
653,28283
653,29436
654,1760
654,2355
654,2850
654,3054
654,3062
654,7444
654,7557
654,8911
654,12435
654,13261
654,13392
654,13686
654,13954
654,14958
654,15437
654,20664
654,21387
654,21413
654,23524
654,25275
654,28676
654,28715
655,1109
655,1262
655,1580
655,1892
655,2899
655,4389
655,4872
655,5068
655,5957
655,6408
655,7459
655,8100
655,8940
655,9432
655,11309
655,12932
655,13301
655,15032
655,16138
655,16618
655,18814
655,22456
655,24551
655,25182
655,27801
655,27963
655,28940
656,1741
656,3672
656,6546
656,6789
656,8328
656,8665
656,16529
656,18010
656,18685
657,851
657,2424
657,4144
657,6180
657,7696
657,8963
657,12701
657,13281
657,16447
657,19213
657,23945
657,25554
657,29537
658,3923
658,6677
658,10318
658,18862
658,20778
658,27035
658,28488
659,695
659,946
659,1339
659,2103
659,2636
659,2866
659,3794
659,4206
659,4359
659,4863
659,5544
659,8309
659,8353
659,8478
659,8809
659,10057
659,12890
659,13851
659,14087
659,14980
659,16239
659,17563
659,19505
659,19997
659,20648
659,20907
659,28540
659,28732
659,29951
660,736
660,1004
660,1112
660,1158
660,1565
660,1791
660,5418
660,7430
660,8688
660,10308
660,10752
660,14689
660,16338
660,20490
660,20735
660,21819
660,22220
660,24795
660,26628
661,948
661,949
661,1069
661,1196
661,6016
661,8458
661,9857
661,16725
661,24945
661,27143
662,724
662,937
662,1119
662,1760
662,1893
662,2531
662,2596
662,3155
662,6327
662,7754
662,10190
662,12023
662,12920
662,15274
662,16843
662,17909
662,24084
662,27085
662,28795
662,29797
663,1421
663,1454
663,1788
663,2454
663,2580
663,3493
663,4076
663,6044
663,6968
663,14618
663,21060
664,1279
664,1396
664,1773
664,3574
664,5998
664,6550
664,6697
664,7733
664,7873
664,8955
664,10380
664,13652
664,16071
664,18172
664,21656
664,24746
664,25720
664,28334
664,29835
665,2173
665,3746
665,4300
665,4519
665,7405
665,9912
665,10498
665,21234
665,27452
666,683
666,716
666,1162
666,2343
666,3704
666,3717
666,3815
666,4037
666,4545
666,5446
666,6046
666,6182
666,6373
666,6982
666,10290
666,10611
666,11818
666,11841
666,17348
666,18256
666,19978
666,24150
666,24962
666,25393
666,25488
666,26572
666,29763
666,29838
667,905
667,1308
667,1707
667,2116
667,4603
667,6189
667,9055
667,9875
667,9945
667,11820
667,15034
667,16212
667,18618
667,18623
667,18950
667,19949
667,20001
667,23282
667,23600
667,24655
667,25308
667,26529
667,26914
667,29632
667,29848
668,2895
668,7846
668,8364
668,9715
668,22506
668,26137
668,27098
669,1434
669,2241
669,9284
669,18989
669,21242
669,23905
670,813
670,961
670,1070
670,1327
670,1429
670,2233
670,2588
670,2879
670,3324
670,3331
670,3659
670,4000
670,4387
670,4559
670,4814
670,4896
670,5327
670,5472
670,5926
670,6077
670,6088
670,6437
670,6552
670,7039
670,7191
670,7408
670,7684
670,8400
670,8476
670,9134
670,9148
670,9705
670,11002
670,12525
670,12736
670,13077
670,13625
670,14453
670,14991
670,15929
670,16886
670,17388
670,18511
670,19456
670,19598
670,19881
670,21640
670,22131
670,23940
670,24904
670,25478
670,25855
670,26475
670,27983
670,28142
670,28943
670,29791
670,29813
671,837
671,5303
671,11040
671,23826
671,25205
671,25280
671,25698
671,28474
672,714
672,868
672,1043
672,1098
672,1208
672,3737
672,3958
672,8628
672,10124
672,10560
672,15332
672,16855
672,18082
673,683
673,2043
673,2607
673,2838
673,3492
673,3626
673,4276
673,6001
673,7089
673,7289
673,9578
673,11331
673,12514
673,13035
673,14936
673,18149
673,19394
673,20601
673,21367
673,24662
675,908
675,2152
675,3581
675,5017
675,5455
675,7643
675,8631
675,13165
675,16451
675,16453
675,17906
675,18517
675,19640
675,20607
675,21434
675,24040
675,29900
676,2601
676,3445
676,4623
676,4867
676,8720
676,21412
676,23399
677,2553
677,3561
677,6020
677,8099
677,8400
677,9036
678,1011
678,1332
678,1591
678,2554
678,3340
678,7782
678,9888
678,10238
678,13541
678,14822
679,914
679,1174
679,1322
679,2196
679,2538
679,7891
679,9994
679,13700
679,19989
679,23194
679,25383
680,1468
680,2599
680,3103
680,3770
680,4386
680,5399
680,7001
680,10295
680,15857
680,17944
680,24868
680,26381
680,28000
681,688
681,962
681,1218
681,2336
681,2403
681,4283
681,6023
681,6251
681,7282
681,7830
681,10131
681,10426
681,10718
681,11456
681,11818
681,14233
681,14958
681,20442
681,21545
681,22406
681,25701
682,8757
682,26910
682,29217
683,797
683,1044
683,1175
683,5796
683,6444
683,6641
683,8202
683,10878
683,17149
683,19276
683,19983
683,21957
683,22339
683,24664
683,25014
683,26460
683,26527
684,2809
684,7990
684,8948
684,12555
684,13654
684,17594
684,24570
684,27111
685,800
685,2273
685,2748
685,4127
685,5236
685,5450
685,5641
685,7142
685,7564
685,8072
685,9519
685,9578
685,14137
685,18324
685,18535
685,18565
685,19225
685,20134
685,24612
685,26131
685,28506
685,28704
686,1416
686,2275
686,5247
686,5274
686,7529
686,8348
686,16734
686,19520
686,21319
687,949
687,1211
687,1551
687,3127
687,3725
687,5521
687,18921
688,1042
688,1294
688,1422
688,2301
688,2706
688,3648
688,3873
688,5247
688,5904
688,6232
688,7187
688,8629
688,8870
688,9016
688,9349
688,11162
688,12276
688,12281
688,13138
688,13619
688,14682
688,14999
688,16393
688,18257
688,18631
688,19286
688,20727
688,22643
688,24743
688,25263
689,865
689,2163
689,3885
689,3890
689,4480
689,5005
689,7711
689,8876
689,13605
689,17473
689,21071
689,23205
689,24313
689,24424
689,25513
690,1285
690,1290
690,2354
690,2868
690,4589
690,4948
690,8536
690,10048
690,14213
690,14877
690,17300
690,17798
690,17863
690,18722
690,20178
690,20354
690,22371
690,22529
690,23936
690,28916
691,749
691,765
691,929
691,1190
691,1268
691,1289
691,1335
691,1564
691,1686
691,1705
691,1720
691,1881
691,2155
691,2501
691,2591
691,2824
691,2826
691,2955
691,3328
691,4013
691,4243
691,4304
691,4837
691,5685
691,5892
691,5924
691,7613
691,10271
691,10712
691,12059
691,13908
691,13993
691,14331
691,14349
691,14790
691,14992
691,15383
691,15580
691,15641
691,16842
691,17550
691,18564
691,18696
691,18897
691,19419
691,19672
691,20267
691,22956
691,24411
691,24566
691,25045
691,25141
691,25917
691,27054
691,28008
691,28387
691,28464
692,1499
692,3947
692,7524
692,12387
692,12727
692,19409
692,25898
693,1291
693,1661
693,1958
693,2481
693,3221
693,3226
693,6515
693,9856
693,10546
693,11665
693,13247
693,14752
693,16234
693,16390
693,17272
693,19018
693,20309
693,20931
693,21409
693,23606
693,28977
693,29931
694,960
694,1273
694,1401
694,1434
694,1508
694,2041
694,2072
694,2316
694,2653
694,4104
694,4486
694,4526
694,5313
694,5526
694,7718
694,7930
694,8573
694,9445
694,10591
694,13411
694,14597
694,15058
694,15631
694,15890
694,17994
694,18508
694,18814
694,19520
694,22226
694,24534
694,25434
695,1862
695,7560
695,11536
695,12466
695,14951
695,15211
695,17024
695,17180
695,18791
695,21024
695,21387
695,25278
695,25286
695,25754
695,28772
696,748
696,1750
696,4058
696,9849
696,17059
696,17669
696,29851
697,1189
697,2883
697,5511
697,12245
697,12697
697,20440
697,21866
697,26773
697,28954
698,926
698,1970
698,2408
698,6200
698,6536
698,8957
698,9297
698,13754
698,18074
698,20953
698,27710
699,3061
699,5039
699,5443
699,7852
699,10740
699,13676
699,15549
699,18510
699,19454
699,26849
700,1863
700,5649
700,7117
700,9386
700,10137
700,15281
700,21878
700,24632
700,26579
701,756
701,1435
701,3589
701,3968
701,7931
701,14878
701,15476
701,21846
701,22074
701,23575
702,5741
702,8813
703,2062
703,4853
703,6624
703,7077
703,7962
703,22772
703,27779
704,707
704,1329
704,2301
704,2545
704,3246
704,3320
704,4122
704,4618
704,6393
704,10634
704,10829
704,11419
704,12813
704,13713
704,15603
704,25396
704,26078
704,26712
705,828
705,986
705,1209
705,1497
705,2057
705,2219
705,3278
705,3307
705,3856
705,4292
705,4480
705,5306
705,6761
705,7301
705,7810
705,9208
705,9841
705,10476
705,11255
705,13439
705,16436
705,17184
705,17270
705,17553
705,17964
705,18694
705,18765
705,23868
705,24468
705,24811
705,25602
705,26878
705,26904
705,26939
705,29165
706,1466
706,2579
706,2837
706,3649
706,13382
706,15425
706,17632
706,22704
706,26240
707,1453
707,2331
707,4783
707,7568
707,8565
707,12160
707,21435
708,2988
708,6313
708,10849
708,12348
708,13502
708,14959
708,16857
708,19119
709,767
709,1458
709,2232
709,2636
709,3857
709,4163
709,4472
709,4996
709,6007
709,6121
709,6667
709,6787
709,6897
709,7223
709,8617
709,9974
709,10251
709,12298
709,14355
709,14474
709,14486
709,17711
709,19132
709,20265
709,21617
709,25757
709,26652
709,26671
709,27463
709,28676
710,758
710,2261
710,2622
710,3014
710,4724
710,6458
710,6574
710,6719
710,7166
710,7194
710,9178
710,9857
710,14985
710,17241
710,19605
710,20880
710,23698
710,24254
710,24404
711,824
711,1461
711,1806
711,3439
711,5698
711,6139
711,6299
711,6314
711,6503
711,7723
711,9011
711,10962
711,16231
711,19831
711,20055
711,28097
712,1530
712,1914
712,2877
712,5254
712,12825
712,15743
712,18483
712,19139
712,22297
712,24708
712,29633
713,848
713,1003
713,1129
713,1187
713,1382
713,1387
713,1513
713,2321
713,2430
713,2475
713,2477
713,2567
713,2741
713,3149
713,3452
713,3936
713,4113
713,5115
713,5144
713,5917
713,5938
713,6466
713,6586
713,6620
713,6681
713,7426
713,8990
713,9362
713,9598
713,14642
713,15661
713,17208
713,17413
713,17801
713,17821
713,19064
713,20023
713,20140
713,20449
713,22189
713,22729
713,23042
713,24244
713,24575
713,25338
713,26195
713,27292
713,27371
713,28605
713,28679
713,29457
714,2076
714,3548
714,4662
714,8648
714,11215
714,12591
714,12647
714,12727
714,14130
714,18667
714,21454
714,21474
714,26270
714,29719
715,801
715,1049
715,1350
715,1652
715,1876
715,3405
715,4251
715,4335
715,4383
715,4678
715,5554
715,5971
715,5987
715,7366
715,7501
715,7972
715,8812
715,8986
715,9427
715,10447
715,12721
715,15870
715,16283
715,19551
715,20436
715,20470
715,21452
715,23274
715,25780
715,25873
715,26603
715,26805
715,27624
715,28782
715,28814
715,29275
716,3162
716,5910
716,6257
716,8533
716,10850
716,19844
716,20303
716,21075
716,26628
716,26791
716,28518
717,989
717,1718
717,2686
717,3661
717,5135
717,8314
717,8562
717,8868
717,10548
717,12743
717,12791
717,13014
717,16840
717,16925
717,18902
717,18966
717,19581
717,20918
717,21036
717,27158
717,28837
718,933
718,958
718,994
718,1101
718,1169
718,1886
718,2166
718,2286
718,3304
718,3652
718,4543
718,4972
718,5699
718,8549
718,8577
718,8689
718,10054
718,10437
718,12731
718,13039
718,15711
718,15943
718,19720
718,22071
718,22153
718,22374
718,22930
718,24154
718,24581
718,26741
719,783
719,1625
719,2087
719,2781
719,6169
719,28136
720,1910
720,4048
720,6707
720,7433
720,7979
720,8671
720,11987
720,15386
720,18516
720,18673
721,2053
721,5841
721,6162
721,8478
721,12623
721,27158
722,2032
722,2654
722,4853
722,12003
723,877
723,1399
723,2164
723,3117
723,4340
723,5560
723,5897
723,6483
723,6662
723,10448
723,14138
723,14993
723,16777
723,17885
723,18141
723,18337
723,18408
723,18880
723,24521
723,27166
723,27813
723,29803
724,735
724,2504
724,3884
724,5486
724,6999
724,7267
724,8924
724,11295
724,15437
725,1590
725,1802
725,1982
725,2016
725,2400
725,3413
725,3738
725,3808
725,4246
725,7682
725,12078
725,12101
725,14158
725,15771
725,19397
725,23697
725,27967
725,29346
726,759
726,816
726,1224
726,1531
726,1776
726,1972
726,5857
726,5968
726,10930
726,12293
726,20646
727,1671
727,2664
727,3199
727,3254
727,3847
727,5673
727,5771
727,7307
727,7962
727,8927
727,9912
727,10149
727,11424
727,13929
727,19853
727,24753
727,26612
727,27808
727,29728
728,1702
728,2434
728,7522
728,7744
728,7860
728,9885
728,17684
728,20815
729,815
729,2760
729,4224
729,8281
729,11030
729,12093
729,13519
729,14034
729,15443
729,15720
729,16228
729,17955
729,18041
729,21444
729,23269
729,26454
730,805
730,1351
730,2114
730,2776
730,5051
730,9645
730,9817
730,10105
730,10697
730,13039
730,13291
730,15405
730,17552
730,18081
730,24986
730,26288
730,29052
731,841
731,4454
731,5470
731,5504
731,5885
731,6128
731,6239
731,7274
731,29543
732,1357
732,1487
732,1735
732,8274
732,8739
732,9756
732,10310
732,14056
733,879
733,1081
733,2248
733,2513
733,2962
733,3418
733,3626
733,4324
733,5133
733,5605
733,6170
733,6408
733,6956
733,7061
733,7776
733,8246
733,9639
733,11509
733,11969
733,12503
733,13497
733,13870
733,14546
733,19605
733,28422
734,1016
734,1133
734,1290
734,1567
734,1754
734,3717
734,4021
734,4624
734,6788
734,8156
734,8396
734,8463
734,9074
734,9917
734,11577
734,12410
734,13699
734,14519
734,15319
734,15753
734,15900
734,16763
734,17331
734,18162
734,18562
734,20678
734,21342
734,22490
734,22646
734,23337
734,24202
734,24722
734,25075
734,26766
735,2136
735,2239
735,2329
735,3242
735,3709
735,9259
735,15298
735,16997
735,18081
735,22415
735,23512
735,25345
735,26213
736,1236
736,1337
736,1425
736,1518
736,5423
736,13510
736,14559
736,17214
736,17341
736,18497
736,20205
736,21843
737,826
737,1067
737,1356
737,3399
737,3523
737,4096
737,4861
737,5400
737,5604
737,5827
737,6508
737,8004
737,8156
737,8763
737,9282
737,12043
737,15143
737,15687
737,23945
738,1032
738,1083
738,1317
738,1643
738,1654
738,1689
738,2325
738,2709
738,3224
738,3840
738,3934
738,4083
738,4281
738,4611
738,6218
738,6386
738,6526
738,6933
738,8262
738,8537
738,9403
738,10157
738,10193
738,10224
738,10495
738,10781
738,10864
738,15559
738,16105
738,16883
738,17456
738,17466
738,19463
738,19579
738,19803
738,20072
738,21346
738,22841
738,25506
738,26033
738,26124
738,26568
738,28702
738,29628
739,1703
739,2531
739,5262
739,6072
739,11077
739,22440
739,23119
739,26118
739,26972
739,29651
739,29976
740,2928
740,3441
740,6514
740,7063
740,10355
740,10762
740,10993
740,12118
740,13290
740,14098
740,14999
740,18879
740,20058
740,20733
740,20843
740,21907
740,24749
741,9409
741,28041
742,868
742,968
742,1359
742,1478
742,1675
742,1778
742,2059
742,3591
742,4030
742,4964
742,5418
742,10214
742,12986
742,14944
742,19978
742,20322
742,27996
743,751
743,852
743,853
743,1500
743,2761
743,6283
743,9695
743,16994
743,17277
743,20431
743,27811
744,1735
744,2887
744,5548
744,5669
744,7739
744,12444
744,12559
744,15021
744,15490
744,15744
744,17968
744,28372
744,28800
744,28874
744,29374
745,761
745,917
745,997
745,2132
745,2212
745,2635
745,2708
745,2764
745,2988
745,3759
745,3765
745,3920
745,4217
745,4234
745,4315
745,5011
745,5199
745,5925
745,6940
745,8873
745,9342
745,10056
745,10550
745,12228
745,12899
745,13801
745,15313
745,16061
745,17017
745,17484
745,24096
745,25518
745,28125
745,28550
745,28679
745,29353
746,1061
746,1644
746,3445
746,3523
746,4514
746,8135
746,12878
746,12902
746,14276
746,23025
746,23739
746,26937
747,1005
747,1024
747,1571
747,1698
747,4064
747,5389
747,8022
747,9728
747,10367
747,15339
747,16625
747,16796
747,19231
747,23818
747,27929
748,2683
748,2929
748,2964
748,3029
748,6494
748,7663
748,8300
748,16835
748,21802
748,24235
749,979
749,2337
749,2485
749,2503
749,5158
749,7658
749,12571
749,15617
749,16333
749,17491
749,20575
749,27416
749,27981
750,761
750,1104
750,1467
750,6496
750,8324
750,10832
750,17949
750,22891
751,1121
751,1370
751,2180
751,2511
751,6619
751,6620
751,9023
751,10952
751,11463
751,11646
751,11707
751,12820
751,19235
751,19974
751,24645
751,26388
752,1805
752,3006
752,3408
752,6512
752,10927
752,19346
752,20958
752,22742
752,22955
752,25367
752,25921
753,3038
753,5492
753,9784
753,14920
753,16568
753,18287
753,22475
753,25612
753,27369
754,871
754,1137
754,1537
754,1562
754,1954
754,2037
754,3209
754,3642
754,3786
754,3794
754,4744
754,5424
754,5601
754,6360
754,7015
754,8000
754,8321
754,8574
754,9733
754,10759
754,12968
754,16493
754,24018
754,24442
754,25749
754,26550
754,28712
755,936
755,1744
755,1947
755,2130
755,3464
755,4093
755,4135
755,4711
755,5254
755,7517
755,9462
755,10052
755,16301
755,19543
755,25533
755,28942
756,4946
756,5766
756,10075
756,19319
756,21589
756,26477
757,828
757,997
757,1319
757,1320
757,1451
757,2134
757,2438
757,3092
757,3759
757,5129
757,5173
757,5648
757,5881
757,6561
757,7033
757,10846
757,13087
757,14105
757,18921
757,19135
757,19239
757,19762
757,20637
757,21362
757,22083
757,22550
757,22939
757,23053
757,25437
757,26307
757,26369
757,27655
757,28059
757,29000
757,29496
757,29572
758,1194
758,2864
758,7704
758,12233
758,13389
758,16789
758,16859
758,26267
758,29483
759,1620
759,1622
759,3314
759,5200
759,11144
759,13137
759,13338
759,15711
759,18758
759,18822
759,23688
759,25053
760,2223
760,2246
760,3203
760,4865
760,8128
760,16712
761,2588
761,3587
761,3692
761,4106
761,5646
761,8858
761,14699
761,16745
761,19895
761,26113
762,778
762,1097
762,1683
762,3012
762,3824
762,3978
762,4037
762,4163
762,4870
762,6316
762,6600
762,7505
762,10302
762,10810
762,11242
762,12983
762,14961
762,17128
762,21679
762,23966
762,24206
762,24849
762,29635
763,2107
763,3069
763,6081
763,7839
763,10991
763,11074
763,11182
763,14052
763,16471
763,18444
763,21335
764,2786
764,2806
764,10192
764,16609
764,29198
765,976
765,1549
765,2082
765,3483
765,4059
765,4380
765,4448
765,6017
765,9050
765,10259
765,11754
765,16970
765,18134
765,22158
765,24768
765,28337
766,11292
766,12436
766,12631
767,1061
767,2751
767,3042
767,3405
767,5107
767,5240
767,7304
767,7851
767,9898
767,10175
767,14373
767,20497
767,20602
767,23174
767,26667
768,934
768,1410
768,6489
768,16669
768,18109
768,18648
768,29960
769,851
769,1784
769,2100
769,2873
769,3889
769,5661
769,5910
769,6958
769,7581
769,9106
769,13080
769,17710
769,21876
769,25269
769,27318
769,28073
770,837
770,929
770,1151
770,1446
770,1451
770,1974
770,1979
770,2079
770,2923
770,3119
770,4654
770,5028
770,5130
770,5429
770,6529
770,8079
770,8180
770,9330
770,9711
770,13316
770,13660
770,14190
770,14435
770,17105
770,19389
770,20402
770,21311
770,23560
770,24020
770,24053
770,24529
770,25485
770,27775
770,28741
770,29515
771,1171
771,1214
771,2919
771,3437
771,3801
771,5892
771,6520
771,6721
771,8393
771,9511
771,9792
771,11733
771,12374
771,14515
771,14711
771,14807
771,15878
771,16620
771,18267
771,19902
771,22836
771,28384
772,1635
772,5725
772,6976
772,14600
772,24890
773,7925
773,10656
773,11312
773,12996
773,16977
773,18848
773,23125
774,927
774,6802
774,10008
774,18029
775,1800
775,2042
775,9034
775,11749
775,12657
775,24230
775,25770
775,26802
775,27637
776,1400
776,2293
776,3760
776,4861
776,7151
776,7225
776,10176
776,10490
776,11798
776,11917
776,13631
776,13818
776,19761
776,23346
776,24549
776,24735
776,25391
776,26592
776,26708
776,27652
777,1182
777,16993
777,20914
778,1571
778,19554
779,2708
779,3611
779,4050
779,5555
779,6134
779,27287
780,1201
780,2423
780,3510
780,3903
780,5964
780,8517
780,8550
780,10815
780,17404
780,17863
780,18214
780,19243
780,21230
780,21995
780,22303
780,28152
780,29530
781,861
781,1360
781,1482
781,1904
781,2785
781,4449
781,6004
781,7937
781,8281
781,9965
781,21540
781,22286
781,22987
781,25377
782,1639
782,3060
782,19371
782,24993
782,25498
783,1935
783,2165
783,2675
783,4590
783,6043
783,7343
783,12653
783,13282
783,14149
783,15355
783,25063
783,25351
784,1454
784,1632
784,1736
784,1752
784,2429
784,2794
784,3192
784,5575
784,5684
784,7173
784,7763
784,8476
784,9108
784,9950
784,12512
784,12964
784,14406
784,14452
784,16785
784,26967
784,27758
785,1471
785,3603
786,1064
786,1960
786,3007
786,3860
786,4802
786,9692
786,11710
786,17271
786,17443
786,22586
786,23065
786,23069
787,795
787,830
787,1976
787,2314
787,3420
787,5573
787,6190
787,7560
787,8772
787,9120
787,10008
787,10191
787,10844
787,11563
787,12087
787,12278
787,14286
787,15741
787,16373
787,16473
787,18238
787,19169
787,19287
787,23997
787,26415
787,29078
788,1170
788,1189
788,7150
788,8598
788,8623
788,8688
788,8927
788,9288
788,9325
788,11128
788,11953
788,12850
788,13728
788,16087
788,20894
788,21993
788,22655
788,23181
788,28283
789,4220
789,5145
789,5906
789,7671
789,8309
789,8930
789,9337
789,12436
789,12705
789,20711
789,22180
789,23349
789,28367
789,29691
790,913
790,2533
790,2674
790,3435
790,4371
790,6316
790,11140
790,11785
790,22625
790,22986
790,25967
791,2077
791,2859
791,5794
791,8767
791,10562
791,13720
791,19192
791,20930
791,28830
792,1365
792,2360
792,6611
792,8836
792,13411
793,1684
793,4729
793,4895
793,7050
793,7491
793,9596
793,12930
793,14993
793,15643
793,17820
793,19401
793,19735
793,25014
793,28612
794,801
794,2527
794,7016
794,7730
794,7890
794,8274
794,8647
794,8692
794,8765
794,10243
794,18602
794,24509
795,1071
795,1216
795,1533
795,1994
795,2283
795,4789
795,5329
795,6118
795,6195
795,6371
795,8203
795,8568
795,10465
795,12234
795,13706
795,16804
795,18795
795,21939
795,22984
795,23334
795,27740
795,29715
796,1012
796,2145
796,3584
796,8325
796,19030
796,20201
796,22875
796,23311
796,24744
796,25258
797,13906
797,21043
798,857
798,1709
798,1847
798,1939
798,2110
798,2279
798,3599
798,4709
798,5317
798,5933
798,6068
798,7403
798,11127
798,14692
798,16707
798,17842
798,22465
798,25297
798,28313
799,2585
799,5801
799,9388
799,13218
799,13494
799,13709
799,14741
799,15184
799,16881
799,18055
799,19427
799,25462
799,26621
799,27375
799,27630
799,28008
799,29555
800,1046
800,3295
800,13368
801,906
801,1309
801,1345
801,5124
801,5499
801,9048
801,10130
801,10967
801,12704
801,14633
801,18700
801,19704
801,29214
801,29705
801,29899
802,1168
802,1547
802,1700
802,2503
802,2835
802,3185
802,5219
802,5462
802,6620
802,6940
802,7020
802,8322
802,8443
802,8576
802,10138
802,11161
802,13013
802,13950
802,15489
802,16189
802,16830
802,17376
802,22184
802,25183
802,27737
802,28689
803,970
803,2655
803,5294
803,7626
803,14774
803,16505
803,19564
803,20414
804,1468
804,2492
804,8430
804,9282
804,12641
804,17570
804,19485
804,21544
804,23429
805,846
805,955
805,1411
805,1843
805,2514
805,3847
805,4367
805,4746
805,4958
805,6926
805,7591
805,9776
805,9795
805,12574
805,13295
805,14475
805,15270
805,16176
805,16298
805,16665
805,16767
805,16787
805,17087
805,17219
805,20342
805,21905
805,23594
805,24378
805,24569
806,2510
806,5538
806,5637
806,7239
806,8936
806,9460
806,12195
806,13298
806,15706
806,20923
806,21488
806,24747
807,876
807,1493
807,1910
807,1985
807,2138
807,2226
807,2240
807,5658
807,5928
807,6767
807,10085
807,10334
807,10403
807,10485
807,10643
807,10773
807,11059
807,11117
807,11227
807,12182
807,13160
807,14010
807,18114
807,18688
807,21582
807,23551
807,24352
807,24908
807,25335
807,27318
807,29172
808,3326
808,10674
808,11729
808,13781
808,15040
808,24367
808,27236
808,28184
809,2655
809,2715
809,2736
809,4629
809,4771
809,5559
809,6134
809,6268
809,7177
809,7654
809,13192
809,15600
809,19714
809,23118
809,23124
809,24909
809,29378
810,1110
810,1776
810,6686
810,8810
810,9059
810,11304
810,12141
810,17771
810,22291
810,25244
810,29807
811,1245
811,1419
811,1897
811,1900
811,1926
811,1931
811,2734
811,3922
811,3974
811,5749
811,6253
811,6933
811,10732
811,12950
811,16307
811,17868
811,18656
811,20076
811,26513
811,28858
812,977
812,2678
812,10227
812,15487
813,2072
813,2541
813,3540
813,3963
813,3979
813,4412
813,4766
813,4826
813,5516
813,7722
813,9805
813,11697
813,13871
813,17765
813,18125
813,20506
813,21320
813,24167
814,1223
814,2207
814,2577
814,3605
814,3968
814,4693
814,6442
814,7687
814,9215
814,11019
814,12663
814,15216
814,16298
814,21134
814,21771
814,25722
814,26982
814,28889
814,29036
815,1185
815,1424
815,1649
815,1969
815,2206
815,2536
815,3408
815,5781
815,9260
815,9930
815,11961
815,11977
815,12132
815,13255
815,14147
815,15050
815,15482
815,21339
815,28047
816,10486
816,15394
816,20773
817,2557
817,2805
817,2952
817,6458
817,7263
817,7852
817,9380
817,9689
817,10707
817,12941
817,13059
817,15643
817,16467
817,19258
817,19355
817,19837
817,19922
817,22742
817,23928
817,24399
817,25356
817,28018
817,28021
817,28107
817,28819
818,894
818,1711
818,3379
818,13958
818,14906
818,15391
818,16844
818,22397
819,1315
819,1711
819,2086
819,2206
819,2431
819,3889
819,4339
819,5684
819,5804
819,6679
819,7476
819,7834
819,7844
819,11819
819,14920
819,15232
819,20286
819,20563
819,21607
819,22575
819,22596
819,22676
819,25554
819,25696
819,26850
820,1079
820,1230
820,6375
820,7589
820,25869
821,1145
821,1442
821,3067
821,3468
821,8334
821,8557
821,10188
821,11578
821,14388
821,14614
821,15191
821,17941
821,19272
821,24273
821,24386
821,27569
821,29047
822,858
822,899
822,976
822,1084
822,2274
822,2332
822,2749
822,3106
822,3250
822,4156
822,4657
822,6100
822,7313
822,7983
822,9351
822,16465
822,16567
822,20954
822,27213
822,27940
822,28432
822,29166
823,1054
823,2272
823,5467
823,6905
823,9402
823,10755
823,13562
823,13772
823,13814
823,19178
823,19845
824,1060
824,1715
824,1816
824,1944
824,2220
824,3863
824,4797
824,5670
824,9603
824,17465
824,18095
824,18244
824,19137
824,20797
824,28558
825,1259
825,1393
825,1488
825,2151
825,2271
825,2304
825,2822
825,3179
825,3922
825,4112
825,4398
825,4908
825,5835
825,6070
825,6275
825,6389
825,6704
825,7752
825,8015
825,8452
825,8672
825,10022
825,12152
825,13374
825,14037
825,14648
825,14765
825,14818
825,15911
825,16305
825,18239
825,18953
825,19664
825,20881
825,21536
825,21928
825,22675
825,23783
825,24557
825,25333
825,25516
825,26913
825,27091
825,28304
825,28888
825,29249
826,2687
826,2765
826,10143
826,13354
826,17743
826,18672
826,27278
826,27698
828,3357
828,4132
828,7420
828,12933
828,13071
828,14897
828,17226
828,24742
828,25716
828,28335
829,3228
829,3622
829,3689
829,4110
829,6925
829,19149
829,22624
829,26867
829,28580
830,1550
830,4922
830,8046
830,11822
830,12889
830,13570
830,18729
830,19121
830,19958
830,26582
830,27334
830,27669
831,1331
831,3222
831,3816
831,5211
831,7497
831,7609
831,9986
831,10360
831,22008
832,3823
832,5677
832,6308
832,6976
832,7532
832,8826
832,11640
832,13573
832,16802
832,21945
832,26765
832,28170
832,28689
833,1371
833,1786
833,2190
833,4165
833,5293
833,6073
833,6090
833,6756
833,8456
833,9989
833,10368
833,10520
833,10961
833,11316
833,11333
833,12596
833,13052
833,13378
833,13828
833,15562
833,16253
833,16443
833,16532
833,16781
833,21168
833,22991
833,27854
834,3415
834,9376
834,21108
834,26910
835,2544
835,2653
835,2740
835,3000
835,4351
835,6105
835,6124
835,6962
835,7129
835,7710
835,9041
835,9406
835,9671
835,11017
835,11547
835,12569
835,12584
835,15381
835,15390
835,16050
835,16440
835,18068
835,19314
835,22691
836,1010
836,1031
836,1495
836,1843
836,2743
836,2829
836,2915
836,4197
836,4733
836,5815
836,8413
836,8512
836,9706
836,9711
836,9831
836,10598
836,11739
836,15043
836,17434
836,17483
836,17794
836,19017
836,20477
836,24077
836,24799
836,25277
836,25303
836,25576
836,28976
837,2918
837,4645
837,4876
837,5602
837,5780
837,7958
837,24454
838,1854
838,2193
838,4094
838,4688
838,7080
838,10319
838,11019
838,15658
838,16780
838,19343
838,20034
838,20777
838,20826
838,24180
838,29722
839,2637
839,5288
839,6730
839,8972
839,16661
839,28700
840,1078
840,3035
840,7310
840,11543
840,22926
841,1193
841,1252
841,1413
841,1432
841,1484
841,1908
841,2206
841,2576
841,3147
841,4310
841,5235
841,5486
841,5825
841,6573
841,6585
841,7220
841,8484
841,9499
841,9679
841,9850
841,9916
841,10033
841,10510
841,11701
841,11727
841,12696
841,14178
841,14600
841,17559
841,17935
841,18229
841,18498
841,18804
841,18823
841,20803
841,21134
841,21756
841,23507
841,23870
841,24216
841,25645
841,25662
842,17927
843,3281
843,4911
843,6155
843,7054
843,7901
843,8675
843,10273
843,12294
843,14323
843,18808
843,19111
843,19282
843,19758
843,20328
843,22751
843,25407
844,1552
844,1597
844,2766
844,8464
844,8664
844,11346
844,18903
844,19866
844,19915
845,1222
845,2520
845,3501
845,8128
845,11604
845,15526
845,20519
845,26053
846,1452
846,1834
846,1856
846,3158
846,3812
846,4265
846,6022
846,7098
846,9079
846,11750
846,13875
846,15744
846,19185
846,19569
846,21018
846,24746
846,24800
846,25537
846,29166
846,29800
847,890
847,2077
847,2215
847,2416
847,2558
847,4147
847,4221
847,5119
847,7920
847,10791
847,12169
847,12499
847,12606
847,13692
847,16966
847,18883
847,19281
847,21783
847,22105
847,25538
848,1065
848,2855
848,12835
848,14872
848,15099
848,21645
848,22091
848,22277
848,25454
849,904
849,950
849,1139
849,1850
849,1877
849,2975
849,5533
849,7070
849,7530
849,11016
849,12061
849,12830
849,12904
849,12971
849,13613
849,20850
849,21405
849,26487
850,1592
850,2156
850,2492
850,2858
850,3650
850,6009
850,6053
850,6414
850,7853
850,8036
850,8567
850,14483
850,15410
850,16497
850,27037
850,28750
851,2451
851,2820
851,3120
851,4083
851,5744
851,8371
851,8426
851,10245
851,10683
851,14314
851,15472
851,17094
851,18274
851,20794
851,22022
851,23320
852,1338
852,1350
852,1430
852,3094
852,3993
852,4304
852,4325
852,6680
852,11073
852,15467
852,16641
852,17577
852,19979
852,20941
852,22854
852,23206
852,24686
852,27000
852,28023
853,863
853,1063
853,1403
853,2530
853,2534
853,3575
853,5988
853,6571
853,10528
853,10800
853,13556
853,19002
853,24280
853,26496
853,26987
853,29941
854,944
854,1008
854,2018
854,2140
854,4046
854,5323
854,5712
854,5928
854,6385
854,6473
854,8390
854,8639
854,8930
854,9374
854,10029
854,11723
854,13218
854,16811
854,18073
854,18645
854,18719
854,24875
854,25914
855,1157
855,6238
855,10279
855,14830
855,15214
855,15285
855,17804
855,18437
855,18478
855,18559
855,20079
855,21630
855,24545
855,24587
855,25723
856,1924
856,3353
856,3694
856,6665
856,7041
856,10676
856,11938
856,11970
856,16462
856,20908
856,22178
856,27401
857,1508
857,1933
857,2959
857,4023
857,4307
857,6556
857,6592
857,6755
857,8704
857,16167
857,16421
857,21778
857,26468
857,29357
858,9358
858,10159
858,11442
858,18159
858,19870
858,23684
858,27086
859,1136
859,2439
859,3489
859,3871
859,4011
859,4155
859,7295
859,7414
859,7636
859,8820
859,9494
859,9679
859,11695
859,11813
859,12051
859,12669
859,16536
859,18053
859,21412
859,25499
859,27008
859,27277
860,969
860,7367
860,8005
860,10568
860,16014
860,20532
860,27838
860,29791
861,2168
861,4432
861,16943
861,22352
861,29768
862,1233
862,1647
862,1759
862,2302
862,3388
862,3778
862,3856
862,4211
862,4429
862,5078
862,5442
862,5701
862,5999
862,8155
862,8613
862,8812
862,9008
862,9529
862,10542
862,10741
862,11393
862,11643
862,12117
862,15031
862,15524
862,15646
862,16151
862,16666
862,17940
862,18009
862,19647
862,20776
862,21720
862,22175
862,25454
862,26208
862,27551
862,27641
863,2997
863,5094
863,5193
863,6923
863,7587
863,15390
863,16522
863,26732
864,1132
864,1161
864,2326
864,2530
864,3604
864,3916
864,4224
864,5250
864,5789
864,5898
864,7108
864,7324
864,8528
864,10502
864,11099
864,14199
864,14943
864,15151
864,16580
864,19236
864,22592
864,22764
864,24760
864,25032
864,28024
865,972
865,1035
865,1286
865,1327
865,1829
865,2757
865,2991
865,3303
865,3704
865,3883
865,4624
865,4654
865,5726
865,6577
865,6629
865,8226
865,8817
865,11353
865,11528
865,11784
865,11820
865,14100
865,15618
865,18533
865,18729
865,19245
865,20358
865,22085
865,22087
865,23909
865,24410
865,25412
865,29011
866,15653
866,22389
867,981
867,1186
867,3043
867,3252
867,4265
867,4500
867,4560
867,5447
867,5449
867,6095
867,9163
867,9221
867,10523
867,11709
867,12715
867,13506
867,13546
867,13939
867,14738
867,17152
867,18774
867,20529
867,21282
867,22117
867,23533
867,23865
867,24563
867,26694
867,26819
867,27003
867,27534
867,29367
867,29758
868,1882
868,2175
868,2745
868,2828
868,3295
868,5228
868,5715
868,6467
868,7104
868,7704
868,9181
868,11815
868,12850
868,13551
868,13609
868,13676
868,14805
868,17611
868,27166
868,27512
868,28768
868,29552
869,882
869,1026
869,2629
869,3793
869,5893
869,7160
869,8727
869,10074
869,11877
869,12083
869,13338
869,13913
869,14285
869,14483
869,15422
869,17983
869,20715
869,22522
869,26111
869,27332
869,27587
869,29518
870,1013
870,1178
870,1491
870,1865
870,1996
870,2032
870,2281
870,2476
870,2526
870,3023
870,3034
870,3137
870,3189
870,3414
870,4069
870,5030
870,5583
870,5806
870,7165
870,7634
870,9651
870,9761
870,10597
870,10674
870,14746
870,14894
870,15616
870,16945
870,17174
870,19771
870,20902
870,23298
870,23765
870,24281
870,24992
870,25892
870,29059
870,29085
870,29946
871,872
871,1138
871,1262
871,1346
871,2158
871,3306
871,6204
871,7849
871,8209
871,8265
871,10748
871,11040
871,11232
871,11272
871,15784
871,18143
871,18511
871,22895
871,29305
872,2123
872,2174
872,4828
872,5240
872,6943
872,7725
872,11951
872,13852
872,16035
872,18940
872,22856
872,24272
872,28527
872,28682
872,29536
873,3828
873,6629
873,8998
873,11253
873,14466
873,17690
873,27079
873,29407
874,1457
874,2843
874,4281
874,8123
874,12135
874,12529
874,13157
874,15285
874,22639
874,23976
874,24016
875,2189
875,3127
875,7518
875,8084
875,8206
875,8700
875,11834
875,12408
875,13538
875,15182
875,15743
875,29081
876,1199
876,1658
876,4810
876,5497
876,5802
876,9425
876,13031
876,13801
876,15449
876,17376
876,17597
876,18243
876,26930
876,28608
876,29920
877,1625
877,2281
877,2857
877,8530
877,10877
877,16564
877,20333
877,21220
877,21773
878,1215
878,3755
878,3870
878,4754
878,5096
878,7260
878,8496
878,8702
878,9847
879,1413
879,1899
879,2265
879,4194
879,4238
879,5203
879,9977
879,10332
879,11719
879,14332
879,16430
879,18070
879,19504
879,19771
879,21838
879,22343
879,23020
879,25576
879,27116
880,1040
880,3180
880,3628
880,4305
880,4853
880,4878
880,5841
880,6289
880,7027
880,7094
880,10126
880,12750
880,13738
880,13783
880,14737
880,17475
880,18179
880,18805
880,22534
880,24701
880,26215
880,26445
880,28174
880,28492
880,28628
881,4222
881,4329
881,6306
881,17212
882,1225
882,1720
882,2039
882,2381
882,8938
882,19502
882,19567
883,990
883,991
883,1020
883,1152
883,1511
883,1515
883,1631
883,3162
883,3532
883,5133
883,6798
883,7633
883,7950
883,11720
883,14503
883,15399
883,17308
883,19516
883,20273
883,21112
883,21736
883,25136
883,28455
883,28738
883,29310
884,2329
885,1046
885,3111
885,3714
885,5943
885,7698
885,8521
885,9834
885,11668
885,12124
885,13500
885,16156
885,17761
885,19177
885,20206
885,22892
885,22936
885,23319
885,26291
885,26712
887,1206
887,1246
887,1385
887,1948
887,2651
887,3572
887,5980
887,6350
887,6983
887,9064
887,10683
887,26605
887,28058
887,28722
887,28803
888,3137
888,5779
888,6890
888,9731
888,14900
888,15007
888,21960
888,22033
888,22132
888,22381
888,26094
888,28731
888,29168
889,1613
889,4349
889,4929
889,6012
889,6038
889,7747
889,8976
889,12082
889,14597
889,18106
889,22890
889,26705
890,5494
890,6202
890,7552
890,11269
890,12855
890,21927
890,24507
891,2552
891,5368
891,6225
891,7666
891,8851
891,9040
891,14146
891,15310
892,895
892,1107
892,3153
892,7145
892,7601
892,8676
892,10037
892,13283
892,14168
892,14353
892,23722
892,23997
893,1063
893,1236
893,1375
893,2394
893,2520
893,6079
893,6366
893,6411
893,7156
893,7811
893,8320
893,8658
893,8775
893,9413
893,10486
893,12181
893,14066
893,14358
893,17194
893,18899
893,23541
893,25440
893,26119
894,2750
894,5311
894,11529
894,11747
894,12595
894,15108
894,17559
894,25044
895,1039
895,1194
895,1298
895,1853
895,2021
895,2026
895,2215
895,2631
895,2749
895,2960
895,3677
895,3697
895,4294
895,4752
895,5016
895,5522
895,7088
895,7894
895,9591
895,9705
895,10084
895,11310
895,11621
895,11789
895,12336
895,12525
895,13448
895,13519
895,14054
895,16076
895,22715
895,24995
895,26562
895,26589
896,1347
896,1554
896,2512
896,5574
896,6341
896,7790
896,9625
896,9895
896,14715
896,15442
896,15675
896,16412
896,17798
896,19762
896,19951
896,21756
896,23428
896,26838
896,26959
896,27949
897,1025
897,1372
897,1406
897,1485
897,2466
897,2758
897,3030
897,6048
897,6346
897,6839
897,7172
897,7842
897,8179
897,10167
897,12878
897,13366
897,15512
897,18400
897,18862
897,19650
897,20003
897,21689
897,22184
897,22385
897,22727
897,22943
897,23096
897,26111
897,28343
897,29973
898,1241
898,2045
898,3442
898,3465
898,3718
898,4259
898,4530
898,4964
898,5540
898,6037
898,7540
898,9012
898,12011
898,13262
898,13665
898,13681
898,17524
898,18066
898,20935
898,22204
898,22930
898,24641
898,24714
898,24939
899,1578
899,3069
899,3573
899,4904
899,5629
899,5786
899,8086
899,9493
899,10194
899,10687
899,12405
899,16787
899,17445
900,2186
900,2597
900,8124
900,8451
900,16288
900,16955
900,21676
900,22344
900,22744
900,24415
900,24474
900,29924
901,2440
901,3196
901,3514
901,5782
901,6223
901,6998
901,10968
901,16830
901,20056
901,20998
901,22283
901,29002
902,982
902,1344
902,2192
902,2481
902,3291
902,6426
902,8253
902,12849
902,13375
902,18546
902,21005
902,22816
902,23075
902,26344
902,29037
902,29919
903,1075
903,1099
903,1963
903,2587
903,2683
903,4004
903,6089
903,17961
903,17988
903,23564
903,26979
904,1798
904,2161
904,2225
904,6276
904,7056
904,7540
904,7568
904,10579
904,11287
904,12773
904,14465
904,17664
904,18985
904,19314
904,21101
904,22541
904,26108
904,26536
905,3206
905,3646
905,3718
905,3929
905,4012
905,4633
905,4748
905,5474
905,5757
905,8437
905,13602
905,22083
905,23465
906,1551
906,2387
906,2755
906,4962
906,7322
906,9027
906,10417
906,12092
906,12907
906,13771
906,20050
906,23787
906,25168
906,27413
907,3547
907,4270
907,12609
907,14108
907,14960
907,27701
908,2003
908,2127
908,2673
908,3019
908,3460
908,4277
908,4544
908,4585
908,4641
908,4829
908,7125
908,10891
908,12197
908,16306
908,16720
908,19296
908,21499
908,23874
908,26982
909,2048
909,2692
909,3100
909,4542
909,4598
909,4629
909,4745
909,5723
909,5859
909,6696
909,6996
909,7638
909,14590
909,16108
909,20419
909,25722
910,2381
910,3061
910,4042
910,4739
910,9913
910,15124
910,18970
910,27252
911,1295
911,1414
911,2157
911,2250
911,2461
911,2647
911,2809
911,2880
911,2961
911,3160
911,4016
911,4235
911,5896
911,6499
911,7143
911,8544
911,8547
911,9312
911,9662
911,10091
911,11218
911,15393
911,15694
911,17761
911,18222
911,19343
911,20444
911,20592
911,21143
911,21234
911,24097
911,24395
911,25904
911,26338
911,26964
911,27729
911,29436
912,2426
912,3078
912,3627
912,4642
912,11153
912,22219
912,23959
912,25761
912,28011
913,1491
913,1518
913,1595
913,2032
913,2507
913,2888
913,3481
913,4505
913,4770
913,6643
913,7421
913,8454
913,10148
913,10651
913,10923
913,11036
913,11617
913,13650
913,15506
913,15785
913,18766
913,20092
913,20619
913,23993
913,24963
913,27995
913,29978
914,3416
914,4191
914,5171
914,7071
914,7970
914,8880
914,10925
914,11094
914,15156
914,15677
914,16423
914,23927
915,1595
915,1936
915,2945
915,3034
915,4454
915,5104
915,16673
915,28370
915,29138
916,6638
916,12995
917,1525
917,1694
917,1830
917,1922
917,1974
917,2324
917,2493
917,2677
917,2879
917,4900
917,8846
917,9950
917,11445
917,12068
917,12654
917,14136
917,17097
917,20822
917,20952
917,25179
917,26007
917,26082
918,1460
918,6723
918,6885
918,8936
918,10627
918,10980
918,11201
918,12462
918,15037
918,18578
918,26017
918,27323
919,1055
919,5260
919,5341
919,7026
919,8760
919,15232
919,25145
920,2672
920,2844
920,4735
920,6246
920,7053
920,8989
920,9364
920,10076
920,10623
920,11936
920,12523
920,29377
920,29416
921,954
921,1417
921,2615
921,8024
921,10496
921,10972
921,12501
921,14520
921,15635
921,23063
921,25288
922,5067
922,7253
922,11217
922,15020
922,16509
922,18859
922,21124
922,22761
922,26511
922,26847
923,5197
923,13527
923,15072
923,16257
923,18480
923,18494
923,18891
923,24360
923,27409
924,1023
924,4270
924,4712
924,5760
924,5945
924,6653
924,6843
924,8628
924,11972
924,13044
924,13314
924,20713
924,21599
924,22194
924,22423
924,25604
924,28619
925,1106
925,1253
925,1389
925,1418
925,1617
925,1801
925,1871
925,1971
925,2426
925,2479
925,3855
925,7141
925,7438
925,9002
925,10177
925,11901
925,12490
925,13622
925,17070
925,20816
925,27285
926,1451
926,4883
926,8337
926,14244
926,25068
926,26762
926,29191
927,1360
927,2339
927,6545
927,11117
927,13313
927,13750
927,15356
927,25120
927,27643
927,27762
927,27774
928,3611
928,4104
928,5929
928,6676
928,8177
928,10965
928,13453
928,19954
928,26323
928,28081
928,29321
929,3383
929,3790
929,5331
929,5419
929,10879
929,14969
929,15497
929,18926
929,22358
930,2704
930,2865
930,4777
930,5435
930,18679
930,20711
930,24218
930,25470
930,27781
931,4462
931,5026
931,6061
931,10319
931,13084
931,13202
931,14528
931,14838
931,19599
931,20723
932,1849
932,3310
932,4123
932,5879
932,6479
932,12609
932,15626
932,16223
932,16497
932,16535
932,16545
932,17022
932,22068
932,24496
932,24929
932,25185
932,26002
933,9479
933,24309
934,17265
934,18718
934,21063
934,25287
934,25795
935,1742
935,3008
935,3041
935,3707
935,4440
935,4710
935,8209
935,13707
935,14174
936,2986
936,3053
936,6844
936,9342
936,10140
936,11361
936,15786
936,19049
936,25284
937,2319
937,4126
937,5135
937,6319
937,7382
937,8243
937,10669
937,11715
937,12272
937,12577
937,19737
937,20591
937,24568
937,24651
937,25412
937,28365
937,28538
937,28578
938,1966
938,3375
938,9453
938,21283
938,27690
939,1121
939,1927
939,4122
939,4665
939,4699
939,4756
939,5165
939,6268
939,9378
939,10317
939,10903
939,12228
939,15265
939,16340
939,17346
939,19073
939,19184
939,21836
939,24790
939,26333
939,29165
940,1095
940,1273
940,1526
940,1921
940,2569
940,2619
940,2843
940,4199
940,4648
940,5055
940,6095
940,6813
940,9552
940,10393
940,11734
940,12075
940,14273
940,14564
940,14930
940,15524
940,17812
940,18363
941,1633
941,3988
941,5249
941,9273
941,11914
941,20298
941,27764
942,1073
942,1287
942,1870
942,2397
942,3297
942,5287
942,5299
942,5390
942,6594
942,8124
942,8987
942,9800
942,12895
942,14478
942,16039
942,18632
942,19418
942,20835
942,22000
942,24023
942,29200
943,1358
943,1835
943,2378
943,2418
943,2498
943,3098
943,3485
943,3701
943,5036
943,6220
943,6722
943,8662
943,11180
943,12904
943,13962
943,18888
943,23222
943,27972
944,1481
944,2217
944,2470
944,4510
944,5659
944,9578
944,11588
944,25251
944,27281
944,29626
945,3219
945,17612
945,19631
946,1277
946,6854
946,8197
946,15756
946,17893
946,21366
946,23155
946,23925
946,25458
946,27595
947,1855
947,3538
947,4254
947,4412
947,5013
947,6987
947,9625
947,13845
947,14235
947,16233
947,17924
947,18991
947,20082
947,20335
947,20602
947,23069
947,26986
947,27759
947,28525
947,28798
948,998
948,1089
948,1690
948,1777
948,1925
948,1990
948,2409
948,2728
948,3461
948,3605
948,3926
948,4284
948,4355
948,4415
948,5133
948,6898
948,6981
948,7012
948,7166
948,7614
948,7837
948,8397
948,9820
948,10070
948,11052
948,11183
948,12311
948,12726
948,13114
948,14318
948,15137
948,15985
948,16730
948,17141
948,17271
948,18216
948,18389
948,18844
948,19245
948,19613
948,22172
948,23128
948,23497
948,24339
948,25160
948,25179
948,25736
948,26736
948,26974
948,29471
948,29826
949,958
949,1782
949,2618
949,2859
949,3237
949,3698
949,6368
949,10233
949,11136
949,12025
949,12181
949,13786
949,14105
949,17194
949,17284
949,17679
949,19483
949,20983
949,22752
949,25937
949,26082
949,27374
950,1614
950,2093
950,20931
951,1290
951,3329
951,3980
951,4172
951,4293
951,8262
951,9668
951,10759
951,14573
951,16322
951,17261
951,20075
951,23606
951,25373
951,27872
952,1191
952,1705
952,1928
952,4200
952,5939
952,6481
952,7110
952,7912
952,8169
952,13253
952,15693
952,21376
952,22002
952,26353
952,29882
953,3480
953,6916
954,1221
954,2068
954,2073
954,2176
954,3114
954,4743
954,6049
954,7144
954,9084
954,11317
954,11674
954,12292
954,16739
954,20924
954,21245
954,24906
955,999
955,1601
955,2417
955,3600
955,4442
955,4447
955,5220
955,5501
955,5628
955,6314
955,6519
955,7209
955,7223
955,7763
955,8414
955,9244
955,9994
955,10453
955,10820
955,11071
955,11099
955,12918
955,12935
955,13490
955,13883
955,14896
955,15074
955,16243
955,16776
955,16829
955,16926
955,17392
955,17434
955,21777
955,21976
955,22251
955,22612
955,23042
955,23604
955,25442
955,25460
955,27105
955,27257
956,2427
956,2447
956,2977
956,4176
956,4859
956,5724
956,6726
956,6780
956,6936
956,6985
956,8734
956,10296
956,11843
956,12510
956,12577
956,13947
956,14902
956,17132
956,20718
956,22120
956,22709
956,23316
956,23993
956,28469
957,1291
957,1359
957,1656
957,1753
957,4399
957,5141
957,7346
957,7971
957,8212
957,10511
957,12487
957,14373
957,14911
957,15770
957,20761
957,24081
957,25492
958,1883
958,2161
958,5111
958,6228
958,6876
958,12165
958,18971
958,20273
958,20914
958,22617
958,23750
958,24244
959,1026
959,2105
959,2484
959,2711
959,8157
959,8668
959,11512
959,13582
959,13987
959,18255
959,22722
961,2352
961,3538
961,3933
961,4271
961,5075
961,8515
961,17724
961,24170
961,25443
962,992
962,1055
962,1112
962,1671
962,2080
962,3248
962,4130
962,4700
962,4840
962,5121
962,7183
962,7463
962,7945
962,9972
962,10505
962,11693
962,11751
962,14287
962,18156
962,21297
962,21336
962,21400
962,21996
962,24003
962,24643
962,24785
962,25896
962,27534
962,27890
962,28648
962,29211
962,29835
963,2022
963,2220
963,2555
963,2913
963,3372
963,3610
963,3694
963,3734
963,3828
963,4497
963,6470
963,7012
963,7157
963,7265
963,11224
963,13418
963,14113
963,14722
963,15340
963,15495
963,15606
963,20749
963,23334
963,28701
964,1548
964,2073
964,2595
964,5433
964,6529
964,6840
964,8531
964,10184
964,10393
964,12104
964,12467
964,16040
964,17162
964,18522
964,24539
964,29933
965,1559
965,1955
965,4661
965,5340
965,6644
965,7370
965,7533
965,8023
965,9547
965,9729
965,13615
965,14454
965,14972
965,18820
965,20260
965,21271
965,25240
965,25480
965,26751
966,977
966,1943
966,2626
966,2731
966,2808
966,3214
966,3229
966,3378
966,3508
966,8440
966,8770
966,8783
966,12831
966,12958
966,13332
966,13710
966,14636
966,17073
966,17701
966,18603
966,18963
966,20992
966,21389
966,23701
966,24037
966,25107
966,26297
966,27285
966,29465
966,29482
967,3048
967,3070
967,3421
967,17722
967,26445
967,27248
968,3013
968,5405
968,6153
968,6730
968,8954
968,17469
968,18764
968,19666
968,24487
969,1402
969,1751
969,1763
969,2336
969,2629
969,2833
969,2850
969,3328
969,4198
969,4617
969,4863
969,4865
969,5268
969,5439
969,5934
969,5980
969,6070
969,7824
969,8121
969,10560
969,11599
969,11706
969,12314
969,16611
969,17983
969,19879
969,24405
969,26820
970,7265
970,18426
970,19132
971,2026
971,5675
971,9254
971,17256
971,17589
971,17790
971,20944
972,1831
972,4620
972,6387
972,8617
972,11416
972,12954
972,13258
972,24219
972,28859
973,3465
973,4110
973,7222
973,16602
973,17257
973,22605
974,1694
974,2384
974,4704
974,5731
974,8576
974,13454
974,14366
974,17274
974,19691
974,19949
974,25256
975,1117
975,1733
975,1879
975,2114
975,2388
975,3688
975,4218
975,4514
975,5578
975,5828
975,6999
975,7156
975,8398
975,10265
975,12231
975,13400
975,14343
975,17219
975,22866
975,26533
975,27969
976,1376
976,1506
976,2242
976,3214
976,5147
976,5756
976,8949
976,9824
976,13962
976,17662
976,18235
976,18917
976,19556
976,19953
976,24253
976,26738
976,28027
977,2266
977,2304
977,2682
977,5186
977,5907
977,9444
977,9754
977,15150
977,15511
977,15761
977,21080
977,21742
977,23810
977,24093
977,27623
977,29752
978,7394
978,10377
978,14022
978,26209
979,1505
979,1965
979,2270
979,2804
979,3571
979,4591
979,4704
979,4887
979,5620
979,5776
979,5903
979,6076
979,9635
979,10110
979,10144
979,10944
979,11143
979,12566
979,13380
979,17374
979,20600
979,22442
979,22703
979,23934
979,24390
979,25521
979,26177
979,27207
980,1021
980,1521
980,1961
980,2881
980,6139
980,10104
980,21090
981,3518
981,22604
982,991
982,1675
982,2253
982,3361
982,3928
982,8147
982,13695
982,13763
982,21704
982,28512
983,2002
983,2779
983,4063
983,4339
983,4494
983,7385
983,8544
983,9293
983,12728
983,13131
983,15336
983,17112
983,19252
983,19748
983,20437
983,24229
983,26406
983,29233
984,987
984,1111
984,1306
984,1443
984,1606
984,1779
984,1949
984,2176
984,2723
984,3036
984,4240
984,4499
984,5530
984,7883
984,9074
984,9176
984,10007
984,10065
984,10606
984,15471
984,16805
984,17109
984,17495
984,19266
984,19311
984,26658
984,26912
985,1164
985,2066
985,2406
985,3425
985,6207
985,11119
985,17111
985,19942
985,21021
985,21451
985,22736
985,27173
985,29848
986,1243
986,1343
986,2477
986,2756
986,3028
986,4228
986,4898
986,8293
986,9633
986,11762
986,13344
986,19145
986,20130
986,21359
986,21824
986,22971
986,24657
986,24995
987,3107
987,10585
987,12002
987,17547
987,22250
988,1369
988,2814
988,7044
988,9309
988,9554
988,11550
988,12444
988,19832
988,20223
988,21614
988,23001
988,23436
988,26453
988,26887
988,29571
989,3321
989,7790
989,13806
989,24228
990,1007
990,1340
990,2462
990,2718
990,3077
990,3407
990,4550
990,4681
990,5591
990,6258
990,6259
990,6449
990,6665
990,6698
990,6860
990,7013
990,7154
990,8061
990,8273
990,8392
990,9422
990,9920
990,9925
990,10644
990,10663
990,11532
990,12170
990,12297
990,19559
990,21125
990,22712
990,23717
990,25642
990,26012
990,26654
990,28824
991,3302
991,4185
991,5153
991,5289
991,5878
991,7537
991,9858
991,16724
991,18535
991,19452
991,20595
991,22146
991,23052
992,1419
992,1608
992,2300
992,3482
992,3727
992,4731
992,5264
992,13549
992,17108
992,17167
992,17445
992,23841
993,1178
993,1205
993,1689
993,1983
993,2468
993,2982
993,3930
993,4379
993,4684
993,4841
993,4931
993,5498
993,5732
993,5891
993,5932
993,6116
993,6181
993,7118
993,7535
993,8330
993,8926
993,11638
993,11984
993,12723
993,12958
993,13340
993,15209
993,17584
993,18543
993,23280
993,24434
993,25929
993,27677
994,1090
994,1367
994,3277
994,4196
994,9173
994,9798
994,18078
994,19497
995,2185
995,4928
995,5212
995,9402
995,14706
995,15657
995,15991
995,23809
995,25634
995,27155
996,1344
996,1555
996,1724
996,1810
996,2079
996,2167
996,3902
996,4670
996,6693
996,7293
996,8839
996,10346
996,14269
996,14941
996,22653
996,26320
996,28484
997,3253
997,5498
997,9186
997,10676
997,12720
998,4001
998,5833
998,9721
998,12048
998,13421
998,16197
998,24759
998,25970
999,3205
999,3924
999,4158
999,4330
999,5738
999,9053
999,10456
999,11674
999,15735
999,21280
1000,2602
1000,3217
1000,3363
1000,4456
1000,7790
1000,8558
1000,10661
1000,10838
1000,15351
1000,26206
1001,2283
1001,2340
1001,2422
1001,3622
1001,3910
1001,4357
1001,4934
1001,5626
1001,7425
1001,7449
1001,8824
1001,9392
1001,11141
1001,11180
1001,12020
1001,13356
1001,19582
1001,20405
1001,20994
1001,22787
1002,1494
1002,2168
1002,2212
1002,2318
1002,3634
1002,3655
1002,5727
1002,6062
1002,7148
1002,7192
1002,8075
1002,8230
1002,9445
1002,9874
1002,10679
1002,10946
1002,11570
1002,12490
1002,16960
1002,17783
1002,19178
1002,20157
1002,26854
1003,2623
1003,3269
1003,4057
1003,4843
1003,5285
1003,6724
1003,6835
1003,7882
1003,9107
1003,15928
1003,18634
1003,22361
1003,25265
1003,27951
1003,28191
1003,28194
1004,2323
1004,2383
1004,4820
1004,7333
1004,8409
1004,11494
1004,11886
1004,13901
1004,29053
1004,29413
1004,29715
1005,1148
1005,15540
1005,18190
1005,24140
1005,29418
1006,1843
1006,2638
1006,8727
1006,10482
1006,11733
1006,14203
1006,24174
1007,1022
1007,1144
1007,1255
1007,3183
1007,6096
1007,7569
1007,8137
1007,8319
1007,11794
1007,15409
1007,18350
1007,22355
1007,25149
1007,27835
1007,28085
1008,1228
1008,1840
1008,2818
1008,3097
1008,3583
1008,3654
1008,3671
1008,4172
1008,6330
1008,6449
1008,6722
1008,7306
1008,8380
1008,8921
1008,9629
1008,10671
1008,13472
1008,14457
1008,14493
1008,16303
1008,16891
1008,17423
1008,21097
1008,21123
1008,24273
1008,27090
1008,27295
1009,1586
1009,1841
1009,10809
1009,11470
1009,11889
1009,12689
1009,26501
1010,1038
1010,1894
1010,2589
1010,3210
1010,3515
1010,6042
1010,26256
1010,28899
1010,29711
1011,1279
1011,3509
1011,3736
1011,4282
1011,5132
1011,5514
1011,8090
1011,12900
1011,17668
1011,18538
1011,20719
1011,27165
1011,28238
1012,1626
1012,2044
1012,3303
1012,3434
1012,6104
1012,6453
1012,14859
1012,17325
1012,17368
1012,22550
1012,27292
1013,1183
1013,6241
1013,7956
1013,15838
1013,17029
1013,19096
1013,24194
1014,1307
1014,1764
1014,1768
1014,1838
1014,2607
1014,2921
1014,3489
1014,4716
1014,5438
1014,8604
1014,9229
1014,9314
1014,12130
1014,14979
1014,15983
1014,16215
1014,16301
1014,19561
1014,21268
1014,25390
1014,27807
1014,28136
1015,2123
1015,3972
1015,6097
1015,7692
1015,8375
1015,11119
1015,12617
1015,14280
1015,16723
1015,20551
1015,22846
1015,25739
1015,26391
1015,26467
1015,27579
1015,28815
1016,1088
1016,1219
1016,8644
1016,14115
1016,21865
1016,22446
1016,22763
1016,23729
1016,23753
1016,25203
1016,26261
1016,26687
1016,28250
1016,28413
1017,1330
1017,1696
1017,2977
1017,3244
1017,6183
1017,7195
1017,12710
1017,13370
1017,13738
1017,14066
1017,15576
1017,18997
1017,21278
1017,25283
1017,27234
1018,1235
1018,2184
1018,2606
1018,3146
1018,3571
1018,3705
1018,5271
1018,6126
1018,6190
1018,6318
1018,7753
1018,8395
1018,8589
1018,15980
1018,16706
1018,17342
1018,18756
1018,20312
1018,23704
1018,25461
1018,27130
1018,27139
1019,1140
1019,1232
1019,1423
1019,1867
1019,1875
1019,2069
1019,2438
1019,2862
1019,3274
1019,3633
1019,3891
1019,4217
1019,4349
1019,5594
1019,5624
1019,5963
1019,7318
1019,8408
1019,8721
1019,10438
1019,10699
1019,11419
1019,11830
1019,13501
1019,14048
1019,14258
1019,16828
1019,22173
1019,24228
1019,26785
1019,26939
1019,27338
1020,1880
1020,2924
1020,4009
1020,14601
1020,14841
1020,16348
1020,18432
1020,26086
1020,28628
1020,29613
1021,2088
1021,2128
1021,2532
1021,2853
1021,5978
1021,9332
1021,12108
1021,20380
1021,21100
1022,8164
1022,8697
1022,9174
1022,15654
1022,19887
1022,27842
1023,1406
1023,2585
1023,9101
1023,9783
1023,10152
1023,11123
1023,11365
1023,14747
1023,19876
1024,2349
1024,3153
1024,4296
1024,4744
1024,4909
1024,6139
1024,8011
1024,9396
1024,11783
1024,16702
1024,17192
1024,21254
1024,26503
1024,28426
1024,28586
1025,1067
1025,2223
1025,2333
1025,2922
1025,3360
1025,4954
1025,7363
1025,8054
1025,8342
1025,16627
1025,21997
1025,23226
1025,23954
1025,23972
1026,7060
1026,14027
1027,2849
1027,26654
1027,27200
1028,2356
1028,2668
1028,2943
1028,5074
1028,9022
1028,12233
1028,15473
1028,15593
1028,17028
1028,20256
1029,1198
1029,1217
1029,1269
1029,6530
1029,6710
1029,14277
1030,1522
1030,2529
1030,3945
1030,6321
1030,6575
1030,6929
1030,8069
1030,11327
1030,13903
1030,14440
1030,17471
1030,18816
1030,21882
1030,21960
1030,24065
1030,25694
1030,28929
1031,1948
1031,2083
1031,3693
1031,3880
1031,4404
1031,7046
1031,8559
1031,8787
1031,9784
1031,11031
1031,11660
1031,13196
1031,18284
1031,19095
1031,24336
1031,25037
1031,27403
1032,2137
1032,3177
1032,4075
1032,4102
1032,4372
1032,7909
1032,9173
1032,9845
1032,12183
1032,12242
1032,15727
1032,16708
1032,20243
1032,20473
1032,22200
1033,2769
1033,3258
1033,7870
1033,13734
1033,16025
1033,19008
1034,1086
1034,1745
1034,1813
1034,2089
1034,2329
1034,2598
1034,3045
1034,4511
1034,6234
1034,6343
1034,11585
1034,16873
1034,17450
1034,19070
1034,19399
1034,19475
1034,21207
1034,24109
1034,25097
1034,26703
1034,27558
1034,27957
1035,2158
1035,2351
1035,6748
1035,9882
1035,10132
1035,11891
1035,16417
1035,19772
1035,24368
1035,25402
1035,25436
1036,1496
1036,1779
1036,2160
1036,2505
1036,2558
1036,2983
1036,3022
1036,3271
1036,3964
1036,4319
1036,4665
1036,4779
1036,4942
1036,7303
1036,7484
1036,7907
1036,8128
1036,13456
1036,15630
1036,16068
1036,17249
1036,19457
1036,22703
1036,24020
1036,27509
1036,29077
1036,29109
1037,1772
1037,2338
1037,6608
1037,8492
1037,8878
1037,9038
1037,10277
1037,13728
1037,20505
1037,24288
1038,1934
1038,2065
1038,2105
1038,2742
1038,4155
1038,5374
1038,9297
1038,11672
1038,16089
1038,16613
1038,16820
1038,18610
1038,19560
1038,23221
1038,27518
1038,29095
1039,1765
1039,3479
1039,4668
1039,6601
1039,25057
1039,29301
1040,1142
1040,5927
1040,8064
1040,11357
1040,18704
1041,1126
1041,1318
1041,1607
1041,4057
1041,7550
1041,10920
1041,11879
1041,12009
1041,13724
1041,14967
1041,15886
1041,18778
1041,23787
1041,23796
1042,1839
1042,2015
1042,3463
1042,3814
1042,4117
1042,4821
1042,5154
1042,7342
1042,9058
1042,10350
1042,12854
1042,14042
1042,20607
1042,20863
1042,24149
1042,27132
1042,28105
1043,1526
1043,1728
1043,2100
1043,3356
1043,3857
1043,4910
1043,5255
1043,5561
1043,6783
1043,6910
1043,7808
1043,7974
1043,8348
1043,9102
1043,9308
1043,9934
1043,10158
1043,10521
1043,11348
1043,13055
1043,14076
1043,14345
1043,15249
1043,15899
1043,16076
1043,16630
1043,16927
1043,17712
1043,21925
1043,24165
1043,25502
1043,25964
1043,29468
1044,2025
1044,6863
1044,7528
1044,9358
1044,9532
1044,10710
1044,11761
1044,13485
1044,17160
1044,27336
1044,29770
1045,1817
1045,1965
1045,2010
1045,2257
1045,2461
1045,2485
1045,2506
1045,2673
1045,2819
1045,3097
1045,3450
1045,3707
1045,4331
1045,4836
1045,5808
1045,5954
1045,6000
1045,6862
1045,7199
1045,7375
1045,9767
1045,12438
1045,14414
1045,15668
1045,16347
1045,23201
1045,24419
1045,27705
1045,28832
1046,2175
1046,3089
1046,4025
1046,7413
1046,7435
1046,8204
1046,18808
1046,22590
1046,29512
1046,29559
1047,3439
1047,4111
1047,4587
1047,7240
1047,7488
1047,8745
1047,13211
1047,14101
1047,20385
1047,21422
1047,29546
1048,2043
1048,15302
1048,23185
1048,26580
1049,1495
1049,1520
1049,2722
1049,10565
1049,13620
1049,16423
1049,21733
1049,26202
1049,29232
1050,8047
1050,11402
1050,11754
1050,12116
1050,13464
1050,15473
1051,1621
1051,1632
1051,5903
1051,7496
1051,8450
1051,10323
1051,11403
1051,11779
1051,13848
1051,14096
1051,16581
1051,17405
1051,21656
1051,22244
1051,26565
1052,3705
1052,4781
1052,4963
1052,5226
1052,6760
1052,10389
1052,14901
1052,17196
1053,1089
1053,1506
1053,4949
1053,5214
1053,6170
1053,6412
1053,6700
1053,10386
1053,11187
1053,12006
1053,13872
1053,18462
1053,19334
1053,20015
1053,29874
1054,1126
1054,1610
1054,1846
1054,3186
1054,3367
1054,7001
1054,8084
1054,11587
1054,13584
1054,19886
1056,6229
1056,6939
1056,10313
1056,13840
1056,14070
1056,15087
1056,17155
1056,21483
1056,24324
1056,25317
1056,29889
1057,1167
1057,1544
1057,3240
1057,5156
1057,7102
1057,8105
1057,8169
1057,10625
1057,12589
1057,13830
1057,13917
1057,19440
1057,22187
1057,22331
1057,29079
1058,1503
1058,2392
1058,3056
1058,3658
1058,4380
1058,7541
1058,10133
1058,13358
1058,14865
1058,17665
1058,17699
1058,19388
1058,22489
1058,25940
1059,4166
1059,5284
1059,7424
1059,7751
1059,13965
1059,25094
1060,1564
1060,1698
1060,2318
1060,7360
1060,7538
1060,7750
1060,7903
1060,9262
1060,9759
1060,10222
1060,11635
1060,12740
1060,13784
1060,14488
1060,15154
1060,25145
1060,27120
1061,3510
1061,3839
1061,12733
1061,20416
1061,22665
1062,1163
1062,1670
1062,1798
1062,2631
1062,3050
1062,4565
1062,5631
1062,5988
1062,7864
1062,11918
1062,12053
1062,12202
1062,12677
1062,15681
1062,17969
1062,19697
1062,21948
1062,23900
1062,27729
1062,27853
1063,1173
1063,2295
1063,4804
1063,6894
1063,7663
1063,9590
1063,11037
1063,24894
1063,25016
1063,25793
1064,1383
1064,1995
1064,2238
1064,2726
1064,2913
1064,11171
1064,11390
1064,11476
1064,15972
1064,16438
1064,16764
1064,17109
1064,17590
1064,17724
1064,17899
1064,18909
1065,2045
1065,2251
1065,3098
1065,4160
1065,5477
1065,10826
1065,12270
1065,12855
1065,14163
1065,19943
1066,3843
1066,4108
1066,5034
1066,13193
1066,20164
1066,27039
1067,4638
1067,5891
1067,8582
1067,8699
1067,10780
1067,11849
1067,18890
1068,8296
1068,20579
1069,2571
1069,3393
1069,3423
1069,4112
1069,4147
1069,5233
1069,6252
1069,7372
1069,7457
1069,9938
1069,12209
1069,15798
1069,20763
1069,21274
1069,24423
1069,24989
1069,26702
1069,28529
1069,29259
1070,1412
1070,1605
1070,2012
1070,2207
1070,2999
1070,3778
1070,5895
1070,6058
1070,10091
1070,10525
1070,16273
1070,17828
1070,18997
1070,28514
1071,3539
1071,4246
1071,4341
1071,5502
1071,8869
1071,9002
1071,12321
1071,13122
1071,15743
1071,18761
1071,22946
1071,23138
1072,1121
1072,5858
1072,9283
1072,11030
1072,11357
1072,13906
1072,14759
1072,15700
1072,21330
1073,1077
1073,1220
1073,1251
1073,1561
1073,1738
1073,1820
1073,1943
1073,1963
1073,2896
1073,3330
1073,3493
1073,3998
1073,4472
1073,5227
1073,6026
1073,6067
1073,6766
1073,8512
1073,9305
1073,11112
1073,11555
1073,11593
1073,12511
1073,16581
1073,17230
1073,17270
1073,17382
1073,17396
1073,19053
1073,19506
1073,20264
1073,21142
1073,21832
1073,21992
1073,23490
1073,24610
1073,25295
1073,28781
1073,29199
1074,1266
1074,1900
1074,2959
1074,3134
1074,3944
1074,5208
1074,7694
1074,7751
1074,9911
1074,13818
1074,14302
1074,14884
1074,18030
1074,18577
1075,1992
1075,4215
1075,20058
1075,25678
1076,25160
1077,2411
1077,4438
1077,9563
1077,13133
1077,13638
1077,25225
1078,1187
1078,1244
1078,2370
1078,3223
1078,3482
1078,3716
1078,3939
1078,4062
1078,5638
1078,10059
1078,11311
1078,11580
1078,13624
1078,14596
1078,14676
1078,17397
1078,18813
1078,23293
1078,26008
1078,28939
1079,1746
1079,3081
1079,3498
1079,3761
1079,4356
1079,6779
1079,7251
1079,9166
1079,9329
1079,15362
1079,20532
1079,21340
1079,21548
1079,21780
1079,23978
1079,24653
1079,24864
1079,29759
1080,2968
1080,4177
1080,4423
1080,4722
1080,6924
1080,8168
1080,10798
1080,14873
1080,16017
1080,16902
1080,18037
1080,23007
1081,2479
1081,3844
1081,4192
1081,4251
1081,4374
1081,4376
1081,5093
1081,6180
1081,13275
1081,15760
1081,19794
1081,20077
1081,21906
1081,22252
1081,26404
1081,26851
1081,26999
1082,2362
1082,2517
1082,4034
1082,4431
1082,5833
1082,18054
1083,3021
1083,3125
1083,3393
1083,3805
1083,4719
1083,5041
1083,5776
1083,6434
1083,6603
1083,8112
1083,8136
1083,9545
1083,11542
1083,13383
1083,21284
1083,21421
1083,22046
1083,22521
1083,22842
1083,23349
1083,25603
1084,5130
1084,6188
1084,10322
1084,11688
1084,13606
1084,18057
1084,18094
1084,20325
1084,20698
1084,21279
1084,26183
1085,1310
1085,1410
1085,1549
1085,1651
1085,2106
1085,2236
1085,3170
1085,3491
1085,4156
1085,4459
1085,4492
1085,6736
1085,8444
1085,9951
1085,10079
1085,13278
1085,13961
1085,15715
1085,19592
1085,20721
1085,21221
1085,23267
1085,24276
1085,27695
1085,28767
1085,29399
1086,4211
1086,7441
1086,12327
1086,15703
1086,23789
1086,24306
1087,3387
1087,5890
1087,6028
1087,6274
1087,8858
1087,11475
1087,16621
1087,17241
1087,17781
1087,24030
1087,28025
1087,28195
1087,28912
1087,29763
1088,1094
1088,1811
1088,1871
1088,3276
1088,4532
1088,7157
1088,7415
1088,8389
1088,8898
1088,10164
1088,11596
1088,11753
1088,12247
1088,15104
1088,15128
1088,19374
1088,19392
1088,21926
1088,22348
1088,25678
1088,28210
1089,1684
1089,1869
1089,3556
1089,3679
1089,3762
1089,5543
1089,9970
1089,11503
1089,11681
1089,14538
1089,16643
1089,17547
1089,17909
1089,18736
1089,21979
1089,22808
1089,24589
1089,28775
1090,1236
1090,1280
1090,1842
1090,2144
1090,4257
1090,4915
1090,6936
1090,8021
1090,8141
1090,15035
1091,1580
1091,1609
1091,1851
1091,3576
1091,3775
1091,4035
1091,4234
1091,4450
1091,5233
1091,5854
1091,6178
1091,6821
1091,8343
1091,9283
1091,10293
1091,13389
1091,13873
1091,14524
1091,14719
1091,14833
1091,16100
1091,16572
1091,17085
1091,17806
1091,19826
1091,20378
1091,21950
1091,26348
1092,2218
1092,2398
1092,2827
1092,3462
1092,3674
1092,4988
1092,8572
1092,10119
1092,10285
1092,10478
1092,12386
1092,15619
1092,21603
1092,26044
1093,1263
1093,3398
1093,4460
1093,8714
1093,12076
1094,1179
1094,1233
1094,1375
1094,1468
1094,1681
1094,2088
1094,2341
1094,2854
1094,2994
1094,3378
1094,3536
1094,3761
1094,3967
1094,4189
1094,5961
1094,6909
1094,9495
1094,10003
1094,10057
1094,10112
1094,12828
1094,16753
1094,17085
1094,22566
1094,23225
1094,23642
1094,25214
1094,25555
1094,25563
1094,26674
1094,27411
1094,27433
1095,1191
1095,1678
1095,3697
1095,3941
1095,4532
1095,4783
1095,5414
1095,5712
1095,6158
1095,7278
1095,8624
1095,11107
1095,12331
1095,14134
1095,18393
1095,19649
1095,20632
1095,22103
1095,23906
1095,27470
1095,28402
1095,29018
1096,1885
1096,2630
1096,3335
1096,3562
1096,5859
1096,7727
1096,10127
1096,10612
1096,17681
1096,19683
1096,21537
1096,24395
1096,24475
1096,28007
1097,1314
1097,2365
1097,2652
1097,6484
1097,14949
1097,15891
1097,16058
1097,16249
1097,18404
1097,19463
1097,20515
1097,23539
1097,27483
1098,1724
1098,1804
1098,2664
1098,3218
1098,3487
1098,5025
1098,5826
1098,6549
1098,7115
1098,7998
1098,10341
1098,13522
1098,14128
1098,16214
1098,16381
1098,17001
1098,19057
1098,19552
1098,23026
1098,28603
1099,4809
1099,4928
1099,4992
1099,6887
1099,7498
1099,9281
1099,9519
1099,9528
1099,9707
1099,10402
1099,11211
1099,13074
1099,13904
1099,15003
1099,21679
1099,21976
1099,22244
1099,27656
1100,2724
1100,3020
1100,3479
1100,7814
1100,12019
1100,15474
1100,22762
1101,1572
1101,5408
1101,7947
1101,16993
1101,23909
1102,11692
1102,24192
1103,1510
1103,2210
1103,2497
1103,2575
1103,3063
1103,3384
1103,3932
1103,4276
1103,5613
1103,5628
1103,7349
1103,7978
1103,10469
1103,11755
1103,12318
1103,14023
1103,14708
1103,17373
1103,17856
1103,19843
1103,22845
1103,25008
1103,26246
1103,26621
1103,26929
1104,2642
1104,5193
1104,23142
1105,8579
1105,8702
1106,1752
1106,2524
1106,2822
1106,3037
1106,3475
1106,4123
1106,4727
1106,6605
1106,10587
1106,11445
1106,13692
1106,17772
1106,19194
1106,22110
1107,1654
1107,2246
1107,2521
1107,5747
1107,5790
1107,7653
1107,8354
1107,9797
1107,10037
1107,12612
1107,17350
1107,20696
1107,25562
1107,28391
1107,28789
1108,2692
1108,4707
1108,9824
1108,13945
1108,16903
1108,17710
1108,20977
1108,21113
1108,22395
1108,26334
1109,2078
1109,2599
1109,4393
1109,4974
1109,9405
1109,9871
1109,10490
1109,11684
1109,13925
1109,17168
1109,19472
1109,19782
1109,25035
1109,25815
1109,29624
1109,29975
1110,1139
1110,1208
1110,1792
1110,2496
1110,3284
1110,3810
1110,4518
1110,6199
1110,9633
1110,10887
1110,13612
1110,14651
1110,15058
1110,25290
1110,26623
1110,26811
1111,3265
1111,7967
1111,16649
1111,24946
1111,26153
1111,29610
1112,1268
1112,1470
1112,1835
1112,2623
1112,3247
1112,5648
1112,6296
1112,6777
1112,12679
1112,16866
1112,23878
1112,24626
1112,25211
1113,2939
1113,3706
1113,13329
1113,18719
1113,20401
1113,25703
1114,5388
1114,5802
1114,5869
1114,7657
1114,8573
1114,12384
1114,12407
1114,13142
1114,17526
1114,19767
1114,22372
1114,28083
1115,3682
1115,4090
1115,6660
1115,11181
1115,12635
1115,14438
1115,15158
1115,15877
1115,16755
1115,18854
1115,22770
1116,10436
1116,22116
1116,23336
1116,25031
1117,4304
1117,23404
1117,23745
1118,1336
1118,5197
1118,7907
1118,9069
1118,14911
1118,15361
1118,19490
1118,19538
1119,1366
1119,1449
1119,7206
1119,7940
1119,9061
1119,10955
1119,11471
1119,14712
1119,16763
1119,17032
1119,25869
1120,1288
1120,1685
1120,3248
1120,3749
1120,4477
1120,5396
1120,11524
1120,12073
1120,12589
1120,24911
1120,25926
1120,26649
1120,29748
1121,2118
1121,3443
1121,9801
1121,11206
1121,13227
1121,19577
1121,21212
1122,4513
1122,7343
1122,17196
1123,1557
1123,2832
1123,3758
1123,4948
1123,5106
1123,7253
1123,11505
1123,16034
1123,21983
1123,23486
1123,27142
1124,2912
1124,3567
1124,5065
1124,9714
1124,12526
1124,18006
1124,22334
1125,5960
1125,6607
1125,7966
1125,11849
1125,17472
1125,18598
1125,22588
1125,26801
1126,1325
1126,2703
1126,5420
1126,5811
1126,6509
1126,7693
1126,8527
1126,16964
1126,19469
1126,21301
1126,22441
1127,2230
1127,3156
1127,3233
1127,3710
1127,3996
1127,5103
1127,5419
1127,5462
1127,7092
1127,8348
1127,8502
1127,9392
1127,10641
1127,10737
1127,16790
1127,18131
1127,20286
1127,23239
1127,24991
1127,25235
1127,27767
1127,29724
1128,1978
1128,2449
1128,12493
1129,2940
1129,6598
1129,9207
1129,11424
1129,12112
1129,15159
1129,18665
1129,29058
1130,3892
1130,5549
1130,12630
1130,15841
1130,17924
1130,24328
1131,1143
1131,1404
1131,2154
1131,2556
1131,3653
1131,4604
1131,4707
1131,5031
1131,7005
1131,8463
1131,9236
1131,9494
1131,9654
1131,10119
1131,11944
1131,13010
1131,13449
1131,14208
1131,14612
1131,15223
1131,16409
1131,17896
1131,18611
1131,18885
1131,19233
1131,19382
1131,19845
1131,20467
1131,22197
1131,22225
1131,22387
1131,25200
1131,27085
1131,27294
1132,1206
1132,1334
1132,2166
1132,2247
1132,3560
1132,3766
1132,4388
1132,4688
1132,4703
1132,5364
1132,6112
1132,6603
1132,7702
1132,8887
1132,15932
1132,16206
1132,17627
1132,18944
1132,19986
1132,21047
1132,22547
1132,26306
1133,1438
1133,2005
1133,2122
1133,2540
1133,2728
1133,3481
1133,6105
1133,6796
1133,7511
1133,7937
1133,10582
1133,11215
1133,12187
1133,16822
1133,20921
1133,22576
1133,23529
1133,25201
1133,26358
1133,27104
1133,29831
1134,1243
1134,1852
1134,2025
1134,2488
1134,2606
1134,3499
1134,5430
1134,10446
1134,11135
1134,24867
1134,29113
1135,3666
1135,4936
1135,7576
1135,7838
1135,9043
1135,9703
1135,14322
1135,15513
1135,20100
1135,20251
1135,20609
1135,20999
1135,21668
1135,27111
1135,29087
1136,3617
1136,3755
1136,5029
1136,8753
1136,9830
1136,11926
1136,13356
1136,17709
1136,20079
1136,20434
1136,23786
1136,27614
1137,1156
1137,1859
1137,2300
1137,2930
1137,3509
1137,3534
1137,3818
1137,4177
1137,4511
1137,5191
1137,6192
1137,7484
1137,8228
1137,9745
1137,10309
1137,11070
1137,12563
1137,15203
1137,18875
1137,21295
1137,22354
1137,23224
1137,26635
1137,26750
1137,29531
1138,1657
1138,1882
1138,2142
1138,2221
1138,2661
1138,2995
1138,3655
1138,4871
1138,5142
1138,5180
1138,5457
1138,5817
1138,6084
1138,6213
1138,6370
1138,6381
1138,6705
1138,6822
1138,8056
1138,9016
1138,9256
1138,9589
1138,10250
1138,10516
1138,11980
1138,12540
1138,13038
1138,13445
1138,14250
1138,14507
1138,14972
1138,15355
1138,15498
1138,15621
1138,15920
1138,20744
1138,22718
1138,24567
1138,24759
1138,26630
1138,27859
1139,1572
1139,2313
1139,2755
1139,2892
1139,3121
1139,3901
1139,4960
1139,8445
1139,13082
1139,25020
1140,1492
1140,2115
1140,2168
1140,3908
1140,6418
1140,8410
1140,9287
1140,17137
1140,19790
1140,21410
1140,28466
1140,29158
1141,1268
1141,1794
1141,5281
1141,5733
1141,7423
1141,7545
1141,9287
1141,9863
1141,10010
1141,12016
1141,15244
1141,24378
1141,28960
1142,1286
1142,1655
1142,8218
1142,10432
1142,12299
1142,12735
1142,14172
1142,17821
1142,20427
1142,20854
1142,22371
1142,23779
1143,1363
1143,2889
1143,4405
1143,4614
1143,6541
1143,6762
1143,10316
1143,21043
1144,1800
1144,2602
1144,4088
1144,4658
1144,4789
1144,5276
1144,13977
1144,15108
1144,17563
1144,20101
1144,21617
1144,24445
1144,27398
1144,28827
1145,1913
1145,1964
1145,2133
1145,3383
1145,3582
1145,3834
1145,5552
1145,8870
1145,10816
1145,13825
1145,14720
1145,15935
1145,16819
1145,26579
1145,27510
1146,1559
1146,2512
1146,16252
1146,19045
1146,19333
1146,19496
1146,19801
1146,20167
1147,3779
1147,4492
1147,5649
1147,8137
1147,8679
1147,12385
1147,14504
1147,15247
1147,20237
1147,23467
1147,24135
1147,27443
1148,1808
1148,1846
1148,2012
1148,2877
1148,4229
1148,6686
1148,7462
1148,9810
1148,14281
1148,14606
1148,16923
1148,22228
1148,22369
1148,28043
1149,1679
1149,1686
1149,2149
1149,2561
1149,3381
1149,3431
1149,4512
1149,9615
1149,17396
1149,17675
1149,23743
1149,23984
1149,25191
1150,2381
1150,2542
1150,3158
1150,4029
1150,4362
1150,4485
1150,5270
1150,5587
1150,5735
1150,7145
1150,7566
1150,7871
1150,8906
1150,10652
1150,11154
1150,13440
1150,14384
1150,17098
1150,18049
1150,18708
1150,19282
1150,20543
1150,26025
1150,26069
1151,2040
1151,3914
1151,5045
1151,6128
1151,8344
1151,8784
1151,13807
1151,16752
1151,19911
1151,20793
1151,27499
1152,1372
1152,1528
1152,2804
1152,2853
1152,2905
1152,3105
1152,3119
1152,3365
1152,3838
1152,4218
1152,10222
1152,11790
1152,14069
1152,14204
1152,15401
1152,15584
1152,16285
1152,16398
1152,17492
1152,18647
1152,19210
1152,20119
1152,21254
1152,21328
1152,21695
1152,22478
1152,25586
1152,28154
1152,28822
1152,29884
1153,1423
1153,1913
1153,1945
1153,2026
1153,4030
1153,4908
1153,9758
1153,11301
1153,12164
1153,12959
1153,13143
1153,13541
1153,15861
1153,17381
1153,18651
1153,19395
1153,21618
1153,25825
1153,25985
1153,26742
1153,26815
1154,1389
1154,2938
1154,11722
1154,14587
1154,14844
1154,17288
1154,17929
1154,17956
1154,18163
1154,22925
1154,26101
1154,27113
1154,29213
1155,1373
1155,4398
1155,4427
1155,6235
1155,8605
1155,9584
1155,11035
1155,11248
1155,15649
1155,19913
1155,22730
1156,3470
1156,4728
1156,6332
1156,6511
1156,14748
1156,16219
1156,20143
1156,20736
1157,1237
1157,2267
1157,2644
1157,2773
1157,8228
1157,10118
1157,13662
1157,13814
1157,23708
1157,29977
1158,2828
1158,4323
1158,5559
1158,7036
1158,8226
1158,8315
1158,16606
1158,28773
1159,4426
1159,7175
1159,8844
1159,13756
1159,17320
1159,28229
1160,1173
1160,1424
1160,2221
1160,2223
1160,3800
1160,4850
1160,5440
1160,6079
1160,6317
1160,6371
1160,9063
1160,9066
1160,11370
1160,13103
1160,14065
1160,14253
1160,16119
1160,16898
1160,18311
1160,18903
1160,20045
1160,20686
1160,24890
1160,27015
1161,11218
1161,11698
1161,11962
1162,1354
1162,3248
1162,5846
1162,8309
1162,18632
1162,29531
1163,2594
1163,2812
1163,2878
1163,3617
1163,4289
1163,5109
1163,5553
1163,5615
1163,6130
1163,8006
1163,11398
1163,14926
1163,17354
1163,18129
1163,18411
1163,22552
1163,22868
1164,1450
1164,5618
1164,6345
1164,12560
1164,18921
1164,21085
1164,22262
1165,1544
1165,2005
1165,2170
1165,2667
1165,2783
1165,4491
1165,5498
1165,6212
1165,7262
1165,11147
1165,11337
1165,12189
1165,12498
1165,13180
1165,17238
1165,19563
1165,19655
1165,20120
1165,22284
1165,22738
1165,23198
1165,23741
1165,25505
1166,1181
1166,1719
1166,2548
1166,3071
1166,4203
1166,4311
1166,5004
1166,5020
1166,5092
1166,7319
1166,9479
1166,12858
1166,17179
1166,28402
1166,29290
1166,29293
1167,1438
1167,1504
1167,2286
1167,3503
1167,4641
1167,5784
1167,7980
1167,9028
1167,10266
1167,10315
1167,12593
1167,15603
1167,16952
1167,19139
1167,22029
1167,22266
1167,28612
1168,1415
1168,1669
1168,2529
1168,2624
1168,3172
1168,5729
1168,6352
1168,7719
1168,7742
1168,8187
1168,8632
1168,8651
1168,8881
1168,10435
1168,10696
1168,10860
1168,11164
1168,12067
1168,12134
1168,12282
1168,13177
1168,14431
1168,14619
1168,14813
1168,15189
1168,17130
1168,17762
1168,18111
1168,18178
1168,21198
1168,21466
1168,21888
1168,22172
1168,22983
1168,27797
1168,28058
1168,28967
1168,29508
1169,1405
1169,1674
1169,3278
1169,7523
1169,9362
1169,12231
1169,17240
1169,17477
1169,18459
1169,20247
1169,21238
1169,28092
1169,28238
1170,3729
1170,4502
1170,5537
1170,6156
1170,7160
1170,15127
1170,16205
1170,18003
1170,18968
1170,26510
1170,29459
1171,2436
1171,2498
1171,3348
1171,3537
1171,10603
1171,13009
1171,22681
1171,27522
1171,28962
1172,1652
1172,2425
1172,5138
1172,19665
1172,20597
1172,23065
1173,5055
1173,10694
1173,17358
1173,23293
1173,23836
1174,3190
1174,4063
1174,6477
1174,14435
1174,25290
1175,1520
1175,7627
1175,14668
1175,28892
1176,1638
1176,3488
1176,4557
1176,6593
1176,7221
1176,7707
1176,11254
1176,11848
1176,12496
1176,13628
1176,15410
1176,15949
1176,20764
1176,20842
1176,21818
1176,23428
1176,24358
1176,28412
1176,29105
1176,29247
1177,2858
1177,4443
1177,16845
1177,27675
1177,27827
1178,2609
1178,3533
1178,4553
1178,8305
1178,11372
1178,11668
1178,11946
1178,12243
1178,14594
1178,15295
1178,15955
1178,16663
1178,17158
1178,17605
1178,18749
1178,21165
1178,21791
1178,24644
1178,27129
1178,28968
1179,2373
1179,2578
1179,6917
1179,9369
1179,11280
1179,12670
1179,18340
1179,20802
1179,29983
1180,2134
1180,2984
1180,3433
1180,3523
1180,5815
1180,7759
1180,7986
1180,8833
1180,10296
1180,11537
1180,14371
1180,15385
1180,16826
1180,17858
1180,19349
1180,19451
1180,20664
1180,22671
1180,23467
1180,23629
1180,23966
1180,28145
1180,28659
1181,1249
1181,2162
1181,2229
1181,2684
1181,2906
1181,5475
1181,5515
1181,7397
1181,9354
1181,9968
1181,11450
1181,14105
1181,17337
1181,18982
1181,19478
1181,20619
1181,20650
1181,21988
1181,22228
1181,23313
1181,24657
1181,25601
1181,27405
1181,28336
1181,28714
1182,2066
1182,2102
1182,3966
1182,4705
1182,5506
1182,5905
1182,6016
1182,7858
1182,8972
1182,11277
1182,14711
1182,16909
1182,17364
1182,19239
1182,19667
1182,20688
1182,25424
1183,2552
1183,5546
1183,10242
1183,10579
1183,12590
1183,12669
1183,14589
1183,15146
1183,20555
1183,21501
1183,23553
1183,24551
1183,24987
1184,1650
1184,2524
1184,3779
1184,4804
1184,5352
1184,6561
1184,10818
1184,14217
1184,16606
1184,19181
1184,19645
1184,20673
1184,24709
1185,5706
1185,24803
1186,1435
1186,3426
1186,3540
1186,3655
1186,4309
1186,7441
1186,18328
1186,19608
1186,23059
1187,2841
1187,3050
1187,5405
1187,5529
1187,7430
1187,7919
1187,24941
1188,3202
1188,4015
1188,7689
1188,12020
1188,12827
1188,27623
1188,29762
1189,1597
1189,1900
1189,2339
1189,2605
1189,3799
1189,3912
1189,6757
1189,7108
1189,7294
1189,7464
1189,9716
1189,10452
1189,10598
1189,10683
1189,11258
1189,12783
1189,13226
1189,13391
1189,13857
1189,14141
1189,20740
1189,20851
1189,21049
1189,21831
1189,21924
1189,22694
1189,25999
1190,1603
1190,3881
1190,10182
1190,12008
1190,12709
1190,13315
1190,13477
1190,20169
1191,1566
1191,1616
1191,3171
1191,4111
1191,4242
1191,8674
1191,10836
1191,12282
1191,12817
1191,15126
1191,22174
1191,24319
1191,29504
1192,5041
1192,5958
1192,6226
1192,12865
1192,19488
1193,2209
1193,3289
1193,5778
1193,7265
1193,11201
1193,11396
1193,14376
1193,15365
1193,20027
1193,23790
1193,25247
1194,2311
1194,22458
1195,2345
1195,2982
1195,8471
1195,8761
1195,13174
1195,13558
1195,14094
1195,22578
1196,3836
1196,7562
1196,10129
1196,16624
1196,17235
1196,17770
1196,18693
1196,25216
1197,3775
1197,4141
1197,17436
1197,29948
1198,7784
1198,10119
1199,1348
1199,2949
1199,4588
1199,13520
1200,1628
1200,1697
1200,6639
1200,8635
1200,8754
1200,10169
1200,16985
1200,21228
1200,29704
1201,1383
1201,3592
1201,3696
1201,4067
1201,5820
1201,6160
1201,7738
1201,8467
1201,9146
1201,10560
1201,10803
1201,12028
1201,13000
1201,14108
1201,15527
1201,16995
1201,17985
1201,19350
1201,21759
1201,22468
1201,29472
1202,1340
1202,1481
1202,3903
1202,3920
1202,4458
1202,5838
1202,6698
1202,10588
1202,14706
1202,16232
1202,16953
1202,17538
1202,19309
1202,20185
1202,21362
1202,23527
1202,28637
1202,29908
1203,3171
1203,4653
1203,5653
1203,6972
1203,8487
1203,18145
1203,29829
1204,1493
1204,3568
1204,8108
1204,9326
1204,11022
1204,16359
1204,16759
1204,17517
1204,18819
1205,1899
1205,5445
1205,5720
1205,9070
1205,9350
1205,9888
1205,11070
1205,12966
1205,14687
1205,14824
1205,19555
1205,21006
1205,21029
1205,22333
1206,1281
1206,1612
1206,1883
1206,2471
1206,3441
1206,3532
1206,3902
1206,3906
1206,4476
1206,4814
1206,5505
1206,5640
1206,6632
1206,7292
1206,8182
1206,10453
1206,13034
1206,17004
1206,17106
1206,26868
1206,29102
1206,29212
1207,1971
1207,24290
1207,28926
1207,29872
1208,1514
1208,2461
1208,3196
1208,4187
1208,7384
1208,9275
1208,16643
1208,17489
1208,27814
1209,4846
1209,6175
1209,7700
1209,7773
1209,16410
1209,20564
1209,21092
1209,22356
1209,29213
1210,1543
1210,3529
1210,9136
1210,12564
1210,15051
1211,1893
1211,4770
1211,7687
1211,8221
1211,13508
1211,14703
1211,14796
1211,21709
1211,23762
1212,3456
1212,4558
1212,10937
1212,12100
1212,13300
1212,14935
1212,15062
1212,16199
1213,2554
1213,2899
1213,3021
1213,3081
1213,3629
1213,4378
1213,4500
1213,4730
1213,6015
1213,8326
1213,12142
1213,15521
1213,16144
1213,17971
1213,21250
1213,24030
1213,29006
1214,2644
1214,2665
1214,2710
1214,2844
1214,5337
1214,6991
1214,7532
1214,7666
1214,7840
1214,8019
1214,9955
1214,10041
1214,11285
1214,11387
1214,12254
1214,13712
1214,15860
1214,18685
1214,20410
1214,20844
1214,21662
1214,21757
1214,22310
1214,26130
1215,3420
1215,5361
1215,8564
1215,12263
1215,15950
1215,16274
1215,24018
1216,1368
1216,2607
1216,3350
1216,3607
1216,4441
1216,4508
1216,10290
1216,13698
1216,17716
1216,18725
1216,22042
1216,23479
1216,23860
1216,23897
1216,23990
1216,28764
1217,1602
1217,3990
1217,4385
1217,5155
1217,26498
1218,3159
1218,4015
1218,4016
1218,4932
1218,7192
1218,7779
1218,9587
1218,10164
1218,10342
1218,10508
1218,11861
1218,11869
1218,12095
1218,14521
1218,15189
1218,23807
1218,24569
1218,26711
1219,1969
1219,2046
1219,2939
1219,10566
1219,10762
1219,11774
1219,16811
1219,24035
1219,25358
1219,25993
1220,1254
1220,2787
1220,6004
1220,7379
1220,9191
1220,9676
1220,20128
1220,20615
1220,22780
1221,1519
1221,1985
1221,2419
1221,4100
1221,4546
1221,4799
1221,5778
1221,7476
1221,15664
1221,21470
1221,22146
1221,22533
1221,25845
1221,26629
1221,29506
1222,1736
1222,2704
1222,2919
1222,2920
1222,3742
1222,5571
1222,6830
1222,12877
1222,14593
1222,15061
1222,17437
1222,18814
1222,24119
1222,29896
1223,1591
1223,1792
1223,2070
1223,2733
1223,2992
1223,3813
1223,4236
1223,5347
1223,7264
1223,10500
1223,12684
1223,18000
1223,20552
1223,23234
1224,2809
1224,3041
1224,5828
1224,16937
1224,19781
1224,21767
1224,27874
1225,5913
1225,6543
1225,7952
1225,8673
1225,11553
1225,11595
1225,12881
1225,15875
1225,27788
1225,29503
1226,1334
1226,2292
1226,5557
1226,14397
1226,14554
1226,15770
1226,19442
1226,21772
1226,24866
1227,2171
1227,2227
1227,2277
1227,2361
1227,3598
1227,4288
1227,4330
1227,8039
1227,10347
1227,10817
1227,11689
1227,12152
1227,14090
1227,16761
1227,17263
1227,17469
1227,17561
1227,19989
1227,21388
1227,24193
1228,2101
1228,7063
1228,13960
1228,25198
1228,28164
1228,29446
1228,29560
1229,1426
1229,1821
1229,1857
1229,2044
1229,2406
1229,4230
1229,5356
1229,6500
1229,7272
1229,7295
1229,7481
1229,12674
1229,14527
1229,15349
1229,15557
1229,16461
1229,21324
1229,22276
1229,23023
1229,26119
1229,27602
1230,1914
1230,4700
1230,7693
1230,7914
1230,8991
1230,10193
1230,16975
1230,19188
1230,25985
1230,28787
1231,6761
1231,8979
1231,11054
1231,12277
1231,16019
1231,18418
1231,25716
1231,25786
1231,28339
1231,29884
1232,1590
1232,1767
1232,2259
1232,2832
1232,3516
1232,4107
1232,6732
1232,7428
1232,8294
1232,14519
1232,18892
1232,19992
1232,20262
1232,28836
1233,2404
1233,9861
1233,14197
1233,16060
1233,17688
1233,29638
1233,29837
1234,1822
1234,1907
1234,2065
1234,2097
1234,2997
1234,3557
1234,4785
1234,5119
1234,5725
1234,6441
1234,7563
1234,7614
1234,8216
1234,9524
1234,9854
1234,10529
1234,10657
1234,12096
1234,12395
1234,12634
1234,13120
1234,18680
1234,19545
1234,20537
1234,23892
1234,28322
1235,2141
1235,3640
1235,3872
1235,4598
1235,5131
1235,7420
1235,11552
1235,12576
1235,13925
1235,15251
1235,18024
1235,25371
1235,26340
1235,26821
1236,1495
1236,1603
1236,1762
1236,1972
1236,2323
1236,2562
1236,2689
1236,4938
1236,7715
1236,9522
1236,11899
1237,1358
1237,1735
1237,2043
1237,2137
1237,3164
1237,3538
1237,3572
1237,4661
1237,4959
1237,8013
1237,11634
1237,12755
1237,13551
1237,13658
1237,16281
1237,18196
1237,21001
1237,25750
1238,3551
1238,5892
1239,2241
1239,3088
1239,3352
1239,4006
1239,5422
1239,6409
1239,6578
1239,6744
1239,12579
1239,12889
1239,13562
1239,13795
1239,18197
1239,21758
1239,24133
1239,29153
1240,2013
1240,6724
1240,7099
1240,22405
1241,1251
1241,7974
1241,8125
1241,11424
1241,14696
1241,14939
1241,15927
1241,16839
1241,21577
1241,23458
1241,25284
1242,1429
1242,2385
1242,7856
1242,12318
1242,22073
1242,23969
1242,26636
1242,27523
1242,27671
1243,8838
1243,12557
1243,18554
1244,1481
1244,2634
1244,3599
1244,3948
1244,6337
1244,7967
1244,10477
1244,10599
1244,10837
1244,12317
1244,12331
1244,13682
1244,15323
1244,19993
1244,20826
1244,21120
1244,25636
1245,1250
1245,1412
1245,1951
1245,2768
1245,4262
1245,4480
1245,4737
1245,8030
1245,9892
1245,11017
1245,11535
1245,11800
1245,12879
1245,13137
1245,13593
1245,15366
1245,17516
1245,21507
1245,22600
1246,6292
1246,11962
1246,13991
1246,22876
1247,5655
1247,6375
1247,7268
1248,2852
1248,3191
1248,3343
1248,5039
1248,6010
1248,13885
1249,2120
1249,2398
1249,3228
1249,3718
1249,4183
1249,4945
1249,5840
1249,7674
1249,8314
1249,9652
1249,14123
1249,17522
1249,22655
1249,28277
1250,2484
1250,2694
1250,2974
1250,3211
1250,4202
1250,5083
1250,7186
1250,7806
1250,7855
1250,8357
1250,10597
1250,16307
1250,17725
1250,19398
1250,19491
1250,19996
1250,28093
1251,1613
1251,1636
1251,1886
1251,5866
1251,6689
1251,7045
1251,7553
1251,8901
1251,9007
1251,11533
1251,11929
1251,12965
1251,13823
1251,14086
1251,25292
1251,25366
1252,1584
1252,3139
1252,3306
1252,4313
1252,4330
1252,4403
1252,9100
1252,10201
1252,11582
1252,15583
1252,18207
1252,19918
1252,20042
1252,25792
1252,26081
1252,27024
1252,29889
1253,1278
1253,1301
1253,1391
1253,1833
1253,2103
1253,2348
1253,2680
1253,2905
1253,3772
1253,3932
1253,4368
1253,4416
1253,5028
1253,6926
1253,9133
1253,10324
1253,11085
1253,12389
1253,14173
1253,16480
1253,18083
1253,19182
1253,22611
1253,26194
1253,27146
1253,29735
1253,29906
1254,2149
1254,4920
1254,5785
1254,18490
1254,24735
1254,26851
1255,1701
1255,3071
1255,6235
1255,9130
1255,11270
1255,11714
1255,12696
1255,24689
1255,27174
1256,4939
1256,6283
1256,8533
1256,12426
1256,14529
1256,16364
1256,22285
1257,1392
1257,1867
1257,2254
1257,2665
1257,3396
1257,3741
1257,3925
1257,4263
1257,5194
1257,5732
1257,6814
1257,7057
1257,7217
1257,7672
1257,9053
1257,9935
1257,14422
1257,17566
1257,18041
1257,21264
1257,22799
1257,23242
1257,23668
1257,24133
1257,27276
1257,27459
1257,27723
1257,28429
1258,2600
1258,5985
1258,9383
1259,2547
1259,3263
1259,4213
1259,4703
1259,6747
1259,8401
1259,8971
1259,9475
1259,9748
1259,13608
1259,14442
1259,15580
1259,17176
1259,21868
1259,22796
1259,27563
1260,3301
1260,6273
1260,10869
1260,12905
1260,23706
1260,26737
1261,1437
1261,3007
1261,4917
1261,5358
1261,5795
1261,6640
1261,6811
1261,7146
1261,7354
1261,9354
1261,10226
1261,10429
1261,10666
1261,13228
1261,13534
1261,13951
1261,14063
1261,14133
1261,15707
1261,27816
1262,1310
1262,4332
1262,9343
1262,13098
1262,13209
1262,13641
1262,19407
1262,24744
1262,26657
1262,29617
1263,4315
1263,5216
1263,6634
1263,16298
1263,21372
1263,22963
1263,25120
1264,1832
1264,2591
1264,3225
1264,3477
1264,3896
1264,6564
1264,7374
1264,18200
1264,24652
1264,26803
1264,28703
1265,13978
1265,15288
1265,22443
1266,4499
1266,5521
1266,5673
1266,7841
1266,8873
1266,12424
1266,18001
1266,19637
1266,21215
1266,24558
1267,3608
1267,5475
1267,8652
1267,8819
1267,9612
1267,10444
1267,10906
1267,12779
1267,14267
1267,16272
1267,17390
1267,18478
1267,24241
1267,29373
1268,3487
1269,2376
1269,4502
1269,4805
1269,7053
1269,14281
1269,14841
1269,16251
1269,24435
1270,1577
1270,1627
1270,2011
1270,2741
1270,8013
1270,10293
1270,11096
1270,12358
1270,13042
1270,13691
1270,14769
1270,17510
1270,18995
1270,19015
1270,19533
1270,20007
1270,22521
1270,24436
1270,25646
1270,27539
1271,1667
1271,1913
1271,3087
1271,3565
1271,4477
1271,7724
1271,7997
1271,8230
1271,12060
1271,12528
1271,16908
1271,17435
1271,24874
1272,6942
1272,7201
1272,9181
1272,18203
1273,6749
1273,11126
1273,19515
1273,27450
1274,3111
1274,3388
1274,3730
1274,4868
1274,6610
1274,6935
1274,8461
1274,8587
1274,8649
1274,12197
1274,16823
1274,17888
1274,21302
1274,26573
1274,28340
1274,29120
1275,2058
1275,11299
1275,13183
1275,20948
1275,29926
1276,7208
1276,16242
1276,18311
1276,24333
1277,3555
1277,5428
1277,19011
1277,27021
1278,1513
1278,1553
1278,2163
1278,2292
1278,2535
1278,4542
1278,6528
1278,8904
1278,9964
1278,9969
1278,12097
1278,12611
1278,14003
1278,14811
1278,20932
1278,23455
1278,24762
1279,1427
1279,3175
1279,5984
1279,9229
1279,21805
1279,24553
1279,26084
1279,27756
1280,2512
1280,4659
1280,5108
1280,10195
1280,13026
1280,13950
1280,20638
1280,21497
1281,4445
1281,5633
1281,19308
1281,22729
1281,23270
1281,24185
1281,24884
1281,28318
1282,2426
1282,5658
1282,9335
1282,9812
1282,13142
1282,16627
1282,18463
1282,24112
1282,25590
1282,25754
1282,26918
1282,28498
1283,1407
1283,2297
1283,2954
1283,3639
1283,3931
1283,4296
1283,7268
1283,8007
1283,8379
1283,13119
1283,15824
1283,19016
1283,22528
1283,25051
1283,25676
1284,2116
1284,2305
1284,2396
1284,2576
1284,3890
1284,4570
1284,5077
1284,5543
1284,6567
1284,6893
1284,7476
1284,7841
1284,8206
1284,8527
1284,11601
1284,12488
1284,13199
1284,18784
1284,25174
1284,25493
1284,25613
1284,25947
1285,1582
1285,1824
1285,1991
1285,2068
1285,2563
1285,2604
1285,3028
1285,3283
1285,3431
1285,3866
1285,6188
1285,6970
1285,9112
1285,9264
1285,10372
1285,11200
1285,11273
1285,13392
1285,13940
1285,13987
1285,16735
1285,19427
1285,21071
1285,27143
1285,27832
1285,28051
1286,2098
1286,2173
1286,3106
1286,4054
1286,4190
1286,5947
1286,6758
1286,8624
1286,9250
1286,10723
1286,13194
1286,13396
1286,15331
1286,21958
1286,22268
1286,24034
1286,29090
1287,2058
1287,3411
1287,4206
1287,5067
1287,7657
1287,9308
1287,9961
1287,10017
1287,12341
1287,14164
1287,15361
1287,16088
1288,1484
1288,2320
1288,2437
1288,2690
1288,6158
1288,6276
1288,6519
1288,6785
1288,8705
1288,8936
1288,16352
1288,22035
1288,22521
1288,24529
1288,24677
1288,28493
1288,29164
1289,1912
1289,2071
1289,3058
1289,7858
1289,17315
1290,15183
1291,3644
1291,3787
1291,4097
1291,6061
1291,6416
1291,8196
1291,10888
1291,11802
1291,13878
1291,18139
1291,24680
1291,26003
1291,27335
1291,29718
1292,1357
1292,1754
1292,2303
1292,3298
1292,3520
1292,3763
1292,5140
1292,5268
1292,6642
1292,6970
1292,7622
1292,8508
1292,8894
1292,10922
1292,11329
1292,13517
1292,15365
1292,15610
1292,16147
1292,16422
1292,16572
1292,16692
1292,17000
1292,18141
1292,20942
1292,24319
1292,27444
1292,28135
1292,28621
1293,2198
1293,2991
1293,5085
1293,5984
1293,7107
1293,7957
1293,8098
1293,10724
1293,11286
1293,16937
1293,19021
1293,21553
1293,22609
1293,24895
1293,29628
1294,1796
1294,3171
1294,5014
1294,5283
1294,5653
1294,7138
1294,24758
1295,1673
1295,2450
1295,2483
1295,2677
1295,3335
1295,3850
1295,5975
1295,9331
1295,11821
1295,13773
1295,15607
1295,17470
1295,18192
1295,18502
1295,20096
1295,21429
1295,21800
1295,21954
1295,22953
1295,23650
1295,24130
1295,27275
1295,28500
1296,6094
1296,10323
1296,23833
1297,1588
1297,1627
1297,3620
1297,4422
1297,4505
1297,8072
1297,8221
1297,9049
1297,9062
1297,10650
1297,10805
1297,11465
1297,13591
1297,13715
1297,14487
1297,15276
1297,17218
1297,19549
1297,22951
1297,24587
1297,26783
1297,26945
1297,27491
1298,1340
1298,1341
1298,1437
1298,1986
1298,3137
1298,4877
1298,7067
1298,7285
1298,7578
1298,8533
1298,8603
1298,9189
1298,10807
1298,10934
1298,11759
1298,14044
1298,14096
1298,14423
1298,14742
1298,16758
1298,19134
1298,19673
1298,25492
1298,26512
1298,27658
1298,28080
1298,29267
1299,5507
1299,5627
1299,13066
1299,28995
1300,1433
1300,1693
1300,5591
1300,8746
1300,9917
1300,27157
1301,1730
1301,2052
1301,2942
1301,4813
1301,6742
1301,11050
1301,23491
1301,27622
1301,28739
1302,1691
1302,1804
1302,2810
1302,3407
1302,6331
1302,6841
1302,8236
1302,9235
1302,9418
1302,9421
1302,11132
1302,11230
1302,11614
1302,12134
1302,12522
1302,13352
1302,13682
1302,16636
1302,18392
1302,20859
1302,24351
1303,1799
1303,1954
1303,2014
1303,3266
1303,3598
1303,3788
1303,4775
1303,5369
1303,6071
1303,6527
1303,6672
1303,6805
1303,7138
1303,7535
1303,9280
1303,9487
1303,10114
1303,10680
1303,11411
1303,12619
1303,12869
1303,13091
1303,13809
1303,13856
1303,14454
1303,17795
1303,20268
1303,22915
1303,22920
1303,24974
1303,26623
1303,26628
1303,29427
1304,2260
1304,2932
1304,3937
1304,4059
1304,4685
1304,4849
1304,4862
1304,5236
1304,7048
1304,9924
1304,10350
1304,15867
1304,16280
1304,16537
1304,17417
1304,29558
1304,29626
1305,1699
1305,2009
1305,2239
1305,2754
1305,2989
1305,3769
1305,3848
1305,4008
1305,4874
1305,4943
1305,5542
1305,5824
1305,6069
1305,7132
1305,7283
1305,7662
1305,11224
1305,11941
1305,12972
1305,14670
1305,14944
1305,17930
1305,19356
1305,19864
1305,20690
1305,22927
1305,23225
1305,23453
1305,24370
1305,25328
1305,25345
1306,1411
1306,1628
1306,2155
1306,3166
1306,3744
1306,6040
1306,9793
1306,14748
1306,16304
1306,23501
1307,2825
1307,4521
1307,9641
1307,16208
1307,19744
1307,20948
1307,27536
1308,2247
1308,2649
1308,2841
1308,5297
1308,7427
1308,7708
1308,8968
1308,9973
1308,14781
1308,19307
1308,22204
1308,23805
1308,28182
1308,28634
1309,1614
1309,2523
1309,2929
1309,3345
1309,4362
1309,4401
1309,6211
1309,9247
1309,10315
1309,11796
1309,17084
1309,19207
1309,23839
1310,3152
1310,5209
1310,5453
1310,5643
1310,6284
1310,10461
1310,12485
1310,17962
1310,29522
1311,2405
1311,2550
1311,6612
1311,8723
1311,15797
1311,19034
1311,19685
1311,24893
1311,26223
1311,26337
1311,29112
1312,3295
1312,4216
1312,11213
1312,11300
1312,15307
1312,15848
1312,16577
1312,19122
1312,24577
1312,26142
1313,6734
1313,8959
1313,10121
1313,13984
1314,1442
1314,1539
1314,1601
1314,1739
1314,1836
1314,2979
1314,3057
1314,3678
1314,3897
1314,4673
1314,5414
1314,6479
1314,7326
1314,7555
1314,10282
1314,10886
1314,11789
1314,11856
1314,14920
1314,14925
1314,15198
1314,17595
1314,18306
1314,18862
1314,22982
1314,25858
1314,26575
1314,26803
1314,28706
1315,2277
1315,3544
1315,8600
1315,8698
1315,9177
1315,10758
1315,11435
1315,20388
1315,24814
1316,2887
1316,3899
1316,5592
1316,5887
1316,7563
1316,7843
1316,10584
1316,15048
1316,19301
1316,19926
1316,20475
1316,20516
1316,23992
1317,1409
1317,1751
1317,12880
1317,17226
1317,27634
1318,1863
1318,2174
1318,2784
1318,3636
1318,4835
1318,4867
1318,5420
1318,7543
1318,7713
1318,8437
1318,10696
1318,10840
1318,16221
1318,17238
1318,18373
1318,22061
1318,22663
1318,24934
1318,25529
1318,27181
1319,3500
1319,12269
1319,13919
1319,18612
1320,2555
1320,3802
1320,5849
1320,6875
1320,8100
1320,8179
1320,8901
1320,9240
1320,12363
1320,19392
1320,20663
1320,24655
1320,28720
1320,29587
1321,1984
1321,3398
1321,3845
1321,4162
1321,4845
1321,10760
1321,13008
1321,17159
1321,22120
1321,22946
1321,23559
1321,24841
1322,1674
1322,2578
1322,3079
1322,3315
1322,3831
1322,11239
1322,14547
1322,15120
1322,16850
1322,18158
1322,19398
1322,20746
1322,21026
1322,24610
1322,26824
1323,1374
1323,1380
1323,2173
1323,3109
1323,3261
1323,3293
1323,4651
1323,7488
1323,9477
1323,10343
1323,10527
1323,12776
1323,14361
1323,15670
1323,16099
1323,18342
1323,19368
1323,20502
1323,21231
1324,1373
1324,1512
1324,1573
1324,1605
1324,1644
1324,2792
1324,3124
1324,3453
1324,8065
1324,8400
1324,9993
1324,11757
1324,15856
1324,16733
1324,17509
1324,19886
1324,20292
1325,3689
1325,5856
1325,5975
1325,11204
1325,11607
1325,13418
1325,16324
1325,25261
1326,2237
1327,2268
1327,4324
1327,4753
1327,8223
1327,9521
1327,9689
1327,9892
1328,7294
1328,13643
1328,15144
1328,22964
1328,26060
1329,2752
1329,8316
1329,9793
1329,10120
1329,12239
1329,16092
1329,19309
1329,20403
1329,25046
1330,2228
1330,2266
1330,7269
1330,10779
1330,18414
1330,19945
1330,21828
1330,23110
1330,23770
1331,1379
1331,1634
1331,3409
1331,3843
1331,7312
1331,11648
1331,14857
1331,20158
1331,20439
1331,22173
1332,4307
1332,6272
1332,16910
1332,19207
1332,25582
1332,27964
1333,1558
1333,1869
1333,1887
1333,2683
1333,5033
1333,5395
1333,7931
1333,8176
1333,8665
1333,13882
1333,14279
1333,14890
1333,15684
1333,25411
1334,3193
1334,4189
1334,4831
1334,10381
1334,11000
1335,2355
1335,2590
1335,2759
1335,3634
1335,4010
1335,4901
1335,7594
1335,10326
1335,10852
1335,11870
1335,13204
1335,15218
1335,15463
1335,16745
1335,19188
1335,20458
1335,21054
1335,21700
1335,22173
1335,24785
1336,2902
1336,3095
1336,3277
1336,3643
1336,3687
1336,4419
1336,4931
1336,5221
1336,5914
1336,7224
1336,7481
1336,9071
1336,9851
1336,9880
1336,10547
1336,11607
1336,12473
1336,13069
1336,16423
1336,17394
1336,17534
1336,17760
1336,19825
1336,24398
1336,24938
1336,29256
1336,29465
1337,1518
1337,4842
1337,5551
1337,6141
1337,7667
1337,9837
1337,12682
1337,15210
1337,15549
1337,18957
1337,20880
1337,21688
1337,24290
1337,25759
1338,8997
1338,14268
1338,14724
1338,16972
1338,20670
1338,22221
1338,23436
1338,23730
1339,9807
1339,10571
1339,13072
1339,15674
1340,6425
1340,6950
1340,10896
1340,18402
1341,2891
1341,3824
1341,5062
1341,5073
1341,5875
1341,7974
1341,9581
1341,9750
1341,10198
1341,18088
1341,19138
1341,21464
1341,28526
1341,29170
1342,1431
1342,1476
1342,1645
1342,2730
1342,5068
1342,8821
1342,12110
1342,16092
1342,16235
1342,16289
1343,14249
1344,1989
1344,2453
1344,3053
1344,4672
1344,4869
1344,6374
1344,7079
1344,7858
1344,8771
1344,9226
1344,11907
1344,13945
1344,14555
1344,21902
1344,24247
1344,27246
1345,2135
1345,2226
1345,11083
1345,15492
1345,20652
1345,28574
1346,2676
1346,7841
1346,7948
1347,4798
1347,20503
1347,24488
1347,27302
1348,1594
1348,1643
1348,2209
1348,3504
1348,3820
1348,5091
1348,5512
1348,11656
1348,12396
1348,13711
1348,13884
1348,16446
1348,16624
1348,18366
1348,20571
1348,20606
1348,23121
1348,24674
1348,26339
1348,29712
1349,18498
1350,2053
1350,2746
1350,3016
1350,4119
1350,4682
1350,5595
1350,5942
1350,7678
1350,8860
1350,9057
1350,11051
1350,12464
1350,17927
1350,18106
1350,19841
1350,22660
1350,24287
1350,24590
1350,24623
1350,24843
1350,29092
1350,29830
1351,3943
1351,7526
1351,9372
1351,14866
1351,16586
1352,2740
1352,3509
1352,4735
1352,8575
1352,10505
1352,11253
1352,13210
1352,15751
1352,15935
1352,17372
1352,20048
1352,20930
1352,21538
1352,25778
1352,26595
1352,28016
1353,4301
1353,5366
1353,11234
1353,12091
1353,12885
1353,13627
1353,24452
1354,9531
1354,20265
1354,23748
1355,1479
1355,20401
1356,1861
1356,3119
1356,3950
1356,10363
1356,21648
1356,21902
1356,24266
1356,29500
1357,2305
1357,2308
1357,2455
1357,3269
1357,6817
1357,8174
1357,8327
1357,10828
1357,11079
1357,11694
1357,14795
1357,19589
1357,20214
1357,20593
1357,22196
1357,22201
1357,23082
1357,24745
1357,28244
1358,5849
1358,6457
1358,8627
1358,9910
1358,10131
1358,11558
1358,12803
1358,12912
1358,16486
1358,18085
1358,18621
1358,19129
1358,27745
1358,28852
1359,1909
1359,3055
1359,5442
1359,6008
1359,8487
1359,14381
1359,20838
1359,21478
1360,3743
1360,7261
1360,8977
1360,11930
1360,15868
1360,17760
1360,18943
1360,21894
1360,26907
1361,4766
1361,7713
1361,7722
1361,11005
1361,11376
1361,12975
1361,19893
1361,20689
1361,20842
1361,23384
1361,25880
1362,3228
1362,3292
1362,7393
1362,7965
1362,9387
1362,10295
1362,11579
1362,11865
1362,14557
1362,19547
1362,19722
1362,21021
1362,21208
1362,23942
1362,27188
1363,1842
1363,1953
1363,6475
1363,7180
1363,10689
1363,18494
1363,18598
1363,19228
1363,24643
1364,2790
1364,3232
1364,6075
1364,7158
1364,7263
1364,13017
1364,20126
1364,20311
1364,21959
1364,24930
1364,29140
1365,4045
1365,8464
1365,8676
1365,8779
1365,8849
1365,9815
1365,13003
1365,23148
1365,25380
1366,2076
1366,3928
1366,4366
1366,9066
1366,9219
1366,9491
1366,11575
1366,14646
1366,24234
1366,28015
1366,29923
1367,6399
1367,7052
1367,8950
1367,12277
1367,17694
1367,19343
1367,19729
1367,21686
1367,22126
1367,27783
1368,1767
1368,4175
1368,15821
1368,18594
1368,27608
1369,1816
1369,5713
1369,6791
1369,10088
1369,14953
1369,18794
1369,28947
1370,1785
1370,4955
1370,6515
1370,6836
1370,7149
1370,7566
1370,8672
1370,8953
1370,16716
1371,1494
1371,4448
1371,6591
1371,8974
1371,10565
1371,11484
1371,16678
1371,24583
1371,26748
1371,27769
1371,29679
1372,2249
1372,3503
1372,5588
1372,7071
1372,8189
1372,9168
1372,9611
1372,16032
1372,18426
1372,18660
1372,22939
1372,23320
1372,26452
1372,28187
1373,1416
1373,5951
1373,6422
1373,9643
1373,10055
1373,11757
1373,14516
1373,20344
1373,20973
1374,1930
1374,4784
1374,7363
1374,13212
1374,21616
1374,29816
1375,1388
1375,1646
1375,2250
1375,3175
1375,3408
1375,3677
1375,4734
1375,4842
1375,5332
1375,5634
1375,5947
1375,7933
1375,9592
1375,10237
1375,10708
1375,15180
1375,17555
1375,18010
1375,18626
1375,18654
1375,21078
1375,21986
1375,22602
1375,23156
1375,24967
1375,27896
1375,28767
1375,29873
1376,3063
1376,3347
1376,3893
1376,21982
1376,29429
1377,8976
1377,13416
1377,13597
1377,16124
1377,18965
1377,19363
1377,20123
1377,22467
1377,22557
1377,22975
1377,27559
1377,28462
1377,29441
1377,29787
1378,1666
1378,2020
1378,3343
1378,3371
1378,4764
1378,6005
1378,6057
1378,6331
1378,6499
1378,8516
1378,9338
1378,9946
1378,10325
1378,15227
1378,15337
1378,15987
1378,18565
1378,21842
1378,23547
1378,25375
1378,25493
1378,27027
1378,27911
1378,28543
1378,29405
1379,4685
1379,5161
1379,22206
1380,3011
1380,7783
1380,9290
1380,11378
1380,12598
1380,13436
1380,26350
1381,1427
1381,8316
1381,11853
1381,12379
1381,20467
1382,1699
1382,2192
1382,3944
1382,5884
1382,6347
1382,6725
1382,7052
1382,8091
1382,11050
1382,12114
1382,15588
1382,16507
1382,17286
1382,17660
1382,22400
1382,24882
1382,25745
1382,28488
1383,12774
1383,14044
1384,2745
1384,3914
1384,4502
1384,5793
1384,5952
1384,6380
1384,13593
1384,15262
1384,22720
1385,1407
1385,3115
1385,3874
1385,4087
1385,7301
1385,9740
1385,22010
1385,25729
1386,1853
1386,4014
1386,6148
1386,7285
1386,8187
1386,10069
1386,12906
1386,13712
1386,19300
1386,24111
1387,2447
1387,2615
1387,10253
1387,14384
1387,16652
1387,16764
1387,19981
1387,25113
1387,25774
1387,27502
1387,29790
1388,13016
1388,23266
1388,25228
1389,3203
1389,6866
1389,9092
1389,9673
1390,1528
1390,2598
1390,3449
1390,10200
1391,1462
1391,1745
1391,3366
1391,3885
1391,4070
1391,6138
1391,7955
1391,12002
1391,12329
1391,13437
1391,13518
1391,14072
1391,18748
1391,25369
1391,25430
1391,25617
1391,28914
1392,5842
1392,6863
1392,10455
1392,11746
1392,16243
1392,18325
1392,20381
1392,21652
1392,22292
1392,23830
1393,1463
1393,1759
1393,2437
1393,2483
1393,3199
1393,4018
1393,4172
1393,5869
1393,8500
1393,9526
1393,11335
1393,17792
1393,18520
1393,23860
1393,25186
1394,1630
1394,2276
1394,3811
1394,8398
1394,12572
1394,14700
1394,15292
1394,21525
1394,24458
1394,27398
1394,29596
1394,29844
1395,3436
1395,4068
1395,7227
1395,7297
1395,7765
1395,9076
1395,9778
1395,10278
1395,10477
1395,11759
1395,13364
1395,13476
1395,17551
1395,20230
1395,20460
1395,23090
1395,23130
1395,27409
1396,1652
1396,3037
1396,3245
1396,4406
1396,23933
1396,26391
1397,1623
1397,1903
1397,5022
1397,6299
1397,10078
1397,10298
1397,13679
1397,17913
1397,25736
1398,1889
1398,2004
1398,2794
1398,3407
1398,4895
1398,8318
1398,13419
1398,15832
1398,19195
1398,19557
1399,1845
1399,2118
1399,4518
1399,6675
1399,9573
1399,9911
1399,10682
1399,11602
1399,12839
1399,15564
1399,18092
1399,23822
1400,1839
1400,2183
1400,2554
1400,3569
1400,8076
1400,10256
1400,11495
1400,12325
1400,13627
1400,18297
1400,23644
1400,24897
1401,3570
1401,3979
1401,4807
1401,7573
1401,8674
1401,11730
1401,12514
1401,13816
1401,23534
1401,25723
1401,25899
1401,28955
1402,5953
1402,6450
1402,17020
1402,22039
1403,1637
1403,1709
1403,1743
1403,1849
1403,1911
1403,2975
1403,4515
1403,5205
1403,7021
1403,7418
1403,7772
1403,9425
1403,9495
1403,9505
1403,10695
1403,10724
1403,13988
1403,14453
1403,14626
1403,15608
1403,16277
1403,16817
1403,18663
1403,18787
1403,18828
1403,19202
1403,23415
1403,24773
1403,29904
1404,2508
1404,7601
1404,7735
1404,10957
1404,13150
1404,22449
1404,22855
1404,22971
1404,27936
1405,3381
1405,16799
1406,2258
1406,12638
1406,21043
1407,2851
1407,3310
1407,3643
1407,5526
1407,5949
1407,7050
1407,20030
1407,21599
1407,22258
1408,2126
1408,2662
1408,3301
1408,3791
1408,3824
1408,5353
1408,6302
1408,7563
1408,8806
1408,9235
1408,11383
1408,11855
1408,13245
1408,14177
1408,14371
1408,15431
1408,17623
1408,18413
1408,19295
1408,21031
1408,23352
1408,23698
1408,25955
1409,2833
1409,25924
1410,4020
1410,4129
1410,6121
1410,12982
1410,18571
1410,22431
1411,1629
1411,1687
1411,1741
1411,1912
1411,3098
1411,4020
1411,4564
1411,5225
1411,5476
1411,5666
1411,7568
1411,7821
1411,8494
1411,9403
1411,12997
1411,13760
1411,13963
1411,15335
1411,15637
1411,16199
1411,17052
1411,17230
1411,19667
1411,23512
1411,27016
1412,1519
1412,3532
1412,4604
1412,5869
1412,7463
1412,7607
1412,7651
1412,7936
1412,9818
1412,10325
1412,10667
1412,11748
1412,15575
1412,17430
1412,23570
1412,24525
1412,27823
1413,1436
1413,2957
1413,8034
1413,10430
1413,11338
1413,15372
1413,17471
1413,17545
1413,18278
1413,21119
1413,24462
1413,24600
1414,1692
1414,4061
1414,6084
1414,7320
1414,15819
1414,17057
1414,17349
1414,27138
1415,1437
1415,1465
1415,2024
1415,2033
1415,2201
1415,3159
1415,3746
1415,5366
1415,7966
1415,10584
1415,10935
1415,12617
1415,15290
1415,15855
1415,16850
1415,19836
1415,23380
1415,24201
1415,29017
1415,29197
1416,4360
1416,4724
1416,5683
1416,7290
1416,7887
1416,9005
1416,9265
1416,9722
1416,10448
1416,12534
1416,12583
1416,12847
1416,15129
1416,15622
1416,18633
1416,19099
1416,25743
1416,26330
1417,1539
1417,3044
1417,5409
1417,8401
1417,13372
1417,17154
1417,18818
1417,20012
1417,21719
1417,29331
1417,29366
1418,7074
1418,7963
1418,13245
1418,15077
1418,21675
1419,2121
1419,6849
1419,7625
1419,24109
1419,27356
1419,29867
1420,1575
1420,1737
1420,1821
1420,1959
1420,2839
1420,4995
1420,6759
1420,7065
1420,8260
1420,10592
1420,12212
1420,14506
1420,14870
1420,16721
1420,20472
1420,21504
1420,24170
1420,26540
1421,1651
1421,1970
1421,2070
1421,3641
1421,4646
1421,6565
1421,7466
1421,8571
1421,8977
1421,9775
1421,11062
1421,14735
1421,15649
1421,17115
1421,19425
1421,24192
1421,27944
1421,28176
1421,28379
1422,6963
1422,16053
1423,7783
1423,8424
1423,8604
1423,15874
1423,15946
1423,16998
1423,18270
1423,20524
1423,25320
1424,1523
1424,2854
1424,4630
1424,5194
1424,5970
1424,8188
1424,9214
1424,9648
1424,13095
1424,15650
1424,17487
1424,18929
1424,20963
1424,22735
1424,23105
1424,23465
1424,23759
1424,28895
1425,2341
1425,4665
1425,16074
1425,17352
1425,20767
1425,22474
1426,2318
1426,7486
1426,10348
1426,12200
1426,12373
1426,13730
1426,14683
1426,16103
1426,22973
1426,23973
1426,25206
1426,26397
1427,2380
1427,7688
1427,11146
1427,12741
1427,14708
1427,16089
1427,20091
1427,21211
1427,22275
1427,28072
1428,1659
1428,1813
1428,8166
1428,22825
1428,27151
1428,29167
1429,2153
1429,2278
1429,2860
1429,3238
1429,3342
1429,3360
1429,3893
1429,15645
1429,15669
1429,17421
1429,19396
1429,25904
1429,27031
1430,3970
1430,4885
1430,9359
1430,13997
1430,27622
1431,1712
1432,2430
1432,6645
1432,20988
1433,4436
1433,9117
1433,9454
1433,11020
1433,22749
1433,25782
1434,1655
1434,2110
1434,2440
1434,2775
1434,2798
1434,2861
1434,3852
1434,4169
1434,5926
1434,5950
1434,7143
1434,7699
1434,7758
1434,8062
1434,11184
1434,16053
1434,17171
1434,17276
1434,19234
1434,22570
1434,23108
1434,26130
1434,27618
1435,1493
1435,2905
1435,3052
1435,5300
1435,5804
1435,6924
1435,9681
1435,10446
1435,17664
1435,19665
1436,2031
1436,5477
1436,7865
1436,8503
1436,10850
1436,15514
1436,17822
1436,18234
1436,23442
1438,4043
1438,4987
1438,7439
1438,9211
1438,13745
1438,18329
1439,1638
1439,1664
1439,1691
1439,2120
1439,2258
1439,2698
1439,4032
1439,4169
1439,4337
1439,4792
1439,5015
1439,5082
1439,7081
1439,7200
1439,10363
1439,11284
1439,11567
1439,16559
1439,16895
1439,18176
1439,18415
1439,18591
1439,20083
1439,22842
1439,24135
1439,25995
1439,29804
1440,6029
1440,8925
1440,9674
1440,10827
1440,16688
1440,18368
1440,29231
1441,4370
1441,4592
1441,7258
1441,10030
1441,13460
1441,14010
1441,15382
1441,19619
1442,2174
1442,4991
1442,9330
1442,15253
1442,19044
1442,20645
1442,22106
1442,24381
1443,1873
1443,2403
1443,7793
1443,12100
1443,23594
1443,26949
1444,12255
1444,16317
1444,19324
1444,22300
1444,26710
1444,28242
1444,28617
1444,28869
1445,1600
1445,1982
1445,6422
1445,6687
1445,7217
1445,7373
1445,9859
1445,13658
1445,17497
1445,20604
1446,4295
1446,7878
1446,8648
1446,14482
1446,29526
1447,4600
1447,7347
1447,9915
1447,14611
1447,27858
1447,29780
1447,29893
1448,1829
1448,1924
1448,2402
1448,2482
1448,3369
1448,4687
1448,5234
1448,5784
1448,7999
1448,9248
1448,11150
1448,12103
1448,12346
1448,13705
1448,23477
1448,23957
1448,26154
1448,27966
1448,29356
1448,29771
1449,3683
1449,4074
1449,4265
1449,8479
1449,12777
1449,13415
1449,14251
1449,16170
1449,16668
1449,16731
1449,23893
1450,2130
1450,2952
1450,3693
1450,4286
1450,4319
1450,5175
1450,5988
1450,6836
1450,16182
1450,19370
1450,19694
1450,23367
1450,25597
1450,27237
1451,10761
1452,2221
1452,2390
1452,7349
1452,7499
1452,9151
1452,17745
1452,19909
1453,1713
1453,2718
1453,4415
1453,8343
1453,8734
1453,9180
1453,10530
1453,19071
1454,1925
1454,2573
1454,3863
1454,4225
1454,4235
1454,4415
1454,5345
1454,6045
1454,9212
1454,9522
1454,12017
1454,12284
1454,12819
1454,14612
1454,18614
1454,19995
1454,20567
1454,27113
1455,1706
1455,1884
1455,2114
1455,5534
1455,5636
1455,7472
1455,8832
1455,16377
1455,18587
1455,23377
1455,29251
1456,1937
1456,2287
1456,3453
1456,3625
1456,4394
1456,7297
1456,9347
1456,15455
1456,21955
1456,25122
1457,2539
1457,19624
1457,25485
1458,1633
1458,4780
1458,5538
1458,6779
1458,10824
1458,12801
1458,13860
1458,14869
1458,19960
1459,3430
1459,4116
1459,6790
1459,8083
1459,8104
1459,9003
1459,13378
1459,23412
1459,26819
1460,2717
1460,12920
1461,2195
1461,2473
1461,4267
1461,5982
1461,6834
1461,8292
1461,9452
1461,10777
1461,15044
1461,19488
1461,21518
1461,24633
1462,3202
1462,4719
1462,4810
1462,9065
1462,9645
1462,11154
1462,12292
1462,13681
1462,22777
1462,26880
1462,26975
1463,2670
1463,3075
1463,4123
1463,5450
1463,10721
1463,14671
1463,17408
1463,17603
1463,17716
1464,9352
1464,10156
1464,11354
1464,21937
1464,25883
1464,28605
1465,1473
1465,1554
1465,2030
1465,2278
1465,2915
1465,5353
1465,5623
1465,5837
1465,6931
1465,7799
1465,8175
1465,8285
1465,8920
1465,9506
1465,12020
1465,12851
1465,13036
1465,15821
1465,20874
1465,24540
1465,25086
1465,27426
1465,28607
1465,29787
1466,2227
1466,4290
1466,5147
1466,5720
1466,11950
1466,14294
1466,14620
1466,15346
1466,21776
1466,24461
1466,24910
1467,1626
1467,2194
1467,2592
1467,2852
1467,3092
1467,3874
1467,5482
1467,10816
1467,13061
1467,19152
1467,20792
1467,24073
1467,24226
1468,2321
1468,3126
1468,4495
1468,6124
1468,7488
1468,8046
1468,9024
1468,9536
1468,11572
1469,1659
1469,5678
1469,9593
1469,12642
1469,14684
1469,15525
1469,15555
1469,20664
1469,21904
1469,25311
1469,28651
1469,29871
1470,2568
1470,4164
1470,5064
1470,7624
1470,10415
1470,19904
1470,24207
1470,27831
1471,16787
1471,16856
1471,21632
1472,2590
1472,5098
1472,5556
1472,7823
1472,11112
1472,11489
1472,13037
1472,13092
1472,24767
1472,27536
1473,1927
1473,2420
1473,7507
1473,8585
1473,12296
1473,18226
1473,19519
1473,19998
1473,20107
1473,23133
1473,26030
1473,26042
1474,1561
1474,2643
1474,3500
1474,4225
1474,9039
1474,9249
1474,11022
1474,13893
1474,17538
1474,19509
1474,22282
1474,23833
1475,2994
1475,7683
1475,7759
1475,12757
1475,13733
1475,20004
1475,27182
1475,29096
1476,4294
1476,6001
1476,8340
1476,12769
1476,13352
1476,16404
1476,17704
1476,18614
1476,28159
1477,7485
1477,9192
1477,11522
1477,12221
1477,15728
1477,19988
1477,20161
1477,22649
1478,8634
1478,9626
1478,12869
1478,12970
1478,15431
1479,1958
1479,3170
1479,10826
1479,18093
1479,28505
1480,1696
1480,1985
1480,2463
1480,2859
1480,3462
1480,3904
1480,6111
1480,6241
1480,6441
1480,6465
1480,6694
1480,11497
1480,11982
1480,12631
1480,19603
1480,19876
1480,21476
1480,26058
1480,27481
1480,28475
1481,1529
1481,1717
1481,8393
1481,9505
1481,11984
1481,13710
1481,23091
1482,3989
1482,20209
1483,1826
1483,2017
1483,2451
1483,5509
1483,8035
1483,8166
1483,9047
1483,12794
1483,13541
1483,14403
1483,22166
1483,24784
1484,1980
1484,2020
1484,4332
1484,4689
1484,5561
1484,5752
1484,6789
1484,7111
1484,8080
1484,9560
1484,9774
1484,10098
1484,11614
1484,16178
1484,17151
1484,25725
1485,1857
1485,2584
1485,4445
1485,6570
1485,9042
1485,9127
1485,12282
1485,13857
1485,14690
1485,15873
1485,24669
1485,28891
1485,29761
1486,4637
1486,5028
1486,7066
1486,11134
1486,15300
1486,18207
1487,3731
1487,4746
1487,13613
1487,16528
1488,1828
1488,8837
1488,11673
1488,12583
1488,15075
1488,27244
1488,29501
1489,3146
1489,5748
1489,7473
1489,8914
1489,9508
1489,10942
1489,18240
1490,1527
1490,2235
1490,3693
1490,4159
1490,5131
1490,5481
1490,6928
1490,6986
1490,7982
1490,9037
1490,10719
1490,11633
1490,12153
1490,12651
1490,13258
1490,13503
1490,13803
1490,14694
1490,18637
1490,19672
1490,22300
1490,28503
1491,3835
1491,5101
1491,7529
1491,7694
1491,8870
1491,9377
1491,10465
1491,11429
1491,12620
1491,13665
1491,15264
1491,24734
1491,28682
1492,2978
1492,4236
1492,7723
1492,8315
1492,8422
1492,20376
1492,21331
1492,24829
1492,25721
1492,27356
1493,2003
1493,26493
1494,1847
1494,2374
1494,2492
1494,2912
1494,5632
1494,14068
1494,23189
1494,23231
1494,23389
1495,2335
1495,2698
1495,3317
1495,5493
1495,6996
1495,11081
1495,18339
1495,19465
1495,25026
1495,28093
1496,2075
1496,9851
1496,17189
1496,17477
1496,21139
1496,21897
1497,1589
1497,1907
1497,1947
1497,3188
1497,7823
1497,9010
1497,9579
1497,12645
1497,17121
1497,18496
1497,20883
1497,25472
1498,5015
1498,6022
1498,9522
1498,14288
1498,15208
1498,18243
1498,22702
1498,27656
1499,5977
1499,28246
1500,2797
1500,3319
1500,3720
1500,7895
1500,12182
1500,13138
1500,17299
1500,22435
1500,29599
1501,1563
1501,1760
1501,2499
1501,2923
1501,3581
1501,4239
1501,6370
1501,6707
1501,6789
1501,8488
1501,10797
1501,20379
1501,22256
1501,22926
1501,23181
1501,23216
1502,2005
1502,2322
1502,3299
1502,5788
1502,6503
1502,8462
1502,10198
1502,18002
1502,18613
1502,21907
1502,25010
1502,29068
1503,1593
1503,1708
1503,2306
1503,3041
1503,3765
1503,4926
1503,5319
1503,7486
1503,8473
1503,13760
1503,23529
1503,27528
1503,28193
1504,1622
1504,1726
1504,2648
1504,6030
1504,6280
1504,6669
1504,6680
1504,7403
1504,7598
1504,9944
1504,12500
1504,12680
1504,13066
1504,15794
1504,15959
1504,16079
1504,17693
1504,25413
1504,26182
1504,27296
1504,28821
1505,2686
1505,3872
1505,19229
1505,22567
1505,25322
1505,26506
1506,1562
1506,8343
1506,8621
1506,9221
1506,12313
1506,12955
1506,14248
1507,3658
1507,4179
1507,4652
1507,6795
1507,11027
1507,16030
1507,17715
1507,23180
1507,25089
1507,25157
1507,25267
1508,2495
1508,3030
1508,3756
1508,3933
1508,4072
1508,8855
1508,10364
1508,10799
1508,13257
1508,29105
1509,2835
1509,4527
1509,4545
1509,7025
1509,7055
1509,7878
1509,8154
1509,10845
1509,11347
1509,11806
1509,15318
1509,18622
1509,19196
1509,21504
1509,21523
1509,22863
1509,23674
1509,25768
1509,27928
1509,28916
1509,29129
1510,1626
1510,1770
1510,2001
1510,2141
1510,2443
1510,3298
1510,3674
1510,4202
1510,5095
1510,6326
1510,7051
1510,7248
1510,7894
1510,8617
1510,10655
1510,11376
1510,13305
1510,14134
1510,14422
1510,16275
1510,17411
1510,17864
1510,23769
1510,23795
1511,1594
1511,1881
1511,2563
1511,2968
1511,4037
1511,5040
1511,6217
1511,7769
1511,11685
1511,13340
1511,13755
1511,16115
1511,17339
1511,18919
1511,21109
1511,21673
1511,21971
1511,24648
1511,26576
1513,2756
1513,4474
1513,6317
1513,10271
1513,16294
1513,22067
1513,25243
1514,2049
1514,5333
1514,8598
1514,9261
1514,9937
1514,13677
1514,14185
1514,24939
1515,2520
1515,3926
1515,6653
1515,10118
1515,12416
1515,14322
1515,16319
1515,17704
1515,20116
1515,23323
1515,24606
1516,2532
1516,6356
1516,9437
1516,15025
1516,23606
1517,2155
1517,2414
1517,3951
1517,5536
1517,6930
1517,7451
1517,7514
1517,12789
1517,13997
1517,14472
1517,18431
1517,20236
1517,21183
1517,27559
1518,1692
1518,3030
1518,3326
1518,4455
1518,4882
1518,5459
1518,11166
1518,13561
1518,16426
1518,17658
1518,17839
1518,17952
1518,18562
1518,21104
1518,22381
1518,26600
1519,1614
1519,2264
1519,2690
1519,2797
1519,11103
1519,15628
1519,16957
1519,17562
1519,19225
1519,20290
1519,20488
1519,22413
1519,28664
1520,3688
1520,4721
1520,9447
1520,19477
1520,21311
1521,2799
1521,3073
1521,3153
1521,4493
1521,6006
1521,8041
1521,8630
1521,8996
1521,11275
1521,11437
1521,11958
1521,13420
1521,14449
1521,14636
1521,15581
1521,17418
1521,18947
1521,20933
1521,21030
1521,21356
1521,23831
1521,28678
1521,29799
1522,2260
1522,2541
1522,2996
1522,3466
1522,5473
1522,7596
1522,9061
1522,9484
1522,21404
1522,22060
1522,23382
1523,8216
1523,27646
1524,2183
1524,2274
1524,3957
1524,8349
1524,8395
1524,8402
1524,12184
1524,17264
1524,22619
1524,23006
1524,23901
1524,24921
1524,26032
1524,29813
1525,1794
1525,2000
1525,2353
1525,2668
1525,3157
1525,4025
1525,5810
1525,9273
1525,9730
1525,9977
1525,10904
1525,15816
1525,22400
1525,27225
1525,28277
1525,28300
1526,2448
1526,4298
1526,5116
1526,9242
1526,10714
1526,10898
1526,12557
1526,14358
1526,17135
1526,18547
1526,19620
1526,21563
1526,26412
1526,26545
1527,1591
1527,1933
1527,2428
1527,2561
1527,2650
1527,3001
1527,3083
1527,3512
1527,3666
1527,3906
1527,5485
1527,5606
1527,5745
1527,8006
1527,11217
1527,12108
1527,12361
1527,13035
1527,15000
1527,15704
1527,18479
1527,18505
1527,18722
1527,19635
1527,19697
1527,20915
1527,20950
1527,22367
1527,26698
1528,2378
1528,2932
1528,2987
1528,5106
1528,11114
1528,28201
1529,3000
1529,3453
1529,5182
1529,6825
1529,6903
1529,9019
1529,11833
1529,15485
1529,15738
1529,16172
1529,17802
1529,18310
1529,18461
1529,18762
1529,19796
1529,21044
1529,23072
1529,23857
1530,4994
1530,11418
1531,3106
1531,3716
1531,4879
1531,5616
1531,6630
1531,7162
1531,11157
1531,12018
1531,16990
1531,18881
1531,29606
1531,29736
1531,29803
1532,4204
1532,4613
1532,8130
1532,10431
1532,11222
1532,11316
1532,23530
1532,24013
1532,28180
1533,5881
1533,9054
1533,18525
1533,23280
1533,27074
1534,1750
1534,1920
1534,3607
1534,3895
1534,4170
1534,4450
1534,7148
1534,9020
1534,10491
1534,10757
1534,10995
1534,12180
1534,12396
1534,13814
1534,15558
1534,16417
1534,18729
1534,24700
1534,25245
1535,3206
1535,3699
1535,4024
1535,5301
1535,8261
1535,8435
1535,9579
1535,10742
1535,19893
1535,20261
1535,20601
1535,22512
1535,23237
1535,25257
1536,2197
1536,2734
1536,3309
1536,7630
1536,14710
1536,15303
1537,4497
1537,4560
1537,5319
1537,19806
1537,20651
1538,2216
1538,3100
1538,4325
1538,8297
1538,11496
1538,29320
1539,2760
1539,2814
1539,3312
1539,6534
1539,7047
1539,8561
1539,23889
1539,24250
1540,2787
1540,3076
1540,3155
1540,3382
1540,3645
1540,5542
1540,6958
1540,9018
1540,9229
1540,12457
1540,14033
1540,19900
1540,21322
1540,24102
1540,24497
1540,25899
1540,27639
1541,2064
1541,2261
1541,3234
1541,4333
1541,5059
1541,5519
1541,5916
1541,9197
1541,12700
1541,15470
1541,17613
1541,21467
1541,26051
1542,1899
1542,2160
1542,2449
1542,3744
1542,5265
1542,9097
1542,11854
1542,15693
1542,28378
1542,28576
1543,3029
1543,3930
1543,4494
1543,16917
1543,16932
1543,29987
1544,2747
1544,4087
1544,5910
1544,12710
1544,14040
1544,15636
1544,17468
1544,23485
1545,7887
1545,19247
1545,22296
1545,23368
1546,4927
1546,16912
1546,17403
1546,18152
1546,26683
1547,1548
1547,3597
1547,4978
1547,5723
1547,5948
1547,5996
1547,6803
1547,7368
1547,9568
1547,10675
1547,12460
1547,12870
1547,20175
1548,4269
1548,6374
1548,10028
1548,20417
1549,1660
1549,2054
1549,2316
1549,4541
1549,4723
1549,5367
1549,5812
1549,6288
1549,6815
1549,9607
1549,11507
1549,13176
1549,17756
1549,19676
1549,22607
1549,25282
1550,3090
1550,3484
1550,13973
1550,17191
1550,23703
1550,24552
1550,24873
1551,2448
1551,7740
1551,8258
1551,14063
1551,14387
1551,21451
1551,29072
1552,3088
1552,4157
1552,5861
1552,11990
1552,24432
1553,5110
1553,8330
1553,10068
1553,15152
1553,19028
1554,1865
1554,6244
1554,23165
1555,1717
1555,2629
1555,2919
1555,5045
1555,9073
1555,9786
1555,20356
1555,23041
1556,1823
1556,4315
1556,10914
1557,2915
1557,4012
1557,5302
1557,9969
1557,10538
1557,11204
1557,18579
1557,27002
1557,29206
1558,2582
1558,3711
1558,8338
1558,8473
1558,8746
1558,13598
1558,14686
1558,16534
1558,17157
1558,17578
1558,23521
1558,23768
1558,26989
1559,2008
1559,2157
1559,2785
1559,4395
1559,4754
1559,5288
1559,6660
1559,8774
1559,8888
1559,9434
1559,10025
1559,10450
1559,11711
1559,12352
1559,12932
1559,13902
1559,15674
1559,16941
1559,17496
1559,17673
1559,17898
1559,18951
1559,21568
1559,21886
1560,2948
1560,4456
1561,1705
1561,2391
1561,2400
1561,6266
1561,7003
1561,12138
1561,19206
1561,21865
1562,2796
1562,6744
1562,8841
1562,12093
1562,23210
1562,24926
1563,1973
1563,7056
1563,9050
1563,10143
1563,16870
1563,16882
1563,19651
1563,20346
1564,9631
1564,12056
1564,18276
1565,10169
1565,11237
1565,12739
1565,17235
1565,18896
1565,26556
1566,3919
1566,6972
1566,11574
1566,14254
1566,19555
1567,1960
1567,2694
1567,4279
1567,5369
1567,5632
1567,6043
1567,8602
1567,12679
1567,18792
1567,25661
1567,25856
1567,27860
1568,2157
1568,2373
1568,2443
1568,3507
1568,3664
1568,3999
1568,4275
1568,4289
1568,7243
1568,7336
1568,9481
1568,12545
1568,12667
1568,14654
1568,16021
1568,17472
1568,17965
1568,27424
1568,28659
1569,2805
1569,3742
1569,4226
1569,10046
1569,17326
1569,25108
1569,29235
1570,1964
1570,2095
1570,2493
1570,7695
1570,29725
1571,2371
1571,5691
1571,9790
1571,19417
1571,22068
1572,2544
1572,2714
1572,4426
1572,5890
1572,6897
1572,7972
1572,7990
1572,9577
1572,14132
1572,20413
1572,27106
1573,1695
1573,3155
1573,4470
1573,7043
1573,10042
1573,10707
1573,12901
1573,13534
1573,16677
1573,17237
1573,17896
1573,17951
1573,22487
1573,23418
1573,25963
1573,28246
1574,1593
1574,1783
1574,2205
1574,2808
1574,2931
1574,3726
1574,6928
1574,7087
1574,7408
1574,7509
1574,8251
1574,8716
1574,9246
1574,9430
1574,9829
1574,9893
1574,9989
1574,13252
1574,13267
1574,13551
1574,13851
1574,16184
1574,18465
1574,18765
1574,19524
1574,20077
1574,20665
1574,23193
1575,2224
1575,19154
1575,19579
1575,26185
1576,4699
1576,22824
1577,2230
1577,2391
1577,2796
1577,9933
1577,16760
1577,19721
1577,19932
1577,25192
1577,29076
1578,1953
1578,2315
1578,10006
1578,11559
1578,13214
1578,15605
1578,18988
1578,21541
1579,3821
1579,7899
1579,11874
1579,11889
1579,22048
1579,22627
1580,3533
1580,7552
1580,16662
1580,20437
1581,2263
1581,6187
1581,6474
1581,9113
1581,14903
1581,15421
1581,19961
1581,23411
1582,7528
1582,12454
1583,3380
1583,12012
1583,14356
1583,17862
1583,20118
1583,27713
1584,5018
1584,5213
1584,5483
1584,5930
1584,6256
1584,7621
1584,10556
1584,11410
1584,28737
1584,28957
1585,4117
1585,11675
1585,12769
1585,20418
1585,21754
1586,2571
1586,4346
1586,6899
1586,11502
1586,12154
1586,14047
1586,19292
1586,23386
1586,25370
1586,27370
1586,28124
1587,2728
1587,3727
1587,8340
1587,10974
1587,11785
1587,12027
1587,18496
1587,19748
1587,21578
1587,26719
1587,26807
1588,1767
1588,2573
1588,2979
1588,3181
1588,3235
1588,4339
1588,4935
1588,8494
1588,12309
1588,13630
1588,16560
1588,18961
1588,22856
1588,23992
1589,4702
1589,6401
1589,8213
1589,9071
1589,11492
1589,12205
1589,21209
1589,25502
1590,2040
1590,3625
1590,4948
1590,7299
1590,8307
1590,9660
1590,11405
1590,13425
1590,15126
1590,15168
1590,16562
1590,16999
1590,17715
1590,19381
1590,20209
1590,23509
1590,26069
1590,27649
1590,28051
1591,2179
1591,3760
1591,17282
1592,3032
1592,3832
1592,4397
1592,4464
1592,10932
1592,19041
1592,19856
1592,22231
1592,22673
1592,28702
1593,1636
1593,2095
1593,5351
1593,7652
1593,9487
1593,13416
1593,19447
1593,20961
1593,21409
1593,21440
1593,25047
1593,28769
1594,2276
1594,2435
1594,2570
1594,2937
1594,5325
1594,5434
1594,5857
1594,7148
1594,8383
1594,8891
1594,9269
1594,14224
1594,18048
1594,19330
1594,27933
1594,29334
1595,3912
1595,16240
1596,1678
1596,2197
1596,2682
1596,3424
1596,3596
1596,4273
1596,5263
1596,5401
1596,5707
1596,6895
1596,10149
1596,10538
1596,12163
1596,14248
1596,15747
1596,17616
1596,19456
1596,20412
1596,20594
1596,21579
1596,24153
1596,25012
1596,26626
1597,2299
1597,2730
1597,11725
1597,16272
1597,22067
1597,28914
1598,2142
1598,2219
1598,9653
1598,10827
1598,13807
1598,18716
1598,26871
1598,27942
1598,29797
1599,3080
1599,15300
1599,17725
1599,21334
1600,1944
1600,2328
1600,17017
1601,4409
1601,7682
1601,20478
1601,27019
1602,3201
1602,4972
1602,10127
1602,10214
1602,11477
1602,11521
1602,13851
1602,18621
1602,21105
1602,21905
1602,26031
1602,27297
1602,27354
1602,27385
1603,2215
1603,9321
1603,12492
1604,3458
1604,4816
1604,7385
1604,20155
1605,4029
1605,4542
1605,4826
1605,6755
1605,13677
1605,27475
1605,27933
1605,27973
1606,2456
1606,3281
1606,4936
1606,5097
1606,6236
1606,7892
1606,13611
1606,17214
1606,22975
1606,28870
1606,29238
1607,3399
1607,6342
1607,7660
1607,9977
1607,12334
1607,13113
1607,14441
1607,20503
1608,1737
1608,19351
1609,2096
1609,6871
1609,11136
1609,11766
1609,16159
1609,17562
1609,18128
1609,19626
1609,20858
1609,24761
1610,2102
1610,2769
1610,3359
1610,5850
1610,7030
1610,7282
1610,7377
1610,11302
1610,23448
1611,2795
1611,3184
1611,5646
1611,7353
1611,7548
1611,7993
1611,8515
1611,9218
1611,10384
1611,20341
1611,21924
1611,24526
1611,24832
1611,25700
1611,26095
1611,26370
1611,26974
1612,1921
1612,2956
1612,4111
1612,4126
1612,5156
1612,6231
1612,6253
1612,6709
1612,10162
1612,13230
1612,13455
1612,16482
1612,17253
1612,19610
1612,20183
1612,23144
1612,29306
1613,2169
1613,5864
1613,7625
1613,18421
1613,28779
1614,2014
1614,2619
1614,3125
1614,4917
1614,5446
1614,6334
1614,8028
1614,10055
1614,10553
1614,11004
1614,12404
1614,15948
1614,17456
1614,19962
1614,21127
1614,23439
1614,23460
1614,25543
1614,28467
1614,29209
1615,3307
1615,21001
1615,24027
1615,28188
1616,25536
1617,4206
1617,4624
1617,7574
1618,1649
1618,2625
1618,6485
1618,8998
1618,12216
1618,12220
1618,18346
1618,22363
1618,26514
1618,27307
1618,27704
1618,29658
1619,2902
1619,8732
1619,9771
1619,13222
1619,15637
1619,17402
1620,6209
1620,9135
1620,9705
1620,11723
1620,14280
1620,18180
1620,18382
1620,18739
1620,20302
1620,21333
1620,23087
1620,23434
1620,27351
1620,28884
1620,28904
1620,29185
1621,3992
1621,6727
1621,10095
1622,2011
1622,2806
1622,3514
1622,4173
1622,4309
1622,4875
1622,5000
1622,5239
1622,6717
1622,6868
1622,7190
1622,9852
1622,10967
1622,11176
1622,11850
1622,13488
1622,13804
1622,16467
1622,18362
1622,20104
1622,23831
1623,1881
1623,1941
1623,2295
1623,2599
1623,2631
1623,2648
1623,3006
1623,3419
1623,3678
1623,3777
1623,3832
1623,3887
1623,5024
1623,5885
1623,5904
1623,8245
1623,8495
1623,10554
1623,12105
1623,14226
1623,17645
1623,20311
1623,21000
1623,24156
1624,5756
1624,6114
1624,13755
1624,22501
1624,25348
1625,2421
1625,5734
1625,15972
1626,2010
1626,2344
1626,4793
1626,10848
1626,16503
1626,17804
1626,21292
1627,2253
1627,8356
1627,10469
1627,15824
1627,21898
1627,22647
1628,2800
1628,3568
1628,4613
1628,11669
1628,18882
1628,20279
1628,23257
1629,3901
1629,7530
1629,9157
1629,27535
1630,2208
1630,3725
1630,6351
1630,8572
1630,11026
1631,2145
1631,2887
1631,3015
1631,3751
1631,6117
1631,6410
1631,9148
1631,9304
1631,11265
1631,19179
1631,26483
1631,28340
1632,4424
1632,4632
1632,6082
1632,14113
1632,15259
1632,19104
1632,19685
1632,20040
1632,22834
1632,24353
1632,26953
1633,1817
1633,4692
1633,11273
1633,14207
1633,25652
1633,29939
1634,5052
1634,5225
1634,8063
1634,8363
1634,18592
1634,25023
1635,12542
1635,20611
1636,7327
1636,20936
1636,24433
1636,24700
1637,3772
1637,5387
1637,6826
1637,7164
1637,9726
1637,20012
1637,24063
1637,26922
1637,29565
1637,29707
1638,1691
1638,1986
1638,2842
1638,9340
1638,9981
1638,15315
1638,17833
1638,21198
1638,29336
1639,4249
1639,10428
1639,27226
1639,29506
1640,1931
1640,1958
1640,1998
1640,2161
1640,3057
1640,3774
1640,4161
1640,5459
1640,6377
1640,8143
1640,9118
1640,12007
1640,15855
1640,18437
1640,24053
1640,25254
1640,27784
1640,29005
1641,4451
1641,5858
1642,3235
1642,3577
1642,4731
1642,8848
1642,13101
1642,14043
1642,21978
1642,29552
1643,1857
1643,2854
1643,6745
1643,6833
1643,11382
1643,11642
1643,12023
1643,14364
1643,17992
1643,21820
1643,22045
1644,20724
1645,3692
1645,3969
1645,4733
1645,7828
1645,11721
1645,17047
1645,17751
1646,2261
1646,3040
1646,5563
1646,8123
1646,11136
1646,13347
1646,19391
1646,19931
1646,23176
1647,2290
1647,2720
1647,4382
1647,4470
1647,4593
1647,4985
1647,5743
1647,7823
1647,10903
1647,12087
1647,13270
1647,14642
1647,14744
1647,16302
1647,17528
1647,19220
1647,21558
1647,21699
1647,28085
1648,4899
1648,10163
1648,17410
1649,3422
1649,5397
1649,10061
1649,19482
1649,20558
1649,22683
1649,29328
1650,1844
1650,1989
1650,2793
1650,2856
1650,3924
1650,4698
1650,4896
1650,4924
1650,6175
1650,10239
1650,11715
1650,12367
1650,16686
1650,16714
1650,19735
1650,19836
1650,20755
1650,21424
1650,23027
1650,23810
1650,25744
1650,26403
1650,26597
1650,27013
1651,2013
1651,2061
1651,3146
1651,3198
1651,4369
1651,6269
1651,6372
1651,6377
1651,6564
1651,9998
1651,12439
1651,13516
1651,17878
1651,19414
1651,19980
1651,20087
1651,23173
1651,23263
1651,23379
1651,23400
1651,25234
1651,26464
1651,28003
1651,28972
1652,13874
1652,23562
1653,1928
1653,3264
1653,3701
1653,4120
1653,5909
1653,6908
1653,8394
1653,8529
1653,9412
1653,17922
1653,22479
1653,25027
1653,25730
1654,1805
1654,2009
1654,3836
1654,3871
1654,3881
1654,9127
1654,9307
1654,10828
1654,11145
1654,12506
1654,14740
1654,15397
1654,16601
1654,27604
1655,3451
1655,4442
1655,5198
1655,8191
1655,13472
1655,17438
1655,17463
1655,17633
1656,2177
1656,3675
1656,3786
1656,7266
1656,7808
1656,7998
1656,9919
1656,13202
1656,18979
1656,20721
1656,21749
1656,21787
1656,22345
1656,22587
1656,25943
1656,28382
1656,28591
1657,3792
1657,3827
1657,6413
1657,7291
1657,7464
1657,8621
1657,8657
1657,11612
1657,12849
1657,14064
1657,15116
1657,15888
1657,17525
1657,19125
1657,25960
1658,1943
1658,5793
1658,11302
1658,19114
1658,20606
1658,24361
1659,3369
1659,4552
1659,5076
1659,6858
1659,9431
1659,12815
1659,13672
1659,15530
1659,21246
1659,21608
1659,28609
1660,2890
1660,15029
1660,27160
1660,28134
1661,6766
1661,19926
1661,22626
1662,9285
1662,10174
1662,25266
1663,4648
1663,5502
1663,11248
1663,15569
1663,24745
1664,2839
1664,4293
1664,7335
1664,7362
1664,9432
1664,10586
1664,17531
1664,17686
1664,19043
1664,19059
1664,22612
1664,28349
1665,1716
1665,1729
1665,2098
1665,3866
1665,4116
1665,4365
1665,6312
1665,8591
1665,9152
1665,14467
1665,16314
1665,20027
1665,27113
1665,28775
1665,29862
1666,1854
1666,3144
1666,3619
1666,4274
1666,4432
1666,6341
1666,9744
1666,11740
1666,12074
1666,13846
1666,17048
1666,17932
1666,20117
1666,20731
1666,21581
1666,23762
1666,23783
1666,24498
1666,24540
1666,26222
1667,1872
1667,2506
1667,2551
1667,3037
1667,3993
1667,4073
1667,7040
1667,7449
1667,7893
1667,8003
1667,9927
1667,10199
1667,11038
1667,14733
1667,16539
1667,19149
1667,21433
1667,21748
1667,21914
1667,25308
1667,25712
1667,28478
1667,29016
1668,2209
1668,2910
1668,3243
1668,4125
1668,5045
1668,5179
1668,5206
1668,7102
1668,7668
1668,7857
1668,8263
1668,9205
1668,12989
1668,13058
1668,14030
1668,14227
1668,14390
1668,14679
1668,17307
1668,18230
1668,20368
1668,23473
1668,24535
1668,29071
1669,1670
1669,2099
1669,4130
1669,5253
1669,6106
1669,6302
1669,6847
1669,7931
1669,8654
1669,8873
1669,11182
1669,12637
1669,14181
1669,14814
1669,15367
1669,15476
1669,17629
1669,20084
1669,20199
1669,21604
1669,28441
1669,28565
1669,29362
1670,1971
1670,2113
1670,2893
1670,5569
1670,6353
1670,9340
1670,15344
1670,23657
1671,2099
1671,2791
1671,8848
1671,10494
1671,17084
1671,19595
1672,1742
1672,4697
1672,5476
1672,5528
1672,6092
1672,6866
1672,7728
1672,8480
1672,9439
1672,9588
1672,9729
1672,10246
1672,15819
1672,20029
1672,25651
1673,2081
1673,2121
1673,6240
1673,21760
1673,25804
1675,2909
1675,5634
1675,21571
1676,3837
1676,5505
1676,7471
1676,14212
1676,27033
1677,2096
1677,2350
1677,3443
1677,3838
1677,3965
1677,4301
1677,4586
1677,5340
1677,7521
1677,8514
1677,11279
1677,12766
1677,14782
1677,14789
1677,15347
1677,15665
1677,16387
1677,16545
1677,17174
1677,17185
1677,17239
1677,17270
1677,17856
1677,17964
1677,18034
1677,19258
1677,20146
1677,20800
1677,22047
1677,22145
1677,22270
1677,24060
1677,25609
1677,27540
1677,29661
1677,29704
1678,2412
1678,3182
1678,7607
1678,9160
1678,11220
1678,12659
1678,12900
1678,13040
1678,13051
1678,25980
1678,27089
1679,3364
1679,3922
1679,5531
1679,6599
1679,16062
1679,17018
1679,28056
1680,3632
1680,3637
1680,4444
1680,5100
1680,5230
1680,5682
1680,6107
1680,6159
1680,8332
1680,10187
1680,10660
1680,11630
1680,16492
1680,17594
1680,22666
1680,23764
1680,24204
1680,26139
1680,26769
1680,29576
1681,3136
1681,3377
1681,4164
1681,4414
1681,8568
1681,8606
1681,9925
1681,19502
1681,22859
1682,2011
1682,5812
1682,20241
1682,22395
1683,2245
1683,2457
1683,2654
1683,3645
1683,5151
1683,6900
1683,7355
1683,9980
1683,10835
1683,13798
1683,20796
1683,22469
1683,23671
1683,27620
1684,1696
1684,2010
1684,3914
1684,5211
1684,5917
1684,5991
1684,6406
1684,7648
1684,8910
1684,15106
1684,15109
1684,15131
1684,17994
1684,22106
1684,22272
1684,24490
1684,26338
1684,28658
1685,11296
1685,11417
1685,11622
1685,14094
1685,21547
1685,28669
1686,7210
1686,8113
1686,12984
1686,15060
1686,18108
1686,18582
1686,18799
1686,24250
1686,26307
1686,27241
1686,28586
1687,2103
1687,2694
1687,2709
1687,3846
1687,4086
1687,4677
1687,7370
1687,8490
1687,11036
1687,22636
1687,25207
1687,28591
1688,1968
1688,2159
1688,2671
1688,3115
1688,4831
1688,5481
1688,8492
1688,11220
1688,11340
1688,13397
1688,14380
1688,22651
1689,4229
1689,4803
1689,5595
1689,7339
1689,7820
1689,9572
1689,10698
1689,11716
1689,12633
1689,14045
1689,19985
1689,28937
1690,2793
1690,24860
1691,2387
1691,2416
1691,4189
1691,5347
1691,5744
1691,10355
1691,12213
1691,20465
1692,2614
1692,5941
1692,13415
1692,15746
1692,17227
1692,23070
1693,2941
1693,3661
1693,3721
1693,4357
1693,6027
1693,6395
1693,9155
1693,10328
1693,10575
1693,12828
1693,13920
1693,16708
1693,16922
1693,19450
1693,23212
1693,25744
1693,26988
1693,28982
1693,29487
1694,2405
1694,3687
1694,4467
1694,4691
1694,5243
1694,10801
1694,11168
1694,12962
1694,14001
1694,14509
1694,16954
1695,2122
1695,2384
1695,3040
1695,3594
1695,4688
1695,5018
1695,5575
1695,6726
1695,7377
1695,7942
1695,8973
1695,10212
1695,10219
1695,12985
1695,14128
1695,14745
1695,16199
1695,17854
1695,19486
1695,21814
1695,24691
1695,25221
1695,25338
1695,26070
1696,3206
1696,3444
1696,17795
1696,19927
1697,1734
1697,2407
1697,2890
1697,3092
1697,4531
1697,5374
1697,6078
1697,8819
1697,9532
1697,9635
1697,10439
1697,10524
1697,13313
1697,13539
1697,15092
1697,15124
1697,15739
1697,18007
1697,18795
1697,19807
1697,25828
1697,26371
1697,28568
1697,29233
1698,1904
1698,4041
1698,4471
1698,4495
1698,6436
1698,7057
1698,7940
1698,11477
1698,12605
1698,19332
1698,19795
1698,20202
1698,24447
1699,3051
1699,3129
1699,4022
1699,6497
1699,6721
1699,6725
1699,10191
1699,10602
1699,14952
1699,16890
1699,17244
1699,19713
1699,22675
1699,28978
1699,29417
1700,3112
1700,3809
1700,3946
1700,4209
1700,8275
1700,8296
1701,2060
1701,2187
1701,6248
1701,10719
1701,10853
1701,10933
1701,18514
1702,1719
1702,2217
1702,2364
1702,3483
1702,4093
1702,6723
1702,9550
1702,10416
1702,10694
1702,12491
1702,13791
1702,23286
1702,23803
1702,24190
1702,28712
1703,3535
1703,3595
1703,5717
1703,5966
1703,6900
1703,10145
1703,12226
1703,12302
1703,13081
1703,17921
1703,19013
1703,22080
1703,22949
1703,26701
1704,4195
1704,4462
1704,6035
1704,6597
1704,7177
1704,7696
1704,8631
1704,9348
1704,9664
1704,12042
1704,19190
1704,20725
1704,20976
1704,21323
1705,12034
1705,15777
1705,18560
1705,23998
1705,26125
1706,16816
1707,3005
1707,3539
1707,4361
1707,4666
1707,6232
1707,7324
1707,8300
1707,8509
1707,9872
1707,12291
1707,16131
1707,17650
1707,22025
1707,22914
1708,2821
1708,4306
1708,11514
1708,27294
1709,1988
1709,2482
1709,3528
1709,4008
1709,6791
1709,7450
1709,12554
1709,13412
1709,14543
1709,15450
1709,22513
1709,23861
1709,26292
1710,5843
1710,7951
1710,10503
1710,15705
1710,15797
1710,16578
1710,18115
1710,20993
1710,22006
1710,22031
1710,26828
1711,11453
1711,17817
1711,18661
1711,19719
1711,20387
1712,2030
1712,3329
1712,4002
1712,8411
1712,8453
1712,9631
1712,9712
1712,14153
1712,14635
1712,19594
1712,20614
1712,21557
1712,23484
1712,25525
1713,9628
1713,14817
1713,16494
1713,22403
1713,29106
1714,2574
1714,11209
1715,4664
1715,18440
1715,20623
1715,21185
1716,3648
1716,6043
1716,7280
1716,9516
1716,15945
1717,3094
1717,7293
1717,8057
1717,11081
1717,13674
1717,15510
1717,17847
1717,29224
1718,1930
1718,4086
1718,5038
1718,6216
1718,8065
1718,10148
1718,10191
1718,14810
1718,15013
1718,26120
1718,29731
1719,1848
1719,5990
1719,11801
1719,13252
1719,16215
1719,16321
1719,28244
1720,1915
1720,2113
1720,3265
1720,3789
1720,6129
1720,6909
1720,13084
1720,18058
1720,19332
1720,19652
1720,22768
1721,2778
1721,3725
1721,4262
1721,8528
1721,9441
1721,10607
1721,11371
1721,12847
1721,12852
1721,16162
1721,23979
1721,24233
1721,28961
1721,29160
1722,2366
1722,29476
1723,2294
1723,3857
1723,6094
1723,9275
1723,11810
1724,2234
1724,2286
1724,2734
1724,2783
1724,3249
1724,3631
1724,4137
1724,4213
1724,4802
1724,6909
1724,7119
1724,7184
1724,8549
1724,8661
1724,9733
1724,10473
1724,13916
1724,14462
1724,14464
1724,15827
1724,16339
1724,16814
1724,17079
1724,17120
1724,17509
1724,18322
1724,20488
1724,20541
1724,25094
1724,26659
1724,29561
1724,29710
1725,5063
1725,26716
1726,3507
1726,3541
1726,5385
1726,10249
1726,10899
1726,13358
1726,13751
1726,15228
1726,16902
1726,16943
1726,17316
1726,24079
1726,24090
1726,29979
1727,19578
1728,2106
1728,2907
1728,3685
1728,6102
1728,11541
1728,13299
1729,4742
1729,5829
1729,7631
1729,9715
1729,15210
1729,19526
1729,29706
1730,4975
1730,7288
1730,17609
1731,2680
1731,4453
1731,4833
1731,6558
1731,6642
1731,7288
1731,11529
1731,11534
1731,14823
1731,14844
1731,15385
1731,16380
1731,25419
1731,27743
1731,28398
1732,2038
1732,3299
1732,4410
1732,5056
1732,5186
1732,5444
1732,6489
1732,6546
1732,7669
1732,8912
1732,9035
1732,10089
1732,12365
1732,12607
1732,18741
1732,23099
1732,23354
1732,24635
1733,2193
1733,2511
1733,9865
1733,12666
1733,23425
1733,28108
1734,1991
1734,2634
1734,2820
1734,5771
1734,6432
1734,11742
1734,12225
1734,14042
1734,17776
1734,19160
1735,2285
1735,2395
1735,14504
1735,18256
1735,18712
1736,1766
1736,1817
1736,3404
1736,3472
1736,7132
1736,11170
1736,12540
1736,13289
1736,17375
1736,17705
1736,20694
1736,21933
1736,27979
1737,1793
1737,4921
1737,5382
1737,5612
1737,7905
1737,9903
1737,10761
1737,11512
1737,13132
1737,13331
1737,20324
1737,21725
1737,22057
1737,26294
1737,27457
1737,28413
1738,13233
1738,18484
1738,19244
1738,20564
1738,20819
1738,21491
1738,26228
1738,27989
1739,5354
1739,14365
1740,14265
1740,19626
1740,22210
1740,23983
1741,2670
1741,5124
1741,5731
1741,7887
1741,9959
1741,12741
1741,15605
1741,17164
1741,20289
1741,24260
1741,25946
1741,26641
1741,28359
1741,29981
1742,4129
1742,20253
1742,21260
1742,23177
1742,24167
1743,3333
1743,5952
1743,6188
1743,6827
1743,9242
1743,13224
1743,15046
1743,17822
1743,20395
1743,21864
1743,22934
1743,29423
1744,4767
1744,6082
1744,7371
1744,14731
1744,17045
1744,17275
1744,23974
1744,29027
1745,1949
1745,1967
1745,12700
1745,21864
1745,24983
1745,27344
1745,28231
1746,1960
1746,5093
1746,8159
1746,8370
1746,9063
1746,16256
1746,20206
1746,22753
1746,25250
1746,26253
1746,26278
1746,26768
1746,29174
1747,2034
1747,4353
1747,8030
1747,8626
1747,9139
1747,11383
1747,17182
1747,19460
1747,23743
1747,23898
1748,4715
1748,7934
1748,8342
1748,8523
1748,9227
1748,9638
1748,11208
1748,11713
1748,11981
1748,15789
1748,25057
1748,28178
1748,29057
1749,2369
1749,26318
1749,27659
1750,10941
1750,12109
1750,18877
1750,20512
1751,5320
1751,5447
1751,8358
1751,9933
1751,11804
1751,13543
1751,14551
1751,15062
1751,15083
1751,16867
1751,17799
1751,25281
1752,3014
1752,7077
1752,7552
1752,7878
1752,11938
1752,14527
1752,14963
1752,16435
1752,17711
1752,21000
1752,25817
1752,27421
1752,29257
1753,2863
1753,7555
1753,8190
1753,8557
1753,10884
1753,15373
1753,17848
1753,18929
1753,19656
1753,19956
1753,20751
1753,25975
1754,3150
1754,3327
1754,3714
1754,6311
1754,8615
1754,10093
1754,19516
1754,27193
1754,27353
1755,2921
1755,4100
1755,4165
1755,4549
1755,4913
1755,4947
1755,5187
1755,5298
1755,5668
1755,6200
1755,7913
1755,7995
1755,10132
1755,10917
1755,11642
1755,12082
1755,13207
1755,13588
1755,17278
1755,19054
1755,20804
1755,22727
1755,22811
1755,24800
1755,27738
1755,28734
1756,7721
1756,17307
1756,19943
1756,23622
1757,3184
1757,3218
1757,4184
1757,4468
1757,4497
1757,5268
1757,6227
1757,10964
1757,11807
1757,13342
1757,13929
1757,15840
1757,17446
1757,20113
1757,21525
1757,23616
1757,24615
1757,26482
1757,28592
1758,4724
1758,18456
1758,28404
1759,2908
1759,9893
1759,18649
1760,2525
1760,3176
1760,7802
1760,13033
1760,15364
1760,17463
1760,18249
1760,22050
1760,23085
1760,24045
1760,24306
1760,25135
1760,29729
1761,1895
1761,2864
1761,3675
1761,3815
1761,4358
1761,4719
1761,5945
1761,6409
1761,16707
1761,18137
1761,18596
1761,19051
1761,19730
1761,20923
1761,21771
1761,27109
1761,27884
1762,3499
1762,7958
1762,12129
1762,16835
1762,24243
1762,29368
1763,3236
1763,7362
1763,8028
1763,11260
1763,14660
1763,26844
1764,1983
1764,4884
1764,5351
1764,5612
1764,6171
1764,7677
1764,9561
1764,10236
1764,10348
1764,13263
1764,14167
1764,15039
1764,16077
1764,16226
1764,16860
1764,27150
1764,28348
1764,28786
1765,1977
1765,2556
1765,2999
1765,4133
1765,11018
1765,18875
1766,2685
1766,2752
1766,5582
1766,7638
1766,9942
1766,11179
1766,12962
1766,20301
1767,1978
1767,2198
1767,3593
1767,4000
1767,4066
1767,4536
1767,6985
1767,11944
1767,16361
1767,16916
1768,7926
1769,2926
1769,3257
1769,4960
1769,4971
1769,5310
1769,6565
1769,7152
1769,7591
1769,7612
1769,8127
1769,13417
1769,14775
1769,15302
1769,19552
1769,20464
1769,22149
1769,23267
1769,29442
1770,2680
1770,3026
1770,3886
1770,5004
1770,7283
1770,9425
1770,13049
1770,16905
1770,20971
1770,21173
1770,21859
1770,24786
1770,25748
1770,25877
1771,2990
1771,3497
1771,16479
1771,29937
1772,2364
1772,6713
1772,7738
1772,10543
1772,10775
1772,14180
1772,28066
1773,2421
1773,2999
1773,4145
1773,5145
1773,5607
1773,5650
1773,7534
1773,8125
1773,8497
1773,9412
1773,9627
1773,10209
1773,10366
1773,10932
1773,10958
1773,11856
1773,14306
1773,14989
1773,15459
1773,16924
1773,17290
1773,24301
1773,26536
1773,26956
1773,28110
1773,28271
1774,1799
1774,2182
1774,2907
1774,3210
1774,4134
1774,4382
1774,4507
1774,5362
1774,5580
1774,5953
1774,6943
1774,9241
1774,9360
1774,11894
1774,12052
1774,14769
1774,20733
1774,21413
1774,26584
1774,29742
1775,3941
1775,8209
1775,10035
1775,25354
1775,28111
1776,2893
1776,4277
1776,4287
1776,4387
1776,6283
1776,6733
1776,8151
1776,8504
1776,12544
1776,13253
1776,17419
1776,17740
1776,23362
1776,24564
1776,25370
1776,26143
1776,29613
1777,2791
1777,3289
1777,3671
1777,4588
1777,4774
1777,5588
1777,6383
1777,6784
1777,7201
1777,7327
1777,7350
1777,9963
1777,10938
1777,13152
1777,14968
1777,16596
1777,23637
1777,25877
1777,26529
1777,27241
1777,28727
1778,3508
1778,5309
1778,8941
1778,14112
1778,28504
1779,4971
1779,5166
1779,5793
1779,6297
1779,7622
1779,10713
1779,11767
1779,14690
1779,16166
1779,16321
1779,21468
1779,21714
1779,23051
1779,27219
1779,28205
1779,28883
1780,3944
1780,5654
1780,23592
1781,2021
1781,2211
1781,3215
1781,6366
1781,7348
1781,8596
1781,8809
1781,9796
1781,9830
1781,9833
1781,10219
1781,12759
1781,12778
1781,16621
1781,16702
1781,19489
1781,20383
1781,21385
1781,22648
1781,23768
1781,27519
1782,5533
1782,5818
1782,7067
1782,10096
1782,10171
1782,12154
1782,13745
1782,13867
1782,14053
1782,15265
1782,16266
1782,16478
1782,18087
1782,20760
1782,21029
1782,21691
1782,23888
1783,2577
1783,5074
1783,9637
1783,10245
1783,17600
1783,19731
1783,20005
1783,20347
1783,20500
1783,23493
1783,27365
1783,29265
1784,3785
1784,4215
1784,8306
1784,11979
1784,13115
1784,17911
1784,19640
1785,1818
1785,2352
1785,4702
1785,7076
1785,8214
1785,8502
1785,17510
1785,23536
1785,26221
1785,29603
1786,2148
1786,2230
1786,2317
1786,2967
1786,3814
1786,3875
1786,3957
1786,4190
1786,4710
1786,6169
1786,6898
1786,6964
1786,8578
1786,9866
1786,9939
1786,12320
1786,12503
1786,14938
1786,19909
1786,20559
1786,21809
1786,24137
1786,24265
1786,25661
1786,26403
1786,28764
1787,14018
1788,3010
1788,5779
1788,8155
1788,9831
1788,15464
1788,15523
1788,16684
1788,17481
1788,19368
1788,28012
1789,2931
1789,4409
1789,10651
1789,16784
1789,25351
1790,2201
1790,29350
1791,2584
1791,2868
1791,4231
1791,6089
1791,7330
1791,8905
1791,11600
1791,12983
1791,14758
1791,16392
1791,19148
1791,22678
1791,23636
1791,27599
1792,2358
1792,5344
1792,8501
1792,9811
1792,10039
1792,16469
1792,20629
1792,22944
1792,25364
1793,2425
1793,2742
1793,3687
1793,3752
1793,4045
1793,4223
1793,11595
1793,13375
1793,21817
1793,24629
1794,2620
1794,3355
1794,13707
1794,14849
1795,5035
1795,9322
1795,11106
1795,14912
1795,15466
1795,24229
1795,28311
1796,2034
1796,14100
1796,22144
1796,28814
1797,4143
1797,5722
1797,7478
1797,9674
1797,12344
1797,16517
1797,20149
1797,22631
1797,26558
1797,28778
1798,1941
1798,6270
1798,6348
1798,7843
1798,10873
1799,3215
1799,4982
1799,5805
1799,7664
1799,14427
1799,14700
1799,15221
1799,16858
1799,21293
1799,25464
1800,2639
1800,4576
1800,4980
1800,5430
1800,6113
1800,6751
1800,7179
1800,15427
1800,18371
1800,18807
1800,19660
1800,24071
1801,2708
1801,7184
1801,10539
1801,14205
1801,16534
1801,16856
1801,21415
1801,21634
1801,25407
1801,27584
1801,28643
1802,9096
1802,15890
1802,29600
1803,25973
1804,3232
1804,3672
1804,5159
1804,5821
1804,7569
1804,18642
1804,19931
1804,21371
1804,23044
1804,28692
1805,1907
1805,2297
1805,4730
1805,5023
1805,13160
1805,13703
1805,14363
1805,14840
1805,20844
1805,28239
1806,2525
1806,2559
1806,2838
1806,4228
1806,6135
1806,9198
1806,10592
1806,14058
1806,14955
1806,16289
1806,19078
1806,20172
1806,21766
1807,2497
1807,3829
1807,3975
1807,4017
1807,5894
1807,6366
1807,8574
1807,9310
1807,13974
1807,18958
1807,20964
1807,24885
1807,25130
1807,28616
1807,28803
1808,2581
1808,5120
1808,7178
1808,10005
1808,13310
1808,20036
1808,20810
1808,28653
1809,4232
1809,5370
1809,7369
1809,7737
1809,10022
1809,15230
1809,15541
1809,22335
1809,22760
1809,24354
1809,24720
1810,8390
1810,9159
1810,19093
1810,20242
1811,3915
1811,10392
1811,12072
1811,18277
1811,18934
1811,22687
1811,28434
1812,1942
1812,2875
1812,3367
1812,3769
1812,4103
1812,4516
1812,6119
1812,8153
1812,11057
1812,14868
1812,15250
1812,15739
1812,19776
1812,21235
1812,21530
1812,23891
1813,2372
1813,2678
1813,3918
1813,3968
1813,4825
1813,5220
1813,6646
1813,10461
1813,10481
1813,11178
1813,16543
1813,20110
1813,24487
1813,25453
1813,25788
1814,3315
1814,9545
1814,9574
1814,11234
1814,13946
1814,14394
1814,20673
1814,21230
1814,23800
1814,29687
1815,2518
1815,2609
1815,9339
1815,13780
1815,17776
1815,19774
1815,26245
1816,1936
1816,4143
1816,19302
1816,28041
1816,29078
1817,1935
1817,1936
1817,1975
1817,3070
1817,4999
1817,5482
1817,5551
1817,6953
1817,9928
1817,11319
1817,15938
1817,17105
1817,18234
1817,18839
1817,20061
1817,20324
1817,23986
1817,24082
1817,25271
1817,29299
1817,29464
1818,2393
1818,2587
1818,4373
1818,4440
1818,5196
1818,5567
1818,6463
1818,15180
1818,21994
1818,22414
1818,24346
1818,26043
1818,26049
1819,6042
1819,16123
1819,21266
1820,2062
1820,2337
1820,2400
1820,4309
1820,5067
1820,5499
1820,6090
1820,6131
1820,6534
1820,8318
1820,8542
1820,8583
1820,8763
1820,8864
1820,9056
1820,9409
1820,12210
1820,12214
1820,12857
1820,13364
1820,16827
1820,19270
1820,22317
1820,24119
1820,28842
1821,1933
1821,2513
1821,2860
1821,3322
1821,4337
1821,11541
1821,12896
1821,13147
1821,13762
1821,14137
1821,14205
1821,14428
1821,14909
1821,14926
1821,15340
1821,17023
1821,17505
1821,23662
1821,25415
1821,27135
1822,2107
1822,2714
1822,3758
1822,4717
1822,5670
1822,9149
1822,10652
1823,1973
1823,2004
1823,2355
1823,2767
1823,2848
1823,3025
1823,3553
1823,3557
1823,3613
1823,4096
1823,4220
1823,4890
1823,5129
1823,5221
1823,5594
1823,5682
1823,5837
1823,6083
1823,6764
1823,10523
1823,10574
1823,12445
1823,14534
1823,15593
1823,17459
1823,19086
1823,20761
1823,21475
1823,22440
1823,25397
1823,26360
1823,26792
1823,27012
1823,28016
1825,7809
1825,8027
1825,9628
1825,16098
1825,23640
1826,2515
1826,3800
1826,5073
1826,5313
1826,5369
1826,8357
1826,13702
1826,21531
1826,24098
1826,25628
1827,13954
1827,24861
1827,25555
1827,27299
1828,3633
1828,7473
1828,8103
1828,11711
1828,11843
1828,13601
1828,15200
1828,25101
1829,3931
1829,10839
1829,11471
1831,3423
1831,3874
1831,5618
1831,8504
1831,17575
1831,24867
1832,2630
1832,6465
1832,7511
1832,9139
1832,10246
1832,10602
1832,13823
1833,4645
1833,13777
1833,27941
1834,1884
1834,3429
1834,9504
1834,13453
1835,4092
1835,5569
1835,5871
1835,7834
1835,9521
1835,11441
1835,12278
1835,17803
1835,27160
1836,4358
1836,8739
1837,4255
1837,5876
1837,6993
1837,7778
1837,7860
1837,8252
1837,8650
1837,8724
1837,22052
1837,24536
1837,28981
1838,2438
1838,2828
1838,3897
1838,6194
1838,8027
1838,9555
1838,13798
1838,18406
1838,20257
1838,22669
1839,1975
1839,2992
1839,3173
1839,7326
1839,14543
1839,19268
1839,20019
1839,20452
1839,23600
1839,28958
1840,2208
1840,2866
1840,3491
1840,3853
1840,4504
1840,4776
1840,5024
1840,5454
1840,8323
1840,9224
1840,10695
1840,11128
1840,11197
1840,11227
1840,11345
1840,12162
1840,12803
1840,15242
1840,18749
1840,21546
1840,24130
1840,24326
1840,27039
1841,8712
1841,21675
1841,22787
1841,23241
1842,2889
1842,4246
1842,12472
1842,16597
1842,27611
1842,29971
1843,2015
1843,3064
1843,5431
1843,6493
1843,8198
1843,8790
1843,16265
1843,17131
1843,17251
1843,20448
1843,25579
1843,27562
1844,5136
1844,7365
1844,8140
1844,10903
1844,11989
1844,12240
1844,14306
1844,18045
1844,24846
1844,25444
1844,25557
1844,26166
1845,1990
1846,2089
1846,4219
1846,6613
1846,7623
1846,8770
1846,8835
1846,15936
1846,20453
1846,20624
1846,23195
1847,2815
1847,2981
1847,4694
1847,5348
1847,6063
1847,7445
1847,8918
1847,9192
1847,9388
1847,9411
1847,9501
1847,9781
1847,14379
1847,14685
1847,14850
1847,17448
1847,21545
1847,23332
1847,26281
1847,29509
1847,29551
1848,2007
1848,4268
1848,5814
1848,13765
1848,14650
1848,14921
1848,20415
1848,28989
1849,2652
1849,3962
1849,8151
1849,10963
1849,12078
1849,18573
1849,19277
1850,8816
1850,10341
1850,15463
1850,17785
1850,24474
1850,29237
1851,2987
1851,3434
1851,4533
1851,4555
1851,5862
1851,11332
1851,12725
1851,13583
1851,17847
1851,19940
1851,24205
1851,27141
1852,2865
1852,4077
1852,5584
1852,5994
1852,7517
1852,26098
1853,3272
1853,3936
1853,8099
1853,9937
1853,10764
1853,13739
1853,14298
1853,17504
1853,17834
1853,20529
1853,21672
1854,4674
1854,6925
1854,23017
1855,2035
1855,2253
1855,2460
1855,3489
1855,6257
1855,6466
1855,8802
1855,10568
1855,11034
1855,12313
1855,14379
1855,14510
1855,14626
1855,16006
1855,20251
1855,25007
1855,25071
1855,28260
1855,29873
1856,2660
1856,2685
1856,3015
1856,3179
1856,3294
1856,3368
1856,3506
1856,3596
1856,3739
1856,4364
1856,4890
1856,5558
1856,5751
1856,7296
1856,8633
1856,15911
1856,18442
1856,19895
1856,23355
1856,23839
1856,25913
1856,28454
1857,4211
1857,4303
1857,4779
1857,5825
1857,5882
1857,11903
1857,12267
1857,15186
1857,17266
1857,17592
1857,24431
1857,26695
1858,2071
1858,4644
1858,11526
1859,2939
1859,4941
1859,6351
1859,6870
1859,6906
1859,9919
1859,10440
1859,14112
1859,15760
1859,18705
1860,2488
1860,3604
1860,3676
1860,6718
1860,8190
1860,8438
1860,9158
1860,10456
1860,10827
1860,11000
1860,11494
1860,11803
1860,12134
1860,12147
1860,14714
1860,20162
1860,21354
1860,22933
1860,23409
1860,23903
1860,24086
1860,25206
1860,25315
1860,25417
1860,26778
1860,29222
1860,29294
1861,4244
1861,7157
1861,9773
1861,12127
1861,12545
1862,2086
1862,2169
1862,2474
1862,2827
1862,3290
1862,5016
1862,5154
1862,6423
1862,6586
1862,6629
1862,6635
1862,11442
1862,12575
1862,12673
1862,12887
1862,14057
1862,16604
1862,19620
1862,23411
1862,24030
1862,25055
1862,27677
1862,29117
1862,29433
1863,12288
1863,13897
1863,18627
1865,2616
1865,2813
1865,4773
1865,4922
1865,5050
1865,5106
1865,5888
1865,8920
1865,11334
1865,13404
1865,18660
1866,2090
1866,2713
1866,3212
1866,3230
1866,4371
1866,5431
1866,6513
1866,8432
1866,9617
1866,10626
1866,15506
1866,26764
1866,28876
1867,4966
1867,8153
1867,9117
1867,11067
1867,11703
1867,11778
1867,12747
1867,13899
1867,14266
1867,29414
1868,5908
1868,7022
1868,9200
1868,10976
1868,12164
1868,17051
1868,29795
1869,3480
1869,5651
1869,6023
1869,6776
1869,9092
1869,10096
1869,12818
1869,15007
1869,16330
1869,19507
1869,20483
1869,22199
1869,23610
1870,6172
1870,11591
1870,15919
1870,23202
1870,28852
1871,3651
1871,8539
1871,10825
1871,11491
1871,23290
1871,23665
1872,5970
1872,10449
1872,15596
1872,15818
1872,18415
1873,2720
1873,3015
1873,3405
1873,3439
1873,3683
1873,3992
1873,4503
1873,5322
1873,5528
1873,5799
1873,8129
1873,8727
1873,18040
1873,19328
1873,28534
1874,16907
1874,17454
1874,24337
1874,24423
1874,25460
1874,26362
1875,4785
1875,10559
1875,13178
1875,21148
1876,4773
1876,11487
1876,15341
1876,15395
1876,18658
1876,19903
1876,26883
1877,3966
1877,4425
1877,11098
1878,2314
1878,10272
1878,11502
1878,18014
1878,19198
1878,21935
1878,23800
1878,24582
1878,25179
1878,26006
1878,26250
1878,26602
1878,28256
1878,29470
1879,3846
1879,4633
1879,4962
1879,5816
1879,7130
1879,7205
1879,9856
1879,12587
1879,15896
1879,22157
1879,29292
1880,1898
1880,5492
1880,5531
1880,6674
1880,11073
1880,11844
1880,12409
1880,13820
1880,14441
1880,15040
1880,17554
1880,18239
1880,18310
1880,27303
1880,29534
1881,3311
1881,5906
1881,7144
1881,17747
1881,20782
1881,27508
1881,28643
1881,29252
1882,3357
1882,3675
1882,4024
1882,4142
1882,4758
1882,5667
1882,7241
1882,7430
1882,9454
1882,12871
1882,12996
1882,15015
1882,21716
1882,29006
1883,3748
1883,4196
1883,7881
1883,8923
1883,11043
1883,20854
1883,22720
1884,9865
1885,2367
1885,3291
1885,3419
1885,8258
1885,9147
1885,10099
1885,21531
1885,26063
1885,29798
1886,2014
1886,4732
1886,5531
1886,5758
1886,8681
1886,22232
1886,22867
1886,24618
1886,29712
1887,1905
1887,3595
1887,4912
1887,10313
1887,18790
1887,21084
1887,27056
1888,3772
1888,8154
1888,13755
1888,14575
1888,16358
1888,16909
1888,27661
1889,2094
1889,4201
1889,4569
1889,5089
1889,14420
1889,15903
1889,20355
1889,25596
1890,3249
1890,6482
1890,9697
1890,13451
1890,15346
1890,17855
1890,21478
1890,23207
1891,2022
1891,18961
1892,5175
1892,7578
1893,3069
1893,3837
1893,5642
1893,10609
1893,16085
1893,25932
1893,26104
1893,27060
1894,2303
1894,2656
1894,9843
1894,17430
1894,23626
1895,2162
1895,2716
1895,3282
1895,8176
1895,10405
1895,14963
1895,18577
1895,18718
1895,20560
1895,21741
1895,28029
1895,28494
1896,3999
1896,4581
1896,5100
1896,5836
1896,6218
1896,7382
1896,8229
1896,9440
1896,11435
1896,13327
1896,17416
1896,17642
1896,23324
1896,27279
1897,2036
1897,2222
1897,3536
1897,3668
1897,3962
1897,6461
1897,11050
1897,11336
1897,14270
1897,18932
1897,21654
1897,25494
1897,28161
1898,3511
1898,3554
1898,5071
1898,11916
1898,16376
1899,2064
1899,2549
1899,2886
1899,2935
1899,3313
1899,4866
1899,5411
1899,6969
1899,10445
1899,13466
1899,15408
1899,20501
1899,26089
1900,2147
1900,2377
1900,16037
1900,17503
1900,24833
1900,26036
1901,3191
1901,4392
1901,5901
1901,9012
1901,11337
1901,11523
1901,11591
1901,13223
1901,15846
1901,16074
1901,19751
1901,22549
1901,25848
1901,29922
1902,2553
1902,5219
1902,6773
1902,8097
1902,8862
1902,22850
1903,2456
1903,3971
1903,4384
1903,4482
1903,4716
1903,5853
1903,8114
1903,8148
1903,10622
1903,11144
1903,11239
1903,18073
1903,20159
1903,22807
1904,5037
1904,6418
1904,8005
1904,13285
1904,24958
1904,25953
1904,28496
1904,28750
1905,4247
1905,4738
1905,24631
1906,6616
1906,8798
1906,11679
1906,17399
1906,21866
1906,22805
1906,24653
1907,1978
1907,2519
1907,2570
1907,3104
1907,3392
1907,3547
1907,3661
1907,4386
1907,4417
1907,4573
1907,5628
1907,6111
1907,6361
1907,6848
1907,6926
1907,9399
1907,9637
1907,10479
1907,11207
1907,11282
1907,12997
1907,13589
1907,17243
1907,17339
1907,20720
1907,20757
1907,24002
1907,28194
1908,2150
1908,3547
1908,3987
1908,4996
1908,6137
1908,6180
1908,8361
1908,11496
1908,11760
1908,13307
1908,15791
1908,17160
1908,17438
1908,21345
1908,22552
1908,28967
1908,29066
1909,2235
1909,2869
1909,3438
1909,3560
1909,4405
1909,7714
1909,10437
1909,11898
1909,12363
1909,13021
1909,16067
1909,17316
1909,18705
1909,20148
1909,22355
1909,23140
1910,2812
1910,3055
1910,3331
1910,4627
1910,6900
1910,7389
1910,9478
1910,16185
1910,16388
1910,19224
1910,19326
1910,22858
1910,23717
1911,3163
1911,7976
1911,10392
1911,16368
1911,16479
1911,27731
1912,2797
1912,4434
1912,6475
1912,10343
1912,12552
1912,15917
1912,26461
1913,3457
1913,7091
1913,9535
1913,13493
1913,27965
1914,19092
1915,2394
1915,4007
1915,8014
1915,13567
1915,15539
1915,15584
1915,18205
1915,19538
1915,22333
1915,25413
1915,26185
1915,26759
1915,27753
1915,28232
1916,3607
1916,9654
1916,14062
1917,1967
1917,2310
1917,3136
1917,4175
1917,4214
1917,4816
1917,7837
1917,8055
1917,9934
1917,10653
1917,11730
1917,16340
1918,1934
1918,2316
1918,2424
1918,3238
1918,3264
1918,3529
1918,3783
1918,6539
1918,6888
1918,6954
1918,10383
1918,12946
1918,13027
1918,14289
1918,17591
1918,17691
1918,20551
1918,21061
1918,22962
1918,24093
1918,27500
1918,29030
1919,2771
1919,2867
1919,7692
1919,7915
1919,12106
1919,13057
1919,13715
1919,18841
1920,2133
1920,5804
1920,14887
1920,26071
1921,15223
1921,15699
1922,1946
1922,6609
1922,6724
1922,7512
1922,10151
1922,10936
1922,10943
1922,12221
1922,12595
1922,16339
1922,19089
1922,22635
1922,24634
1922,25776
1922,28637
1922,28865
1923,2345
1923,3116
1923,3909
1923,4055
1923,7448
1923,8661
1923,20830
1923,28388
1923,28579
1924,3087
1924,3728
1924,4679
1924,11417
1925,2486
1925,2742
1925,2756
1925,3475
1925,3630
1925,4525
1925,7069
1925,9820
1925,10385
1925,11162
1925,12264
1925,15773
1925,16133
1925,20672
1925,21252
1925,21288
1925,22318
1925,23742
1925,24405
1925,24803
1925,25549
1925,26315
1925,28030
1925,28285
1925,29917
1926,2141
1926,3168
1926,9187
1926,12197
1926,12872
1926,15427
1926,16062
1926,21886
1926,25374
1927,2998
1927,7054
1927,7232
1927,16048
1927,22787
1927,26379
1928,2231
1928,2282
1928,4261
1928,5192
1928,5284
1928,6061
1928,15188
1928,19272
1928,23699
1929,2690
1929,2895
1929,8086
1929,28386
1930,6053
1930,6967
1930,8650
1931,2795
1931,3402
1931,4696
1931,5048
1931,5164
1931,5680
1931,10019
1931,18996
1931,25076
1931,27962
1932,2522
1932,3242
1932,3960
1932,4969
1932,4997
1932,5693
1932,16786
1932,17468
1932,19378
1932,22357
1932,24382
1932,25855
1932,25861
1932,27269
1932,28432
1932,29384
1933,2768
1933,12669
1933,12910
1933,14528
1933,22819
1933,25202
1933,25858
1934,2125
1934,2224
1934,3101
1934,3664
1934,3867
1934,5582
1934,6214
1934,6604
1934,8414
1934,8890
1934,9029
1934,15241
1934,15419
1934,16900
1934,19275
1934,22138
1934,26286
1934,26800
1935,8468
1935,10290
1935,17554
1935,22338
1936,2179
1936,2389
1936,3569
1936,5386
1936,9585
1936,10595
1936,11512
1936,11592
1936,17354
1936,21560
1936,24875
1937,2170
1937,2267
1937,2521
1937,2637
1937,3583
1937,3706
1937,9814
1937,10173
1937,18909
1937,24485
1937,25173
1937,25213
1938,2639
1938,3348
1938,3373
1938,4530
1938,5955
1938,6873
1938,6905
1938,10872
1938,12561
1938,13359
1938,13370
1938,14351
1938,14816
1938,15009
1938,21155
1938,21485
1939,6263
1939,12403
1939,24269
1940,21387
1941,3079
1941,3260
1941,4149
1941,4849
1941,4864
1941,8479
1941,14192
1941,14509
1941,17464
1941,19668
1941,24225
1941,24970
1941,25797
1941,26639
1942,3743
1942,4836
1942,21885
1942,26014
1942,27108
1943,2123
1943,5746
1943,6205
1943,9293
1943,13898
1943,22379
1943,25748
1944,2427
1944,3413
1944,3856
1944,4384
1944,6803
1944,8773
1944,8999
1944,9199
1944,11640
1944,11802
1944,12469
1944,13878
1944,14303
1944,15378
1944,15525
1944,15740
1944,18508
1944,23057
1944,24222
1944,26304
1944,28710
1945,21146
1946,1947
1946,2166
1946,3612
1946,4768
1946,6305
1946,6395
1946,7024
1946,9079
1946,9690
1946,14599
1946,22135
1946,29323
1946,29951
1947,18112
1947,23688
1948,2444
1948,9701
1949,2491
1949,2897
1949,3541
1949,4040
1949,6828
1949,8800
1949,9835
1949,11509
1949,14359
1949,15412
1949,15988
1949,16193
1949,22714
1949,22970
1949,23388
1949,29187
1949,29657
1949,29800
1950,3089
1950,4036
1950,5785
1950,6912
1950,12877
1950,13518
1950,15046
1950,15224
1950,15384
1950,15970
1950,22547
1950,26880
1951,2918
1951,3524
1951,4737
1951,12664
1951,12944
1951,13240
1951,17526
1951,24656
1951,28755
1952,2455
1952,2885
1952,3463
1952,3778
1952,5827
1952,15726
1952,23556
1952,27144
1953,5772
1953,6221
1953,7930
1953,13029
1953,26033
1953,27078
1954,3975
1954,7111
1954,8534
1954,11443
1954,12054
1954,13868
1954,15925
1955,2985
1955,7804
1955,7949
1955,10279
1955,15500
1955,18929
1956,2840
1956,3730
1956,4531
1956,11769
1956,11986
1956,16148
1956,16672
1956,21404
1956,22859
1956,24110
1956,25847
1956,27051
1957,2083
1957,2321
1957,4188
1957,4919
1957,7031
1957,7204
1957,9889
1957,17289
1957,25182
1957,27507
1958,1977
1958,14472
1958,20204
1958,24624
1958,24852
1959,4099
1959,7008
1959,8201
1959,9719
1959,13020
1959,14081
1959,20822
1959,27167
1959,28995
1960,4287
1960,4396
1960,6432
1960,7802
1960,9112
1960,9359
1960,10182
1960,10532
1960,15675
1960,15798
1960,15855
1960,16584
1960,22334
1960,29757
1961,2031
1961,3602
1961,4278
1961,5872
1961,8308
1961,8896
1961,10520
1961,13229
1961,17835
1961,18263
1961,25548
1961,27804
1962,28432
1963,5073
1963,5946
1963,6682
1963,9641
1963,18688
1963,27640
1964,4940
1964,5976
1964,8092
1964,9757
1964,9949
1964,25672
1964,27189
1964,29876
1965,3132
1965,3977
1965,7284
1965,9345
1966,3342
1966,4520
1966,5872
1966,6831
1966,16454
1966,27650
1967,2187
1967,2686
1967,2860
1967,4208
1967,4402
1967,4610
1967,9371
1967,10195
1967,19705
1967,21081
1967,23774
1967,29814
1968,13182
1969,6927
1969,7817
1969,8178
1970,2074
1970,2519
1970,2925
1970,3019
1970,3189
1970,4553
1970,6044
1970,7323
1970,7704
1970,10529
1970,11250
1970,11740
1970,13476
1970,13528
1970,14222
1970,14223
1970,14276
1970,14855
1970,20483
1970,22399
1970,26551
1971,2200
1971,13413
1971,22760
1971,27958
1972,2511
1972,3227
1972,4124
1972,4140
1972,7302
1972,7554
1972,7639
1972,9040
1972,9299
1972,11838
1972,13924
1972,15308
1972,15912
1972,18091
1972,19387
1972,21639
1972,21655
1973,2204
1973,4881
1973,5888
1973,15161
1973,15567
1973,29786
1974,2700
1974,2856
1974,4468
1974,4925
1974,5588
1974,20084
1974,22240
1974,24352
1974,26224
1974,27352
1975,2732
1975,2938
1975,3663
1975,3789
1975,3861
1975,4954
1975,5585
1975,5796
1975,6801
1975,7033
1975,7779
1975,8507
1975,9878
1975,10168
1975,11735
1975,13491
1975,13843
1975,14012
1975,15943
1975,17114
1975,17117
1975,17432
1975,22337
1975,25231
1975,27179
1976,2023
1976,2303
1976,5115
1976,5710
1976,9658
1976,12320
1976,12789
1976,17074
1976,17963
1976,20881
1976,23422
1976,29914
1977,2452
1977,2660
1977,2846
1977,3132
1977,5511
1977,5688
1977,5738
1977,6024
1977,6410
1977,7463
1977,8403
1977,9474
1977,10070
1977,11784
1977,16489
1977,16575
1977,18782
1977,19725
1977,24609
1978,2054
1978,2332
1978,10858
1978,16845
1978,17974
1978,29497
1979,3491
1979,6597
1979,9564
1979,16671
1980,2084
1980,2234
1980,2667
1980,4260
1980,6059
1980,6684
1980,10801
1980,17796
1980,18773
1980,20987
1980,21946
1980,24004
1980,29159
1981,2202
1981,2622
1981,3044
1981,10044
1981,20677
1981,22325
1981,23472
1982,8592
1982,10427
1982,11584
1982,23418
1982,25059
1982,26774
1983,16356
1984,2612
1984,2886
1984,6293
1984,11110
1984,14174
1984,19699
1984,28181
1985,3584
1985,7257
1985,26916
1986,2127
1986,2784
1986,3544
1986,3582
1986,3835
1986,6856
1986,7520
1986,8434
1986,9075
1986,18802
1986,19027
1986,21967
1986,23000
1986,23516
1986,27081
1986,27442
1987,3141
1987,15056
1987,15680
1987,21321
1987,27408
1988,2765
1988,4392
1988,5991
1988,6211
1988,7345
1988,8235
1988,9826
1988,10396
1988,13979
1988,15589
1989,3809
1989,4401
1989,5143
1990,3586
1990,4406
1990,5311
1990,9567
1990,10973
1990,11708
1990,15782
1990,20900
1990,28225
1991,5191
1991,10588
1992,4796
1992,8736
1992,11796
1992,14650
1992,16954
1992,17269
1992,17465
1992,22861
1992,25600
1992,25825
1993,2228
1993,11488
1993,12846
1993,14715
1993,21147
1993,26986
1994,9081
1994,11014
1994,14572
1995,10202
1995,11710
1995,17883
1995,23255
1996,2624
1996,2749
1996,9931
1996,21205
1996,21474
1996,28380
1997,3956
1997,11214
1997,18107
1997,18892
1997,19290
1998,2125
1998,3976
1998,14560
1998,16413
1998,16716
1998,23260
1999,6382
1999,6495
1999,16217
1999,18682
1999,19677
1999,21904
2000,2700
2000,12001
2000,28401
2001,9185
2001,18473
2001,29231
2002,2164
2002,5674
2002,5876
2002,8652
2002,14265
2002,17117
2002,26716
2003,2940
2003,11191
2003,15681
2003,18778
2004,3900
2004,3901
2004,6084
2004,9248
2004,16331
2004,17610
2004,21668
2004,22090
2004,29405
2005,2435
2005,2514
2005,2526
2005,3954
2005,6320
2005,14383
2005,20474
2006,3233
2006,11116
2006,13181
2006,23255
2007,5042
2007,5774
2007,8202
2007,18461
2007,22459
2007,27892
2008,4938
2008,8009
2008,26010
2009,7230
2009,7519
2009,10274
2009,11319
2009,14976
2009,16314
2009,20806
2009,29214
2010,2178
2010,5432
2010,13633
2010,17736
2010,20426
2010,21982
2010,26638
2011,2503
2011,8029
2011,8984
2011,9033
2011,10308
2011,11172
2011,18042
2011,26828
2011,26946
2012,6144
2012,25560
2013,5287
2013,9450
2013,19975
2013,27870
2014,2379
2014,3440
2015,15691
2015,26734
2016,2467
2016,3227
2016,5769
2016,6207
2016,7080
2016,10767
2016,12447
2016,13355
2016,16682
2016,18539
2016,24209
2016,28626
2016,29554
2016,29595
2017,2134
2017,4643
2017,13463
2017,17449
2017,19318
2018,4282
2018,8595
2018,10751
2018,20819
2018,24821
2018,26285
2018,29995
2019,6982
2019,11674
2019,14078
2019,17186
2019,18261
2019,20774
2019,23171
2020,4979
2020,8292
2020,8683
2020,10297
2020,10692
2020,13864
2020,14685
2020,16833
2020,18254
2020,24919
2020,27338
2021,5693
2021,7229
2021,7262
2021,8486
2021,8597
2021,9807
2021,13783
2021,14514
2021,16297
2021,18674
2021,19003
2021,22660
2021,24764
2022,2269
2022,3226
2022,3929
2022,5538
2022,6279
2022,6800
2022,8779
2022,9643
2022,9816
2022,21174
2023,2359
2023,4579
2023,5043
2023,6746
2023,7113
2023,9755
2023,10410
2023,17061
2023,17572
2023,19059
2023,19463
2023,20450
2023,21051
2023,26670
2023,29222
2024,2922
2024,17980
2025,5416
2025,8016
2025,13314
2025,15045
2025,18464
2025,19502
2025,27537
2026,4563
2026,4698
2026,10789
2026,15577
2026,17601
2026,19209
2026,20978
2026,25886
2027,8256
2028,3236
2028,3749
2028,5199
2028,5485
2028,5590
2028,5742
2028,5982
2028,9855
2028,10386
2028,12055
2028,13153
2028,14951
2028,15765
2028,26753
2028,26986
2029,2297
2029,5504
2029,6179
2029,7355
2029,9595
2029,11124
2029,11152
2029,20274
2029,20357
2029,22748
2029,24594
2029,24755
2029,29191
2029,29669
2030,2559
2030,5469
2030,9337
2030,17318
2031,5136
2031,6517
2031,7508
2031,8612
2031,10147
2031,10414
2031,10499
2032,2143
2032,4463
2032,6323
2032,8434
2032,18941
2032,18990
2032,19309
2032,21379
2033,3522
2033,28680
2034,2757
2034,3455
2034,5516
2034,7954
2035,6548
2035,13450
2035,14055
2035,15036
2035,23572
2037,3073
2037,5071
2037,6245
2037,7584
2037,10744
2037,14780
2037,19760
2037,21740
2037,25304
2037,25570
2038,2052
2038,4676
2038,11998
2038,13908
2039,5770
2039,11920
2039,13449
2039,14555
2039,16563
2039,16908
2039,17766
2039,23333
2039,24401
2039,27028
2039,29631
2040,9328
2040,12658
2040,14485
2040,15764
2040,16016
2040,18009
2040,22771
2040,22832
2040,24125
2040,26761
2041,2487
2041,3488
2041,4986
2041,8039
2041,16183
2041,16350
2041,17203
2041,24674
2042,2252
2042,2796
2042,3737
2042,19429
2042,20720
2042,22165
2043,4272
2043,10460
2044,6115
2045,3276
2045,4136
2045,26595
2046,16267
2046,21111
2047,5518
2047,7421
2047,9554
2047,10830
2047,14699
2047,25406
2048,3497
2048,3639
2048,9694
2049,2491
2049,5285
2049,5761
2049,7067
2049,9624
2049,17920
2050,4710
2050,5758
2050,9920
2050,10693
2050,13057
2050,13100
2050,14418
2050,20769
2050,21634
2050,23093
2050,28342
2050,28746
2051,3139
2051,5642
2051,6696
2051,8626
2051,21598
2051,21637
2051,27542
2051,28397
2051,28858
2052,6815
2052,7455
2053,9013
2053,14821
2054,5415
2054,6407
2054,11780
2054,14261
2054,15510
2055,2578
2055,6171
2055,13553
2055,18976
2055,22269
2056,5387
2056,7595
2056,12943
2056,17900
2057,3116
2057,6019
2057,6136
2057,7296
2057,8525
2058,4287
2058,12374
2059,5750
2059,7226
2059,7789
2059,11590
2059,14097
2059,15538
2060,2146
2060,4782
2060,5340
2060,5539
2061,2857
2061,3164
2061,10459
2061,17880
2061,20634
2061,21914
2061,22246
2061,26341
2062,4915
2062,7501
2062,8949
2062,12882
2062,18599
2062,19329
2062,19964
2062,25349
2062,26257
2062,27063
2062,28657
2063,2705
2063,2764
2063,3294
2063,3346
2063,4707
2063,6579
2063,8101
2063,8222
2063,8424
2063,8634
2063,8733
2063,10574
2063,12419
2063,15414
2063,18857
2063,23975
2064,27029
2065,2802
2065,3549
2065,14766
2065,16547
2065,19725
2065,25060
2066,3962
2066,4951
2066,6228
2066,6907
2066,7071
2066,12590
2066,13121
2066,14118
2066,14457
2066,15255
2066,15447
2066,15518
2066,19910
2066,21456
2066,27566
2067,3793
2067,4384
2067,5195
2067,15152
2067,15241
2067,20491
2068,3172
2068,4057
2068,13045
2068,16523
2068,19565
2068,22159
2068,27203
2068,29426
2069,2146
2069,3396
2069,11016
2069,12122
2069,17808
2069,26561
2070,3047
2070,6540
2070,7057
2070,10289
2070,10730
2070,10747
2070,10763
2070,15436
2070,16422
2070,17684
2070,17755
2070,22005
2070,23055
2070,25922
2071,2959
2071,3794
2071,5265
2071,5799
2071,8349
2071,9322
2071,13803
2071,15803
2071,18747
2071,19308
2071,20708
2071,21010
2071,26457
2071,29266
2071,29495
2072,3454
2072,3780
2072,3945
2072,4424
2072,6142
2072,8609
2072,9686
2072,11177
2072,13771
2072,15704
2072,17015
2072,18839
2072,22562
2072,23956
2072,24498
2072,25973
2073,6077
2073,6382
2073,12483
2073,16005
2073,24149
2073,29020
2074,6522
2074,17698
2075,2284
2075,3026
2075,4412
2075,5084
2075,6729
2075,7880
2075,8337
2075,9143
2075,9343
2075,10750
2075,11068
2075,19238
2075,22924
2075,25274
2075,27889
2076,10227
2076,16146
2076,23489
2077,2324
2077,2829
2077,3376
2077,3825
2077,5008
2077,7163
2077,7400
2077,10931
2077,12140
2077,13410
2077,19374
2077,19477
2077,20145
2077,20213
2077,27261
2078,5228
2078,5535
2078,6691
2078,9109
2078,10470
2078,12816
2078,13489
2078,15330
2078,16674
2078,17816
2078,20705
2078,21063
2078,24086
2079,2713
2079,7495
2079,10502
2079,15459
2079,22104
2080,6419
2080,11724
2080,13885
2080,20616
2080,21828
2080,23120
2080,23229
2080,25016
2080,28924
2081,4180
2081,25293
2082,6681
2082,9294
2082,11015
2082,12578
2082,13615
2082,21314
2082,21415
2082,23361
2082,26777
2082,28282
2082,29314
2083,4328
2083,4655
2083,7703
2083,8542
2083,11299
2083,21614
2083,25150
2083,26617
2083,28188
2084,4878
2084,12307
2085,2129
2085,3593
2085,5969
2085,8893
2085,11701
2085,14202
2085,19753
2085,22664
2086,2275
2086,5215
2086,6113
2086,21569
2086,24930
2086,27054
2087,2108
2087,5277
2087,8505
2087,12271
2087,12742
2087,26436
2088,2551
2088,2781
2088,2791
2088,7994
2088,8287
2088,9170
2088,11751
2088,16725
2088,19344
2088,20174
2088,23937
2088,25155
2088,26957
2088,29845
2089,8297
2089,13409
2089,26808
2090,29641
2091,2583
2091,2945
2091,5639
2091,10013
2091,11450
2091,21796
2091,27434
2092,3306
2092,3681
2092,4625
2092,10643
2092,21784
2092,24817
2093,3209
2093,3589
2093,4570
2093,5385
2093,6350
2093,7572
2093,12090
2093,12394
2093,13157
2093,14342
2093,18438
2093,21048
2093,27103
2094,14015
2094,14273
2094,16504
2095,2309
2095,3057
2095,5046
2095,8242
2095,8254
2095,15520
2095,19001
2095,19323
2095,20861
2095,22744
2095,29072
2096,18039
2096,27228
2097,13802
2097,16075
2098,5162
2098,9818
2098,12942
2098,15232
2098,20382
2098,27607
2099,2963
2099,3427
2099,3745
2099,4249
2099,5308
2099,10525
2099,10784
2099,14474
2099,17347
2099,21887
2099,22748
2101,2238
2101,2719
2101,2949
2101,3178
2101,3557
2101,4601
2101,4923
2101,5026
2101,5150
2101,5679
2101,6471
2101,6895
2101,7532
2101,7650
2101,7708
2101,9399
2101,9678
2101,10283
2101,10755
2101,12273
2101,15167
2101,21837
2101,22513
2101,23816
2101,24949
2101,26762
2101,28209
2101,28807
2102,2291
2102,3310
2102,3389
2102,3513
2102,3519
2102,4028
2102,5514
2102,10602
2102,10693
2102,10947
2102,22007
2102,28098
2103,2234
2103,2439
2103,2807
2103,8009
2103,11834
2103,12764
2103,15153
2103,22968
2103,25787
2103,25990
2103,26495
2104,3756
2104,4261
2104,6756
2104,10986
2104,13631
2104,15574
2104,29637
2105,3555
2105,5153
2105,13079
2105,14329
2105,21286
2106,4564
2106,5086
2106,6641
2106,7342
2106,26097
2106,29229
2107,2663
2107,3844
2107,5832
2107,12412
2107,22998
2107,26411
2107,26887
2108,7368
2108,15249
2109,3136
2109,3987
2109,23535
2110,3143
2110,4381
2110,10692
2110,11341
2110,11848
2110,18495
2110,21079
2110,21302
2110,23847
2110,24987
2111,2896
2111,6883
2111,9126
2111,11307
2111,13590
2111,14079
2111,14645
2111,14806
2111,17011
2111,21855
2111,22001
2111,24564
2112,11041
2112,13179
2112,13964
2112,23707
2112,25846
2113,5038
2113,7620
2113,10010
2113,10260
2113,14077
2113,14640
2113,15341
2113,15359
2113,16027
2113,20032
2113,27885
2114,5478
2114,17464
2114,29529
2115,2787
2115,7440
2115,11966
2115,18851
2115,21095
2115,24443
2116,5519
2116,9344
2116,9486
2116,10203
2116,11763
2116,17673
2116,22716
2116,22750
2116,23405
2116,29089
2117,6498
2117,17511
2117,22152
2117,26553
2118,6019
2118,7029
2118,9005
2118,9814
2118,10027
2118,10304
2118,11105
2118,12911
2118,15234
2118,16775
2118,20553
2118,21021
2118,25760
2118,29256
2119,2884
2119,3528
2119,4516
2119,5209
2119,8470
2119,8593
2119,16214
2119,19778
2119,25881
2120,4003
2120,4260
2121,2979
2121,3841
2121,8002
2121,27895
2122,2420
2122,3530
2122,5317
2122,5425
2122,5557
2122,6835
2122,8112
2122,9644
2122,12816
2122,12860
2122,13648
2122,13673
2122,14523
2122,14688
2122,15553
2122,21513
2122,27097
2122,28347
2123,2129
2123,3123
2123,3366
2123,5163
2123,6569
2123,6937
2123,18143
2123,27010
2124,3910
2124,5290
2124,8522
2124,21304
2124,27073
2126,7189
2126,7913
2126,10894
2127,3561
2127,4675
2127,4794
2127,10244
2127,17501
2128,5515
2128,10794
2128,11732
2128,13528
2128,17942
2128,19186
2128,24340
2129,2547
2129,4628
2129,6159
2129,6217
2129,6342
2129,8729
2129,13653
2129,15282
2129,15671
2129,17101
2129,17823
2129,22160
2129,29439
2130,3309
2130,5417
2130,7009
2130,9908
2130,12787
2130,13683
2130,15194
2130,15841
2130,16637
2130,19921
2130,22472
2130,23216
2130,23930
2131,4366
2131,8812
2132,2739
2132,3023
2132,3396
2132,3670
2132,4348
2132,6748
2132,10459
2132,12489
2132,12725
2132,20422
2132,24759
2132,26776
2132,27009
2132,29891
2133,2490
2133,5160
2133,5700
2133,6120
2133,6980
2133,7972
2133,9400
2133,9813
2133,12978
2133,14027
2133,16644
2133,20748
2133,24263
2133,25468
2134,24248
2135,2186
2135,3230
2135,4585
2135,6828
2135,12319
2135,12885
2135,13724
2135,18810
2136,2290
2136,3902
2136,4038
2136,4062
2136,4307
2136,4871
2136,6625
2136,6764
2136,13085
2136,13810
2136,15379
2136,16242
2136,19840
2136,22249
2136,25814
2137,2697
2137,6729
2137,8216
2137,10639
2137,11259
2137,11815
2137,14881
2137,14997
2137,20740
2137,22031
2137,22058
2137,22942
2137,26755
2137,26833
2137,29915
2138,2203
2138,5690
2138,9523
2138,14035
2138,17481
2138,24377
2139,2143
2139,17285
2139,19702
2139,22211
2140,3948
2140,4686
2140,9124
2140,21888
2141,2269
2141,2517
2141,12354
2141,28663
2141,29456
2142,2736
2142,2926
2142,4414
2142,4533
2142,5466
2142,7017
2142,8447
2142,9327
2142,12443
2142,12604
2142,13547
2142,27756
2143,2418
2143,12637
2143,12913
2143,15185
2143,15735
2143,25925
2144,2632
2144,2729
2144,4771
2144,9247
2144,17941
2144,19122
2144,19897
2145,2956
2145,4115
2145,5165
2145,7619
2145,9171
2145,9571
2145,13875
2145,27490
2146,2211
2146,2516
2146,5051
2146,5490
2146,8104
2146,10545
2146,13436
2146,17374
2146,17808
2146,29897
2147,8782
2147,10117
2147,11968
2147,20991
2147,21613
2147,28143
2148,2360
2148,5577
2148,5699
2148,7648
2149,3104
2149,4369
2149,6658
2149,23552
2150,3670
2150,5259
2150,7391
2150,10642
2150,10954
2150,12839
2150,14473
2150,21606
2151,2177
2151,3215
2151,4305
2151,6895
2151,9164
2151,11487
2151,13447
2151,13956
2151,25009
2151,26049
2152,5622
2152,25498
2153,2466
2153,2729
2153,3169
2153,3543
2153,3629
2153,6713
2153,6868
2153,7290
2153,9528
2153,10215
2153,10890
2153,11205
2153,11327
2153,12262
2153,13442
2153,13484
2153,13979
2153,17884
2153,18946
2153,22338
2153,25866
2153,26105
2153,28926
2154,3780
2154,4481
2154,9338
2154,9535
2154,11519
2154,18691
2154,21017
2154,23275
2154,23479
2154,25363
2154,28397
2155,4800
2156,9408
2156,25741
2157,2609
2157,2617
2157,3259
2157,3542
2157,5461
2157,7135
2157,7331
2157,9106
2157,10544
2157,12343
2157,12531
2157,13657
2157,14016
2157,14668
2157,15910
2157,17576
2157,18063
2157,18245
2157,26618
2157,27360
2158,3240
2158,4581
2158,4990
2158,5848
2158,6167
2158,6336
2158,15040
2158,20879
2158,21143
2158,21272
2158,21492
2158,23504
2158,25317
2158,26470
2158,28497
2159,3458
2159,4479
2159,5041
2159,5322
2159,6464
2159,7703
2159,9887
2159,20977
2159,23161
2159,24159
2159,26360
2159,26853
2159,28270
2159,29522
2160,5662
2160,5675
2160,14681
2161,4885
2161,5843
2161,11760
2161,14651
2161,17674
2161,19970
2161,20156
2161,21238
2161,26262
2162,3888
2162,4445
2162,10274
2162,14339
2162,18354
2162,22868
2162,23631
2162,24445
2162,29210
2163,6060
2163,29149
2164,2891
2164,3454
2164,4082
2164,5648
2164,8788
2164,16813
2164,17325
2164,19068
2164,24620
2164,26933
2164,27199
2165,5146
2165,7871
2166,6078
2166,6792
2166,18356
2166,21798
2166,28578
2167,4235
2167,7642
2167,11296
2167,28645
2168,4712
2168,9095
2168,13539
2168,28656
2169,2213
2169,2489
2169,4777
2169,5314
2169,8607
2169,22724
2169,28473
2170,2430
2170,2882
2170,3195
2170,3499
2170,4025
2170,5769
2170,7259
2170,8257
2170,8441
2170,15270
2170,16056
2170,20131
2171,6022
2171,7133
2171,7757
2171,8356
2171,9827
2171,11107
2171,12016
2171,12039
2171,17170
2171,17849
2171,18730
2171,21033
2171,24113
2172,2516
2172,2598
2172,6050
2172,6778
2172,10403
2172,12497
2172,13670
2172,14319
2172,15939
2172,17991
2172,19901
2172,21933
2172,22088
2172,26299
2173,11347
2173,26845
2174,16075
2174,22855
2175,2800
2175,5886
2175,9202
2175,13135
2175,17923
2175,23201
2176,2233
2176,2255
2176,2625
2176,2696
2176,3031
2176,5393
2176,10841
2177,9519
2177,18026
2177,19293
2177,20950
2177,21700
2177,24421
2178,3118
2178,4970
2178,5010
2178,5240
2178,5534
2178,5729
2178,6798
2178,7019
2178,9042
2178,9549
2178,11369
2178,14464
2178,16879
2178,21190
2178,22508
2178,24993
2178,25513
2178,26637
2178,29658
2179,2603
2179,5372
2179,10405
2179,10613
2179,13749
2180,2643
2180,3627
2180,7465
2180,11013
2180,12423
2180,22918
2180,24329
2181,12004
2181,13013
2181,16095
2181,17401
2182,6946
2182,10715
2182,11220
2182,18381
2183,2961
2183,5687
2183,5978
2183,7848
2183,11682
2183,11869
2183,22382
2183,28497
2184,7438
2184,15349
2185,3300
2185,5307
2185,17123
2185,18626
2186,5864
2186,5958
2186,6957
2186,7550
2186,9182
2186,10594
2186,16798
2186,19017
2186,19202
2186,19698
2186,21621
2186,21804
2186,22864
2187,2377
2187,4621
2187,6379
2187,6733
2187,8254
2187,9136
2187,10879
2187,10982
2187,14310
2187,15316
2187,16714
2187,18225
2187,19180
2187,22372
2187,23343
2187,28222
2187,29863
2188,15157
2188,17939
2188,18013
2188,19696
2188,26598
2189,2640
2189,11939
2189,15253
2189,25512
2190,3203
2190,3403
2190,5361
2190,5379
2190,6026
2190,7951
2190,9276
2190,11614
2190,17392
2190,18089
2190,18561
2190,21880
2191,2392
2191,3787
2191,6278
2191,6582
2191,8445
2191,8460
2191,10797
2191,27087
2191,29811
2192,2627
2192,4675
2192,10861
2192,16770
2192,19002
2193,5021
2193,5742
2193,9520
2193,21365
2194,4420
2194,9696
2194,25182
2194,28667
2194,29780
2195,4555
2195,8643
2195,9575
2195,10914
2195,17252
2196,8694
2197,10462
2197,10506
2197,11022
2197,17925
2197,26900
2197,27303
2198,3286
2198,4090
2198,5926
2198,10411
2198,13976
2198,14337
2198,21296
2198,23054
2198,24482
2198,24608
2198,24834
2199,13321
2200,2649
2200,3001
2200,4817
2200,6052
2200,6947
2200,8502
2200,10474
2200,10593
2200,11467
2200,11744
2200,19445
2200,19792
2200,21841
2200,23688
2200,24512
2201,2592
2201,4932
2201,5694
2201,8156
2201,10728
2201,12726
2201,18022
2201,18074
2201,26721
2201,28046
2201,28445
2202,2370
2202,2810
2202,3462
2202,9512
2202,13168
2202,17858
2202,21023
2203,2725
2203,6324
2203,6472
2203,11090
2203,11620
2203,11741
2203,14374
2203,17078
2203,18191
2203,18912
2203,20393
2203,20640
2203,21035
2203,24788
2203,25469
2203,26064
2203,28392
2204,5660
2204,6593
2204,11379
2204,12547
2204,15076
2204,17450
2205,3819
2205,6052
2205,6798
2205,8442
2205,17807
2205,17820
2205,21770
2205,23905
2205,26609
2206,5976
2206,9179
2207,4295
2207,9741
2207,10324
2207,29602
2209,2423
2209,3427
2209,4392
2209,4590
2209,5413
2209,12002
2209,13673
2209,15782
2209,17954
2209,22263
2209,22376
2209,23977
2209,26869
2209,29605
2210,5763
2210,13937
2211,5000
2211,5007
2211,5112
2211,5974
2211,6487
2211,12061
2211,12797
2211,15576
2211,17344
2211,20333
2211,23095
2211,26502
2211,29109
2212,3181
2212,5620
2212,6846
2212,15677
2212,17438
2213,2891
2213,3498
2213,7029
2214,3397
2214,5489
2214,9185
2214,11179
2214,14758
2214,15120
2216,3173
2216,3317
2216,5630
2216,8110
2216,9965
2216,10424
2216,14151
2216,23784
2217,3322
2217,3492
2217,3534
2217,5077
2217,5598
2217,5865
2217,7082
2217,7554
2217,10858
2217,11277
2217,11513
2217,12370
2217,13353
2217,14327
2217,15341
2217,17621
2217,25583
2217,27812
2218,3658
2218,3712
2218,6822
2218,8537
2218,12326
2218,12385
2218,13997
2218,16527
2218,22912
2218,23657
2219,4597
2219,5393
2219,5915
2219,6853
2219,9535
2219,13922
2219,14697
2219,21775
2219,24050
2219,29051
2220,2604
2220,2795
2220,6591
2220,9187
2220,11935
2220,14776
2220,17207
2220,20898
2220,20935
2220,20937
2220,21993
2220,29406
2221,4615
2221,7942
2221,7979
2222,6732
2222,11388
2222,11999
2223,5983
2223,6407
2223,7366
2223,13097
2223,14942
2223,15723
2223,23777
2223,24369
2224,3753
2224,5346
2224,12060
2224,29285
2225,3072
2225,6846
2225,22012
2225,22170
2225,26382
2226,3318
2226,4838
2226,6776
2226,9257
2226,9729
2226,11270
2226,11816
2226,12157
2226,13125
2226,14900
2226,17511
2226,21723
2227,3058
2227,3691
2227,4568
2227,5883
2227,5981
2227,6844
2227,10887
2227,11311
2227,24965
2227,28865
2228,2395
2228,3180
2228,3957
2228,7210
2228,10499
2228,18917
2228,22685
2228,26468
2228,26962
2228,27061
2229,4656
2229,5454
2229,6397
2229,29953
2230,3653
2230,3958
2230,5751
2230,5983
2230,7354
2230,7577
2230,8018
2230,9488
2230,10437
2230,11366
2230,13310
2230,13918
2230,16475
2230,16812
2230,17681
2230,20487
2230,24172
2230,27066
2230,27725
2231,2249
2231,2289
2231,3715
2231,4150
2231,6734
2231,10118
2231,10728
2231,12888
2231,13692
2231,16154
2231,17768
2231,18430
2231,24544
2231,26090
2232,3840
2232,4861
2232,5508
2232,7976
2232,8129
2232,8371
2232,11806
2232,15157
2232,15219
2232,15242
2232,18726
2232,20675
2232,21609
2232,22693
2232,24048
2232,25692
2232,27006
2232,28292
2232,28610
2233,25017
2234,2373
2234,2971
2234,5208
2234,8467
2234,11916
2234,23205
2235,2638
2235,4262
2235,7720
2235,8637
2235,9356
2235,10802
2235,10856
2235,12801
2235,19208
2235,19715
2235,20476
2235,21544
2235,22164
2235,25040
2235,25181
2235,27795
2236,3292
2236,5683
2236,8060
2236,8505
2236,19731
2236,21428
2236,23908
2236,24736
2237,5400
2237,17344
2237,18300
2238,3257
2238,4980
2239,4537
2239,24830
2240,4291
2240,4787
2240,5581
2240,10529
2240,11601
2240,12066
2240,13832
2240,16860
2240,20821
2240,24189
2240,24909
2240,25552
2240,26533
2241,5348
2241,16390
2241,20846
2241,21744
2241,24728
2241,27484
2242,2369
2242,3553
2242,4910
2242,6638
2242,7288
2242,7537
2242,7596
2242,9315
2242,9392
2242,13096
2242,17647
2242,19049
2242,20591
2242,21019
2242,23169
2242,24934
2242,25010
2242,29249
2243,2450
2243,2604
2243,3556
2243,3672
2243,4343
2243,6876
2243,7889
2243,10794
2243,11860
2243,14853
2243,15520
2243,21405
2243,21622
2243,23181
2243,27294
2244,4891
2244,14243
2244,18114
2244,27552
2244,29566
2245,2362
2245,7428
2245,8951
2245,11794
2245,18382
2245,20078
2246,4582
2247,7695
2247,12973
2247,16225
2247,16262
2247,17190
2247,21573
2247,28721
2248,5373
2248,8062
2248,20836
2249,3923
2249,11241
2249,14584
2249,20850
2249,23553
2249,25347
2250,6720
2250,8734
2250,10862
2250,12120
2250,12530
2250,13846
2250,14155
2250,18809
2250,24115
2250,27977
2250,28038
2251,15288
2251,16695
2251,22153
2251,22212
2251,26798
2252,4852
2252,16063
2252,20672
2252,21100
2252,22914
2252,25146
2252,26167
2252,29411
2253,4091
2253,4259
2253,4637
2253,6525
2253,6842
2253,11305
2253,17552
2253,17933
2253,26776
2253,26968
2253,27462
2253,29533
2253,29964
2254,3643
2254,23276
2254,23752
2255,4863
2255,6118
2255,6708
2255,13944
2255,14311
2255,16604
2255,23723
2255,25545
2255,26605
2255,29921
2256,6451
2256,7768
2256,8404
2256,10606
2256,10780
2256,11146
2256,16015
2256,16085
2256,18345
2256,19227
2256,19592
2256,24264
2256,26131
2256,26783
2257,2925
2257,2985
2257,3411
2257,4953
2257,6002
2257,6737
2257,8417
2257,12049
2257,12646
2257,16786
2257,20760
2257,25704
2257,25738
2258,2813
2258,3327
2258,4720
2258,5012
2258,6679
2258,11138
2258,16996
2258,17216
2258,17400
2258,19619
2258,19859
2258,23673
2258,23899
2258,24150
2259,2508
2259,2748
2259,3001
2259,5007
2259,7678
2259,9465
2259,10258
2259,11058
2259,15663
2259,24423
2259,27507
2260,5483
2260,7487
2260,9604
2260,13752
2260,14534
2260,17716
2260,23064
2261,2744
2261,4178
2261,4297
2261,4997
2261,7868
2261,9351
2261,9676
2261,10654
2261,11226
2261,11653
2261,12288
2261,19714
2261,24931
2261,28009
2262,2521
2262,3805
2262,4101
2262,21201
2262,23066
2263,2984
2263,3501
2263,6582
2263,7006
2263,14121
2263,20228
2263,23736
2263,25287
2263,26531
2264,2894
2264,4049
2264,8715
2264,12130
2264,12414
2264,12916
2264,16128
2264,18038
2264,28044
2265,2498
2265,3680
2265,5014
2265,6249
2265,14818
2265,24159
2265,28075
2266,4419
2266,5441
2266,11486
2266,13444
2267,7632
2267,8611
2267,16518
2267,20082
2267,28961
2268,5080
2268,5134
2268,5330
2268,9702
2269,7653
2269,9459
2269,9524
2269,10521
2269,12303
2269,14197
2269,23130
2269,27050
2270,3852
2270,4210
2270,10373
2270,12199
2270,20063
2271,7697
2272,2273
2272,13478
2272,15392
2272,19485
2272,23477
2273,2777
2273,8023
2273,10421
2274,6893
2274,7747
2274,15035
2274,15830
2274,15962
2274,21232
2274,28663
2275,3604
2275,13226
2275,15275
2275,16499
2275,21919
2275,25670
2276,11934
2276,28894
2276,29875
2277,4535
2277,5317
2277,5975
2277,12411
2277,17743
2277,21139
2278,2537
2278,4944
2278,5590
2278,6613
2278,7214
2278,11952
2278,12384
2278,14472
2278,28257
2279,4113
2279,4466
2279,4957
2279,5935
2279,7655
2279,8556
2279,8590
2279,8965
2279,11034
2279,12445
2279,16337
2279,16913
2279,17585
2279,17730
2279,19097
2279,22668
2279,25548
2279,26740
2279,29122
2280,2893
2280,3199
2280,3934
2280,4927
2280,6102
2280,11395
2280,16584
2280,21730
2280,26923
2280,27948
2281,2659
2281,3390
2281,4121
2281,4618
2281,9101
2281,23444
2282,3690
2282,5956
2282,16025
2282,24407
2283,12238
2283,21099
2283,24068
2284,3033
2284,4045
2284,6003
2284,7721
2284,8295
2284,8546
2284,16672
2284,19051
2284,19056
2284,22582
2284,24853
2284,28982
2285,2789
2285,7379
2285,17700
2285,21787
2286,5668
2286,6967
2286,10733
2286,17439
2286,19371
2287,5807
2287,6345
2287,25490
2287,27130
2287,27773
2288,3072
2288,3317
2288,3639
2288,5101
2288,10559
2288,11328
2288,12470
2288,13204
2288,14683
2288,15984
2288,16292
2288,16688
2288,21154
2288,22913
2288,29061
2288,29338
2288,29409
2289,3066
2289,6032
2289,8418
2289,13438
2289,16694
2289,17206
2289,19032
2289,28995
2290,3204
2290,3207
2290,3682
2290,8964
2290,10509
2290,10909
2290,13616
2290,19437
2290,21575
2290,24201
2290,25386
2291,4187
2291,7004
2291,9210
2291,9289
2291,13458
2292,2806
2292,2941
2292,3246
2292,4781
2292,6922
2292,13821
2292,15287
2292,24879
2292,25038
2293,11015
2293,20565
2294,3766
2294,5629
2294,6261
2294,7407
2294,15781
2294,20242
2294,21901
2294,28708
2295,4539
2295,4882
2295,7043
2295,8477
2295,13536
2295,19393
2295,23542
2295,24859
2295,28394
2296,3881
2297,3465
2297,4793
2297,4970
2297,7773
2297,12045
2297,19684
2297,20630
2297,22503
2298,2545
2298,3043
2298,3343
2298,5252
2298,5413
2298,6489
2298,6521
2298,13019
2298,19809
2298,21263
2298,26163
2299,3884
2299,4288
2299,6777
2299,11046
2300,3773
2300,8174
2301,3213
2301,5830
2301,7116
2301,13251
2301,16955
2302,3133
2302,4040
2302,4054
2302,5891
2302,9052
2302,9576
2302,17383
2302,28161
2303,3932
2303,7542
2303,10176
2303,10220
2303,14849
2304,5344
2304,8884
2304,10140
2304,13682
2304,21777
2305,4208
2305,8652
2305,10157
2305,14883
2305,17783
2305,22893
2305,24542
2305,26717
2305,27844
2305,27899
2306,6189
2306,6416
2306,8877
2306,8949
2306,15551
2306,17027
2306,19740
2306,24039
2307,5053
2307,5182
2307,5250
2307,11350
2307,18741
2307,20984
2307,25992
2307,28532
2308,4800
2308,4875
2308,11291
2308,13969
2308,15261
2308,25272
2308,27552
2309,15321
2310,3880
2310,4154
2310,6294
2310,8738
2310,14351
2310,18475
2310,19147
2310,23010
2310,24866
2310,27726
2311,3565
2311,4673
2311,5297
2311,12712
2311,20150
2311,21384
2311,28965
2312,3385
2312,6832
2312,7706
2312,8599
2312,8763
2312,11322
2312,12604
2312,15052
2312,15847
2312,17321
2312,18318
2312,26335
2312,27164
2313,14012
2313,16744
2314,10255
2314,15529
2314,15647
2314,20263
2315,3754
2315,10773
2315,16051
2315,24700
2315,26635
2315,27175
2316,3670
2316,6071
2316,6291
2316,6842
2316,6893
2316,8045
2316,13767
2316,15028
2316,15101
2316,15964
2316,17414
2316,18257
2316,19798
2316,20450
2317,3792
2317,3998
2317,4158
2317,7466
2317,7594
2317,11928
2317,15279
2317,20942
2317,21126
2317,24078
2317,27864
2318,2479
2318,3531
2318,3811
2318,4578
2318,15661
2319,9765
2320,2326
2320,6141
2320,12422
2321,2587
2321,3193
2321,9593
2321,12541
2321,12860
2321,13339
2321,15400
2321,15501
2321,15786
2321,16131
2321,17476
2321,18630
2321,19687
2321,22902
2322,7992
2322,8493
2322,9456
2322,10342
2322,15597
2322,22774
2322,28719
2322,29437
2323,3878
2323,4794
2323,5097
2323,11903
2323,12520
2323,14706
2323,21433
2323,25979
2323,27284
2324,2395
2324,2471
2324,3260
2324,4152
2324,4527
2324,7769
2324,11689
2324,12007
2324,12396
2324,13684
2324,15651
2324,17519
2324,18887
2324,19042
2324,19177
2324,21736
2324,26580
2324,28336
2325,7215
2325,15469
2325,26935
2326,2924
2326,3097
2326,6927
2326,9480
2326,9791
2326,17091
2326,22802
2327,2411
2327,3563
2327,3731
2327,3762
2327,6947
2327,12196
2327,23114
2327,29086
2328,2593
2328,3534
2328,14697
2328,17023
2328,24766
2328,25205
2328,26048
2329,4161
2329,7140
2329,12811
2329,13811
2329,15937
2329,17413
2329,17455
2329,19622
2329,26118
2329,26814
2330,9120
2330,9852
2331,5586
2331,9670
2331,19304
2331,28816
2332,3395
2332,3471
2332,7196
2332,8818
2332,9752
2332,10969
2332,24655
2332,27217
2333,2731
2333,4479
2333,5471
2333,8677
2333,26478
2333,29547
2334,5266
2334,5279
2334,9594
2334,12698
2334,13905
2334,15235
2334,16608
2334,17025
2334,17592
2334,17614
2334,17986
2334,20338
2334,24440
2335,25400
2335,27902
2335,29445
2336,3549
2336,4682
2336,5773
2336,7959
2336,8534
2336,8591
2336,8811
2336,9882
2336,14869
2336,16342
2336,17007
2336,20881
2336,24455
2336,28127
2337,3167
2337,3623
2337,5273
2337,14054
2337,15474
2337,16537
2337,18632
2337,19951
2337,20442
2337,28559
2338,5261
2338,8495
2338,8856
2338,9019
2338,9080
2338,14729
2338,17919
2338,20867
2338,25795
2338,28528
2339,2365
2339,2897
2339,3585
2339,4880
2339,8099
2339,16901
2339,19049
2339,27965
2340,18737
2340,28418
2341,8201
2341,15992
2342,2900
2343,4848
2343,10075
2343,14747
2343,15813
2343,25119
2343,26035
2343,27082
2344,4940
2344,5299
2344,5764
2344,13837
2344,14021
2344,17580
2344,20332
2345,3719
2345,6583
2345,7443
2345,8247
2345,8675
2345,9760
2345,10200
2345,14378
2345,16782
2345,18155
2345,25103
2346,6835
2346,11726
2346,12852
2346,23885
2346,24239
2347,2846
2347,3688
2347,3783
2347,4418
2347,7097
2347,10809
2347,13128
2347,14048
2347,14157
2347,15152
2347,21701
2347,21904
2348,3580
2348,4523
2348,6876
2348,8265
2348,9253
2348,9313
2348,9903
2348,18354
2348,20131
2348,20667
2348,29869
2350,3165
2350,5856
2350,11539
2350,12900
2350,13146
2350,14847
2350,18326
2350,28154
2351,2948
2351,3601
2351,8401
2351,10105
2351,14570
2351,15755
2351,17773
2351,18760
2351,19702
2351,24744
2352,4042
2352,4377
2352,4640
2352,7266
2352,8189
2352,9048
2352,20875
2352,28225
2353,16334
2354,7373
2354,9990
2354,10311
2354,13328
2354,17250
2354,17454
2354,19781
2354,29132
2354,29782
2355,5448
2355,7800
2355,8025
2355,8372
2355,12632
2355,12866
2355,14385
2355,18752
2355,23488
2355,23625
2355,29987
2356,2798
2356,4278
2356,5000
2356,5292
2356,7982
2356,11338
2356,12209
2356,12714
2356,15533
2356,17019
2356,18949
2356,20316
2356,23528
2357,2765
2357,16360
2357,20024
2357,28217
2358,4535
2358,4559
2358,5211
2358,7404
2358,9285
2358,13095
2358,27426
2359,2410
2359,3776
2359,6843
2359,15523
2359,16421
2360,2435
2360,3652
2360,3889
2360,4747
2360,6067
2360,6114
2360,9789
2360,10647
2360,16320
2360,18144
2360,19961
2362,2553
2362,12845
2362,18611
2363,2470
2363,5184
2363,9658
2363,14431
2363,25649
2364,4137
2364,19647
2364,22485
2364,25699
2365,2803
2365,3067
2365,3690
2365,7651
2365,21254
2366,2783
2366,2845
2366,3525
2366,3673
2366,4143
2366,7150
2366,7433
2366,9600
2366,10172
2366,16449
2366,17425
2366,18658
2366,20132
2366,23724
2366,23892
2366,26655
2368,4819
2368,8412
2368,11814
2368,12348
2368,16157
2368,20019
2368,21749
2368,24796
2368,26378
2369,2600
2369,3425
2369,7205
2369,7276
2369,10998
2369,11414
2369,11451
2369,12380
2369,13025
2369,13810
2369,15411
2369,16389
2369,16734
2369,17243
2369,22268
2369,24414
2369,28580
2369,29313
2370,4721
2370,11003
2370,11930
2370,13498
2370,13951
2370,17654
2371,13431
2372,4135
2372,4575
2372,6643
2372,19338
2372,28358
2373,2552
2373,13701
2373,23110
2374,5093
2374,6038
2374,6053
2374,6903
2374,7624
2374,11573
2374,11610
2374,14512
2374,18351
2374,18412
2374,24605
2374,29837
2375,11113
2375,14084
2375,24553
2375,25061
2376,21225
2376,24876
2377,4014
2377,4951
2377,5290
2377,7612
2377,17249
2378,4410
2378,8257
2378,10990
2378,13225
2378,15508
2378,22931
2378,26501
2379,3631
2379,3803
2379,5447
2379,11291
2379,16148
2380,4460
2380,4612
2380,4745
2380,5563
2380,7133
2380,8221
2380,8516
2380,9187
2380,10790
2380,10911
2380,13896
2380,16468
2380,22672
2380,23228
2380,28103
2381,3819
2381,4658
2381,6492
2381,8068
2381,17399
2381,18294
2381,18352
2381,20040
2381,21363
2381,22910
2381,24438
2382,4606
2382,5006
2382,6236
2382,6264
2382,6864
2382,8487
2382,9901
2382,13795
2382,17343
2382,19126
2383,2991
2383,5865
2383,8944
2383,13284
2383,15275
2383,16522
2383,24622
2383,25124
2383,28151
2384,18826
2384,20188
2385,5160
2385,8829
2385,10526
2385,17698
2385,21724
2385,25874
2386,5167
2386,5459
2386,6644
2386,6802
2386,12250
2386,12389
2386,13188
2386,18950
2386,19328
2386,29319
2387,5635
2387,6278
2387,6521
2387,9072
2387,9211
2387,10875
2387,11055
2387,11518
2387,14215
2387,16617
2387,17384
2387,23511
2387,29991
2389,8952
2389,11781
2390,9470
2390,12707
2391,2516
2391,12193
2391,13272
2392,2748
2392,5195
2392,6389
2392,7665
2392,13594
2393,3739
2393,4644
2393,6343
2393,6809
2393,11688
2393,15247
2393,16654
2393,17779
2393,22872
2393,23526
2393,23696
2393,25712
2393,26092
2394,4231
2394,5572
2394,7988
2394,13178
2394,13892
2394,14629
2394,15550
2394,19297
2395,4420
2395,8306
2395,10938
2396,4160
2396,9323
2396,10951
2396,11813
2396,12883
2396,14897
2396,18199
2397,3342
2397,25766
2397,28253
2398,4393
2398,4850
2398,11860
2398,13107
2398,20098
2398,27620
2398,29121
2399,9047
2399,11133
2399,15069
2399,15905
2399,23350
2400,3421
2400,4391
2400,5688
2400,6402
2400,7128
2400,12442
2400,14820
2400,23034
2400,23109
2400,25108
2400,26244
2400,29128
2401,4451
2401,12847
2401,23990
2401,28605
2401,29088
2402,6997
2402,7916
2402,17407
2402,20292
2403,3075
2403,3682
2403,4014
2403,13403
2403,14221
2403,23283
2404,2565
2404,8094
2404,15502
2404,15623
2404,19358
2404,20824
2404,28690
2405,2946
2405,3110
2405,6036
2405,6415
2405,6874
2405,8234
2405,13280
2405,13569
2405,13815
2405,15699
2405,16740
2405,17106
2405,17267
2405,17874
2405,19969
2405,21710
2405,22704
2405,22711
2405,23305
2405,23548
2405,25210
2405,27318
2405,27690
2405,27701
2406,3548
2406,5709
2406,8231
2406,9057
2406,11754
2406,15623
2406,18169
2406,19743
2406,20489
2406,20508
2406,22287
2406,25481
2407,4419
2407,5831
2407,8012
2407,8733
2407,29308
2407,29616
2408,6364
2408,7151
2409,3571
2409,6639
2409,25577
2410,23178
2411,7774
2411,23667
2412,2605
2412,3629
2412,3680
2412,4103
2412,5475
2412,6500
2412,6737
2412,7082
2412,7139
2412,24424
2412,25482
2413,5122
2413,7298
2413,15536
2413,21088
2413,28057
2414,3864
2414,5425
2414,7140
2414,7302
2414,7429
2414,9283
2414,14214
2414,16019
2414,24589
2415,4583
2415,6214
2415,8677
2415,9249
2415,14436
2415,25663
2416,2679
2416,5354
2416,6847
2416,7254
2416,7319
2416,19275
2417,3049
2417,4977
2417,10012
2417,10215
2417,16871
2417,19578
2418,9228
2418,9449
2418,11400
2419,3419
2419,5079
2419,6028
2419,7478
2419,9874
2419,10122
2419,13514
2419,16456
2419,24105
2419,25706
2420,4889
2420,5144
2420,5898
2420,6942
2420,7615
2420,24589
2421,4004
2421,7205
2421,10397
2421,14339
2421,14476
2421,15753
2421,21178
2422,2581
2422,4020
2422,13288
2422,19083
2422,19271
2422,26449
2423,2489
2423,3357
2423,3850
2423,7850
2423,8339
2423,8480
2423,10892
2423,13803
2423,14057
2423,14232
2423,14347
2423,16769
2423,23268
2424,2724
2424,2998
2424,5231
2424,5480
2424,6064
2424,7116
2424,7531
2424,8219
2424,9490
2424,10685
2424,11705
2424,14708
2424,16121
2424,18224
2424,18509
2424,20788
2424,21676
2424,24756
2424,27135
2424,29070
2425,16061
2425,17241
2426,3929
2426,4961
2426,5412
2426,7087
2426,15239
2426,17978
2426,19510
2426,24518
2426,28490
2427,3281
2427,4659
2428,4626
2428,7707
2428,12637
2428,29462
2429,6526
2429,9455
2429,11358
2429,12102
2429,13502
2429,18417
2430,3194
2430,5267
2430,6623
2430,6711
2430,7162
2430,7593
2430,17095
2430,20854
2430,21804
2430,25695
2431,17295
2432,2717
2432,3004
2432,3870
2432,5495
2432,26754
2434,3008
2434,3412
2434,4139
2434,4519
2434,4847
2434,10087
2434,18439
2434,21932
2434,25014
2434,26598
2434,29062
2435,4930
2435,7376
2435,9875
2435,13398
2435,13813
2435,27173
2436,4830
2436,6807
2436,10190
2436,14835
2436,16960
2436,26504
2437,4150
2437,12038
2438,4216
2438,6149
2438,6669
2438,13470
2438,16397
2438,16632
2438,18677
2438,20444
2438,22235
2439,5710
2439,11478
2440,3519
2440,5615
2440,7788
2440,9785
2440,12917
2440,14445
2440,15934
2440,17491
2440,29159
2441,3003
2441,15354
2441,21457
2442,4548
2442,4884
2442,10080
2442,13591
2442,14790
2442,19171
2442,22223
2442,24059
2442,26011
2443,2853
2443,3689
2443,5237
2443,7796
2443,10425
2443,12536
2443,16864
2443,18506
2443,23466
2444,2780
2444,3406
2444,3801
2444,5171
2444,5971
2444,6716
2444,7312
2444,8419
2444,8728
2444,11911
2444,12223
2444,12426
2444,15947
2444,17474
2444,20358
2444,20622
2444,23136
2444,26094
2444,27941
2445,2698
2445,4607
2445,5019
2445,6012
2445,6208
2445,7147
2445,9653
2445,10879
2445,14077
2445,16883
2445,17839
2445,25504
2447,3016
2447,7388
2447,7996
2447,12615
2447,24114
2447,24443
2448,3539
2448,10663
2448,19449
2448,19585
2448,20305
2448,25816
2449,3750
2449,4049
2449,7429
2449,19650
2449,28614
2449,29401
2450,4514
2450,28448
2451,4578
2451,8832
2451,10259
2451,11884
2451,21819
2451,24514
2452,3394
2452,6190
2452,9704
2452,12114
2452,13641
2452,14856
2452,16411
2452,21360
2452,29583
2453,6961
2453,13361
2453,18085
2454,4711
2454,5137
2454,8646
2454,9387
2454,12142
2454,15714
2454,17824
2454,22470
2454,25944
2455,2528
2455,3673
2455,4594
2455,4799
2455,10512
2455,12513
2455,15418
2455,15474
2455,15499
2456,2780
2456,2874
2456,4152
2456,5810
2456,6588
2456,7920
2456,11875
2456,12357
2456,24201
2457,2610
2457,2983
2457,3970
2457,6432
2457,13013
2457,18296
2457,28719
2458,2641
2458,6480
2458,11247
2458,13753
2458,17430
2458,19947
2458,20481
2458,26074
2458,27643
2459,8722
2460,6355
2460,8102
2460,8486
2460,9479
2460,14101
2460,14834
2460,16220
2460,19646
2461,3977
2461,4077
2462,3656
2462,6784
2462,25663
2462,25990
2464,9751
2464,14132
2464,24062
2464,28964
2465,5873
2465,6038
2465,9916
2465,24530
2466,6430
2466,10483
2466,22583
2466,22729
2466,23608
2466,29832
2467,2950
2467,4873
2467,6663
2467,6870
2467,12133
2467,14350
2467,14731
2467,15898
2467,16859
2467,17280
2467,19013
2467,21020
2467,24860
2467,29010
2468,6226
2468,11223
2468,16912
2468,26389
2469,4159
2469,4566
2469,6314
2469,12749
2469,13011
2469,13240
2469,16309
2469,18417
2469,18816
2469,18989
2469,20576
2469,21813
2469,21931
2469,23009
2469,29892
2470,2656
2470,12908
2470,18020
2470,18990
2470,23544
2470,24222
2470,26571
2471,7610
2471,8415
2471,12862
2471,17345
2471,17854
2471,23630
2471,29182
2471,29737
2471,29866
2472,4554
2472,4887
2472,6468
2472,9790
2472,10276
2472,11156
2472,23226
2472,24982
2472,25514
2473,4621
2473,6251
2473,14603
2473,15240
2473,15976
2473,16088
2473,17066
2473,22855
2473,26528
2473,26870
2473,28502
2474,4072
2474,4118
2474,8776
2474,10417
2474,13613
2474,19482
2474,25028
2475,9438
2475,28007
2476,2534
2476,3625
2476,8766
2476,16921
2476,20327
2476,29116
2477,2672
2477,7046
2477,11158
2477,13108
2477,13397
2477,16712
2478,2935
2478,3331
2478,3591
2478,5396
2478,5605
2478,5743
2478,6920
2478,8230
2478,9537
2478,10106
2478,10768
2478,12104
2478,12402
2478,16302
2478,22777
2478,23735
2478,24284
2478,25803
2478,27171
2478,27851
2478,28120
2479,6635
2479,10788
2480,3652
2480,5053
2480,5283
2480,8946
2480,10180
2480,11985
2480,12186
2480,13148
2480,14621
2480,18104
2480,18659
2480,26386
2480,28349
2482,3482
2482,4288
2482,6584
2482,6760
2482,9063
2482,9621
2482,11264
2482,13789
2482,14335
2482,16459
2482,21141
2483,2664
2483,8120
2483,17886
2483,18115
2483,19346
2485,4258
2485,6904
2485,12001
2485,15835
2486,2600
2486,3016
2486,3338
2486,3588
2486,3832
2486,3891
2486,5822
2486,8449
2486,10056
2486,11720
2486,11726
2486,12071
2486,14576
2486,15121
2486,17231
2486,18149
2486,18908
2486,19971
2486,20852
2486,21329
2486,21738
2486,24211
2486,28168
2486,29356
2487,2903
2487,28978
2488,4587
2488,12745
2489,7958
2490,2593
2490,2826
2490,3086
2490,5972
2490,9130
2490,12303
2490,23837
2490,26371
2490,26460
2490,27982
2491,4828
2491,6727
2491,8454
2491,10435
2491,12463
2491,14050
2491,14887
2491,21126
2491,23597
2491,25223
2492,2500
2492,3061
2492,8126
2493,4511
2493,5536
2493,5565
2493,13762
2493,24410
2494,3982
2494,11596
2495,4373
2495,5563
2495,10796
2495,12926
2495,20236
2496,3839
2496,5406
2496,6026
2496,9504
2496,12852
2497,3913
2497,4408
2497,16882
2497,27272
2498,3761
2498,4027
2498,4158
2498,4587
2498,13303
2498,13697
2498,13994
2498,22324
2498,27835
2499,3038
2499,6203
2499,6604
2499,6965
2499,7281
2499,10784
2499,24120
2500,2712
2500,3111
2500,4322
2500,5002
2500,5677
2500,5914
2500,8732
2500,11976
2500,13145
2500,13216
2500,15859
2500,16294
2500,17556
2500,22812
2500,27516
2501,2847
2501,5443
2501,10300
2501,18624
2502,3105
2502,3719
2502,5659
2502,5778
2502,7365
2502,8073
2502,8243
2502,9587
2502,9963
2502,29101
2503,3546
2503,4725
2503,5460
2503,8159
2503,9232
2503,11870
2503,11876
2503,12089
2503,14461
2503,14586
2503,14734
2503,17813
2503,19101
2503,20080
2503,26025
2503,27189
2503,27816
2504,3771
2504,5185
2504,6649
2504,12351
2504,20563
2504,21524
2504,26643
2504,29632
2505,3668
2505,4840
2505,6388
2505,12188
2505,13591
2505,16081
2506,5880
2506,8894
2506,25378
2506,28097
2507,3435
2507,4847
2507,7329
2507,7744
2507,18474
2507,25367
2507,25408
2508,12487
2508,13507
2508,14522
2508,19284
2508,25228
2508,27057
2509,3224
2509,3429
2509,6723
2509,21510
2509,23869
2509,25073
2509,29609
2510,4588
2510,5064
2510,7761
2510,9588
2510,17919
2511,3515
2511,3638
2511,3650
2511,3681
2511,7228
2511,9776
2511,10541
2511,15671
2511,16263
2511,18979
2511,21004
2511,23999
2511,27118
2511,27375
2511,27722
2511,28204
2511,28519
2512,7581
2512,7869
2512,17276
2512,18193
2512,19920
2512,20269
2512,20796
2512,26477
2512,26820
2512,27873
2513,3600
2513,7131
2513,7889
2513,8378
2513,8961
2513,9217
2513,11419
2513,11822
2513,12375
2513,12830
2513,13720
2513,13918
2513,13972
2513,15294
2513,15980
2513,20171
2513,20192
2513,20781
2513,22778
2513,22995
2513,23706
2513,24247
2513,28014
2513,28132
2514,3627
2514,4983
2514,10001
2514,12561
2514,15565
2514,15657
2514,20126
2515,14033
2516,4667
2516,5320
2516,6549
2516,7861
2516,8386
2516,14375
2516,20171
2517,5948
2517,8600
2517,9025
2517,10880
2517,23021
2517,24865
2517,28034
2518,2767
2518,4105
2518,7076
2518,7247
2518,7646
2518,10987
2518,11040
2518,15958
2518,15993
2518,17437
2518,27175
2518,29516
2518,29522
2519,3139
2519,5375
2519,5899
2519,7112
2519,7258
2519,9413
2519,10107
2519,13248
2519,13526
2519,14569
2519,17045
2519,18258
2519,21163
2519,22530
2519,27994
2520,2932
2520,2950
2520,17891
2521,3450
2521,4959
2521,7886
2521,9259
2521,14282
2521,15867
2522,2614
2522,3302
2522,3446
2522,5495
2522,6205
2522,10569
2523,5535
2523,6280
2523,6568
2523,6589
2523,8160
2523,13668
2523,26195
2523,26531
2524,13646
2524,15214
2524,23413
2524,28450
2524,29725
2524,29886
2525,3913
2525,16376
2525,17236
2526,2565
2526,3202
2526,3759
2526,5622
2526,8256
2526,12475
2526,17755
2526,21776
2527,2676
2527,4400
2527,5964
2527,9356
2527,9717
2527,11516
2527,15570
2527,16159
2527,16183
2527,16791
2527,16928
2527,17375
2527,26441
2528,2610
2528,2821
2528,3608
2528,4160
2528,8192
2528,12509
2528,12646
2528,15448
2528,16673
2528,16793
2528,19492
2528,26036
2528,28243
2529,2947
2529,4581
2529,6492
2529,7085
2529,15559
2530,9408
2530,15695
2530,19087
2530,23853
2530,26332
2531,4636
2531,6272
2531,8558
2531,9835
2531,12433
2531,16685
2531,27604
2532,3065
2532,4325
2532,9404
2532,9492
2532,11922
2532,25611
2532,26005
2532,27464
2533,3777
2533,4400
2533,7026
2533,7083
2533,13048
2533,13176
2533,16366
2533,18868
2533,27548
2534,7302
2534,7593
2534,8232
2534,17190
2534,20674
2534,21262
2534,22366
2535,4504
2535,5798
2535,7017
2535,7267
2535,7492
2535,8341
2535,10567
2535,11262
2535,11788
2535,12614
2535,14449
2535,18457
2535,21554
2535,22653
2535,23543
2535,25339
2535,25975
2535,28305
2536,4446
2536,5504
2536,5754
2536,6078
2536,9298
2536,23076
2536,23085
2536,29438
2537,4933
2537,4957
2537,19205
2537,19900
2537,21820
2538,3470
2538,4258
2538,9723
2538,10186
2538,11029
2538,13480
2538,14104
2538,14770
2538,15829
2538,19136
2538,20713
2538,23913
2538,26433
2538,28954
2539,9818
2539,26092
2540,10050
2541,2963
2541,3129
2541,5848
2541,7269
2541,15845
2541,16104
2541,22968
2541,25991
2542,2669
2543,4680
2543,5640
2543,8268
2543,10044
2543,13606
2543,22239
2544,4436
2544,6241
2544,14655
2544,23438
2544,25567
2544,26056
2545,4956
2545,8220
2545,8995
2545,11174
2545,24074
2545,26640
2546,4625
2546,6920
2546,7066
2546,7404
2546,10507
2546,12618
2546,16290
2546,16653
2546,19783
2546,26316
2547,4994
2547,8239
2547,10582
2547,16153
2547,23809
2548,6021
2548,8561
2548,10895
2548,14680
2548,16250
2548,17309
2548,19421
2548,24076
2548,25871
2549,2586
2549,3024
2549,3110
2549,4079
2549,4742
2549,9614
2549,11046
2549,12918
2549,15347
2549,18241
2549,18593
2549,20145
2549,20395
2549,23117
2549,26200
2549,27004
2549,29349
2550,3436
2550,5800
2550,7553
2550,15791
2550,18599
2551,2579
2551,3052
2551,3955
2551,7153
2551,11324
2551,12692
2551,14260
2551,15002
2551,17662
2551,18327
2551,22707
2551,26102
2551,27544
2552,3267
2552,4473
2552,6820
2552,8746
2552,10628
2552,13414
2552,13624
2552,18390
2552,19875
2552,26893
2552,27249
2553,5591
2553,11402
2553,13409
2553,16918
2553,17967
2553,23189
2553,24783
2553,25189
2554,3256
2554,5070
2554,5139
2554,6728
2554,10281
2554,17468
2554,20290
2554,24166
2554,28972
2555,6935
2555,9936
2555,15102
2555,15550
2555,15680
2555,21547
2555,23056
2555,23567
2555,25258
2555,26174
2555,26725
2557,4428
2557,15802
2558,3747
2558,5488
2558,5663
2558,9049
2558,9497
2558,11948
2558,15285
2558,16853
2558,20322
2558,23480
2558,24541
2558,28638
2558,29618
2558,29974
2559,2682
2559,4000
2559,6322
2559,17819
2559,18167
2559,18837
2559,22565
2559,23216
2559,23988
2559,26566
2559,26727
2560,6423
2560,9154
2560,10733
2560,16155
2560,16877
2560,23521
2560,24486
2561,3393
2561,7500
2561,10337
2561,15180
2561,25115
2562,26612
2563,2981
2563,3035
2563,3546
2563,12636
2565,4827
2565,6471
2565,7748
2566,2611
2566,2815
2566,3220
2566,5626
2566,5784
2566,6196
2566,7615
2566,7799
2566,12551
2566,12687
2566,15112
2566,19290
2566,23790
2566,25536
2566,26574
2566,28806
2567,3779
2567,4323
2567,4790
2567,8777
2567,13365
2567,17288
2567,23105
2568,4727
2568,6642
2568,8003
2568,8344
2568,17255
2569,3410
2569,11787
2569,17946
2569,22148
2569,25956
2570,3265
2570,3273
2570,3354
2570,4320
2570,6162
2570,24037
2570,25801
2571,4182
2571,5851
2571,9541
2571,12036
2571,13476
2571,19123
2571,23683
2571,29912
2572,2824
2572,4691
2572,5776
2572,6398
2572,6563
2572,7530
2572,9513
2572,10861
2572,11896
2572,14271
2572,14886
2572,17771
2572,21384
2572,23007
2572,26056
2573,5457
2573,6539
2573,6832
2573,10591
2573,14036
2573,14342
2573,15683
2573,25800
2574,3808
2574,4398
2574,4653
2574,6130
2574,6363
2574,7675
2574,7928
2574,8429
2574,10945
2574,11450
2574,11913
2574,12133
2574,12190
2574,12716
2574,13569
2574,14870
2574,18339
2574,19730
2574,20458
2574,22234
2574,29245
2574,29891
2575,3900
2575,4284
2575,5042
2575,6175
2575,7780
2575,10915
2575,12248
2575,15407
2575,21263
2575,22499
2575,22543
2575,26474
2575,26826
2575,29963
2576,3871
2576,5075
2576,10042
2576,14569
2576,19033
2576,24058
2577,2762
2577,3042
2577,7313
2577,8164
2577,9728
2577,11544
2577,18984
2577,26453
2577,27625
2578,3577
2578,4044
2578,7894
2578,18972
2578,29511
2579,4027
2579,5179
2579,5517
2579,11032
2579,13835
2579,18893
2579,21489
2580,7515
2580,10010
2580,11125
2580,11749
2580,15006
2580,15490
2580,17447
2580,18854
2580,21179
2580,21374
2580,26661
2581,3093
2581,4718
2581,7008
2581,12128
2581,12754
2582,2821
2582,3157
2582,9806
2582,24347
2583,4578
2583,5205
2583,8293
2583,9990
2583,10384
2583,10847
2583,12938
2583,22072
2583,23000
2583,25883
2583,26863
2584,3000
2584,3213
2584,4769
2584,6027
2584,7152
2584,7576
2584,12521
2584,13727
2584,16916
2584,17894
2584,20018
2584,20122
2584,25633
2584,29877
2585,3941
2585,6103
2585,8482
2585,10845
2585,12222
2585,17544
2585,20790
2586,3667
2586,4505
2586,11175
2586,12994
2586,17346
2587,4405
2587,4589
2587,4955
2587,6096
2587,7120
2587,8677
2587,9050
2587,11493
2587,13053
2588,5057
2588,5868
2588,6290
2588,8273
2588,8963
2588,10351
2588,10684
2588,18760
2588,21315
2588,21553
2588,25946
2588,25990
2589,2626
2589,3107
2589,5112
2589,6484
2589,8615
2589,13515
2589,18840
2589,23271
2589,23687
2589,27728
2590,3208
2590,3554
2590,5222
2590,9028
2590,17068
2590,17352
2591,3990
2591,6300
2591,8235
2591,12837
2591,13736
2591,15386
2591,16505
2591,19412
2591,22016
2591,27587
2592,7522
2592,27509
2593,3883
2593,4888
2594,2628
2594,2876
2594,8885
2594,13155
2594,16033
2594,16968
2594,17245
2594,20259
2594,23517
2594,25346
2595,4809
2595,6185
2595,15828
2595,17609
2595,19284
2595,20581
2596,5943
2596,9126
2596,11731
2596,17552
2596,22065
2596,26883
2596,27124
2597,3141
2597,4109
2597,9493
2597,9954
2597,10173
2597,11179
2597,12126
2597,14200
2597,15327
2597,15376
2597,28259
2598,2947
2598,2986
2598,4375
2598,4824
2598,5535
2598,7082
2598,8374
2598,9334
2598,9747
2598,10705
2598,11113
2598,13249
2598,14184
2598,14625
2598,17189
2598,23267
2598,24289
2598,27154
2599,7619
2599,7831
2599,8777
2599,10939
2599,11767
2599,15814
2599,29774
2600,2930
2600,3117
2600,3544
2600,5321
2600,6066
2600,6867
2600,7060
2600,7323
2600,8813
2600,11057
2600,16631
2600,17086
2600,18355
2600,20031
2600,21143
2600,21580
2600,23809
2600,23865
2600,24764
2601,5919
2601,13773
2601,28062
2602,13639
2602,20164
2604,6259
2604,14217
2604,16690
2604,29645
2605,18592
2605,22032
2606,2645
2606,2689
2606,3148
2606,3422
2606,6154
2606,10740
2606,11119
2606,13925
2606,15135
2606,16737
2606,17414
2607,4476
2607,11402
2607,17621
2608,4276
2608,5573
2608,9350
2608,10198
2608,16078
2608,19888
2608,25490
2608,28879
2609,4967
2609,5412
2609,5674
2609,7498
2609,7636
2609,8119
2609,8376
2609,10097
2609,12885
2609,14192
2609,20281
2609,27752
2610,7342
2610,12303
2611,2970
2611,4350
2611,9246
2611,9402
2611,14566
2611,17017
2611,20340
2611,22974
2611,23416
2611,26192
2611,29895
2612,18835
2612,19897
2613,7392
2613,9032
2613,9274
2613,13726
2613,15721
2613,17587
2613,19468
2613,22778
2613,24184
2613,28633
2614,7351
2614,15741
2614,16946
2614,28448
2615,2950
2615,9232
2615,11868
2615,13732
2615,20085
2615,26678
2615,27485
2616,6663
2616,26228
2617,4225
2617,4478
2617,10823
2617,14290
2617,16648
2617,19616
2617,23083
2617,23327
2617,25362
2617,28922
2618,3103
2618,3135
2618,9351
2618,13464
2618,13507
2618,16935
2618,22929
2618,26283
2619,19098
2620,2649
2620,2829
2620,10130
2620,20553
2621,7470
2621,8731
2621,11658
2621,19535
2621,22234
2622,3435
2622,3774
2622,6664
2622,8227
2622,10197
2622,10287
2622,14732
2622,16891
2622,17641
2622,18205
2622,22424
2622,26689
2622,27519
2622,28332
2623,3270
2623,9165
2623,19173
2623,23874
2623,27636
2623,28729
2624,4829
2624,12397
2624,21643
2624,23718
2625,2833
2625,2921
2625,3734
2625,4205
2625,9209
2625,12160
2625,13955
2625,14789
2625,15224
2625,17622
2625,18416
2625,19261
2625,20412
2625,22493
2625,22759
2625,23804
2625,26810
2626,3976
2626,5448
2626,8393
2627,7388
2627,13500
2627,16295
2627,19862
2627,21680
2628,3864
2628,6443
2628,7900
2628,12783
2628,20974
2628,22890
2629,3755
2629,10899
2629,18628
2629,19362
2629,28859
2630,22507
2631,7549
2631,20207
2631,24074
2632,2849
2632,3323
2632,6155
2632,6738
2632,7659
2632,8606
2632,14632
2632,16486
2632,16615
2632,17818
2632,18102
2632,20157
2633,4060
2633,12593
2633,16356
2633,29947
2634,23808
2635,3708
2635,3785
2635,5334
2635,10786
2635,11551
2635,11635
2635,14717
2635,16160
2635,27076
2636,4775
2636,5951
2636,7028
2636,8333
2636,19250
2636,23016
2636,26414
2636,28156
2637,6754
2637,11833
2637,14304
2637,19594
2637,22501
2638,2639
2638,3426
2638,4769
2638,5181
2638,6872
2638,8698
2638,8747
2638,9525
2638,10862
2638,11981
2638,12973
2638,13788
2638,14291
2638,15606
2638,16696
2638,16841
2638,19320
2638,20325
2638,20475
2638,21818
2638,24739
2638,27362
2638,29316
2639,9639
2639,17718
2639,18486
2639,20578
2639,20585
2639,21702
2639,27887
2640,2897
2640,9335
2640,10601
2640,12859
2640,17726
2640,17785
2641,4846
2641,5391
2641,6973
2641,7656
2641,10997
2641,11069
2641,16814
2641,17437
2641,28986
2642,7592
2642,8094
2642,16216
2642,16395
2643,2679
2643,5672
2643,6946
2643,7605
2643,15595
2643,19967
2643,24641
2644,2868
2644,3877
2644,4731
2644,4889
2644,4942
2644,6370
2644,8170
2644,9398
2644,23153
2644,24344
2645,2931
2645,3830
2645,11535
2645,13686
2645,15745
2645,22608
2645,24112
2645,26352
2645,26658
2646,3595
2646,5669
2646,8143
2646,8804
2646,8947
2646,9268
2646,11971
2646,15931
2646,22044
2646,25296
2647,3334
2647,4098
2647,4704
2647,7708
2647,10648
2647,17871
2647,21256
2647,27090
2647,27923
2647,29243
2648,3293
2648,4485
2648,6074
2648,23328
2648,23684
2648,26244
2648,26630
2648,29490
2649,6580
2649,7785
2649,12383
2649,12722
2649,13140
2649,15342
2649,17739
2650,5132
2650,5460
2650,6805
2650,7411
2650,25516
2651,5183
2651,5816
2651,9381
2651,29427
2652,3502
2652,3620
2652,4679
2652,6447
2653,17362
2653,27607
2654,3542
2654,6437
2654,14114
2655,5329
2655,6285
2655,7352
2655,10137
2655,15070
2655,19034
2655,21924
2655,22115
2655,22159
2656,4577
2656,9318
2656,13252
2656,17887
2656,21430
2656,22336
2656,29802
2657,3319
2657,19489
2657,24386
2657,27596
2658,2794
2658,3647
2658,4130
2658,9119
2658,15641
2658,16162
2658,18453
2658,22467
2659,24252
2659,26403
2660,7182
2660,13044
2660,14471
2660,26076
2661,4941
2661,22368
2661,22383
2661,25293
2662,14446
2662,16530
2662,20170
2663,3983
2663,12031
2663,15330
2663,15493
2663,17620
2663,27711
2663,29479
2664,3036
2664,3474
2664,27297
2664,27720
2664,27932
2665,3451
2665,3898
2665,3987
2665,11380
2665,13036
2665,14888
2665,15504
2665,21617
2665,22427
2665,27378
2665,28315
2666,4797
2666,11746
2666,19466
2667,3401
2667,6167
2667,10378
2667,13147
2667,20147
2669,6772
2669,15673
2669,24214
2670,2841
2670,3220
2670,4356
2670,6454
2670,9059
2670,15839
2670,16588
2670,18265
2670,18704
2670,20398
2670,24523
2670,25910
2670,28390
2671,4026
2671,7519
2672,2715
2672,4102
2673,7225
2673,9636
2673,18772
2674,3231
2674,4757
2674,4787
2674,8969
2674,9003
2674,10921
2674,13313
2674,13545
2674,16945
2674,28581
2674,29853
2675,3033
2675,4503
2675,4644
2675,6185
2675,6910
2675,6984
2675,7680
2675,9138
2675,9298
2675,10749
2675,11804
2675,13379
2675,13441
2675,18648
2675,19200
2675,19851
2675,20015
2675,23220
2675,26688
2676,3065
2676,4418
2676,4856
2676,7561
2676,12649
2676,14439
2676,17959
2676,21024
2676,22528
2676,24259
2676,28104
2676,28573
2677,4483
2677,5959
2677,6333
2677,8540
2677,11574
2677,17892
2677,18733
2677,21972
2677,24663
2677,28725
2678,3360
2678,4576
2678,21987
2678,28069
2679,3290
2679,5675
2679,8958
2679,14183
2679,26489
2679,29978
2680,4268
2680,5740
2680,16406
2680,24722
2680,28248
2681,6421
2681,7414
2681,28643
2682,14610
2682,21261
2682,29161
2683,2872
2683,3458
2683,6255
2683,6607
2683,9792
2683,10123
2683,16152
2683,16635
2683,23279
2684,4844
2684,7524
2684,26190
2685,6816
2685,21176
2686,5109
2686,5896
2686,7018
2686,12562
2686,20141
2686,26669
2687,3834
2687,6699
2687,21954
2688,7375
2688,7620
2689,2723
2689,3486
2689,3959
2689,6245
2689,8540
2689,8563
2689,9582
2689,11659
2689,12151
2689,16399
2689,18945
2689,25265
2689,25931
2690,3527
2690,4860
2690,5243
2690,6177
2690,7527
2690,8776
2690,11410
2690,12453
2690,15809
2690,15983
2690,18662
2690,19879
2690,22128
2690,22527
2690,23927
2690,25312
2690,25387
2690,27717
2691,11787
2691,12519
2691,15978
2691,19966
2691,22992
2691,24055
2692,3197
2692,3376
2692,5936
2692,6709
2692,7209
2692,11237
2692,13065
2692,13410
2692,22239
2692,25614
2693,2883
2693,4843
2693,8814
2693,9473
2693,11122
2693,11651
2693,18047
2693,20330
2693,21905
2693,23505
2693,26065
2694,4605
2694,6240
2694,7419
2694,8656
2694,8801
2694,10433
2694,17639
2694,18108
2694,18599
2694,25584
2694,26053
2694,28025
2695,3247
2695,3490
2695,5794
2695,11132
2695,15430
2695,19838
2695,20647
2695,22856
2695,24524
2695,28327
2696,8653
2696,9360
2696,12601
2697,4390
2697,11834
2697,12524
2697,16817
2697,22611
2698,2819
2698,4227
2698,6944
2698,9708
2698,20772
2698,21688
2698,26928
2699,5290
2699,6238
2699,14124
2699,14129
2699,14253
2699,15985
2699,27794
2700,5270
2700,7912
2700,12057
2700,14980
2700,19979
2700,20048
2700,23008
2700,23655
2700,24394
2701,9001
2701,9731
2701,11775
2701,14518
2701,15334
2702,2928
2702,3259
2702,3354
2702,4914
2702,7145
2702,8359
2702,16422
2702,24387
2702,24484
2703,2909
2703,4956
2703,6533
2703,6988
2703,7404
2703,8214
2703,11186
2703,11280
2703,13064
2703,13173
2703,13261
2703,19786
2703,20195
2703,24043
2704,3667
2704,3909
2704,5695
2704,7881
2704,8173
2704,15076
2704,27392
2705,5047
2705,9983
2706,5749
2706,11573
2706,12087
2706,13326
2706,18183
2706,20062
2707,5734
2707,6256
2707,7661
2707,16641
2707,19081
2707,27574
2710,3466
2710,9394
2710,11587
2710,16592
2710,16783
2710,23955
2710,29953
2711,2988
2711,4788
2711,6553
2711,15490
2712,5592
2712,12342
2712,16372
2712,16697
2712,28126
2713,6374
2713,25246
2714,3009
2714,6719
2714,7419
2714,8783
2714,9471
2714,12077
2714,20525
2714,27059
2715,3363
2715,15609
2715,19780
2715,25167
2715,25608
2716,8569
2716,8857
2716,10518
2716,11934
2716,20497
2717,8085
2717,28753
2718,13185
2718,19090
2719,3353
2719,8488
2719,8895
2719,23854
2719,27786
2721,4440
2721,10848
2721,24029
2721,24453
2721,24892
2721,29961
2722,4181
2722,8407
2722,9411
2722,16754
2722,18635
2722,21087
2722,22216
2723,6838
2723,9478
2723,12419
2723,14228
2723,15174
2723,18288
2723,22092
2723,25431
2723,25660
2724,6226
2724,7086
2724,7264
2724,9582
2724,10154
2724,15160
2724,19599
2724,23573
2724,25516
2725,3017
2725,28997
2726,9065
2726,14207
2726,28999
2726,29579
2727,3298
2727,7415
2727,8018
2727,8889
2727,11300
2727,12391
2727,14982
2727,18967
2727,21058
2727,25810
2727,29887
2728,4686
2728,5570
2728,5756
2728,5973
2728,11025
2728,17832
2728,26690
2729,3455
2729,8842
2729,12898
2729,15359
2730,2992
2730,4314
2730,4830
2730,4925
2730,6617
2730,7621
2730,7904
2730,14016
2730,14577
2730,20553
2730,20676
2730,21287
2731,14383
2731,18585
2732,11437
2732,19270
2732,22510
2732,28566
2733,4907
2733,5107
2733,15297
2733,17008
2733,17413
2733,22962
2733,29208
2734,3009
2734,3545
2734,3645
2734,5232
2734,6689
2734,7229
2734,11985
2734,13914
2734,17356
2734,18700
2734,19517
2734,25313
2734,25380
2734,25767
2734,28064
2735,6509
2735,11025
2736,5121
2736,11121
2736,15122
2736,16290
2736,18146
2736,20477
2736,27068
2736,27746
2736,29186
2737,3060
2737,3287
2737,4473
2737,4513
2737,5169
2737,15455
2738,4475
2738,8787
2738,13174
2738,16032
2738,17321
2738,19230
2738,20230
2738,28264
2739,3467
2739,12991
2740,10076
2740,13731
2740,14195
2740,20514
2740,23024
2740,27665
2740,28786
2741,4823
2741,5060
2741,6678
2741,9196
2742,18365
2743,3877
2743,5258
2743,8745
2743,9616
2743,29281
2744,2944
2744,4533
2744,9089
2744,9959
2744,11653
2745,4033
2745,12509
2745,19081
2745,19745
2746,3973
2746,7188
2746,10547
2746,23268
2746,25906
2747,4427
2747,6688
2747,8384
2747,12021
2747,27551
2747,28890
2748,13935
2748,17350
2748,22768
2748,24393
2748,26821
2748,29208
2749,3163
2749,5019
2749,11026
2749,14949
2749,17708
2749,18882
2749,23496
2750,5480
2750,6523
2750,7032
2750,8291
2750,9286
2750,10664
2750,11039
2750,11861
2750,17095
2750,27979
2750,29810
2751,3859
2751,6344
2751,12782
2751,13182
2751,13414
2751,14492
2751,15634
2751,22615
2751,27060
2752,4305
2752,4600
2752,5007
2752,7690
2752,8671
2752,8782
2752,9242
2752,11199
2752,18079
2752,25428
2752,27893
2753,16871
2753,20443
2754,14122
2754,18117
2754,22840
2754,24268
2754,27287
2755,3024
2755,3142
2755,3406
2755,11571
2755,12668
2755,21913
2755,25915
2755,26405
2756,2761
2756,2973
2756,4219
2756,5912
2756,6040
2756,8543
2756,9079
2756,11374
2756,11589
2756,13832
2756,15268
2756,19364
2756,20448
2756,21857
2757,5432
2757,8271
2757,9052
2757,10062
2757,20217
2757,22464
2757,24075
2758,2903
2758,4150
2758,6668
2758,7121
2758,7579
2758,8673
2758,8854
2758,11396
2758,12575
2758,13311
2758,14611
2758,14812
2758,15394
2758,15477
2758,15500
2758,16132
2758,16614
2758,16894
2758,18277
2758,19903
2758,20151
2758,23647
2758,25778
2758,26786
2758,27608
2758,28248
2758,29996
2759,22070
2759,26212
2760,6230
2760,8599
2760,8940
2760,10700
2760,11340
2760,12944
2760,17095
2760,17758
2760,20608
2760,22442
2760,24795
2760,26026
2760,29151
2761,12437
2761,12640
2761,14508
2761,25528
2761,27504
2762,4338
2762,9260
2762,10043
2762,11648
2762,16342
2762,18792
2763,6174
2763,6414
2763,14640
2763,18838
2763,28987
2764,3143
2764,3829
2764,7527
2764,16330
2765,3528
2765,3753
2765,4467
2765,4508
2765,5157
2765,7240
2765,7925
2765,8748
2765,9952
2765,10452
2765,13087
2765,13564
2765,13906
2765,16509
2765,17138
2765,22622
2765,23205
2765,24162
2765,24264
2765,24777
2765,25997
2765,28473
2766,2904
2766,6148
2766,9410
2766,10021
2766,11052
2766,11594
2766,14230
2766,17675
2766,21469
2766,21945
2766,23405
2767,21180
2767,22651
2767,27851
2768,2920
2768,3822
2768,7443
2768,8358
2768,13372
2768,15342
2768,15468
2768,22491
2768,25167
2768,27023
2768,28770
2768,28884
2769,5318
2769,8792
2769,10704
2769,13742
2769,18850
2769,22217
2770,3241
2770,4952
2770,5806
2770,7902
2770,8490
2770,8948
2770,9277
2770,12721
2770,13050
2770,14336
2770,15451
2770,22844
2770,23026
2770,25555
2771,14981
2772,10394
2772,10644
2772,12044
2772,17233
2772,19402
2772,22169
2772,24471
2772,25123
2773,8038
2773,9459
2773,14257
2773,15371
2773,17410
2773,27848
2773,29685
2774,4658
2774,6672
2774,11440
2774,12088
2774,21176
2774,24164
2774,26052
2775,3848
2775,5550
2775,6460
2775,6910
2775,7213
2775,8333
2775,15248
2775,17302
2775,22592
2775,24788
2775,25238
2776,2929
2776,4244
2776,4647
2776,7597
2776,8198
2776,8251
2776,8277
2776,9150
2776,11413
2776,11845
2776,18059
2776,20332
2776,22304
2776,25087
2776,27331
2777,5164
2777,5246
2777,5602
2777,7582
2777,10049
2777,10339
2777,11381
2777,11415
2777,13556
2777,14263
2777,15828
2777,15936
2777,20626
2777,26091
2778,14003
2779,3154
2779,3893
2779,4768
2779,5350
2779,7344
2779,9702
2779,14674
2779,15389
2779,22947
2779,28255
2780,13099
2780,18552
2780,18591
2780,25675
2780,27430
2781,3084
2781,3386
2781,3854
2781,5022
2781,6129
2781,6451
2781,7461
2781,9239
2781,10179
2781,17157
2781,22851
2781,23507
2782,2951
2782,4075
2782,5606
2782,7019
2782,8563
2782,10035
2782,11067
2782,11539
2782,13251
2782,13361
2782,16078
2782,16223
2782,22824
2782,24740
2782,25974
2782,27529
2782,27702
2782,28526
2783,4076
2783,17175
2783,19742
2783,27177
2784,3190
2784,3833
2784,6263
2784,6786
2784,6905
2784,8248
2784,8697
2784,11009
2784,13347
2784,14085
2784,14443
2784,15100
2784,15554
2784,15929
2784,16253
2784,20135
2784,21178
2784,23094
2784,26331
2784,27518
2785,3747
2785,3829
2785,3839
2785,4144
2785,5223
2785,8562
2785,8779
2785,9149
2785,10114
2785,10518
2785,11839
2785,14039
2785,14277
2785,15997
2785,18284
2785,26450
2785,26611
2785,26993
2785,27675
2786,2816
2786,3070
2786,4204
2786,4469
2786,4595
2786,4866
2786,5906
2786,6316
2786,6797
2786,7749
2786,8307
2786,9051
2786,12519
2786,13656
2786,14736
2786,15092
2786,15393
2786,15529
2786,15856
2786,19532
2786,19871
2786,22466
2786,24281
2786,26807
2786,26929
2786,27805
2786,27982
2786,29124
2787,3477
2787,3958
2787,4939
2787,7028
2787,15754
2787,16605
2787,20294
2788,3027
2788,4236
2788,14772
2788,15960
2788,17701
2788,17734
2789,4400
2789,4404
2789,6651
2789,7867
2789,10171
2789,15508
2789,18140
2789,21242
2789,22535
2789,26291
2790,5213
2790,5983
2790,6265
2790,7836
2790,13065
2790,14072
2790,18361
2790,20117
2791,5711
2791,22274
2792,4335
2792,4353
2792,4759
2792,6671
2792,9412
2792,12205
2792,16094
2792,19782
2793,2800
2793,5024
2793,9464
2793,21345
2793,25762
2794,7743
2794,11499
2794,11597
2794,12903
2794,14843
2794,16442
2794,21056
2794,26391
2795,3504
2795,4778
2795,6626
2795,7392
2795,8423
2795,9182
2795,14362
2795,16474
2795,20173
2795,23300
2795,27902
2795,28162
2795,29710
2796,3165
2796,8696
2797,4914
2797,8707
2797,11918
2797,12145
2797,12897
2797,18112
2797,20345
2798,2911
2798,3959
2798,3985
2798,4128
2798,4593
2798,4700
2798,4839
2798,5403
2798,5765
2798,5922
2798,7117
2798,7872
2798,8648
2798,10864
2798,12410
2798,13277
2798,13366
2798,15914
2798,16829
2798,17745
2798,21169
2798,21347
2798,23797
2798,24874
2798,25488
2798,26874
2798,27102
2798,27802
2799,2953
2799,4009
2799,7540
2799,10114
2799,11463
2799,21707
2799,21752
2800,4567
2800,5037
2800,7334
2800,9176
2800,10069
2800,12792
2800,28239
2800,29249
2802,2906
2802,15488
2802,16801
2802,16875
2802,27104
2803,10977
2803,16018
2804,18368
2804,21316
2804,25805
2804,28293
2805,5291
2805,10014
2805,22614
2805,24409
2805,25676
2805,27648
2806,4532
2806,8045
2806,8576
2806,11388
2806,16230
2806,20132
2806,21291
2806,22274
2806,25050
2806,26179
2806,27563
2807,3200
2807,4198
2807,4978
2807,5566
2807,10633
2807,11115
2807,11414
2807,14484
2807,16857
2807,19000
2807,22723
2807,29824
2808,2940
2808,2969
2808,3716
2808,3821
2808,4484
2808,5852
2808,6542
2808,10474
2808,10788
2808,10849
2808,11791
2808,16512
2808,17224
2808,18210
2808,20060
2808,20221
2808,20371
2808,22367
2808,24725
2808,24869
2809,3821
2809,6447
2809,18305
2809,27145
2810,4021
2810,6397
2810,15157
2810,21447
2810,22899
2811,15389
2811,17550
2811,23829
2812,5937
2812,7053
2812,8415
2812,8785
2812,17215
2812,19442
2812,26561
2812,27335
2812,28483
2813,11504
2813,23132
2814,7422
2815,5468
2815,8831
2815,11238
2815,19159
2815,27847
2816,3135
2816,11547
2817,3991
2817,5564
2817,5963
2817,10646
2817,14441
2817,22988
2817,26359
2818,3466
2818,23152
2819,7863
2819,18430
2819,19273
2820,3599
2820,4266
2820,9237
2820,19186
2821,3010
2821,3194
2821,4438
2821,10171
2821,24403
2822,5167
2822,7440
2822,7821
2822,10999
2822,11769
2822,12866
2822,15728
2822,15780
2822,18377
2822,19984
2822,24899
2823,4089
2823,10264
2823,12723
2823,16523
2823,17611
2823,18333
2823,22230
2823,27037
2823,28340
2824,4193
2824,5709
2824,7234
2824,11777
2824,12047
2824,16230
2824,18759
2824,19146
2824,19740
2824,23318
2824,24311
2824,24807
2825,3535
2825,5296
2825,6891
2825,7088
2825,8223
2825,9640
2825,9884
2825,14080
2826,4043
2826,5540
2826,5739
2826,10855
2826,23006
2826,27454
2826,28146
2827,18378
2828,4447
2828,8421
2828,17814
2828,24541
2829,10144
2829,21495
2829,25974
2830,3190
2830,3729
2830,4808
2830,5365
2830,6464
2830,14672
2830,16993
2830,17359
2830,20289
2830,21082
2830,22780
2831,4079
2831,5086
2831,5324
2831,5336
2831,16804
2831,21998
2831,26936
2831,28157
2832,3501
2832,3814
2832,7775
2832,9887
2832,11491
2832,17875
2832,23494
2833,13474
2833,29755
2834,26125
2835,6714
2835,8466
2835,13350
2836,4916
2836,5686
2836,6614
2836,9985
2836,16340
2836,20198
2836,21711
2836,22069
2836,22151
2837,8335
2837,11826
2837,12102
2837,12836
2837,17290
2837,17865
2837,25887
2837,26444
2838,3325
2838,24202
2839,3579
2839,12788
2839,13747
2839,18184
2839,25631
2840,3256
2840,6290
2840,7314
2840,9900
2840,10161
2840,11804
2841,4034
2841,4168
2841,10713
2841,11888
2841,13022
2841,13382
2842,5962
2842,6057
2842,7944
2842,8464
2842,12671
2842,18249
2842,19597
2842,20588
2842,20612
2842,23821
2842,24245
2842,25568
2843,18541
2844,18333
2845,3964
2845,6594
2845,21223
2845,22984
2846,21511
2847,2980
2847,3440
2847,4092
2847,8802
2847,11362
2847,11444
2847,22328
2847,27420
2848,3608
2848,4036
2848,14463
2848,18889
2848,25672
2848,28278
2849,3287
2849,22094
2849,24750
2849,29805
2850,6307
2850,7401
2850,10179
2850,14927
2850,15073
2850,27734
2851,3183
2851,5412
2851,8960
2851,9453
2851,10462
2851,13274
2851,14916
2851,20160
2851,22640
2851,23061
2851,23163
2851,23756
2851,26405
2851,27829
2852,14135
2853,8139
2854,3277
2854,6243
2854,11991
2854,15296
2854,16923
2854,16935
2854,25459
2855,9800
2856,9263
2856,9850
2856,16315
2856,29478
2857,5056
2857,11149
2857,17193
2857,22214
2857,24413
2857,29566
2858,4697
2858,8996
2858,10356
2858,11153
2858,17355
2859,23555
2859,25353
2860,5874
2860,10278
2860,11854
2860,24403
2860,28526
2861,3096
2861,4986
2861,5506
2861,11850
2861,15988
2861,18028
2861,21898
2861,24896
2861,28665
2862,4847
2862,7010
2862,8154
2862,9155
2862,11969
2862,18047
2862,18083
2862,18879
2862,19222
2862,23414
2862,27776
2862,28202
2862,28673
2863,4738
2863,5763
2863,6163
2863,7106
2863,8756
2863,12665
2863,13761
2863,14581
2863,16537
2863,19478
2863,23715
2863,24509
2863,26824
2864,3334
2865,5719
2865,6752
2865,16617
2865,16984
2865,17301
2866,6197
2866,6240
2866,6911
2866,13187
2866,13193
2866,15981
2866,16391
2866,23980
2866,24458
2866,26605
2867,4796
2867,10955
2867,13855
2867,25476
2868,7122
2868,12922
2868,15042
2868,16196
2869,5044
2869,7002
2869,14787
2869,15551
2870,3722
2870,5002
2870,5467
2870,7660
2870,7970
2870,9514
2870,11448
2870,14200
2870,17596
2870,20966
2871,4683
2871,9316
2871,9361
2871,12939
2871,13178
2871,23467
2871,27485
2872,3615
2872,9604
2872,10063
2872,13609
2872,24414
2872,26601
2873,3244
2873,7314
2873,8049
2873,19071
2873,19888
2873,25259
2874,4640
2874,11515
2874,12767
2874,19501
2874,20307
2874,22047
2875,4605
2875,8822
2875,13445
2875,13609
2875,18353
2875,19637
2875,21514
2875,23618
2875,26099
2875,28973
2876,5759
2876,9238
2876,10203
2876,24447
2877,3781
2877,4876
2877,21680
2877,29263
2878,15589
2879,3141
2879,3263
2879,3924
2879,4664
2879,6814
2879,8721
2879,13820
2879,14221
2879,15442
2879,16589
2879,17875
2879,23587
2879,25671
2879,26724
2879,26784
2879,27064
2880,5407
2880,5472
2880,7439
2880,10481
2880,16382
2880,25664
2880,26680
2881,3916
2881,5606
2881,7666
2881,9913
2881,18884
2882,4848
2882,6233
2882,6757
2882,14595
2882,18282
2882,29847
2883,3918
2883,4983
2883,7006
2883,15817
2883,24733
2884,3351
2884,4509
2884,4604
2884,6166
2884,11012
2884,15044
2884,17495
2884,22308
2884,23941
2885,3776
2885,4950
2885,5316
2885,6033
2885,7667
2885,7832
2885,8578
2885,9416
2885,12591
2885,13544
2885,14936
2885,22107
2885,25657
2885,27883
2886,3939
2886,5436
2886,5706
2886,6544
2886,6646
2886,10284
2886,15839
2886,17515
2886,25403
2887,6799
2887,9096
2887,12493
2887,14134
2887,23525
2887,28208
2888,3018
2888,7118
2888,8186
2888,9317
2888,22495
2888,26539
2888,27206
2888,28141
2888,29615
2889,3245
2889,6193
2889,9657
2889,11803
2889,12896
2889,13503
2889,15899
2889,29102
2890,3371
2890,3576
2890,4171
2890,5469
2890,5803
2890,6250
2890,6778
2890,7879
2890,7953
2890,7989
2890,9573
2890,11048
2890,17269
2890,21445
2890,22837
2890,26909
2890,28348
2891,3888
2891,4963
2891,5695
2891,7749
2891,8255
2891,9986
2891,15166
2891,22392
2891,25575
2891,28266
2892,10512
2892,11376
2892,11406
2892,12549
2892,13710
2892,14721
2892,18212
2892,28267
2893,11108
2893,11905
2893,19151
2893,23771
2893,25666
2893,27544
2894,3630
2894,7983
2894,10694
2894,15083
2894,15721
2894,17195
2894,17914
2894,18481
2894,20008
2894,21502
2894,25061
2894,25293
2894,25941
2894,27304
2894,29654
2895,26940
2896,4601
2896,8692
2896,11694
2896,12324
2896,13497
2896,13867
2896,26849
2897,5342
2897,7851
2897,8564
2897,9944
2897,10262
2897,10309
2897,17110
2897,20359
2897,20430
2897,20656
2897,26931
2897,26971
2898,7854
2898,8194
2898,9244
2898,10252
2898,15046
2898,20245
2898,23024
2898,29090
2899,4524
2899,4797
2899,4842
2899,5525
2899,7174
2899,8406
2899,9592
2899,27460
2900,4271
2900,5802
2900,6221
2900,6262
2900,6768
2900,9462
2900,10548
2900,11315
2900,11866
2900,11990
2900,12388
2900,12494
2900,14109
2900,16046
2900,16099
2900,16772
2900,17056
2900,17072
2900,18353
2900,18514
2900,21929
2900,22657
2900,25417
2900,27183
2900,27505
2900,28901
2900,28936
2901,6877
2901,13509
2901,16318
2901,17319
2901,27005
2901,27605
2902,4605
2902,6295
2902,10776
2902,11100
2902,15328
2902,15594
2902,25436
2902,27521
2903,8489
2903,11490
2903,13651
2903,19528
2903,22935
2903,29378
2904,3266
2904,7884
2904,9920
2904,11530
2904,15026
2904,25624
2905,4247
2905,16370
2906,5126
2906,9516
2906,12084
2906,14393
2906,15774
2906,17281
2906,21733
2906,22757
2906,26871
2907,5158
2907,6595
2907,8339
2907,15612
2907,19474
2907,20534
2907,22425
2907,23348
2908,7777
2908,8024
2908,10401
2908,15246
2908,16723
2908,17520
2908,20433
2908,21724
2908,26845
2909,6931
2909,25299
2910,4017
2910,7797
2910,8695
2910,8849
2910,9215
2910,12703
2910,13290
2910,15391
2910,15863
2910,17608
2910,17644
2910,18164
2910,21702
2910,27075
2910,29507
2910,29692
2911,7036
2911,9507
2911,13902
2911,18174
2911,21940
2911,23991
2911,25570
2911,27151
2911,27889
2913,6294
2913,12137
2913,13054
2913,14509
2913,15183
2913,19901
2913,20033
2913,22870
2913,23409
2913,24682
2913,26886
2914,17199
2915,9543
2915,13904
2915,15166
2916,4180
2916,4632
2916,12235
2916,20402
2917,5480
2917,8047
2917,15861
2917,16773
2917,23082
2918,3594
2918,7564
2918,11977
2918,28284
2919,6298
2919,7033
2919,8351
2919,9488
2919,10484
2919,14892
2919,19385
2919,27909
2919,28218
2920,4849
2920,5224
2920,7504
2920,8516
2920,9398
2920,12639
2920,23818
2920,24665
2920,26753
2921,6201
2921,8991
2921,11169
2921,27069
2922,5452
2922,7768
2922,8619
2922,11612
2922,12537
2922,15519
2922,17549
2922,22017
2922,27207
2923,3109
2923,7423
2923,11099
2923,19239
2923,23887
2924,23845
2924,25784
2925,3637
2925,4980
2925,5846
2925,5942
2925,6312
2925,7351
2925,7482
2925,8064
2925,11513
2925,11876
2925,12620
2925,13597
2925,13736
2925,14515
2925,15374
2925,15679
2925,17076
2925,21195
2925,25047
2925,29403
2926,7656
2926,8233
2926,9105
2926,9231
2926,22893
2927,4631
2927,5332
2927,7527
2927,22165
2928,3172
2928,6277
2928,6456
2928,9752
2928,12925
2929,7874
2929,10882
2929,12430
2929,18873
2929,27027
2930,5959
2930,15003
2930,16510
2930,19144
2930,28780
2931,2955
2931,5214
2931,5670
2931,14344
2931,16152
2931,17759
2931,22010
2932,3068
2932,5479
2932,9361
2932,12539
2932,24359
2932,25336
2932,28974
2933,3378
2933,4528
2933,4923
2933,5759
2933,6015
2933,6361
2933,7361
2933,7977
2933,11192
2933,12556
2933,20093
2933,22024
2933,22619
2933,29169
2934,12234
2935,3543
2935,3664
2935,3950
2935,7113
2935,15808
2936,4848
2936,4886
2936,8220
2936,9634
2936,11001
2936,14952
2936,17142
2936,22775
2936,24573
2936,28352
2937,4099
2937,5315
2937,7199
2937,9973
2937,14223
2937,14644
2937,18341
2937,29302
2938,3089
2938,4342
2938,5713
2938,6193
2938,9057
2938,9669
2938,9732
2938,12427
2938,14210
2938,20377
2938,25028
2939,2987
2939,3045
2939,3246
2939,4498
2939,4673
2939,5757
2939,8027
2939,8232
2939,8312
2939,12814
2939,14825
2939,16474
2939,17223
2939,19775
2939,21450
2939,22036
2939,25100
2941,6563
2941,8334
2941,16356
2942,4142
2942,10859
2943,4033
2943,4841
2943,7822
2943,13488
2943,21393
2943,26206
2943,27406
2943,27411
2943,29912
2944,3530
2944,4003
2944,4525
2944,4527
2944,6159
2944,14067
2944,15908
2944,15968
2944,18770
2944,21009
2944,21168
2944,25230
2944,25458
2945,6550
2945,7190
2946,5629
2947,5177
2947,9531
2947,13495
2947,14343
2947,17363
2947,17733
2947,18441
2947,23851
2947,25495
2947,27580
2947,28446
2947,29642
2948,4920
2948,6605
2948,7587
2948,11353
2948,13144
2948,13348
2948,27038
2948,27700
2949,4625
2949,6057
2949,7619
2949,8056
2949,8135
2949,9141
2949,9465
2949,9667
2949,14553
2949,16501
2949,19955
2949,20871
2949,22423
2949,23520
2950,4507
2950,5371
2950,26212
2950,28909
2951,3505
2951,3733
2951,5685
2951,12006
2951,13649
2951,14949
2951,27495
2952,11458
2952,14139
2952,22219
2953,5054
2953,7624
2953,7758
2953,7892
2953,8552
2953,9494
2953,9597
2953,15149
2953,20165
2953,22206
2953,24057
2953,24191
2953,26771
2953,28376
2953,29325
2953,29962
2954,15384
2954,18690
2955,3311
2955,4640
2955,6410
2955,6495
2955,9121
2955,10450
2955,14785
2955,14865
2955,16463
2955,16949
2955,17005
2955,24373
2955,26594
2955,28885
2956,5149
2956,11555
2956,27512
2956,29818
2958,3807
2958,5259
2958,6031
2958,11439
2958,13391
2958,17481
2958,18820
2958,19695
2958,23490
2958,23563
2958,24463
2959,4135
2959,5350
2959,9767
2959,10758
2959,12641
2959,19043
2959,24502
2960,6329
2960,8472
2960,8738
2960,9443
2960,9675
2960,12289
2960,15122
2960,16458
2960,19632
2960,21140
2960,23633
2960,23802
2960,25581
2960,26733
2960,29664
2961,4668
2961,17209
2961,22003
2961,22667
2962,3294
2962,5834
2962,7198
2962,7442
2962,13921
2962,18487
2962,20069
2963,4553
2963,10426
2963,10564
2964,3182
2964,4678
2964,5174
2964,7515
2964,11083
2964,11880
2964,16234
2964,16311
2964,16415
2964,23199
2964,24543
2964,27321
2964,29746
2965,3068
2965,3373
2965,3911
2965,4600
2965,6572
2965,6779
2965,7794
2965,15745
2965,16596
2965,16973
2965,17692
2965,19484
2965,21408
2965,22962
2965,24116
2965,25941
2965,26051
2965,27868
2966,4897
2966,8680
2966,10911
2966,23189
2966,29897
2967,5752
2967,5782
2967,6243
2967,7732
2967,9666
2967,10525
2967,12508
2967,18516
2967,19117
2967,20762
2967,29682
2969,3394
2969,3477
2969,8427
2969,10128
2969,16402
2969,17969
2969,26947
2969,29696
2970,4481
2970,8570
2970,9188
2970,18725
2970,21133
2971,3047
2971,6440
2971,6544
2971,12166
2971,13949
2971,16068
2971,19102
2971,20438
2972,3409
2972,12788
2972,14962
2972,17980
2972,27162
2972,28314
2973,5920
2973,11155
2973,14673
2973,23616
2973,25291
2974,8909
2974,10857
2974,14940
2974,19975
2975,13384
2975,15258
2976,4298
2976,6201
2976,11661
2976,15854
2977,3426
2977,3748
2977,4055
2977,4802
2977,5866
2977,6123
2977,6747
2977,7672
2977,7735
2977,8170
2977,12324
2977,13085
2977,13723
2977,14634
2977,15660
2977,16448
2977,17023
2977,19401
2977,19714
2977,19833
2977,20898
2977,21226
2977,21303
2977,22318
2977,23519
2977,24820
2977,27767
2977,29153
2978,4570
2978,6034
2978,6654
2978,16742
2978,18326
2978,19193
2978,20763
2978,26061
2978,27136
2978,27401
2978,29935
2979,3782
2979,5345
2979,7426
2979,9424
2979,18440
2979,22445
2980,3230
2980,5365
2980,9949
2980,17953
2980,23247
2981,5526
2981,5735
2981,7196
2981,7409
2981,9439
2981,14210
2981,15974
2982,28757
2983,3232
2983,6220
2983,14225
2984,4725
2984,6826
2984,8907
2984,11078
2984,11858
2984,12165
2984,25151
2984,27334
2985,5955
2985,7161
2985,7761
2985,8797
2985,14862
2985,18412
2985,21836
2985,22743
2985,26682
2985,27453
2985,28026
2985,28900
2986,3258
2986,20918
2987,6496
2987,10804
2987,12658
2987,13845
2987,17802
2987,19342
2987,23795
2987,24679
2987,25005
2987,26157
2987,28333
2987,29802
2988,6362
2988,7427
2988,12201
2988,28499
2988,29918
2989,3817
2989,5728
2989,13849
2989,15712
2989,15975
2989,17917
2989,27618
2990,3610
2990,3723
2990,4353
2990,20509
2991,3149
2991,8407
2991,11438
2991,18701
2991,29431
2992,3823
2992,4866
2992,5421
2992,19854
2992,22635
2995,3788
2995,6615
2995,7461
2995,7829
2995,8303
2995,14219
2995,16142
2995,16557
2995,16896
2995,18512
2995,29264
2996,19663
2996,22798
2997,10207
2997,13737
2997,14823
2997,19058
2997,20704
2998,8659
2998,9683
2998,9839
2998,15049
2998,20665
2999,21921
2999,24338
3000,6204
3000,9183
3000,9436
3000,17175
3000,18981
3001,3262
3001,3404
3001,6068
3001,8658
3001,8868
3001,16112
3001,18740
3001,19000
3001,19339
3001,20860
3001,22384
3001,23923
3001,26274
3002,4018
3002,4411
3002,4747
3002,5510
3002,12334
3002,18346
3002,21375
3002,26225
3003,8634
3003,15640
3003,18121
3003,21561
3003,24904
3003,25881
3003,26919
3004,3887
3004,9314
3004,14421
3004,21166
3004,23530
3004,25673
3005,10193
3005,25181
3006,7286
3006,15215
3006,24933
3006,28372
3007,11693
3007,11760
3007,13933
3007,21795
3007,23724
3007,27459
3008,5596
3008,5826
3008,6605
3008,7510
3008,9891
3008,11860
3008,17680
3008,25128
3008,26237
3008,29583
3009,3537
3009,6003
3009,7727
3009,8723
3009,9241
3009,9569
3009,10131
3009,13546
3009,16868
3010,3341
3010,11538
3010,19266
3010,23102
3010,26334
3011,5114
3011,16976
3012,5962
3012,8721
3012,9901
3012,18299
3012,25833
3013,3161
3013,3925
3013,7109
3013,9391
3013,9426
3013,12865
3013,13226
3013,14948
3013,22428
3013,25239
3013,25764
3013,25898
3013,28079
3014,3490
3014,5343
3014,5858
3014,6338
3014,7685
3014,13060
3014,16690
3014,16873
3014,20689
3014,22648
3014,29056
3015,11482
3015,14321
3015,19711
3016,17723
3017,4223
3017,4671
3017,5762
3017,8193
3017,9546
3017,15090
3017,17746
3017,18488
3017,20138
3017,28127
3018,3287
3018,6628
3018,15263
3019,6919
3019,8162
3019,10889
3019,18590
3019,24095
3020,3982
3020,4207
3020,4227
3020,4240
3020,6268
3020,6727
3020,10269
3020,11086
3020,12139
3020,14086
3020,15611
3020,19042
3020,26001
3021,17957
3022,3330
3022,3715
3022,3766
3022,5936
3022,8302
3022,8638
3022,9420
3022,9829
3022,10351
3022,11705
3022,14550
3022,17594
3022,23130
3022,24138
3022,25305
3022,25681
3022,25695
3022,25840
3023,3400
3023,8903
3023,9759
3023,11777
3023,14362
3023,14669
3023,14751
3023,15139
3023,15672
3023,26155
3023,27975
3024,4520
3024,6401
3024,9194
3024,9621
3024,10609
3024,18356
3024,28047
3025,8146
3025,11808
3025,15367
3025,19605
3025,24444
3025,26858
3025,27587
3026,6173
3026,13228
3026,16395
3026,26265
3027,3980
3027,4831
3027,7260
3027,10929
3027,14600
3027,16234
3027,29618
3028,5266
3028,5295
3028,11228
3028,15695
3029,5795
3029,8305
3029,22541
3029,26472
3030,3188
3030,3545
3030,6912
3030,7782
3030,11549
3030,14246
3030,21861
3030,27054
3031,3217
3031,6535
3031,8820
3031,9145
3031,9233
3031,11771
3031,14643
3031,19916
3031,21172
3031,23577
3031,24069
3031,26547
3032,6237
3032,6363
3032,7734
3032,14815
3032,18806
3032,24232
3033,10307
3034,11087
3034,15012
3034,19172
3035,6338
3035,7517
3035,24667
3035,25942
3036,17527
3037,9770
3037,19956
3037,20749
3037,27755
3038,5032
3038,10101
3038,19370
3038,24289
3038,24716
3039,3963
3039,4546
3039,7460
3039,9722
3039,15186
3039,18718
3039,20934
3039,24522
3039,24623
3040,3722
3040,6081
3040,7480
3040,9364
3040,10134
3040,11192
3040,11469
3040,12176
3040,13431
3040,16011
3040,19322
3040,22926
3041,4889
3041,8406
3041,14867
3041,27303
3041,29905
3042,3174
3042,5069
3042,19410
3042,23734
3043,4264
3043,5316
3043,5401
3043,6735
3043,8475
3043,9850
3043,22692
3044,23224
3045,10702
3046,6286
3046,6703
3046,7037
3046,8685
3046,11088
3046,13876
3046,14590
3046,15886
3046,23589
3046,24943
3047,6859
3047,8553
3047,11939
3047,13841
3047,14131
3047,21224
3047,26385
3047,29737
3048,24197
3048,24651
3050,6347
3050,8513
3050,9093
3050,9390
3050,11873
3050,12364
3050,16255
3050,16988
3050,17974
3051,10504
3051,16025
3051,16796
3052,7064
3052,11355
3052,11556
3052,11560
3052,13724
3052,16225
3052,21309
3052,26602
3052,29192
3053,4715
3053,7289
3053,12490
3054,5959
3054,10083
3054,12947
3055,3134
3055,3361
3055,7648
3055,8241
3055,9706
3055,10928
3055,12234
3055,13529
3055,25771
3056,5650
3056,5925
3056,11649
3056,17294
3056,18173
3056,27326
3057,18383
3058,16186
3058,20585
3058,22558
3059,5890
3059,6349
3059,6822
3059,7454
3059,9521
3059,13265
3059,17518
3059,24500
3059,25140
3059,27205
3059,27840
3059,28825
3060,8215
3060,10949
3060,11776
3060,12012
3060,13893
3060,16987
3061,3562
3061,4768
3061,7786
3061,12374
3061,22599
3061,27295
3061,29869
3062,9469
3062,14363
3062,15667
3062,19580
3062,19805
3062,27447
3062,28039
3063,3282
3063,4852
3063,5524
3063,8178
3063,12362
3063,13327
3063,14783
3063,19259
3063,27066
3064,3795
3064,12184
3064,18726
3064,19460
3064,23798
3065,7605
3065,8119
3065,13209
3065,13992
3065,15565
3066,3894
3066,4269
3066,4376
3066,7013
3066,11054
3066,11832
3066,16445
3066,19601
3066,24976
3067,14702
3067,16399
3067,16636
3067,28068
3067,28819
3069,8509
3069,14469
3069,18131
3069,26251
3069,29081
3070,3121
3070,3674
3070,4703
3070,8428
3070,8756
3070,9979
3070,10340
3070,11604
3070,15278
3070,15280
3070,19710
3070,19960
3070,21073
3070,21339
3070,22753
3070,23713
3070,26371
3071,3324
3071,3946
3071,5645
3071,6168
3071,6655
3071,7706
3071,7788
3071,12724
3071,14064
3071,15035
3071,15128
3071,15804
3071,16016
3071,16372
3071,17371
3071,18695
3071,24122
3072,3740
3072,4559
3072,9263
3072,9879
3072,21746
3072,23825
3072,26521
3072,27749
3073,4355
3073,5491
3073,5525
3073,7065
3073,7344
3073,11739
3073,13017
3073,13037
3073,13558
3073,15600
3073,22445
3073,23019
3073,25205
3074,3899
3074,4918
3074,10344
3074,10557
3074,11156
3074,21873
3074,22446
3074,22695
3074,23208
3075,4501
3075,5568
3075,18978
3076,3373
3076,3955
3076,6781
3076,13833
3076,16484
3076,16963
3076,19223
3076,25476
3077,3093
3077,3791
3077,6923
3077,7941
3077,9390
3077,10210
3077,10820
3077,11472
3077,11559
3077,15347
3077,16324
3077,24524
3077,25427
3077,26681
3078,8798
3078,18683
3078,27076
3079,7139
3079,7518
3079,9984
3079,10390
3079,10491
3079,13572
3079,13623
3079,14147
3079,19036
3079,19076
3079,22768
3079,24397
3079,29679
3080,4302
3080,4488
3080,5634
3080,6757
3080,10498
3080,11339
3080,12765
3080,12904
3080,14166
3080,15732
3080,19089
3080,20295
3080,26581
3080,29535
3081,5905
3081,6907
3081,19418
3082,7751
3082,9858
3082,10073
3082,11044
3082,19924
3082,22494
3082,24460
3082,28744
3083,7244
3083,7622
3083,7670
3083,8359
3083,10099
3083,11295
3083,11349
3083,12535
3083,14120
3083,15397
3083,15467
3083,17928
3083,19994
3084,3397
3084,4474
3084,5310
3084,5676
3084,5886
3084,6703
3084,7272
3084,7821
3084,8147
3084,24789
3084,27741
3084,28675
3085,5544
3085,7806
3085,17542
3085,22070
3085,27852
3085,29533
3085,29950
3086,13819
3086,13854
3086,23424
3087,7617
3087,14994
3087,17475
3087,25505
3088,4082
3088,6994
3088,16651
3088,19929
3088,21091
3088,24520
3089,9554
3089,11792
3089,13104
3089,13198
3089,19179
3089,23433
3090,8597
3090,9803
3090,19211
3090,21562
3090,24022
3090,27355
3091,3403
3091,6654
3091,7633
3091,10223
3091,13129
3091,20303
3091,23815
3091,26505
3092,4001
3092,4989
3092,9446
3092,13679
3092,21106
3092,23128
3093,5013
3094,7256
3094,8436
3094,22733
3095,5663
3095,12913
3095,13381
3095,13779
3095,16561
3095,16692
3096,5763
3096,6774
3096,9228
3096,9576
3096,11764
3096,14524
3096,15169
3096,26456
3096,28614
3097,9779
3097,20893
3098,3336
3098,7522
3098,10338
3098,11508
3098,23603
3099,3241
3099,6991
3099,20021
3099,22296
3101,3239
3101,6359
3101,12116
3101,14399
3101,18525
3101,20272
3101,22906
3101,27787
3102,7308
3102,13067
3103,3873
3103,5072
3103,5257
3103,7091
3103,9586
3103,10855
3103,12576
3103,12956
3103,13374
3103,14673
3103,15387
3103,18598
3103,23513
3104,5618
3104,13273
3104,13603
3104,19684
3104,29685
3105,3255
3105,5088
3105,6697
3105,7270
3105,12101
3105,13003
3106,20938
3106,20950
3106,29207
3107,8394
3107,11645
3107,28546
3108,12792
3108,16248
3108,20484
3108,27429
3108,28850
3108,29822
3109,4267
3109,14477
3109,24436
3110,3471
3110,3740
3110,4250
3110,4522
3110,6588
3110,8282
3110,10089
3110,10258
3110,11256
3110,13407
3110,14140
3110,18873
3110,21579
3110,25645
3110,29706
3111,8301
3111,21888
3112,3496
3112,4760
3112,6357
3112,8482
3112,10866
3112,14296
3112,15069
3112,15163
3112,19209
3112,22317
3112,27296
3113,3994
3113,15418
3113,19859
3113,26919
3113,28720
3114,3749
3114,6015
3114,7374
3114,16396
3114,17137
3114,18061
3115,8217
3115,14545
3115,18617
3115,22854
3115,29239
3115,29481
3117,3239
3117,3566
3117,4122
3117,8992
3117,12687
3117,13140
3117,19428
3117,27650
3118,5229
3118,16096
3118,17795
3118,28476
3119,3273
3119,4894
3119,6328
3119,9877
3119,12855
3119,14076
3119,15479
3119,19077
3119,22177
3119,26926
3120,9161
3120,10489
3120,14011
3120,27374
3121,3150
3121,3635
3121,5497
3121,12085
3121,12332
3121,21093
3121,25643
3121,28799
3122,6282
3122,7664
3122,18804
3122,23047
3123,19134
3123,27422
3123,27954
3124,4006
3124,5285
3124,8750
3124,9164
3124,9735
3124,20199
3124,25384
3124,26392
3124,27427
3124,29171
3124,29698
3125,9230
3126,3176
3126,11651
3126,13837
3126,24665
3126,24764
3127,7539
3127,13689
3127,14271
3128,4120
3128,12411
3128,12918
3129,16118
3129,17385
3129,21450
3130,3795
3130,3828
3130,5461
3130,6969
3130,7813
3130,10336
3130,10456
3130,14450
3130,16181
3130,17775
3130,24718
3131,5523
3131,6422
3131,29420
3132,6234
3132,6509
3132,6630
3132,8353
3132,9734
3132,12957
3132,28813
3133,6198
3133,6867
3133,7995
3133,12709
3133,13990
3133,14159
3133,14837
3133,18307
3133,19102
3133,19638
3133,22746
3134,4636
3134,9368
3134,9999
3134,10112
3134,10126
3134,12892
3134,13217
3134,14929
3134,14996
3134,29610
3135,6233
3135,6290
3135,6590
3135,8053
3135,13659
3136,3319
3136,10379
3136,10487
3136,11104
3136,16898
3137,14840
3137,18762
3137,18911
3137,26603
3138,3984
3138,5508
3138,6121
3138,12607
3138,14701
3138,15072
3139,4073
3139,4647
3139,6184
3139,7360
3139,12708
3139,16623
3139,27100
3140,8188
3140,23369
3141,4098
3141,4394
3141,5241
3141,5995
3141,7185
3141,8370
3141,9873
3141,9928
3141,10388
3141,11693
3141,14872
3141,18980
3141,20229
3141,24604
3142,4271
3142,5608
3142,7152
3142,12839
3142,12862
3142,17015
3142,18595
3142,20798
3142,21465
3142,24182
3142,25381
3142,26995
3142,29224
3143,4839
3143,6819
3143,10658
3143,12967
3143,24379
3144,9507
3145,4299
3145,6379
3145,11551
3145,13729
3145,20574
3145,26259
3145,26994
3146,3151
3146,4598
3146,6484
3146,8583
3146,10605
3146,10940
3146,11014
3146,12534
3146,13748
3146,14185
3146,15228
3146,15785
3146,16296
3146,16472
3146,16751
3146,20492
3146,21255
3146,21382
3146,24367
3146,25227
3146,25739
3146,28302
3147,13388
3147,22227
3148,12827
3148,23678
3149,5653
3149,24640
3150,3695
3150,4023
3150,5344
3150,8762
3150,9214
3150,17942
3150,21624
3150,22112
3150,23197
3151,3789
3151,4706
3151,6728
3151,25557
3152,13645
3153,15639
3153,21225
3153,23067
3153,25226
3154,3859
3154,4661
3154,5967
3154,9282
3154,10164
3154,10407
3154,16439
3154,17140
3154,18045
3154,19039
3154,21297
3154,21328
3154,23794
3155,3511
3155,4380
3155,8611
3155,12080
3155,13021
3155,13753
3155,17004
3155,19946
3155,22745
3155,27521
3156,8362
3156,10881
3156,12139
3156,12150
3156,18734
3156,24737
3156,26227
3157,4374
3157,24241
3158,3475
3158,4541
3158,5873
3158,7665
3158,10549
3158,12836
3158,15280
3158,17085
3158,17895
3158,18902
3158,23685
3158,29696
3159,4857
3159,4898
3159,7962
3159,14691
3160,3188
3160,3964
3160,12537
3160,13913
3160,23811
3160,27316
3160,27926
3161,3506
3161,6394
3161,6520
3161,8214
3161,10291
3161,12026
3161,15245
3161,16238
3161,25088
3162,4188
3162,8222
3162,12115
3162,13373
3162,14492
3162,18841
3162,21743
3164,25715
3165,16008
3166,23591
3167,26812
3168,13698
3169,3483
3169,4599
3169,8362
3169,20569
3170,4295
3170,8102
3170,8680
3170,15174
3170,15229
3170,21265
3170,22197
3170,28104
3170,29721
3171,3195
3171,5732
3171,7565
3171,8075
3171,12033
3171,14238
3171,21578
3172,4764
3172,9202
3172,9501
3172,11072
3172,22402
3173,6099
3173,8270
3173,8966
3173,12479
3173,12886
3173,12949
3173,14632
3173,16914
3173,17661
3173,27818
3173,28662
3174,29335
3175,14365
3175,21147
3175,27044
3175,28481
3175,28500
3176,5281
3176,8333
3176,12423
3176,15755
3176,18376
3176,18414
3176,18885
3176,26823
3178,6335
3178,8768
3178,8868
3178,11798
3178,12251
3178,17090
3178,27059
3179,7987
3179,8025
3179,8684
3179,11047
3179,13330
3179,13433
3179,18547
3179,18866
3179,21519
3179,27715
3180,4260
3180,5532
3180,12635
3180,20962
3180,23346
3181,4740
3181,5673
3181,5712
3181,17285
3181,17906
3181,20407
3181,24892
3182,3301
3183,4518
3183,24411
3184,3983
3184,4371
3184,4526
3184,5852
3184,7036
3184,8253
3184,8728
3184,8829
3184,10194
3184,11526
3184,12155
3184,14522
3184,16105
3184,16842
3184,17064
3184,19424
3184,25050
3185,6064
3185,9566
3185,11952
3185,13849
3185,18895
3185,21058
3185,25425
3186,3271
3186,9372
3186,14022
3187,12398
3188,5613
3188,7493
3188,10795
3188,14968
3188,18116
3188,18707
3188,26039
3189,3244
3189,19203
3190,8121
3190,12518
3190,13859
3190,20763
3190,23078
3191,10016
3191,20835
3192,6522
3192,14736
3192,17976
3193,4614
3193,6023
3193,10754
3193,11421
3193,13046
3193,23765
3194,5382
3194,9876
3194,12775
3194,15736
3194,29337
3196,6824
3196,13353
3196,15021
3196,15131
3196,18709
3196,19972
3196,21977
3196,22077
3196,22749
3196,23649
3196,23990
3197,3876
3197,5015
3197,5452
3197,6675
3197,7685
3197,8078
3197,10330
3197,13015
3197,25466
3198,7259
3198,7729
3198,7818
3198,25098
3198,28780
3199,3449
3199,5879
3199,6212
3199,7078
3199,8448
3199,10583
3199,11624
3199,12434
3199,13255
3199,14160
3199,17514
3199,28968
3200,3621
3200,4574
3200,10605
3200,12107
3200,16957
3200,18086
3200,24710
3201,3606
3201,3765
3201,5833
3201,6888
3201,13002
3201,16251
3201,23353
3201,25933
3202,3915
3202,4054
3202,4151
3202,4552
3202,4663
3202,6590
3202,9015
3202,10092
3202,10096
3202,12448
3202,15772
3202,17905
3202,18668
3203,6862
3203,12169
3203,22570
3203,24626
3203,26061
3203,29767
3204,4732
3204,8283
3204,9367
3204,14428
3204,15733
3204,17192
3204,18163
3204,19046
3205,3809
3205,14036
3206,17478
3206,22834
3206,28131
3207,3703
3207,9680
3207,11838
3207,11867
3207,13171
3207,13284
3207,15378
3207,19465
3207,19526
3207,22985
3207,23397
3208,7791
3208,8331
3208,9909
3208,16257
3208,16453
3208,24008
3209,4192
3209,9982
3209,10579
3209,14941
3210,12344
3210,17986
3211,7507
3211,9131
3212,5571
3212,27144
3214,6419
3214,7353
3214,8329
3214,12572
3214,14647
3214,22551
3216,10229
3216,17777
3216,21224
3216,25524
3217,4620
3217,5974
3217,11368
3217,12916
3218,3219
3218,3748
3218,4085
3218,5697
3218,7707
3218,8532
3218,12494
3218,17448
3219,7395
3219,8686
3219,22609
3220,15002
3220,19182
3221,3671
3221,3709
3221,4833
3221,6346
3221,6683
3221,7728
3221,9958
3221,13004
3221,16042
3221,18132
3221,20382
3221,22307
3221,22360
3221,25810
3221,26755
3221,29173
3222,4432
3222,7100
3222,10012
3222,10102
3222,14709
3222,19644
3223,3868
3223,4780
3223,8173
3223,8346
3223,13553
3223,14035
3223,14464
3223,15175
3223,16919
3223,18370
3223,21350
3223,25117
3223,26709
3223,27529
3223,29080
3223,29532
3224,6661
3224,9889
3224,11541
3224,12837
3224,16839
3224,26416
3225,22661
3225,23906
3226,3791
3226,4042
3226,7143
3226,11205
3226,13494
3226,24171
3227,3278
3227,5590
3227,7828
3227,27471
3227,29118
3228,14111
3228,15682
3228,17514
3228,17987
3228,19384
3228,19994
3228,25578
3229,4291
3229,5981
3229,6824
3229,7169
3229,7847
3229,11012
3229,16116
3229,16605
3229,20033
3229,21909
3229,29395
3230,4237
3230,6537
3230,9867
3230,13988
3230,21337
3231,8825
3231,8871
3232,6818
3232,6936
3232,14583
3232,15476
3232,26442
3233,5562
3233,13297
3233,14544
3233,16173
3233,17972
3233,22121
3234,4479
3234,10231
3234,10248
3234,12804
3234,17521
3234,24468
3235,14653
3236,14692
3236,15087
3236,17980
3236,20629
3236,21102
3236,21848
3236,25309
3236,28598
3238,7429
3238,8132
3238,19385
3238,19389
3238,23964
3238,28086
3239,7392
3239,19718
3239,20517
3240,7105
3240,7369
3240,8034
3240,8613
3240,25645
3241,3698
3241,4013
3241,7218
3241,10580
3241,11235
3241,12382
3241,13163
3241,18912
3241,18948
3241,24877
3241,28894
3242,6246
3242,8681
3242,11460
3242,12851
3242,13459
3242,13702
3242,18984
3242,23563
3243,7125
3243,9669
3243,9707
3243,18214
3244,17340
3244,25165
3245,3443
3245,7911
3245,10970
3246,4580
3246,5321
3246,11476
3246,14726
3246,21160
3246,24173
3246,28734
3246,28921
3247,5249
3247,5529
3247,5974
3248,3700
3248,3900
3248,5619
3248,6315
3248,7833
3248,7937
3248,11479
3248,13588
3248,15073
3248,16132
3248,17048
3248,26166
3249,3280
3249,5372
3249,5798
3249,6082
3249,10678
3249,10851
3249,11501
3249,12157
3249,13484
3249,16773
3249,19756
3249,25410
3249,25783
3249,27282
3249,28886
3250,8126
3250,8280
3250,10204
3250,10270
3250,12161
3250,12319
3250,14169
3250,17184
3250,28962
3251,4619
3251,5894
3251,7746
3251,13456
3251,15885
3251,27197
3251,28577
3252,11545
3252,13462
3253,5345
3253,7346
3253,28350
3254,4557
3254,5188
3254,6373
3254,7467
3254,8994
3254,10113
3254,11418
3254,12017
3254,14445
3254,17488
3254,18410
3254,20352
3254,26009
3254,28557
3255,3781
3255,5304
3255,5768
3255,7801
3255,14534
3256,13229
3256,20762
3256,20807
3256,29900
3257,5029
3257,5051
3257,9515
3257,9558
3257,11334
3257,20255
3258,3784
3258,9881
3258,10252
3258,13521
3258,13791
3258,17310
3258,19896
3258,24690
3258,24872
3258,25659
3259,3662
3259,3812
3259,3859
3259,6734
3259,7413
3259,7468
3259,14651
3259,17719
3259,18390
3259,18966
3259,20005
3259,25842
3259,28565
3259,29397
3260,16175
3260,16748
3261,3647
3261,6202
3261,16029
3261,20552
3262,3448
3262,3614
3262,7627
3262,8751
3262,16840
3262,20456
3262,21208
3262,25342
3262,26126
3262,28362
3263,3370
3263,5850
3263,7279
3263,8060
3263,10062
3263,12533
3263,13700
3263,15934
3263,16539
3263,16869
3264,4219
3264,4345
3264,5818
3264,10094
3264,12599
3264,19074
3265,4059
3265,4428
3265,9528
3265,14277
3265,16586
3265,19906
3265,27061
3266,4602
3266,6252
3266,6553
3266,18607
3266,26481
3267,8013
3267,8339
3267,8650
3267,9060
3267,13772
3267,16899
3267,19541
3267,20678
3267,22342
3267,24516
3267,27307
3267,27815
3268,5943
3268,6690
3268,7391
3268,7437
3268,7715
3268,7724
3268,8513
3268,10355
3268,12330
3268,12566
3268,18391
3268,20284
3269,9296
3269,10597
3269,17260
3269,24117
3270,6164
3270,12195
3270,13161
3270,14915
3270,15477
3270,15617
3270,15904
3270,18783
3270,23322
3270,27257
3271,4216
3271,5269
3271,5493
3271,7869
3271,12092
3271,15260
3271,15939
3271,17322
3271,23132
3271,24302
3271,25173
3271,27289
3271,28654
3271,28865
3272,3338
3272,4566
3272,8842
3273,3665
3273,5727
3273,5861
3273,6917
3273,7003
3273,7516
3273,12016
3273,13619
3273,18088
3273,18379
3273,25073
3274,5308
3274,8947
3274,10066
3274,10458
3274,12891
3274,13646
3274,15256
3275,3446
3275,6368
3275,7705
3275,15683
3275,25102
3276,4005
3276,10559
3278,8053
3278,15016
3279,5454
3279,5956
3279,8737
3279,11070
3279,11199
3279,24562
3279,25725
3279,27484
3280,4959
3280,5269
3280,5550
3280,6740
3280,7716
3280,11931
3280,16328
3280,19996
3280,23743
3280,27887
3281,3340
3281,3371
3281,4817
3281,6506
3281,7077
3281,8851
3281,9043
3281,10301
3281,10460
3281,12914
3281,18326
3281,24566
3282,3713
3282,4010
3282,8655
3282,10321
3282,13523
3282,15461
3282,16675
3282,17670
3282,19576
3282,19908
3282,20170
3282,22462
3282,22950
3282,26600
3283,4310
3283,5189
3283,5256
3283,7021
3283,7719
3283,7767
3283,7946
3283,8372
3283,10717
3283,13564
3283,13666
3283,15846
3283,15977
3283,17821
3283,19582
3283,20558
3283,21182
3283,22436
3283,24228
3283,28666
3284,8051
3284,16989
3284,19682
3284,22909
3284,25925
3285,3951
3285,15501
3285,17501
3285,24015
3285,28797
3286,4972
3286,6547
3286,6880
3286,9772
3286,12564
3286,18776
3286,28658
3287,11325
3287,17870
3287,23003
3287,27530
3288,3325
3288,4897
3288,5181
3288,8259
3288,8765
3288,9001
3288,9985
3288,12843
3288,12905
3288,21881
3288,29381
3289,4106
3289,5928
3289,7370
3289,12161
3289,14331
3289,18880
3290,8823
3290,9415
3290,10736
3290,13584
3290,20644
3291,5951
3291,12463
3291,22882
3292,6580
3292,10594
3292,12540
3292,12844
3292,16407
3292,25673
3293,11091
3293,15340
3293,19773
3293,23091
3293,27541
3294,3742
3294,7559
3294,11117
3294,26924
3295,3368
3295,3986
3295,4190
3295,4352
3295,4539
3295,5464
3295,6089
3295,7427
3295,9337
3295,12743
3295,24358
3295,28974
3296,5368
3296,19033
3297,11527
3297,13347
3300,4069
3300,6751
3300,13391
3300,13506
3300,14946
3300,16884
3300,23221
3300,25246
3301,3385
3301,10572
3301,11593
3301,12627
3301,12838
3301,15995
3301,18174
3301,22654
3302,6112
3302,13396
3302,14587
3302,18360
3302,19623
3302,19713
3302,23187
3302,28831
3303,13916
3303,16151
3303,16334
3303,17904
3303,19501
3303,21257
3303,24946
3304,13982
3305,4693
3305,20291
3305,24586
3306,11483
3306,24396
3306,26408
3308,4301
3308,4852
3308,6487
3308,8418
3308,8952
3308,9225
3308,10410
3308,10455
3308,13356
3308,13781
3308,17753
3308,19565
3308,19685
3308,20065
3308,21278
3308,23888
3308,27717
3309,12876
3309,18294
3309,21365
3309,25142
3310,10649
3310,16600
3310,27208
3310,27390
3311,6706
3311,9751
3311,21727
3311,22960
3311,24422
3312,5839
3312,9514
3312,17030
3313,9418
3313,11690
3313,12938
3313,24126
3314,5241
3314,14145
3314,14589
3315,7812
3316,7171
3316,13759
3316,17402
3316,17869
3316,21892
3316,28344
3317,5272
3317,12041
3317,16951
3317,21078
3317,27573
3318,4583
3318,4916
3318,5384
3318,5547
3318,5596
3318,6340
3318,9874
3318,14391
3318,21722
3318,24827
3318,26810
3318,26941
3318,28671
3319,4283
3319,5518
3319,7358
3319,9802
3319,12073
3320,3469
3320,4068
3320,7191
3320,14599
3320,17348
3320,17380
3321,3585
3321,16790
3321,18490
3321,25174
3321,26075
3322,7971
3322,9860
3322,9976
3322,10285
3322,11171
3322,23282
3322,23432
3322,26724
3323,4824
3323,5432
3323,5443
3323,6610
3323,8016
3323,9284
3323,9736
3323,9760
3323,11281
3323,11586
3323,12107
3323,13381
3323,13582
3323,14332
3323,15008
3323,19474
3323,19773
3323,22420
3323,22940
3323,23731
3323,25316
3323,28350
3324,4515
3324,19542
3324,20707
3324,29352
3325,4365
3325,6010
3325,6262
3325,6667
3325,9932
3325,19183
3325,28363
3327,3714
3327,11739
3327,15296
3327,17385
3327,17915
3328,3559
3328,4237
3328,5341
3328,7857
3328,8666
3328,15692
3328,22142
3329,5790
3329,9613
3330,4538
3330,16551
3331,3362
3331,4214
3331,4715
3331,5104
3331,5967
3331,6595
3331,7158
3331,7957
3331,10632
3331,11933
3331,12000
3331,14072
3331,14159
3331,14474
3331,17153
3331,18558
3331,19355
3331,23515
3332,4096
3332,9964
3332,14768
3332,16720
3334,3355
3334,4344
3334,16783
3334,17527
3334,18328
3334,19194
3334,20451
3335,4568
3335,8171
3335,8417
3335,9799
3335,13403
3335,13596
3335,14893
3335,18767
3336,7284
3336,9738
3336,23377
3336,27313
3337,4522
3337,9315
3337,16029
3337,26168
3338,7493
3338,9724
3338,16243
3338,20886
3338,21867
3338,23781
3339,5716
3339,6606
3339,7917
3339,7918
3339,9896
3339,9898
3339,12563
3339,18655
3339,19244
3339,20926
3340,15862
3340,25643
3341,8272
3341,13093
3341,13608
3341,19253
3341,23837
3342,3484
3342,4047
3342,4945
3342,5022
3342,5792
3342,6071
3342,6137
3342,8792
3342,10668
3342,11548
3342,17647
3342,17721
3342,18126
3342,18620
3342,19240
3342,19348
3342,19939
3342,20228
3342,21633
3342,21912
3342,22691
3342,23301
3343,8399
3343,12935
3343,15761
3343,22857
3344,3632
3344,3825
3344,4555
3344,7595
3344,8067
3344,9069
3344,9220
3344,11814
3344,12146
3344,12928
3344,13364
3344,23296
3344,24388
3344,26727
3345,5640
3345,5723
3345,11115
3346,5394
3346,11519
3346,12824
3346,17805
3346,20661
3346,20759
3346,22920
3346,23715
3346,25561
3347,3597
3347,12372
3347,14380
3347,26278
3348,6151
3348,7509
3348,8070
3348,8695
3348,11030
3348,13105
3348,13259
3348,18299
3349,10049
3349,10536
3349,18812
3350,10535
3350,12653
3350,16781
3350,20783
3351,5377
3351,6709
3351,6963
3351,8083
3351,11474
3351,23582
3352,4470
3352,5027
3352,5647
3352,7807
3352,12068
3352,13760
3352,14207
3352,16704
3352,19404
3352,19910
3352,22176
3352,25465
3352,27155
3352,29858
3353,4841
3353,8067
3354,11197
3354,21055
3354,21161
3355,5782
3355,6710
3355,8215
3355,13403
3355,14127
3355,18024
3356,4347
3356,6116
3356,24225
3356,25806
3356,27461
3357,7210
3357,8320
3357,8869
3357,11089
3357,13790
3357,20857
3357,25271
3358,4151
3358,8337
3358,11878
3358,16472
3358,20967
3358,24683
3358,29284
3359,4692
3359,6736
3359,9434
3359,12264
3359,14398
3359,16308
3359,23346
3359,26060
3359,26400
3360,4563
3360,15725
3360,16502
3360,22700
3361,4289
3361,4786
3361,5376
3361,13431
3361,14973
3361,25049
3361,29488
3362,3692
3362,13952
3362,25075
3362,29127
3363,4431
3363,7617
3363,10875
3363,12083
3363,18799
3363,20075
3364,6391
3364,10964
3365,11175
3365,16601
3365,16892
3365,17136
3365,28566
3366,28405
3367,5343
3367,7092
3367,9799
3367,13537
3367,17834
3367,27524
3368,3564
3368,5955
3368,8850
3368,10798
3368,20522
3368,27387
3368,27482
3369,5389
3369,17717
3369,24687
3370,15719
3370,18556
3371,4237
3371,6852
3371,7340
3371,9361
3371,11806
3371,14386
3371,14437
3371,19264
3372,4484
3372,16069
3372,28162
3373,5070
3373,10440
3373,16362
3373,18544
3373,19930
3374,8842
3374,14810
3374,21297
3374,25581
3374,27085
3375,6446
3375,7569
3375,8649
3375,11517
3375,27747
3376,3392
3376,3776
3376,7680
3376,8574
3376,10925
3376,12317
3376,13425
3376,13747
3376,16449
3376,22002
3376,24385
3377,9192
3378,5702
3378,24389
3379,4266
3379,8107
3379,11819
3379,25667
3379,26704
3379,28100
3381,3437
3381,4706
3381,8704
3381,10279
3381,11478
3381,15445
3381,17660
3381,18061
3382,6169
3383,4534
3383,9538
3383,11989
3383,19354
3383,23032
3383,24080
3383,28664
3384,18691
3385,4033
3385,4129
3385,6137
3385,6841
3385,8411
3385,9506
3385,12349
3385,13915
3385,14391
3385,14707
3385,18021
3386,9310
3386,10189
3386,10395
3386,15622
3386,28297
3387,8494
3387,11566
3387,12257
3387,18593
3387,23964
3388,7827
3388,9427
3388,11092
3388,16863
3388,22103
3388,22498
3388,27216
3389,5035
3389,5172
3389,5777
3389,7291
3389,9952
3389,16188
3389,19746
3389,24976
3390,4765
3390,9391
3390,15426
3390,17328
3390,27863
3390,28623
3391,6431
3391,7538
3391,10404
3391,11480
3391,13693
3392,4718
3392,7076
3392,10060
3392,11994
3392,12608
3392,15916
3392,28542
3393,6011
3393,9723
3393,24923
3394,4317
3394,8188
3394,13239
3395,4285
3395,8955
3395,21530
3396,5979
3396,9552
3396,10328
3396,13232
3396,15742
3396,16335
3396,17123
3396,20579
3397,8008
3397,13241
3397,13880
3397,21052
3397,22504
3397,26844
3397,27050
3398,4759
3398,7822
3398,8100
3398,11371
3398,18018
3398,19756
3398,22145
3398,22417
3399,6988
3399,8081
3399,9727
3399,10192
3399,20551
3399,29760
3400,4463
3400,7049
3400,12901
3401,3977
3401,6104
3401,13183
3401,13767
3401,13876
3401,16999
3401,25337
3401,25697
3401,25981
3401,26452
3402,5747
3402,8609
3402,9390
3402,10090
3402,10361
3402,10584
3402,16775
3402,19056
3402,20351
3402,25501
3403,9193
3403,9591
3403,10765
3403,19576
3403,20335
3403,22293
3403,27172
3404,3484
3404,9584
3404,12593
3404,16173
3404,16879
3404,17009
3404,18431
3404,20985
3404,21636
3404,23646
3404,24723
3405,19214
3405,26450
3406,4333
3406,11373
3406,12754
3406,13024
3406,13829
3406,16550
3406,26167
3407,11961
3407,19943
3407,21856
3407,29492
3408,5645
3408,9517
3408,18803
3409,3827
3409,5481
3409,9652
3409,9960
3409,11216
3409,13716
3409,19252
3409,24097
3409,25741
3410,3686
3410,6989
3410,8540
3410,12330
3410,22860
3411,3473
3411,3737
3411,4681
3412,3473
3412,3960
3412,4065
3412,9004
3412,13269
3412,22451
3413,3438
3413,4513
3413,5258
3413,5832
3413,6258
3413,11056
3413,11448
3413,12306
3413,15965
3413,16322
3413,23877
3413,23881
3413,23970
3414,22598
3414,22849
3414,27910
3415,6275
3415,9540
3415,22188
3416,4162
3416,6158
3416,10288
3416,11673
3416,15948
3416,23711
3417,3428
3417,4266
3417,6494
3417,24891
3417,25646
3418,5796
3418,6971
3418,8219
3418,11080
3418,13191
3418,18375
3418,19648
3418,25248
3419,4085
3419,4981
3419,12259
3419,18999
3419,25255
3420,15462
3421,5889
3421,6072
3421,8302
3421,8478
3421,8566
3421,11970
3421,14229
3421,18142
3421,25230
3421,25417
3421,27310
3421,27782
3421,28150
3422,8432
3422,9623
3422,11618
3422,14123
3422,18699
3422,21261
3423,3438
3423,8804
3423,9321
3423,14485
3423,16184
3423,17789
3423,23159
3423,26031
3424,4572
3424,6296
3424,15165
3424,15652
3424,17331
3424,21167
3424,21407
3424,27053
3425,4488
3425,14995
3426,3533
3426,3931
3426,5461
3426,6628
3426,7825
3426,10553
3426,13787
3426,13821
3426,13841
3426,17500
3426,18282
3426,19340
3426,19736
3426,19759
3426,20026
3426,20862
3426,21890
3426,24303
3426,27913
3426,28392
3427,4124
3427,6068
3427,9099
3427,9710
3427,11855
3427,13962
3427,16055
3427,17997
3427,18065
3427,25283
3428,9878
3428,25954
3429,6946
3429,7012
3430,5692
3430,10245
3430,10735
3430,11326
3430,19126
3430,25638
3430,25872
3431,6103
3431,7508
3431,26682
3432,9396
3432,11189
3432,22017
3433,17520
3434,7558
3434,29288
3435,3812
3435,5603
3435,7484
3436,3516
3436,4268
3436,5359
3436,6077
3436,12644
3436,21583
3436,22180
3436,23040
3436,24880
3436,28053
3437,5542
3437,10027
3437,11959
3437,14631
3437,14957
3437,17850
3437,19471
3437,20674
3437,21737
3437,25077
3437,26160
3438,3708
3438,11955
3438,18580
3438,23792
3439,13641
3439,18128
3439,18590
3439,19700
3439,22263
3439,26788
3439,29440
3440,6945
3440,9439
3440,12252
3440,13198
3440,14688
3440,29857
3441,4769
3441,15793
3442,6170
3442,9461
3442,19477
3442,20137
3442,24397
3442,29990
3443,4113
3443,12219
3443,14224
3443,17570
3443,18646
3443,20959
3443,22553
3444,4683
3444,21990
3444,29144
3445,3928
3445,5589
3445,6119
3445,7930
3445,8252
3445,9897
3445,24136
3446,7014
3446,15041
3446,20901
3446,23157
3448,5005
3448,6548
3448,11336
3448,13063
3448,25442
3449,5275
3449,7583
3450,12085
3450,22028
3450,22761
3450,23287
3450,23995
3451,4825
3451,5382
3451,6296
3451,10067
3451,10332
3451,10383
3451,10678
3451,11145
3451,11789
3451,13506
3451,15309
3451,20601
3451,24751
3451,24789
3452,4828
3452,5126
3452,22654
3452,23634
3452,25376
3452,25787
3453,8544
3453,26337
3454,4888
3454,14143
3454,14335
3454,15504
3454,15828
3454,18221
3454,26055
3455,6505
3455,24820
3456,16060
3456,24692
3456,26135
3457,5464
3457,11551
3457,13279
3457,19967
3457,21258
3457,21788
3457,25026
3457,26006
3457,26898
3457,28969
3458,4363
3458,5208
3458,8671
3458,14852
3458,21845
3458,25912
3458,26680
3459,18743
3460,9766
3460,9819
3460,23421
3461,4019
3461,4607
3461,6104
3461,9603
3461,9817
3461,12112
3461,14749
3462,7556
3462,7961
3462,15089
3463,4002
3463,4982
3463,6062
3463,9397
3463,9837
3463,10545
3463,16235
3464,3592
3464,4434
3464,7554
3464,8869
3464,19267
3466,19106
3466,23127
3466,24274
3466,26471
3466,26816
3467,9533
3467,15225
3468,5214
3468,5281
3468,8420
3468,21501
3468,27069
3468,28400
3468,28546
3469,6369
3469,8847
3469,10470
3470,4561
3470,4908
3470,5437
3470,5737
3470,11649
3470,15822
3470,21879
3470,26261
3471,5255
3471,10929
3472,8127
3472,14239
3472,14860
3473,7347
3473,8926
3473,9614
3473,16049
3473,17032
3473,19543
3473,19720
3473,20897
3473,21258
3474,5847
3474,10001
3474,20066
3474,24871
3475,3637
3475,4466
3475,4610
3475,5023
3475,5061
3475,6095
3475,6845
3475,6889
3475,9600
3475,10975
3475,13408
3475,14197
3475,23141
3475,25620
3476,4291
3476,4627
3476,5294
3476,6288
3476,9901
3476,13605
3476,25792
3477,13853
3478,11559
3478,22755
3479,8152
3479,12316
3479,14552
3479,14691
3479,17685
3479,17811
3479,18097
3479,18135
3479,19727
3479,24414
3479,25798
3480,3985
3480,4487
3480,6030
3480,10261
3480,11655
3480,23469
3480,25519
3481,4041
3481,8827
3481,12516
3481,20981
3481,26046
3482,3504
3482,4229
3482,6135
3482,12296
3482,21104
3482,27063
3483,9632
3483,18689
3483,27178
3484,3730
3484,5374
3484,7032
3484,10986
3484,14764
3484,21523
3484,21646
3484,22990
3484,23412
3484,24135
3485,5176
3486,4478
3486,7386
3486,8493
3486,11756
3486,15086
3486,16643
3486,19855
3487,3880
3487,4602
3487,11465
3488,6237
3488,6391
3488,10455
3488,26540
3489,6271
3489,9677
3489,9931
3489,15162
3489,19338
3489,20906
3490,4523
3490,27983
3491,4167
3491,8588
3491,10978
3491,15465
3491,26211
3492,3788
3492,6177
3492,6645
3492,6650
3492,7984
3492,8946
3492,9320
3492,13844
3492,16052
3492,16554
3492,17067
3492,18586
3492,19216
3492,27804
3492,28955
3493,24269
3493,26073
3494,3560
3495,7946
3495,12192
3495,13001
3495,17750
3495,24117
3495,26247
3496,12875
3496,22261
3496,25884
3496,28631
3497,5766
3497,9599
3497,11159
3497,15751
3497,20241
3497,25669
3498,11571
3499,18868
3499,25714
3500,15379
3501,4453
3501,9685
3501,16546
3501,19518
3501,24221
3501,25416
3502,8872
3502,20392
3503,7049
3503,12556
3503,14480
3503,21944
3505,3563
3505,5488
3505,20044
3505,29550
3506,3644
3506,12535
3506,15283
3507,6219
3507,8908
3507,23195
3508,5972
3508,9156
3508,18288
3509,5289
3509,6222
3509,7684
3509,9702
3509,11546
3509,14882
3509,15369
3509,17408
3509,17718
3509,18816
3509,18850
3509,21503
3509,22880
3509,27708
3509,29055
3510,10741
3510,12442
3510,14221
3510,16625
3510,22265
3511,8169
3511,21149
3511,29876
3512,5987
3512,8350
3512,10850
3512,14240
3512,24139
3512,27739
3513,3763
3513,5963
3513,11839
3513,14845
3513,20866
3513,21181
3513,27944
3514,3969
3514,6977
3514,9373
3514,10729
3514,15722
3515,3867
3515,19014
3515,21687
3515,26466
3516,4233
3516,4433
3516,11644
3516,12256
3516,15419
3516,20215
3516,20843
3516,21485
3516,24299
3516,25948
3516,29478
3517,13167
3517,19778
3517,25599
3517,28918
3518,6788
3518,14062
3518,14827
3518,26001
3519,4579
3519,6726
3519,12482
3519,12558
3519,15900
3519,21075
3520,4958
3520,5157
3520,5549
3520,8584
3520,19642
3520,21554
3520,23557
3520,28668
3521,5044
3521,6467
3521,7732
3521,10026
3521,16303
3521,23359
3521,27678
3521,28247
3522,10670
3522,12817
3522,20899
3522,27492
3523,5609
3523,8616
3523,8764
3523,16178
3523,19590
3523,22117
3523,27327
3523,28562
3524,4233
3524,28235
3524,29559
3524,29613
3525,3838
3525,8729
3525,14664
3525,17125
3525,22208
3526,3683
3526,7575
3526,11049
3526,12354
3526,15820
3526,21519
3527,4954
3527,17003
3527,28737
3527,29309
3528,4321
3528,6538
3528,11446
3528,15396
3528,20613
3529,4627
3529,14669
3529,17280
3529,21367
3530,6087
3531,6682
3531,14312
3531,18484
3532,4053
3532,4425
3532,4758
3532,5456
3532,6574
3532,7738
3532,8060
3532,8307
3532,9345
3532,14834
3532,16033
3532,19277
3532,19303
3532,20782
3532,22271
3532,22620
3532,24583
3532,26570
3532,26572
3532,28165
3533,4058
3533,4457
3533,5379
3533,5456
3533,5803
3533,6526
3533,6929
3533,7921
3533,8994
3533,9096
3533,9842
3533,10862
3533,12113
3533,12531
3533,13533
3533,14453
3533,24458
3533,26943
3533,28307
3533,28736
3534,3813
3534,20506
3535,4316
3535,5631
3535,18228
3535,21857
3535,23084
3535,23326
3536,14361
3536,17620
3536,24090
3537,6473
3537,6555
3537,10471
3537,10715
3537,13062
3537,19257
3537,19641
3537,25350
3537,27286
3538,3580
3538,16798
3538,16955
3538,24107
3538,24640
3538,25003
3539,4243
3539,6930
3539,8200
3539,12578
3539,15690
3539,25355
3540,3705
3540,6478
3540,12985
3540,15788
3540,29781
3541,5287
3541,5730
3541,6114
3541,6359
3541,7499
3541,14314
3541,18669
3542,13439
3542,19193
3542,22532
3543,3858
3543,4094
3543,4425
3543,5324
3543,5370
3543,18422
3543,18520
3543,26826
3543,27281
3543,29286
3543,29389
3544,9983
3544,12507
3544,24605
3545,4067
3545,16744
3545,18986
3546,5246
3546,11965
3546,13350
3546,14235
3546,17822
3546,19551
3546,21713
3546,24990
3546,26548
3546,28527
3547,5305
3547,5729
3547,11442
3547,14582
3547,15679
3547,20729
3547,21015
3547,22801
3548,6698
3548,11564
3548,22596
3548,27009
3549,8945
3549,19438
3549,20870
3550,3576
3550,5474
3550,6398
3550,10960
3550,11520
3551,3573
3551,3909
3551,5323
3551,11069
3551,13764
3551,17144
3551,18038
3551,19548
3551,20913
3551,29197
3552,4997
3552,5390
3552,8287
3552,10750
3552,14379
3552,15827
3552,15970
3552,19335
3552,24302
3552,27989
3553,9058
3553,11586
3553,14609
3553,18975
3553,23589
3553,28569
3553,28697
3554,4854
3554,6716
3554,13817
3554,14789
3554,15462
3554,20544
3554,21871
3555,19742
3555,21449
3556,9610
3556,11360
3556,14603
3556,18098
3557,5507
3557,19557
3558,6111
3558,17677
3559,14990
3559,16046
3559,16855
3559,19951
3559,20018
3560,3669
3560,15821
3560,18005
3560,23127
3560,27916
3561,5564
3561,6551
3561,12853
3561,18918
3561,29801
3562,7303
3562,9408
3562,13751
3562,14220
3562,14874
3562,16125
3562,18060
3562,21920
3562,26584
3563,3713
3563,4324
3563,8014
3563,8080
3563,8986
3563,9934
3563,11163
3563,12547
3563,13428
3563,13711
3563,16665
3563,16798
3563,17333
3563,23076
3563,24293
3563,24749
3563,26702
3564,7952
3564,20390
3564,23604
3564,25130
3566,3701
3566,4298
3566,5957
3566,13874
3566,24251
3566,26910
3566,28503
3567,4263
3567,4573
3567,11077
3567,12028
3567,17549
3567,18892
3568,9394
3568,27492
3568,27546
3569,3953
3569,7005
3570,21069
3571,3741
3571,5560
3571,10404
3571,11134
3571,11570
3571,15843
3571,21707
3571,23981
3572,3862
3572,5088
3572,12481
3572,16785
3572,21514
3573,9670
3573,10815
3574,14774
3574,15082
3574,18509
3574,20374
3574,21515
3574,27173
3575,4671
3575,8361
3575,11738
3575,16861
3575,23505
3576,3796
3576,5586
3576,6558
3576,7683
3576,21805
3577,3954
3577,5419
3577,7138
3578,12614
3578,14654
3578,16321
3578,16874
3578,29267
3579,5638
3579,8896
3579,9601
3579,12506
3579,12825
3579,24608
3580,4572
3580,7755
3580,8633
3580,16496
3580,18337
3580,24253
3580,28199
3581,5724
3581,13985
3582,4342
3582,4815
3582,5113
3582,8237
3582,9570
3582,10168
3582,12542
3582,14470
3582,15008
3582,23588
3582,27605
3583,3818
3583,12655
3583,15509
3583,15547
3583,16480
3583,17261
3583,17635
3583,18154
3584,6194
3584,7989
3584,10154
3584,15353
3584,15802
3584,16118
3584,16524
3584,19857
3584,28027
3584,28125
3585,11510
3586,5040
3586,9395
3586,10629
3586,17304
3587,18874
3587,27502
3588,4388
3588,11035
3588,13316
3588,28787
3589,7238
3589,12241
3589,15926
3590,3594
3590,5409
3590,7266
3590,9814
3590,14091
3590,14672
3590,21129
3590,22595
3591,7715
3592,3804
3592,4592
3592,4635
3592,7543
3592,8588
3592,9783
3592,9971
3592,19877
3592,25635
3592,26250
3593,5887
3593,7142
3593,8398
3593,11250
3593,11294
3593,23700
3593,25262
3594,4898
3594,6670
3594,7750
3594,8107
3594,8319
3594,10204
3594,20406
3594,22131
3595,6456
3595,17968
3595,20588
3595,20735
3595,23175
3596,4018
3596,4401
3596,8171
3596,13231
3596,14988
3596,16515
3596,20310
3596,20966
3596,21197
3596,29981
3597,15482
3597,24502
3597,25870
3598,4367
3598,6415
3598,7604
3598,8725
3598,9778
3599,4875
3599,20334
3600,5152
3600,9646
3600,11132
3600,11222
3600,29076
3601,14835
3601,17876
3601,19686
3601,25156
3601,26896
3601,27195
3602,4138
3602,7787
3602,9620
3602,13300
3602,15097
3602,22055
3602,25078
3602,28718
3603,6677
3603,12712
3603,14354
3603,15451
3603,15659
3604,6428
3604,8740
3604,8743
3604,23521
3604,25086
3604,28649
3605,9481
3605,12565
3605,23414
3605,26108
3606,4792
3607,5990
3607,6298
3607,6817
3607,7216
3608,4975
3608,5834
3608,7393
3608,9262
3608,9281
3608,14675
3608,15288
3608,16404
3608,19153
3608,21229
3608,23768
3608,26368
3608,29892
3609,5292
3609,7911
3609,11689
3609,13661
3609,14162
3609,23017
3610,9534
3610,12607
3610,12972
3610,21170
3611,4028
3611,4100
3611,6348
3611,8987
3611,13530
3611,21573
3611,26043
3611,26281
3612,4195
3612,6147
3612,16006
3612,23904
3613,6152
3613,15259
3613,22721
3614,6192
3614,7436
3614,8673
3614,11366
3614,15986
3614,25946
3614,26576
3614,29963
3615,12401
3615,14401
3615,16279
3615,17571
3615,26539
3616,16426
3617,3806
3617,4905
3617,6197
3617,6251
3617,12218
3617,16345
3617,20018
3617,25902
3618,11526
3619,7275
3619,8444
3619,13169
3619,14186
3619,20184
3619,21986
3619,22901
3620,5817
3620,6301
3620,7769
3620,8651
3620,9975
3620,12568
3620,12823
3620,13083
3620,16291
3620,18576
3620,20963
3620,22181
3620,25754
3620,25884
3620,26634
3621,4145
3621,8410
3621,14605
3621,15435
3621,15905
3621,17218
3621,19193
3621,20736
3621,21032
3621,26000
3621,26136
3621,26800
3622,5414
3623,9715
3623,20076
3623,28308
3623,29039
3624,8465
3625,5118
3625,13449
3626,5830
3626,9200
3626,18944
3626,27022
3626,29084
3627,4942
3627,7059
3627,27839
3628,3837
3628,6854
3628,19875
3629,4195
3629,8074
3630,4114
3630,6079
3630,9663
3630,16965
3630,22095
3631,4655
3631,6541
3631,13705
3631,26300
3632,3757
3632,4168
3632,5207
3632,6818
3632,8705
3632,11053
3632,11426
3632,11581
3633,10232
3633,17212
3633,23937
3634,9231
3634,12794
3634,12931
3634,16623
3634,20894
3634,21053
3634,27798
3634,27810
3634,28702
3635,23951
3636,10711
3636,13428
3636,17411
3636,20936
3636,25153
3637,3738
3637,13014
3637,16336
3637,16379
3637,16772
3637,16827
3637,19091
3637,20378
3637,25491
3637,26880
3638,10369
3638,12488
3638,15670
3638,19410
3638,20361
3639,7549
3639,7586
3639,8402
3639,8643
3639,9014
3639,9516
3639,14194
3639,15148
3640,4149
3640,4174
3640,5615
3640,7950
3640,8314
3640,10737
3640,11276
3640,16883
3640,19363
3640,20696
3640,24889
3640,25585
3640,27480
3640,28082
3641,6148
3641,10362
3641,11268
3641,21454
3641,27112
3642,6476
3642,7100
3642,10374
3642,11168
3643,5921
3644,14145
3644,23172
3645,9411
3646,5696
3646,6481
3646,7919
3646,8082
3646,9266
3646,11456
3646,11624
3646,11950
3646,18753
3646,28573
3646,28735
3647,4446
3647,6073
3647,10672
3647,12875
3647,14142
3647,14991
3647,27814
3648,9906
3648,11977
3648,21192
3648,23625
3649,4569
3649,5159
3649,5246
3649,6164
3649,7829
3649,8416
3649,8753
3649,10101
3649,13099
3649,14693
3649,14750
3649,14933
3649,15179
3649,17248
3649,19175
3649,21086
3649,26955
3649,29446
3649,29910
3650,6852
3650,8918
3650,9186
3650,17500
3650,24765
3650,26296
3650,29148
3652,4902
3652,6670
3652,11100
3652,14555
3652,14571
3652,17133
3652,20676
3652,21595
3652,24118
3653,4803
3653,19944
3654,7431
3654,7582
3654,8089
3654,9539
3654,13675
3654,16091
3654,23926
3655,5428
3655,6911
3655,7331
3655,12053
3655,12750
3655,14716
3655,17386
3655,20336
3655,21450
3655,23152
3655,24242
3656,4556
3656,5026
3656,5427
3656,7031
3656,8703
3656,13362
3656,16066
3656,20087
3657,3686
3657,4483
3657,6456
3657,7505
3657,9202
3657,10766
3657,12132
3657,15411
3657,15456
3657,15713
3657,16271
3657,16610
3657,18234
3657,22123
3657,26339
3657,27689
3658,11226
3658,17308
3658,18583
3658,18591
3658,22293
3660,12543
3660,23775
3661,11691
3661,17423
3662,29753
3663,7686
3663,9841
3663,11876
3663,13839
3663,20841
3663,21909
3663,23855
3663,26632
3664,4107
3664,6069
3664,12452
3665,10980
3666,13200
3666,15758
3667,4565
3667,13912
3667,15962
3667,19365
3668,6915
3668,8011
3668,8815
3668,11524
3668,20432
3668,24072
3668,24348
3669,3677
3669,4370
3669,5612
3669,6984
3669,9581
3669,9793
3669,11458
3669,13185
3669,15204
3669,15759
3669,19548
3669,20982
3669,26301
3669,27304
3671,9275
3671,19380
3671,26854
3672,12986
3672,15395
3672,23654
3673,4873
3673,6063
3673,6856
3673,11129
3673,22467
3674,17590
3674,18400
3674,19380
3674,26952
3675,5081
3675,23266
3675,23581
3675,24714
3675,29455
3676,22039
3677,4065
3677,7415
3677,9378
3677,12730
3677,12976
3677,14876
3677,18517
3677,18952
3677,19952
3678,22556
3679,27194
3679,29972
3680,7257
3680,7561
3680,11449
3680,17195
3680,18222
3680,28790
3681,9848
3681,11567
3681,15299
3682,4239
3682,4708
3682,13927
3682,14965
3682,15684
3682,19152
3682,20668
3684,4490
3684,9161
3684,18957
3684,20008
3684,21605
3684,26037
3685,7545
3685,13479
3685,18645
3685,20637
3685,21169
3686,14570
3687,4756
3687,5201
3687,8085
3687,10303
3687,25333
3687,27256
3687,28233
3687,28326
3688,13281
3688,16141
3688,17097
3688,18473
3688,20390
3688,26593
3688,29318
3689,3991
3689,5082
3689,9252
3689,12255
3689,13865
3690,20277
3690,21476
3690,29891
3691,4369
3691,5821
3691,6253
3691,8519
3691,17848
3691,18317
3691,22163
3691,28915
3692,12628
3692,12740
3692,18584
3693,4300
3693,17120
3693,23866
3693,24145
3693,25188
3694,3979
3694,4089
3694,15536
3695,4327
3695,5707
3695,6497
3695,7986
3695,8600
3695,8619
3695,9406
3695,11170
3695,11531
3695,13729
3695,16847
3695,18007
3695,19330
3695,19434
3695,27319
3696,5524
3696,6074
3696,7061
3696,10789
3696,13351
3696,24265
3697,5433
3697,6704
3697,19576
3698,4354
3698,4788
3698,5940
3698,8655
3698,10406
3698,11148
3698,11443
3698,11978
3698,17419
3698,19511
3698,25885
3699,3906
3700,7924
3700,8917
3700,10727
3700,12388
3700,17746
3700,20431
3700,22951
3701,4274
3701,4857
3701,4990
3701,5555
3701,5597
3701,6741
3701,8261
3701,8365
3701,13947
3701,24005
3701,24060
3701,25161
3701,25608
3701,26503
3701,29994
3702,9009
3702,24444
3703,3770
3703,4140
3703,5001
3703,6411
3703,6437
3703,7387
3703,8029
3703,8112
3703,11155
3703,12876
3703,14498
3703,14588
3703,14837
3703,15129
3703,15339
3703,18911
3703,19768
3703,26670
3703,27869
3704,4028
3704,4427
3704,5302
3704,8580
3704,10576
3704,18177
3704,22341
3704,27556
3706,8769
3706,13556
3706,26169
3706,26637
3707,10776
3707,25617
3708,4455
3708,5296
3708,7447
3708,7840
3708,10436
3708,10745
3708,15676
3708,26518
3708,27202
3709,4475
3709,14257
3709,20193
3709,22042
3709,27789
3710,6354
3710,6931
3710,11130
3710,12036
3710,21611
3710,26714
3710,27533
3711,4346
3711,4486
3711,7444
3711,9369
3711,13763
3711,16419
3711,20069
3711,20460
3711,21398
3711,28390
3712,5312
3712,13822
3712,28212
3713,8966
3713,10772
3713,25185
3713,25373
3713,28933
3715,3760
3715,4314
3715,4406
3715,4891
3715,6157
3715,10498
3715,10908
3715,13250
3715,19855
3715,20400
3715,26208
3716,5716
3716,9307
3716,9526
3716,12049
3716,17071
3717,14406
3717,15404
3717,16500
3719,5204
3719,7899
3719,9228
3719,9690
3719,12538
3719,29404
3721,5229
3721,6001
3721,6892
3721,6901
3721,9889
3721,10385
3721,11298
3721,13705
3721,15655
3721,20301
3721,22804
3721,26342
3721,29903
3722,5175
3722,6647
3722,8278
3722,11566
3722,27080
3722,29456
3724,4413
3724,5479
3724,9797
3724,10600
3724,12982
3724,14558
3724,21768
3724,29427
3724,29575
3725,4634
3725,4845
3725,5203
3725,5913
3725,6720
3725,6754
3725,6860
3725,6873
3725,6999
3725,8009
3725,8582
3725,11084
3725,12667
3725,13098
3725,13367
3725,13462
3725,14209
3725,14698
3725,15001
3725,15080
3725,15453
3725,15991
3725,16675
3725,17244
3725,18419
3725,20414
3725,20947
3725,21140
3725,21233
3725,21344
3725,21350
3725,22440
3725,26918
3725,28116
3725,29329
3726,4713
3726,4838
3726,5586
3726,6050
3726,6845
3726,12042
3726,19954
3726,23465
3726,27921
3727,6624
3727,21202
3727,25626
3727,28320
3728,16194
3729,22923
3729,26869
3729,29448
3730,3767
3730,3869
3730,7014
3730,23120
3730,26574
3731,6267
3731,8231
3731,9884
3731,19658
3731,27242
3731,27999
3732,15461
3732,17431
3732,22151
3732,27490
3733,19760
3734,6378
3734,7035
3734,8601
3734,11399
3734,15744
3734,26857
3734,27197
3734,27740
3734,29125
3735,7553
3735,7659
3735,8941
3735,11281
3736,9153
3737,16109
3737,22918
3738,10081
3738,10092
3738,11137
3738,12586
3738,26164
3738,28121
3739,27415
3740,7155
3740,8872
3741,4973
3741,5188
3741,5727
3741,10981
3741,11190
3741,11842
3741,12856
3741,13237
3741,18732
3741,20718
3741,25057
3741,25178
3741,27211
3742,6684
3742,8957
3742,13721
3742,26096
3742,26399
3742,28646
3743,7133
3743,7919
3743,18100
3744,8497
3744,14458
3744,17557
3744,22129
3745,14387
3745,16348
3745,26475
3746,6986
3746,9500
3746,9907
3746,14211
3746,21022
3746,22628
3746,25406
3747,12815
3747,20329
3748,15148
3748,17895
3749,4973
3749,9075
3749,11121
3749,14678
3749,23613
3750,9312
3750,12321
3750,14883
3750,15521
3752,10748
3752,11252
3752,12513
3753,5355
3753,9292
3753,24412
3753,27211
3754,8369
3754,10843
3754,13051
3754,22609
3754,27495
3755,9093
3755,13839
3756,8989
3756,9654
3756,12122
3756,12739
3756,16216
3756,21869
3757,6426
3757,8260
3757,9648
3757,10333
3757,10821
3757,11159
3757,16130
3757,18386
3757,25115
3758,13610
3758,22248
3758,22647
3758,29024
3759,5071
3759,13399
3759,20653
3760,8282
3760,9084
3761,29524
3762,7110
3762,19839
3763,3972
3763,4548
3763,4811
3763,9587
3763,13026
3763,21168
3763,29344
3764,7031
3764,7356
3764,8747
3764,11126
3764,13546
3764,18875
3764,19919
3764,24782
3764,25517
3764,27660
3765,4163
3765,7380
3765,11628
3765,11947
3765,13926
3765,16947
3765,29202
3766,5961
3766,6567
3766,7079
3766,15368
3766,19573
3766,20666
3766,20818
3766,23552
3766,25261
3767,17221
3767,18347
3769,7007
3769,7795
3769,10272
3769,19734
3769,22569
3769,23915
3769,26999
3769,27714
3769,28394
3770,8109
3770,9836
3770,12158
3770,28627
3770,29339
3771,4102
3771,4443
3771,6041
3771,7458
3771,11682
3771,11975
3771,16705
3771,17946
3771,24519
3771,27435
3771,28878
3772,3846
3772,5933
3772,13345
3772,15454
3772,15681
3772,17103
3772,17888
3772,19821
3772,23030
3772,23770
3773,7063
3773,9294
3773,10301
3773,10687
3773,12425
3773,12925
3773,16617
3773,19741
3774,4119
3774,5087
3774,6825
3774,10756
3774,13527
3774,17119
3774,17480
3774,18118
3774,21487
3774,21734
3774,24430
3775,7668
3775,8087
3775,9782
3775,10989
3775,22807
3776,14170
3776,22443
3777,3873
3777,6938
3777,7748
3777,16003
3777,22526
3777,23220
3777,23450
3777,27547
3778,7558
3778,12809
3778,15812
3778,23120
3778,25074
3778,27232
3778,28049
3779,6887
3779,9556
3779,10996
3779,20202
3780,17202
3780,19788
3781,27032
3782,9088
3782,18474
3782,19553
3783,13277
3785,6098
3785,9513
3785,15286
3785,16336
3786,14955
3786,29663
3787,5060
3787,13073
3787,17144
3787,24802
3787,25690
3788,6956
3788,10838
3788,11847
3788,24855
3789,7128
3789,13672
3789,19481
3789,20569
3790,5184
3790,28562
3791,9122
3791,13727
3791,17432
3791,18338
3792,10876
3792,11556
3792,13161
3792,22009
3792,25983
3793,5657
3793,7658
3793,20279
3793,23638
3793,23732
3793,26510
3794,16205
3795,5375
3795,6872
3795,8827
3795,12138
3795,12361
3795,13971
3795,16258
3795,17641
3795,20070
3795,20846
3795,23545
3795,23753
3797,13045
3797,24327
3798,6615
3798,10634
3798,11056
3798,11273
3798,15110
3798,15666
3798,15941
3798,18681
3798,19527
3798,20894
3798,23087
3798,27227
3798,27389
3799,5395
3799,19360
3799,23281
3799,29306
3799,29784
3800,5293
3800,5326
3800,5361
3800,5411
3800,5478
3800,6010
3800,6520
3800,8379
3800,8961
3800,9083
3800,9328
3800,12842
3800,15685
3800,19336
3800,20543
3800,20943
3800,22922
3800,26280
3800,26875
3800,28479
3801,4095
3801,6458
3801,11488
3801,15304
3801,15641
3801,15666
3801,16831
3801,22258
3801,28110
3802,4241
3802,5898
3802,6775
3802,7151
3802,7760
3802,8928
3802,9686
3802,9731
3803,4052
3803,12660
3803,21537
3803,24494
3804,4357
3804,6472
3804,10460
3804,18017
3804,18447
3804,20826
3804,21083
3804,25812
3804,27749
3805,6390
3805,7185
3806,4730
3806,4874
3806,14563
3806,14724
3806,15357
3806,16169
3806,16731
3806,17748
3806,18082
3806,18130
3806,19882
3806,22078
3806,24538
3807,11415
3807,18353
3807,23426
3807,27220
3807,27367
3807,28779
3808,3974
3808,4782
3808,5726
3808,6106
3808,6859
3808,11524
3808,11564
3808,12656
3808,17819
3808,18477
3808,21067
3808,26198
3808,27621
3809,4074
3809,5314
3809,6983
3809,9514
3809,10874
3809,11698
3809,12037
3809,16566
3809,19101
3809,19597
3809,25605
3809,27970
3810,5212
3810,7315
3810,14673
3810,15663
3810,18360
3810,25010
3810,25861
3810,27640
3811,10382
3812,8581
3813,20240
3814,4449
3814,18549
3815,5777
3815,13127
3815,17475
3815,25447
3815,28480
3816,3921
3816,4008
3816,4270
3816,5477
3816,5797
3816,8428
3816,10782
3816,11263
3816,12713
3816,14078
3816,25409
3816,26646
3816,28246
3816,29692
3817,3864
3817,9681
3817,16797
3817,19604
3817,24812
3817,26024
3817,29193
3817,29730
3817,29751
3818,11634
3818,19246
3818,21448
3820,8687
3820,10474
3820,11636
3820,28946
3821,7090
3821,7304
3821,10213
3821,10956
3821,11850
3821,13514
3821,13727
3821,15237
3822,4403
3822,5880
3822,5989
3822,12230
3822,16176
3822,28137
3823,4006
3823,4023
3823,4650
3823,4821
3823,6110
3823,7975
3823,8249
3823,8915
3823,10082
3823,12975
3823,13407
3823,15002
3823,16143
3823,17841
3823,19663
3823,20878
3823,20993
3823,21107
3823,21673
3823,24226
3823,25693
3823,26011
3823,26852
3823,27233
3823,29686
3823,29895
3824,8420
3825,6404
3825,14120
3825,15964
3825,16458
3825,18980
3825,19379
3825,19853
3825,20189
3825,29067
3825,29098
3826,5878
3826,7375
3826,8623
3826,17985
3826,18739
3826,29747
3827,3995
3827,6882
3827,11045
3827,14198
3827,15405
3827,23362
3827,26656
3827,26838
3828,5072
3828,5624
3828,10826
3828,13082
3828,26447
3829,4418
3829,8270
3829,11565
3829,11870
3829,12954
3829,14165
3829,14182
3829,20116
3829,26875
3829,29261
3830,9389
3830,10686
3830,12799
3830,14351
3830,25004
3830,25231
3830,26999
3830,27668
3831,6014
3831,7493
3831,11885
3831,24147
3832,16082
3832,25260
3833,4250
3833,4377
3833,5660
3833,6518
3833,6529
3833,9075
3833,10572
3833,11763
3833,13264
3833,19439
3833,20189
3833,27573
3833,29557
3833,29635
3833,29744
3834,7792
3834,10055
3835,5216
3835,8224
3835,10077
3835,14181
3835,16843
3835,21534
3835,22453
3835,25399
3835,26509
3835,28799
3836,4601
3836,5722
3836,7106
3836,9830
3836,10970
3836,11289
3836,12501
3836,12959
3836,15927
3836,16818
3836,20770
3836,23106
3836,23160
3836,24526
3836,28260
3836,28456
3837,3855
3837,5537
3837,7843
3837,14293
3837,14622
3837,25340
3837,27815
3838,10448
3838,11900
3838,13189
3838,15428
3838,19870
3838,26978
3839,8886
3839,16006
3839,20989
3840,8603
3840,8718
3840,11371
3840,11481
3840,15769
3840,20568
3841,3848
3841,20486
3841,20582
3841,23711
3842,3953
3842,4517
3842,4905
3842,7507
3842,9644
3842,10382
3842,12359
3842,13203
3842,15758
3842,18831
3842,23213
3842,24053
3842,25005
3842,27423
3842,29921
3843,4155
3843,4252
3843,4273
3843,4364
3843,4452
3843,6604
3843,6951
3843,9471
3843,11590
3843,12183
3843,12322
3843,13299
3843,15187
3843,21602
3843,21704
3843,23864
3843,24902
3843,28152
3844,4447
3844,5448
3844,23232
3845,26207
3845,29059
3846,4022
3847,13210
3847,19414
3847,19692
3847,20111
3848,14160
3848,26511
3849,18472
3850,7202
3850,11511
3850,14350
3850,15932
3851,3984
3851,5512
3851,9003
3851,22186
3851,25522
3852,4279
3852,6435
3852,6913
3852,10617
3852,12158
3852,12368
3852,27651
3853,3898
3853,4540
3853,5836
3853,26110
3854,9223
3854,15282
3854,16044
3855,11957
3855,12067
3855,15091
3855,18427
3855,24891
3856,7570
3856,10912
3856,29155
3857,6033
3857,6739
3857,7412
3857,10020
3857,12579
3857,14089
3857,17546
3858,6616
3858,13649
3859,6917
3859,11425
3859,20528
3859,22907
3860,6174
3860,10624
3860,17689
3860,19978
3861,10930
3861,12160
3862,6055
3862,8364
3862,9208
3862,13329
3862,14340
3862,18136
3862,26897
3862,28015
3864,4461
3864,5085
3864,5441
3864,13972
3864,23444
3865,4422
3865,4909
3865,5030
3865,5473
3865,10412
3865,12105
3865,14891
3865,17218
3865,24842
3865,29861
3866,9258
3866,11621
3866,12133
3866,13376
3866,13392
3866,17587
3866,23290
3867,4176
3867,10419
3867,13758
3867,14385
3867,14388
3867,14557
3867,17224
3867,17445
3867,21105
3868,4105
3868,5551
3868,8950
3868,9795
3868,10320
3868,16843
3868,20499
3868,26249
3868,28801
3869,5820
3869,6493
3869,7922
3869,13818
3869,15790
3870,7991
3870,17496
3870,17766
3870,17867
3870,20061
3872,11535
3872,15387
3873,8867
3874,3903
3874,4767
3874,11625
3874,18248
3874,26439
3875,10757
3875,13739
3875,15223
3875,17767
3875,18462
3875,23693
3876,5503
3876,5823
3876,7766
3876,9233
3876,20222
3876,21288
3877,7516
3877,10943
3877,11195
3877,16069
3877,16593
3878,6234
3878,7010
3878,11315
3878,12994
3878,15790
3878,18143
3878,21176
3878,22981
3879,8181
3879,11823
3879,22567
3879,26204
3879,28016
3880,6350
3881,5116
3881,5642
3881,7072
3881,8660
3881,11013
3881,13964
3881,14264
3881,14402
3881,14480
3881,16713
3881,18153
3881,19260
3881,22098
3882,4120
3882,5247
3882,24416
3883,8433
3883,8928
3883,20138
3883,26552
3884,4039
3884,4536
3884,7534
3884,10466
3884,18346
3884,18780
3884,24100
3884,26722
3884,28760
3884,29576
3885,4177
3885,5490
3885,9451
3885,18756
3885,19837
3886,4182
3886,9046
3886,9055
3886,20211
3886,21892
3886,22138
3886,27547
3886,27616
3886,29667
3888,8829
3888,8881
3888,9004
3888,16038
3888,20223
3888,22633
3888,25437
3888,27218
3889,5451
3889,6491
3889,8956
3889,9139
3889,13932
3889,15188
3889,15632
3889,17637
3889,25291
3889,27654
3890,15810
3890,16048
3891,18973
3891,20750
3891,23458
3892,5221
3892,11404
3892,20229
3892,21217
3892,21644
3892,26231
3893,8658
3893,12532
3893,19109
3894,7876
3894,9429
3894,9597
3894,22928
3895,13047
3895,23622
3896,5319
3896,10847
3896,24766
3897,12820
3897,16894
3897,26925
3897,27201
3897,29901
3898,6335
3898,15625
3898,23868
3899,5013
3899,8682
3899,8983
3899,9109
3899,10442
3899,12306
3899,16276
3899,20607
3899,26002
3899,27514
3899,27684
3900,3911
3900,15059
3900,16600
3900,17271
3900,24126
3901,7640
3901,12527
3901,13856
3901,16766
3901,19077
3901,21340
3902,4069
3902,6971
3902,15800
3903,5762
3903,9405
3903,11611
3903,17793
3903,22142
3903,25043
3903,25775
3904,3961
3904,6228
3904,7494
3904,11868
3904,13586
3904,19670
3904,20808
3904,21028
3905,8865
3905,20927
3905,29015
3906,13241
3906,27107
3907,4386
3907,4955
3907,7042
3907,10894
3907,14646
3907,16155
3907,16792
3907,17182
3907,20211
3907,21870
3908,4795
3908,9913
3908,28576
3909,16498
3909,16633
3910,4290
3910,16656
3910,16820
3910,29870
3911,7340
3911,22249
3911,24383
3912,7418
3912,8635
3912,22215
3913,9250
3913,15941
3913,18349
3913,24647
3913,29364
3914,23545
3914,25608
3915,4363
3915,11388
3915,21190
3915,26918
3916,9659
3916,10384
3916,22947
3917,10549
3918,4464
3918,7703
3918,7754
3918,20617
3918,20665
3918,24772
3919,4372
3919,7277
3919,10116
3919,10885
3919,24380
3919,26951
3920,15513
3920,17881
3921,4026
3921,5275
3921,9468
3921,11100
3921,11683
3921,15202
3921,18314
3922,6995
3922,27612
3923,19649
3923,21039
3924,6782
3924,9324
3924,12005
3924,26379
3924,28001
3925,3983
3926,4009
3926,4694
3926,6131
3926,12194
3926,13156
3926,14462
3926,17945
3926,25236
3926,27975
3927,5714
3927,6516
3927,9504
3927,11608
3927,12555
3927,15700
3927,19846
3927,21250
3927,25775
3927,27273
3928,4741
3928,6021
3928,7833
3928,15486
3928,18594
3928,19253
3928,20858
3930,5092
3930,7107
3930,7869
3930,8331
3930,10799
3930,11242
3930,28280
3930,28739
3931,7716
3931,14785
3931,15615
3931,17742
3931,21293
3931,22507
3932,17682
3933,15011
3933,18051
3934,9128
3934,22332
3934,23441
3935,7915
3935,14099
3935,27454
3936,4995
3936,5057
3936,6973
3936,9457
3936,12159
3936,12323
3936,14933
3936,16130
3936,16729
3936,16995
3936,28887
3937,5774
3937,17893
3937,27295
3937,29402
3938,9674
3938,15862
3938,21821
3939,8043
3939,8372
3939,10286
3939,13339
3939,17571
3939,17725
3939,18332
3939,23285
3939,29371
3940,26672
3941,5671
3941,7585
3941,9162
3941,12977
3941,15392
3941,27069
3941,29391
3942,4142
3942,4580
3942,10237
3942,10537
3942,14842
3942,15010
3942,17702
3942,18210
3942,18344
3942,24457
3942,26324
3942,26779
3943,6504
3943,6916
3944,6094
3944,6523
3944,6674
3944,8618
3944,10032
3944,12123
3944,12914
3944,16308
3944,17428
3944,20001
3945,9958
3945,23712
3945,25956
3945,26859
3946,5669
3947,11641
3947,18755
3947,25423
3947,25675
3947,28471
3948,15529
3948,17830
3948,17883
3948,24168
3949,10585
3949,14157
3949,27483
3949,29415
3950,4011
3950,4535
3950,5298
3950,5438
3950,6625
3950,6707
3950,9630
3950,10645
3950,13004
3950,15825
3950,28957
3951,10536
3951,20505
3951,20642
3952,4072
3952,12754
3953,6515
3953,6850
3953,10861
3953,11362
3953,12240
3953,24560
3953,25322
3953,27278
3955,7028
3955,8579
3955,9717
3955,15366
3955,15997
3955,16650
3955,19911
3955,26775
3956,9675
3956,10725
3956,10842
3956,11148
3956,11475
3956,12723
3956,14175
3956,16466
3956,18465
3956,21522
3956,27280
3957,4909
3957,5348
3957,5355
3957,7134
3957,8835
3957,11457
3957,12459
3957,12848
3957,16124
3957,16744
3957,18137
3957,19274
3957,23680
3957,23726
3957,24091
3957,26859
3957,28604
3958,6324
3958,13883
3958,16174
3958,16456
3958,21652
3958,25664
3958,28681
3959,4762
3959,29508
3960,5235
3960,11578
3960,13928
3960,15139
3960,17966
3960,22181
3960,23204
3961,6417
3961,8111
3961,26538
3962,4084
3962,4628
3962,11304
3962,12059
3962,12441
3962,13975
3962,14167
3962,14347
3962,17509
3962,18378
3962,18413
3962,18788
3962,20863
3962,20921
3962,21954
3962,24657
3962,24719
3962,29678
3963,5718
3963,8700
3963,8853
3963,15233
3963,23737
3963,26499
3964,9569
3964,11625
3964,11717
3964,18833
3964,20693
3964,20868
3964,22133
3965,5154
3965,18537
3965,21547
3965,24565
3966,6498
3966,8913
3966,10069
3967,14208
3967,18601
3968,6117
3968,27668
3969,5146
3969,10292
3969,11544
3969,11954
3969,16895
3969,23259
3969,25875
3969,28925
3970,7618
3970,8172
3970,9121
3970,19199
3971,17348
3972,4620
3972,21843
3972,25964
3973,5748
3973,5938
3973,18017
3973,18033
3973,24944
3974,7494
3974,9450
3974,14594
3974,19724
3974,22563
3974,23893
3974,24991
3974,27694
3974,29328
3975,4648
3975,5049
3975,6436
3975,8647
3975,11340
3975,11895
3975,14803
3975,18681
3975,24527
3975,24680
3975,25647
3975,28458
3975,29458
3976,17148
3976,26906
3977,4286
3977,11014
3977,13716
3977,24579
3978,4181
3978,4489
3978,5913
3978,7432
3978,7482
3978,9457
3978,10870
3978,18500
3978,23731
3979,4004
3979,11009
3979,12973
3979,21883
3979,22437
3980,21709
3980,22085
3980,28718
3980,29068
3981,7222
3981,17433
3981,29619
3981,29726
3982,5428
3982,8355
3982,10103
3982,16499
3982,27497
3982,28635
3983,7925
3983,9540
3983,11678
3983,15766
3983,20144
3983,21355
3983,29551
3983,29999
3986,4979
3986,5520
3986,12050
3986,12294
3986,14899
3986,19473
3986,23190
3986,27380
3986,29475
3987,5792
3987,6531
3987,6676
3987,8360
3987,8625
3987,8749
3987,9998
3987,12196
3987,14648
3987,16250
3987,19856
3987,21337
3987,23257
3987,23262
3987,26200
3987,26396
3988,16554
3989,8970
3990,10608
3990,15262
3990,21627
3991,6981
3991,20152
3991,24672
3992,3998
3992,5746
3992,8052
3992,8196
3992,8275
3992,9415
3992,9735
3992,18172
3992,27698
3993,6750
3993,7731
3993,11282
3993,17628
3993,23292
3994,6397
3994,7897
3994,13166
3994,15975
3995,6255
3995,6517
3995,8950
3995,10669
3995,11744
3995,13244
3995,16915
3995,28192
3996,4131
3996,4699
3996,7669
3996,24675
3997,5081
3997,5641
3997,10723
3997,18602
3997,21835
3997,22763
3997,25707
3998,5029
3998,5568
3998,9253
3998,9948
3998,14176
3998,14525
3998,22996
3999,11020
4000,5736
4000,7237
4000,10471
4001,4495
4001,7762
4001,11945
4001,13038
4001,16403
4001,18340
4001,27231
4002,6224
4002,7720
4002,10902
4002,12596
4002,13029
4002,20939
4002,24044
4003,16704
4003,17429
4003,19646
4003,20248
4003,21416
4003,22012
4004,11306
4004,11762
4004,17315
4004,21295
4005,7733
4005,13792
4005,16779
4005,27586
4006,6336
4006,8622
4006,13816
4006,26293
4006,27851
4006,28212
4007,6284
4007,14631
4008,7811
4008,11244
4008,17831
4008,19846
4008,19945
4009,9910
4009,12835
4009,15135
4009,20712
4009,28454
4010,12610
4010,16579
4010,27035
4011,4391
4011,6047
4011,19136
4011,24399
4011,26760
4011,28364
4012,11006
4012,13485
4012,16108
4012,16930
4012,21381
4012,27889
4013,4903
4013,7254
4013,14848
4013,23261
4013,25484
4013,27105
4014,4757
4014,8145
4015,5069
4015,6669
4015,7311
4015,12840
4015,15101
4015,15688
4015,15870
4015,17266
4015,18131
4015,23660
4015,24258
4016,26424
4017,5171
4017,12114
4017,21641
4018,26936
4018,27995
4018,28934
4019,4433
4019,6690
4019,21896
4019,22343
4020,19377
4020,25826
4021,8857
4021,15066
4021,15992
4021,29653
4022,8141
4022,10753
4022,11832
4022,12300
4022,14078
4022,14771
4022,16090
4023,4608
4023,6700
4023,8174
4023,10681
4023,11085
4023,17111
4023,19432
4023,20527
4024,9011
4024,28233
4026,4138
4026,11261
4026,11592
4026,28906
4027,4078
4027,6731
4027,14017
4027,23813
4027,28037
4028,15881
4029,11174
4029,29018
4030,8192
4032,4877
4032,9091
4032,11623
4032,12203
4032,23558
4032,24701
4032,25226
4032,26335
4033,4439
4033,5650
4033,15838
4033,16747
4033,20367
4033,21073
4034,6939
4034,8966
4034,16259
4035,4992
4035,6675
4035,6823
4035,14494
4035,17287
4035,20249
4035,20706
4035,21543
4035,26390
4035,27619
4036,4256
4036,11617
4036,11708
4036,13119
4036,14415
4036,19265
4036,19678
4036,21666
4036,22897
4036,25930
4036,26211
4037,5234
4037,5808
4037,9125
4037,15773
4037,20494
4038,5768
4038,7251
4038,8741
4038,10811
4038,18612
4038,21930
4038,23782
4038,27359
4038,28733
4039,4764
4039,4987
4039,5304
4039,6934
4039,7710
4039,9081
4039,16222
4039,17131
4039,19325
4039,19819
4040,16444
4041,4563
4041,4868
4041,6385
4041,15997
4041,20542
4041,26333
4042,8184
4043,5138
4043,7453
4043,14415
4044,5715
4044,5903
4044,6298
4044,8457
4044,11357
4044,13930
4044,14175
4044,19110
4044,21127
4044,22005
4044,22745
4044,26413
4044,26554
4045,4615
4045,6189
4045,6430
4045,6793
4045,9555
4045,9706
4045,9919
4045,12721
4045,19011
4046,4858
4046,5363
4046,5920
4046,6666
4046,7367
4046,10927
4046,14273
4046,16061
4046,16210
4047,11125
4047,12956
4047,15187
4047,17361
4047,20242
4047,25237
4048,8580
4049,4174
4049,6134
4049,6285
4049,13329
4049,13662
4049,13960
4049,17523
4049,20801
4049,29793
4050,12000
4050,15260
4050,20231
4050,20622
4050,24155
4050,25682
4051,4590
4051,12268
4051,16378
4051,20686
4051,24776
4051,27770
4052,4900
4052,5174
4052,12716
4052,16383
4052,19007
4052,26066
4052,27234
4053,4464
4053,5115
4053,7339
4053,21401
4054,5360
4054,16434
4054,22820
4055,4899
4055,24694
4055,24696
4055,26473
4055,27571
4056,4642
4056,6493
4056,7293
4056,10020
4056,16852
4057,5358
4057,7062
4057,12853
4057,13212
4057,19828
4057,22144
4057,28956
4058,6914
4058,10766
4058,13229
4058,16632
4058,21936
4058,29423
4059,8931
4059,9835
4059,22072
4060,4254
4060,8907
4060,13108
4060,20096
4060,21062
4060,23552
4061,4991
4061,6156
4061,6168
4061,10943
4061,12262
4061,15611
4061,16669
4061,24787
4061,26421
4062,7888
4062,11608
4063,4520
4064,22841
4064,23295
4065,19671
4065,22776
4066,5005
4066,18855
4067,5952
4067,7024
4067,7835
4067,10257
4067,11260
4067,12019
4067,14292
4067,14456
4067,22838
4067,25928
4067,27204
4067,29908
4068,6364
4068,8528
4068,11484
4068,27776
4069,4947
4069,8563
4069,11462
4069,19365
4069,26537
4070,8486
4070,12459
4070,12677
4070,20882
4070,27824
4071,6826
4071,18503
4071,18609
4072,29952
4073,4482
4073,4924
4073,6864
4073,8476
4073,16808
4073,22340
4073,22412
4073,22668
4073,27479
4074,6195
4074,13866
4075,4801
4075,17625
4075,21046
4075,22990
4075,24435
4076,5468
4076,7929
4076,9608
4076,11186
4076,23084
4077,11479
4077,16884
4077,20838
4078,8175
4078,11233
4078,13065
4079,18580
4079,22367
4079,25503
4080,10032
4080,20717
4080,21894
4081,4920
4081,15630
4083,10161
4083,24936
4084,21418
4085,4302
4085,7754
4085,8554
4085,13943
4085,14540
4086,7645
4086,13115
4086,16208
4087,4245
4087,7475
4087,9487
4087,10345
4087,13396
4087,17026
4087,21394
4088,4729
4088,9040
4089,5001
4089,6560
4089,9474
4089,10481
4089,10957
4089,11543
4089,12498
4089,13839
4089,18529
4089,25573
4091,5566
4091,6763
4091,10488
4091,15141
4091,16551
4091,18584
4091,22344
4091,22812
4091,23661
4091,24181
4091,24692
4091,24875
4091,29773
4092,4865
4092,5775
4092,7192
4092,9943
4092,21653
4093,4355
4093,5315
4093,5981
4093,6894
4093,8491
4093,10063
4093,17181
4093,17824
4094,5363
4094,6387
4094,12386
4094,15775
4094,16171
4094,17247
4095,4321
4095,9343
4095,11010
4095,11752
4095,13031
4095,15822
4095,18450
4095,29035
4095,29215
4096,8837
4096,12381
4097,13833
4097,18578
4097,23613
4097,25172
4097,26042
4098,4340
4098,16501
4098,25418
4098,27425
4099,4657
4100,7248
4100,25031
4101,7952
4101,8250
4101,12694
4101,17042
4101,20203
4101,23713
4102,6265
4102,6480
4102,8387
4102,13699
4102,13949
4102,15703
4102,19761
4102,22051
4102,26164
4102,26434
4102,29787
4103,5200
4103,5433
4103,6287
4103,9168
4103,9720
4103,10457
4103,12410
4103,14046
4103,17875
4103,20113
4103,20512
4103,26629
4104,5545
4104,13199
4104,20745
4105,14725
4105,20275
4105,21563
4105,26201
4105,27167
4105,27930
4106,11538
4106,14549
4106,18771
4106,20733
4108,4789
4108,5458
4108,6080
4108,8392
4108,12032
4108,12551
4108,15398
4108,16320
4108,16800
4108,18574
4108,19241
4108,21665
4108,25177
4108,27947
4108,28472
4109,6502
4109,16418
4109,18624
4109,27205
4110,6680
4110,7315
4110,9165
4110,24736
4111,7173
4111,11858
4111,13490
4111,13765
4111,19157
4111,23417
4111,27245
4112,5298
4112,5362
4112,5522
4112,10242
4112,13532
4112,16676
4112,21008
4112,21435
4112,22028
4112,24941
4113,21419
4114,5770
4114,6080
4114,24459
4115,5081
4115,29502
4116,5539
4116,16449
4116,16991
4116,29853
4117,13496
4117,13799
4117,18526
4117,24387
4117,25030
4118,8856
4118,9246
4118,9589
4118,17160
4118,19946
4118,20575
4118,28975
4119,6352
4119,7283
4119,11903
4119,13622
4119,16361
4119,17183
4119,22096
4121,4340
4121,6706
4121,17505
4121,28139
4122,13647
4122,16297
4122,16366
4122,25074
4123,4609
4123,5814
4123,7140
4123,7722
4123,8510
4123,11632
4123,12951
4123,14395
4123,14511
4123,17488
4123,17811
4123,21070
4123,22389
4123,25487
4123,26293
4123,26861
4123,28919
4124,5237
4124,7275
4124,10298
4124,11228
4124,16118
4124,23251
4124,23973
4124,27781
4125,4765
4125,7027
4125,7647
4125,8042
4125,9891
4125,12705
4125,21078
4125,27977
4126,6463
4126,7255
4126,8470
4126,14245
4126,17616
4126,20181
4126,20848
4126,22549
4126,23968
4127,5242
4127,6472
4127,26517
4128,5149
4128,5485
4128,15720
4128,28119
4129,13266
4129,15778
4129,17168
4129,19520
4129,20396
4129,21715
4129,25447
4129,29878
4130,14836
4130,21796
4131,4708
4131,9527
4131,18795
4131,19319
4131,22480
4131,25877
4131,28531
4132,26525
4132,27301
4133,4437
4133,4950
4133,5697
4133,6395
4133,6601
4133,6851
4133,7081
4133,12549
4133,15170
4133,19377
4133,20381
4133,20473
4133,20745
4134,5860
4134,9629
4134,21008
4134,22257
4134,27751
4135,5238
4135,12565
4135,13527
4135,16065
4135,18453
4135,20848
4135,28048
4136,6865
4136,7831
4136,8601
4137,5835
4137,20330
4137,21559
4137,26276
4138,13261
4138,22882
4138,27959
4139,7154
4139,12874
4139,13473
4139,14000
4140,6295
4140,6417
4140,7341
4140,9893
4140,12132
4140,17323
4140,19168
4141,4284
4141,6000
4141,6966
4141,8341
4141,8375
4141,15631
4141,21726
4141,24255
4142,27959
4143,22752
4143,26303
4144,6345
4144,7679
4144,8788
4144,19794
4144,22377
4145,4765
4145,6287
4145,18732
4146,23162
4146,24736
4147,10968
4147,11724
4147,18902
4147,22194
4147,28638
4149,5941
4149,6569
4149,7167
4149,26752
4149,27064
4151,4536
4151,5315
4151,5423
4151,11232
4151,18467
4151,22498
4152,4517
4152,5123
4152,5678
4152,6755
4152,7350
4152,7953
4152,8491
4152,9015
4152,11415
4152,14185
4152,15999
4152,19414
4152,19936
4152,21872
4152,28820
4153,5803
4153,5840
4153,14527
4154,19223
4154,29726
4155,4557
4155,18928
4156,6132
4156,6845
4156,11666
4156,12289
4157,7361
4157,10741
4157,10818
4157,12283
4157,12507
4157,16701
4157,20074
4157,25727
4158,8109
4158,9193
4158,13307
4158,18227
4158,19644
4158,19775
4158,19935
4158,22164
4158,23038
4158,24239
4158,25149
4159,4606
4159,7163
4159,7763
4159,8429
4159,10145
4159,13427
4159,15582
4159,17223
4159,18165
4159,20377
4159,22642
4159,22821
4159,24453
4160,7866
4160,14876
4160,18745
4161,15636
4161,27909
4162,17802
4163,7231
4163,15309
4163,19381
4164,4988
4164,6198
4164,8261
4164,8587
4164,12473
4164,25767
4165,8651
4165,27474
4165,28787
4166,4252
4166,7200
4166,7947
4166,15401
4166,16547
4166,20055
4166,20362
4166,24969
4167,6966
4167,16447
4167,27927
4168,19124
4168,28673
4169,4680
4169,4746
4169,5541
4169,10581
4169,13877
4169,18948
4169,23502
4169,27123
4170,5352
4170,13418
4171,6658
4171,7252
4171,9129
4171,18342
4171,18492
4171,23143
4171,23523
4171,23918
4171,28018
4172,14650
4172,16288
4172,27416
4173,5242
4173,8185
4173,8219
4173,15258
4173,16269
4173,16339
4173,17246
4173,18996
4173,19961
4173,22156
4173,22182
4173,22821
4173,22949
4173,24451
4173,27336
4173,27947
4174,19386
4174,29160
4175,25816
4176,6046
4176,9756
4176,16689
4176,25633
4177,12141
4177,14143
4177,14149
4177,16906
4177,23432
4178,16678
4178,19087
4179,9677
4179,11592
4179,13537
4179,13948
4179,14566
4179,21196
4179,21927
4179,24532
4179,25243
4181,4560
4181,7635
4181,13890
4181,16193
4181,21187
4181,26925
4182,10011
4182,13010
4182,14839
4182,20586
4183,9279
4183,10051
4184,4255
4184,4529
4184,6356
4184,9844
4184,10017
4184,11320
4184,13174
4184,14874
4184,18268
4184,18458
4184,20178
4184,21240
4185,27828
4186,4326
4186,5844
4186,6332
4186,7993
4186,10205
4186,13718
4186,22981
4186,24083
4187,4316
4187,5426
4187,9679
4187,18568
4187,28776
4187,29368
4188,6982
4188,12420
4188,15994
4188,18463
4188,18540
4188,19258
4188,27664
4189,6527
4189,20687
4189,23982
4189,25805
4190,5086
4190,8766
4190,12105
4190,12417
4190,14740
4190,17113
4190,25903
4190,28951
4191,4812
4191,5230
4191,7598
4191,7767
4191,11202
4191,12439
4191,21076
4192,5241
4192,7058
4192,7984
4193,5134
4193,5251
4193,7445
4193,11256
4193,20046
4193,27742
4194,5759
4194,9224
4194,14328
4194,14858
4194,19143
4194,20445
4194,25330
4194,27846
4194,28596
4195,4851
4195,10374
4195,11811
4195,18170
4195,22483
4195,24915
4196,7903
4196,15534
4196,21809
4196,23232
4197,11911
4197,18211
4197,20777
4197,21255
4197,22866
4197,27612
4198,6304
4198,9026
4199,5294
4199,5434
4199,5838
4199,10016
4199,12066
4199,12189
4199,12569
4199,12748
4199,17062
4199,20468
4199,25078
4199,26152
4199,28078
4200,5509
4200,18087
4200,26462
4200,28383
4201,15903
4201,27275
4203,7247
4203,8381
4203,24059
4203,26390
4204,6600
4204,12676
4204,14987
4205,4241
4206,5517
4206,5900
4206,7842
4206,12247
4206,12431
4206,28005
4206,29851
4207,4575
4207,4736
4207,4877
4207,5020
4207,8139
4207,8167
4207,11974
4207,15707
4207,17812
4207,23510
4207,26584
4207,29505
4207,29608
4208,5118
4208,5882
4208,5972
4208,8004
4208,9070
4208,11276
4208,16570
4208,20078
4208,20710
4208,23823
4208,27437
4208,27754
4209,8078
4209,15820
4209,17849
4209,18161
4209,20698
4210,4329
4210,5486
4211,4714
4211,7883
4211,9419
4211,16938
4212,4429
4212,4676
4212,5829
4212,15308
4212,16755
4212,16858
4212,23390
4212,25679
4212,27800
4213,7109
4213,8575
4213,13117
4214,24996
4215,6543
4215,7219
4215,11737
4215,14656
4215,18734
4215,22095
4215,26601
4215,28812
4216,5280
4216,8352
4216,8978
4216,12897
4216,13784
4216,14734
4216,17457
4216,20454
4216,21473
4216,25510
4216,27140
4217,7010
4217,8465
4218,4669
4218,6439
4218,23382
4219,18859
4219,24966
4219,29650
4220,5437
4220,9034
4220,10021
4220,10045
4220,12010
4220,17595
4220,20396
4221,9454
4221,9518
4221,13946
4221,14431
4221,16421
4221,17465
4221,17870
4221,21523
4221,26223
4222,5426
4222,5800
4222,8088
4222,11008
4223,4320
4223,4435
4223,7075
4223,8640
4223,9091
4223,17306
4223,20486
4223,23924
4223,23948
4223,27305
4223,29964
4224,4702
4224,6405
4224,7442
4224,8861
4224,19750
4224,20190
4224,27674
4226,4487
4226,4613
4226,11772
4226,13746
4226,29970
4227,6506
4227,7317
4227,11363
4228,7465
4228,12351
4229,7583
4229,7692
4229,15556
4230,6041
4230,13201
4230,27436
4231,4687
4231,13136
4231,13320
4231,18071
4231,25438
4231,29885
4232,4881
4232,4966
4232,5331
4232,6090
4232,7419
4232,7859
4232,7884
4232,8541
4232,10434
4232,11553
4232,12413
4232,12776
4232,12869
4232,13714
4232,14870
4232,15217
4232,16816
4232,17041
4232,19034
4232,20393
4232,20791
4232,21455
4232,23522
4232,24271
4232,24993
4232,25323
4232,26954
4232,27813
4232,28147
4233,8460
4233,11010
4233,12939
4233,13007
4233,13273
4233,14182
4233,15091
4233,18842
4233,24187
4234,4321
4234,5960
4234,7129
4234,9442
4234,11982
4234,12508
4234,25917
4235,8030
4235,8477
4235,16531
4235,17998
4236,10142
4236,22175
4236,25631
4236,29857
4237,10418
4238,5270
4238,10128
4239,18613
4240,4451
4240,6661
4240,6781
4240,7090
4240,9684
4240,18418
4240,20097
4240,23894
4241,6851
4241,10276
4241,11330
4241,12750
4241,13988
4241,21050
4242,5933
4242,11686
4242,17058
4243,14059
4245,11893
4245,12502
4245,12697
4245,12752
4245,13928
4245,16122
4245,19550
4245,25183
4246,9210
4246,12692
4247,5735
4247,11878
4247,16381
4247,21398
4248,16516
4248,19728
4248,21687
4248,28751
4249,8020
4249,24363
4249,25052
4250,12318
4250,13965
4250,19147
4250,24608
4250,28272
4251,6941
4251,10805
4251,13858
4251,15098
4252,4478
4252,6373
4252,6715
4252,9060
4252,10014
4252,11065
4252,14417
4252,24437
4252,24525
4252,27528
4253,12581
4253,13196
4253,23155
4254,13943
4255,4462
4255,5307
4255,5870
4255,10752
4255,13152
4255,15058
4255,15061
4255,15629
4255,16644
4255,18197
4255,23183
4255,27687
4255,29705
4256,4583
4256,6628
4256,7623
4256,8707
4256,11778
4256,12305
4256,15365
4256,16911
4256,19932
4256,24168
4256,24200
4256,27015
4256,28100
4257,10324
4257,25541
4258,12356
4258,15914
4258,24483
4259,4292
4259,6507
4259,14973
4260,4541
4260,8423
4260,11755
4260,13069
4260,15709
4260,16267
4260,16469
4260,18459
4260,18544
4260,20238
4260,21089
4260,22608
4260,23963
4260,25772
4260,26083
4260,27692
4260,29083
4260,29942
4261,4272
4261,5049
4261,6871
4261,17741
4261,18624
4261,22375
4261,24673
4261,24992
4261,27152
4261,28333
4262,5440
4262,16214
4263,7842
4263,9768
4263,10698
4263,14106
4263,21084
4263,24169
4263,26669
4264,4995
4264,5392
4264,6301
4264,8020
4264,13942
4264,14247
4264,19373
4264,25472
4265,12578
4265,15043
4266,4561
4266,5413
4266,5884
4266,5908
4266,8131
4266,12090
4266,15573
4266,20316
4267,17363
4267,27337
4268,10797
4268,11064
4268,19295
4269,9118
4269,10386
4269,10983
4270,10929
4270,13558
4270,14804
4270,22637
4270,27438
4271,4383
4271,9709
4271,11302
4271,13621
4271,14259
4271,15578
4271,25914
4271,26115
4271,29253
4272,5346
4272,6020
4272,13991
4272,15391
4272,15619
4272,17703
4272,20259
4272,22546
4272,23565
4272,26019
4273,6787
4273,7535
4273,10839
4273,16135
4273,20560
4273,24119
4273,26830
4274,23611
4274,27766
4275,6539
4275,15381
4275,17882
4275,22959
4275,29430
4276,7224
4276,8098
4276,17521
4277,11291
4277,12026
4277,17143
4277,17406
4278,9617
4278,24198
4279,6812
4279,9327
4279,9688
4279,9781
4279,14437
4279,17305
4279,19676
4279,26643
4280,8204
4280,21794
4282,5604
4282,5728
4282,7329
4282,7621
4282,14042
4282,15522
4282,26954
4283,12325
4283,14144
4283,15491
4283,16319
4284,6445
4284,7162
4284,8250
4285,5789
4285,7051
4285,8172
4285,13210
4285,14171
4285,24730
4286,15638
4286,16555
4286,19020
4286,22105
4287,5425
4287,6511
4287,6701
4287,9613
4288,17167
4288,20026
4288,20992
4290,5049
4290,6528
4290,8302
4290,14846
4290,15480
4290,19353
4290,23064
4291,5734
4291,6685
4291,9701
4291,12873
4291,16380
4291,25392
4292,5390
4292,5994
4292,6109
4292,6223
4292,12326
4292,15225
4292,15537
4292,17519
4292,20562
4292,21064
4292,22136
4292,22970
4292,25066
4293,7227
4293,10022
4293,13895
4293,20792
4294,4352
4294,6182
4294,8993
4294,9993
4294,11111
4294,14704
4294,17366
4294,18504
4294,22767
4294,26870
4294,29104
4295,8451
4295,12056
4295,20130
4296,4603
4296,10085
4296,10555
4296,21184
4297,4696
4297,5128
4297,6385
4297,8373
4297,8380
4297,10738
4297,14601
4297,18029
4297,23671
4297,27497
4298,21472
4298,24087
4299,4937
4299,6633
4299,7397
4299,7466
4299,11678
4299,15752
4299,17199
4299,17213
4299,22103
4299,29783
4300,4421
4300,5440
4300,5494
4300,5573
4300,8745
4300,9472
4300,11973
4300,13766
4300,16673
4300,20133
4300,27704
4300,28587
4301,15872
4301,18280
4301,23460
4301,24877
4302,4312
4302,6880
4302,8815
4302,10313
4302,14677
4302,17113
4302,19154
4302,22764
4303,7357
4303,8376
4304,9566
4304,10640
4304,11477
4304,11902
4304,14826
4304,16080
4304,16777
4304,16963
4304,19245
4304,20213
4304,22682
4304,28396
4304,29925
4305,8912
4305,8942
4305,13696
4305,14461
4305,15326
4305,18157
4305,18715
4305,20903
4305,25626
4305,25878
4305,26766
4306,7228
4306,7699
4306,8978
4306,10990
4306,22591
4306,23662
4306,23967
4307,13209
4309,12080
4309,13940
4309,23244
4310,4664
4310,5253
4310,5301
4310,10821
4310,12015
4310,13873
4310,23063
4310,23872
4310,24016
4310,26794
4311,11323
4312,6223
4312,21036
4312,26218
4313,4526
4313,4941
4313,9561
4313,9972
4313,10109
4313,14481
4313,14863
4313,22501
4314,8145
4315,4774
4315,7868
4315,10178
4315,11297
4315,22455
4315,22520
4315,23691
4315,28006
4316,12701
4316,20110
4316,24311
4317,11626
4317,20072
4317,23244
4317,23660
4317,26052
4317,26290
4318,17691
4318,24250
4319,4782
4319,14622
4320,8053
4320,21090
4320,25637
4320,26025
4321,5560
4321,14263
4321,28413
4322,4455
4322,7710
4322,8185
4322,8363
4322,16209
4323,5080
4323,7410
4323,9547
4323,12919
4323,19907
4323,23157
4323,26908
4324,6174
4324,6763
4324,23925
4325,5066
4325,9384
4325,27892
4326,26352
4326,29266
4328,6550
4328,7616
4328,9015
4328,9256
4328,10186
4328,12634
4328,17788
4328,21644
4328,24356
4328,26616
4329,5039
4329,17137
4329,26926
4329,28615
4330,9670
4330,12137
4330,14094
4330,27692
4331,26134
4331,26995
4332,17439
4332,18886
4332,28054
4332,29055
4333,6923
4333,7597
4333,10619
4333,13707
4333,14000
4333,16404
4333,17614
4333,18651
4333,19735
4333,27393
4333,28996
4333,29639
4334,6928
4334,7778
4334,13035
4334,16310
4335,5277
4335,10916
4335,14503
4335,16970
4335,21854
4335,22207
4335,25853
4335,29342
4336,5884
4336,6575
4336,14456
4336,15722
4336,19869
4337,10375
4337,21764
4337,22192
4337,22717
4337,27067
4337,29321
4338,4359
4338,6047
4338,19441
4338,23510
4339,6627
4339,25855
4340,4897
4340,5141
4340,8048
4340,9076
4340,9867
4340,10400
4340,11173
4340,18351
4340,19208
4340,22701
4340,27579
4340,28051
4340,29805
4341,6921
4341,9294
4341,11672
4341,20033
4341,24869
4341,27257
4342,8007
4342,11452
4343,10606
4343,24077
4343,27803
4344,6419
4344,8117
4344,28613
4345,5152
4345,15105
4345,15493
4345,15994
4346,7433
4346,8122
4346,9557
4346,15140
4346,17813
4346,28290
4348,5511
4348,7308
4348,8608
4348,9349
4348,11832
4348,17303
4348,19587
4348,21397
4349,4638
4349,25638
4351,4641
4351,5404
4351,11098
4351,24005
4351,29537
4352,5781
4352,6409
4352,11352
4352,15796
4352,20417
4352,23347
4352,23427
4352,24261
4353,4525
4353,5595
4353,10360
4353,14732
4353,27050
4354,12212
4354,14180
4354,14960
4354,16807
4354,20331
4355,5162
4355,11377
4355,15799
4355,20519
4355,22649
4356,13172
4356,21619
4356,22132
4356,26759
4358,7873
4358,10893
4358,12336
4358,23634
4358,25043
4359,6619
4359,10752
4359,11888
4359,14718
4359,26264
4359,26343
4360,16335
4360,23686
4361,8024
4361,9074
4361,19071
4361,20350
4362,5018
4362,6044
4362,8907
4362,9244
4362,11598
4362,12712
4362,22916
4363,16291
4363,18424
4364,5408
4364,12053
4364,13989
4364,20243
4364,23315
4364,25388
4364,26154
4364,28691
4365,13399
4366,27798
4367,8456
4367,12480
4367,14573
4367,16696
4367,16924
4367,26607
4367,29283
4368,10591
4368,14554
4368,27844
4369,7420
4370,6140
4370,6186
4370,6953
4370,13856
4370,20099
4371,9497
4371,14241
4371,17561
4372,4670
4372,12526
4372,20140
4373,5033
4373,28590
4374,5282
4374,9255
4374,12183
4374,15414
4374,19025
4374,22999
4374,27139
4375,5966
4375,7492
4375,8356
4375,9664
4375,10122
4375,10519
4375,11343
4375,12643
4375,13135
4375,15012
4375,15668
4375,20373
4375,27092
4375,28498
4375,29852
4376,10926
4376,16670
4376,24757
4376,25958
4376,29373
4376,29709
4377,6823
4377,12340
4377,29212
4378,5286
4378,6340
4378,9918
4378,12242
4378,24836
4379,10517
4379,14124
4379,14365
4379,14833
4379,15501
4379,24328
4379,27312
4379,29044
4380,9565
4380,11775
4380,12893
4380,19400
4380,24946
4381,4622
4381,6600
4381,10655
4381,11642
4381,13835
4381,16261
4381,16448
4381,23728
4382,10578
4382,12373
4382,22448
4382,24683
4382,25464
4382,28897
4383,17840
4383,24332
4383,25586
4384,7753
4384,9443
4384,19496
4385,12034
4385,18262
4385,21727
4386,6231
4386,9367
4386,13722
4386,15331
4386,18103
4386,26133
4387,6495
4387,9252
4387,15654
4387,22260
4387,22940
4387,25715
4387,26855
4388,9634
4388,11873
4388,17187
4388,25762
4388,28221
4388,28317
4388,29291
4389,8790
4389,12285
4389,12983
4389,22035
4390,8851
4390,9127
4390,24850
4391,7176
4391,18619
4391,19671
4391,25595
4392,9623
4392,10320
4393,5721
4393,6004
4393,10292
4393,11603
4393,16856
4393,22396
4393,26197
4394,21050
4394,25029
4395,5187
4395,9189
4395,17824
4395,21750
4395,22401
4397,11213
4397,11417
4397,14588
4397,20816
4397,22497
4397,24156
4397,27828
4398,6420
4398,7317
4398,9785
4398,12936
4398,15351
4398,28754
4399,9236
4399,12199
4399,17653
4399,19873
4399,22457
4399,23481
4400,16984
4400,18122
4400,22848
4400,24975
4401,7523
4401,13984
4401,14475
4401,15362
4401,18042
4401,25475
4401,26145
4402,6162
4402,6293
4402,6937
4402,7794
4402,13637
4402,16969
4402,19776
4402,21060
4402,21443
4402,23751
4403,4965
4403,6132
4403,7435
4403,9894
4403,11195
4403,15505
4403,19093
4403,26317
4404,5581
4404,7446
4404,7967
4404,11908
4404,11976
4404,12539
4404,15749
4404,17536
4404,21606
4404,21814
4404,22465
4404,22687
4404,28381
4404,29648
4405,10091
4405,10150
4405,11899
4405,19180
4405,22715
4406,8792
4406,13452
4406,21995
4407,8718
4407,10689
4407,16552
4407,28442
4408,5992
4408,12275
4408,13326
4408,14797
4408,14986
4408,15231
4408,15313
4408,19536
4408,20457
4409,4493
4409,24553
4410,11408
4410,17952
4410,28318
4411,10121
4412,5689
4412,6631
4412,6829
4412,8449
4412,10709
4413,5657
4413,24006
4414,5663
4414,5799
4414,7335
4414,9650
4414,11438
4414,11632
4414,26581
4414,26865
4414,28699
4415,6751
4415,6846
4415,10554
4415,10937
4415,11207
4415,13442
4415,15343
4415,15379
4415,16534
4415,22209
4415,27462
4416,7862
4416,14848
4416,23128
4417,10281
4417,10784
4417,14150
4417,17279
4417,23183
4417,29371
4418,4660
4418,5176
4418,8718
4418,15027
4418,20484
4419,6702
4419,7654
4419,14013
4419,24195
4420,6173
4420,23190
4420,28544
4421,23542
4422,13593
4422,18776
4422,20780
4422,27319
4423,4516
4423,5696
4423,7360
4423,12001
4423,27088
4424,7820
4424,9540
4424,14803
4424,20965
4425,17758
4426,5379
4426,8388
4426,9442
4426,13750
4426,15547
4426,16135
4427,4760
4427,6525
4427,9581
4427,11194
4427,12530
4427,12666
4427,14500
4427,17336
4427,26313
4427,28230
4428,6122
4428,15538
4428,15570
4428,29002
4429,14274
4429,25173
4430,15517
4431,17383
4431,24927
4432,6390
4432,17733
4432,18312
4433,7653
4433,8780
4433,29194
4434,8995
4434,10470
4434,17604
4434,20978
4435,7262
4435,8144
4435,12229
4435,14302
4435,15165
4435,15370
4435,20796
4435,22388
4435,28893
4435,29560
4436,4643
4436,8066
4436,12051
4436,14227
4436,19587
4436,20398
4436,29393
4437,6211
4437,7416
4437,8612
4437,10833
4437,11447
4437,16399
4437,16905
4437,21803
4438,9686
4438,12667
4438,13690
4438,14722
4438,15613
4438,18771
4438,18975
4438,19119
4438,24007
4438,26298
4439,6120
4439,7378
4439,7766
4439,8630
4439,23470
4439,28355
4440,6163
4440,10532
4441,13357
4441,20252
4442,8603
4442,14502
4442,16022
4442,20565
4442,23513
4442,29057
4442,29124
4443,6497
4443,10239
4443,11422
4443,14440
4443,15633
4443,15969
4443,16464
4443,16513
4443,20997
4443,23193
4443,26663
4443,28492
4444,11805
4445,5423
4445,6640
4445,14506
4446,24789
4447,5036
4447,6429
4447,7689
4447,12219
4447,12479
4447,12486
4447,13186
4447,15054
4447,16668
4447,16687
4447,18095
4447,18893
4447,19940
4447,22355
4447,26430
4447,28779
4447,29930
4448,19749
4448,25683
4449,9916
4449,11075
4449,17344
4449,27854
4450,5662
4450,11017
4450,16446
4450,22041
4450,25035
4451,4643
4452,5495
4452,7034
4452,7390
4452,9362
4452,10200
4453,17096
4453,18489
4453,27498
4453,28953
4455,17389
4455,19808
4455,20879
4457,6603
4458,7490
4458,8859
4458,12500
4458,16453
4458,17544
4458,19153
4458,19731
4458,26366
4459,5652
4459,6807
4459,10767
4459,11015
4459,15731
4459,16282
4459,17058
4459,19603
4459,20093
4459,22610
4459,22700
4459,22966
4459,28857
4460,5470
4460,5680
4460,6445
4460,7511
4460,8032
4460,10054
4460,10391
4460,10720
4460,11351
4460,13482
4460,17052
4460,18926
4460,23280
4462,7777
4462,8179
4463,7526
4463,8519
4463,13093
4464,8670
4464,28585
4465,5020
4465,6867
4465,7296
4465,8639
4465,20508
4465,20827
4466,23654
4466,28882
4467,5718
4467,7312
4467,7538
4467,16518
4467,23612
4468,5269
4468,6145
4468,6609
4468,14730
4468,14923
4468,22477
4468,27181
4469,4855
4469,6120
4469,13744
4469,15787
4469,17491
4469,22672
4469,25570
4469,27198
4469,29428
4470,5681
4470,17424
4470,25501
4471,6594
4471,7073
4471,8622
4471,8939
4471,11028
4471,11386
4471,21626
4471,24585
4471,25265
4471,26240
4471,26272
4471,26641
4472,6985
4472,10566
4472,12086
4472,13869
4472,21658
4472,24642
4472,26893
4472,27216
4472,28550
4473,4508
4473,13081
4473,14058
4473,16431
4473,18235
4473,25154
4473,27402
4473,27446
4474,6851
4474,7867
4474,8071
4474,19143
4474,21188
4474,29096
4475,6869
4475,13847
4475,15469
4475,15730
4475,16333
4476,12832
4477,15891
4477,25734
4477,28441
4478,12258
4478,15922
4478,18318
4478,24032
4479,10989
4479,11897
4479,14634
4479,23794
4480,11927
4480,15412
4480,18832
4481,16748
4481,17258
4481,24280
4481,27521
4482,10883
4482,17077
4482,20238
4482,27506
4483,9300
4484,5142
4484,5295
4484,13241
4484,15065
4485,24864
4486,7721
4486,8022
4486,8461
4486,11131
4486,12254
4486,12987
4486,16411
4486,16791
4486,17222
4486,17456
4486,18706
4486,19318
4486,23349
4487,5554
4487,8968
4487,10677
4487,14794
4487,18834
4487,19431
4488,5861
4488,8814
4488,12311
4488,14323
4488,15786
4488,21849
4489,18250
4489,18766
4490,5636
4490,5965
4490,27047
4491,8640
4491,17905
4491,25811
4491,28183
4492,4683
4492,4999
4492,8662
4492,12963
4492,16939
4492,17636
4492,19299
4492,25547
4492,29944
4493,6273
4493,9336
4493,10519
4493,11008
4493,11992
4493,14566
4493,17313
4493,24356
4494,4999
4494,11457
4494,17077
4494,19121
4494,24406
4494,25446
4494,26958
4494,28913
4495,7196
4495,8498
4495,23747
4496,5743
4496,16618
4497,5137
4497,16377
4497,24392
4498,9991
4498,14778
4498,20925
4499,13902
4499,18480
4500,6637
4500,10691
4500,11090
4501,5847
4501,7845
4501,10419
4501,13372
4501,17577
4501,17711
4502,8077
4502,11915
4502,19168
4502,23113
4502,27093
4503,10296
4503,10629
4503,13794
4503,14174
4503,21091
4503,22766
4503,23744
4503,25807
4504,13159
4504,20232
4504,20299
4506,7020
4506,7187
4506,12982
4506,13827
4506,14446
4507,4544
4507,5605
4507,10764
4507,20343
4508,11691
4508,12988
4508,22386
4509,26526
4510,5148
4510,5178
4510,8093
4510,10562
4510,12933
4510,13886
4510,14973
4510,22369
4512,26857
4513,7383
4513,28414
4514,16291
4514,19514
4514,20734
4514,24065
4514,25869
4514,26348
4514,26538
4515,7640
4515,13653
4515,23276
4516,7702
4516,9346
4516,9509
4517,9123
4517,9808
4517,11344
4517,17866
4517,18653
4518,10231
4518,13576
4518,16248
4518,21897
4518,23095
4518,25190
4519,9061
4519,11714
4519,16002
4519,26455
4521,6255
4521,8462
4521,11687
4521,14537
4521,20817
4521,28525
4521,29510
4522,10254
4522,10953
4522,17426
4522,25574
4522,29723
4523,5239
4523,6246
4523,22993
4523,24945
4523,26715
4523,29179
4524,5855
4524,5896
4524,9567
4524,10310
4524,11008
4524,12014
4524,13319
4524,15899
4525,11824
4525,13900
4525,16496
4525,16559
4525,29501
4526,6369
4526,12172
4526,16335
4526,23062
4526,25928
4526,26231
4526,28416
4527,5584
4527,15217
4528,22683
4528,23378
4528,26691
4529,4785
4529,10339
4529,10604
4529,17688
4529,19528
4529,24839
4530,6790
4530,9483
4530,12390
4530,12625
4530,16370
4530,17860
4530,18398
4530,21515
4530,24089
4531,7166
4531,7474
4531,10396
4531,11460
4531,14222
4531,17654
4531,20889
4531,21780
4531,22878
4531,24743
4531,27454
4532,4855
4532,5169
4532,8717
4532,8730
4532,10638
4532,10706
4532,11156
4532,11386
4532,12518
4532,16138
4532,19348
4532,21011
4532,21999
4532,23237
4532,27865
4532,28060
4533,6199
4533,6459
4533,25453
4534,12594
4534,22389
4534,24191
4534,29158
4535,5499
4535,16646
4535,18182
4535,18442
4535,19957
4535,24001
4535,27695
4537,5043
4537,5123
4537,5860
4537,13322
4537,19743
4539,21057
4539,23917
4540,9538
4540,23186
4540,28214
4541,7197
4541,9761
4541,25750
4542,5639
4542,11151
4542,25635
4543,10891
4544,15425
4544,24965
4545,5215
4545,7120
4545,7176
4545,29670
4547,4662
4547,5148
4547,7545
4547,9181
4547,9896
4547,14792
4547,15293
4547,15994
4547,17255
4547,17994
4547,23405
4547,26521
4548,8853
4548,9217
4548,27342
4549,12527
4549,21313
4549,29116
4550,14903
4550,18826
4550,22804
4551,8891
4551,8895
4551,13866
4551,28290
4552,7988
4552,11387
4552,16797
4552,16946
4552,20598
4552,21939
4552,24846
4552,26589
4552,28472
4553,6396
4553,7520
4553,8085
4553,13097
4553,15218
4553,17066
4553,17526
4554,5206
4554,8251
4554,14055
4554,18801
4554,25850
4555,16308
4555,24858
4556,10996
4556,12449
4556,15005
4556,15092
4557,14734
4558,5320
4558,12281
4558,23116
4559,5064
4559,14694
4559,28572
4560,6780
4560,7048
4560,21703
4560,26198
4561,20357
4562,9718
4562,12775
4562,18523
4562,19972
4563,12293
4563,12404
4563,25935
4564,21731
4564,23557
4565,6958
4565,8126
4565,9399
4565,10754
4565,15820
4565,17259
4565,24837
4566,6880
4566,9992
4566,10029
4566,25025
4566,25618
4567,4967
4567,9787
4567,11044
4567,12846
4567,12862
4567,14804
4567,16563
4567,18763
4567,19749
4567,21506
4567,25369
4567,27275
4567,29107
4568,6286
4568,6770
4568,12542
4568,12735
4568,12816
4568,13847
4568,15055
4568,17873
4568,22381
4568,25932
4568,27616
4569,11301
4569,21539
4569,25351
4569,26272
4570,6482
4570,6692
4570,7203
4570,9044
4570,11766
4570,15528
4570,19027
4570,19464
4570,26116
4570,26645
4570,28497
4571,5261
4571,5582
4571,6106
4571,6564
4571,7647
4571,7767
4571,9301
4571,9616
4571,10624
4571,11238
4571,11432
4571,21648
4571,25166
4571,27577
4572,5672
4572,6191
4572,9336
4573,12812
4573,13846
4573,27145
4574,13700
4574,24212
4574,28616
4575,5339
4575,6793
4575,8840
4575,10113
4575,10982
4575,11859
4575,19897
4575,22666
4576,7025
4576,23289
4577,16130
4577,24617
4577,25593
4578,5862
4578,6657
4578,8026
4578,9635
4578,10368
4578,11773
4578,12496
4578,17896
4578,18821
4578,19103
4578,19384
4578,23439
4579,8691
4579,21266
4580,5427
4580,7852
4580,10132
4580,15014
4580,15759
4580,20832
4580,21175
4580,26024
4580,26619
4580,26877
4582,5113
4582,12346
4582,19403
4582,21313
4582,22111
4582,26792
4582,28335
4583,9049
4583,9921
4583,18573
4583,24971
4583,27648
4584,5867
4584,6524
4584,17676
4584,19675
4584,21032
4584,21112
4584,24068
4584,26981
4585,6952
4585,10189
4585,12748
4585,23339
4586,22759
4586,25667
4586,29228
4587,4895
4587,10058
4587,22508
4587,24446
4588,7207
4588,7747
4588,7942
4588,7978
4588,12202
4588,13498
4588,14345
4588,14743
4588,19419
4589,7119
4589,7686
4589,10858
4589,11000
4589,20320
4589,26927
4589,28456
4590,7271
4590,14184
4590,23902
4591,4926
4591,15483
4592,5905
4592,5917
4592,12768
4592,19877
4593,6699
4593,6964
4593,15768
4593,25217
4593,28606
4594,6123
4594,8070
4594,8183
4594,11172
4594,12096
4594,15996
4594,18105
4594,19632
4594,24697
4595,4694
4596,4608
4596,10626
4596,29722
4597,14017
4597,21998
4597,22840
4597,24852
4598,7924
4598,11924
4598,12690
4598,13009
4598,20825
4598,20933
4598,22678
4598,26787
4599,7922
4599,9243
4599,13740
4599,15858
4599,16903
4599,25253
4599,26516
4600,12037
4600,13030
4600,16789
4600,19880
4601,5357
4601,18032
4602,6805
4602,17173
4602,19286
4602,26323
4603,5737
4603,6086
4603,6455
4603,6961
4603,13571
4603,13708
4603,21315
4603,26500
4604,4735
4604,11503
4604,18670
4604,24863
4604,27658
4605,6318
4605,7190
4605,10857
4605,11343
4605,15854
4606,5210
4606,5353
4606,13243
4606,13578
4606,14564
4606,16936
4607,19152
4608,8990
4609,9523
4610,9859
4611,5728
4611,25963
4611,29545
4612,4686
4612,8645
4612,14060
4614,6183
4614,8592
4614,18188
4614,23816
4614,27926
4615,9489
4615,11501
4615,12831
4616,9786
4616,12259
4616,13909
4616,15393
4616,16042
4616,17093
4616,19160
4616,24439
4617,7960
4617,11909
4617,12484
4617,24965
4617,25140
4618,5902
4618,12826
4618,18053
4618,20468
4618,25545
4618,26045
4619,5767
4619,20157
4619,24178
4619,25298
4620,16875
4621,10854
4621,11425
4621,14545
4621,16384
4621,21751
4622,9190
4622,10922
4622,16911
4622,18012
4623,5463
4623,18871
4623,27610
4624,4906
4624,6204
4624,17242
4624,18042
4624,19527
4624,23782
4624,27907
4625,6011
4625,7912
4625,9044
4625,13407
4625,16177
4625,21747
4625,21775
4626,8377
4626,12333
4626,18240
4626,25627
4626,29623
4627,13824
4627,15481
4627,24509
4628,6227
4628,21807
4628,26260
4629,5373
4629,18304
4629,28922
4630,14928
4630,22699
4631,13118
4632,5921
4632,6653
4632,7470
4632,9461
4632,16370
4632,18296
4632,20791
4632,23539
4632,27147
4632,27309
4633,26083
4634,9734
4634,10229
4634,14792
4634,22221
4635,13180
4635,15255
4635,16409
4635,24197
4636,5288
4636,7305
4636,11421
4636,17088
4636,17433
4636,20167
4636,20354
4636,26757
4636,28582
4636,29725
4637,27955
4638,7168
4638,10099
4638,14270
4638,19809
4638,20461
4638,20788
4638,22378
4638,29592
4639,5084
4639,5228
4639,6742
4639,6837
4639,7018
4639,9804
4639,10335
4639,10737
4639,12316
4639,14144
4639,14413
4639,14781
4639,15201
4639,16294
4639,17083
4639,17380
4639,25285
4640,13969
4640,23725
4641,4706
4642,7969
4642,8595
4642,9286
4642,10642
4642,16041
4642,18140
4642,18184
4642,21191
4642,24112
4642,26000
4643,7592
4643,13887
4643,23429
4643,28823
4644,6591
4644,15439
4644,22081
4644,29288
4646,8897
4646,11093
4646,12613
4646,20837
4646,26165
4647,5639
4647,7325
4647,11474
4647,13358
4647,14854
4647,26987
4648,9056
4648,15150
4648,25639
4648,26357
4649,5973
4649,7378
4649,8010
4649,9247
4649,9346
4649,11029
4649,12619
4649,18631
4649,20618
4649,22745
4649,24984
4649,26189
4649,29834
4650,7118
4650,12055
4650,13741
4650,19759
4651,25411
4652,5940
4652,12691
4652,15057
4652,23656
4652,27877
4652,29236
4653,8865
4653,27161
4654,22805
4655,23895
4656,8386
4657,11216
4657,12241
4657,18111
4657,27615
4657,29342
4657,29610
4658,4923
4658,8828
4658,11662
4658,12306
4658,15665
4658,20820
4658,21513
4658,25790
4658,28846
4659,6559
4659,24891
4659,26398
4660,6108
4660,13809
4660,21833
4660,22435
4661,6254
4661,14411
4661,22670
4661,24922
4662,8754
4662,11675
4662,12250
4662,12785
4662,14565
4662,14863
4662,21885
4662,25639
4663,13094
4663,16328
4664,13687
4665,20297
4665,22740
4667,6506
4667,7236
4667,15353
4667,15830
4667,25530
4667,29169
4668,4741
4668,27290
4669,5682
4669,8801
4669,11848
4669,12070
4669,13769
4669,17262
4669,17908
4670,23624
4671,5519
4671,11230
4671,12273
4671,14493
4672,5075
4672,9320
4672,9894
4672,12335
4673,4708
4673,5820
4673,6490
4673,7844
4673,8608
4673,9553
4673,11733
4673,16687
4673,16888
4673,16899
4673,20566
4673,21002
4673,21314
4673,22049
4673,25339
4673,29734
4674,7065
4675,10570
4676,12066
4676,18216
4676,20025
4677,10511
4677,11629
4677,15545
4677,23716
4677,29180
4678,8676
4678,10831
4678,11717
4678,17371
4678,17529
4678,23338
4678,29230
4679,11809
4679,17234
4679,18271
4679,24678
4679,27537
4680,6753
4680,10787
4680,15296
4680,16072
4680,19523
4680,21010
4682,5044
4682,5564
4682,5706
4682,6439
4682,7888
4682,8560
4682,9382
4682,10699
4682,16105
4682,16207
4682,18847
4682,22660
4682,22911
4682,28045
4683,5190
4684,4690
4684,6197
4684,21144
4684,23838
4685,9326
4685,12074
4685,19093
4685,22587
4685,23400
4685,23969
4685,25708
4685,26944
4685,26985
4685,27918
4686,11007
4686,16957
4686,24678
4687,9306
4687,9536
4687,12520
4687,13785
4687,16029
4687,20027
4687,26524
4688,11258
4688,11906
4688,12059
4688,14943
4688,16831
4688,17600
4688,17929
4688,19767
4688,27803
4688,28180
4689,9544
4689,12146
4689,12253
4689,12905
4689,15140
4689,17873
4689,19770
4689,21047
4689,24491
4689,25348
4689,25461
4689,29816
4690,25019
4690,26026
4692,6992
4692,9530
4692,12882
4692,17304
4693,5767
4693,6761
4693,8352
4693,10652
4693,16992
4693,20436
4693,25822
4693,28418
4693,29045
4693,29984
4694,7565
4694,8129
4694,9806
4694,19650
4694,20100
4694,25449
4694,28234
4695,6236
4695,8722
4695,9027
4695,10510
4695,12969
4695,13563
4695,22074
4695,25196
4695,25689
4696,6381
4696,7244
4696,14517
4696,16352
4696,18746
4696,19506
4696,29310
4697,4792
4697,7503
4697,10236
4697,11618
4697,15918
4697,16104
4697,20218
4697,21085
4697,23858
4698,6922
4698,19228
4698,23685
4699,6745
4699,7170
4699,12099
4699,13470
4699,16193
4699,20293
4699,28811
4701,5105
4701,10334
4702,9816
4702,11135
4702,13660
4702,18198
4702,24807
4703,8346
4703,8471
4703,10212
4704,10457
4704,12658
4704,20723
4704,21269
4705,5109
4705,6086
4705,7023
4705,7551
4705,9190
4705,10701
4705,17749
4705,22563
4705,27095
4705,27631
4706,6287
4706,7321
4706,10226
4706,10814
4706,18444
4707,16167
4707,26988
4708,8227
4708,29731
4709,4772
4709,6303
4709,6467
4709,16126
4710,16897
4710,20240
4710,23487
4711,4914
4711,5819
4711,11355
4711,23559
4711,25640
4711,29032
4711,29475
4711,29554
4712,11890
4712,13912
4712,27787
4713,9855
4713,21439
4713,25527
4713,27542
4714,5435
4714,5873
4714,11249
4714,11333
4714,13124
4714,15194
4714,20364
4714,24616
4714,25354
4714,28075
4714,28207
4715,16675
4715,23126
4716,22872
4717,6576
4717,11821
4717,14869
4717,19185
4717,19885
4717,24838
4719,6404
4719,8769
4719,12641
4719,13172
4719,15672
4719,17262
4719,17592
4719,27649
4719,29865
4720,7600
4721,12686
4722,14793
4722,23718
4723,6792
4723,12638
4723,26394
4724,14311
4724,27746
4725,10208
4725,12832
4725,13424
4725,14193
4725,29586
4726,6979
4726,14939
4727,5009
4727,13501
4727,13842
4727,14056
4727,21486
4727,24802
4727,29421
4728,4819
4728,5520
4728,7206
4728,7473
4728,10796
4728,14141
4728,16450
4728,17033
4728,18347
4729,5484
4729,6768
4729,19917
4730,7117
4730,7417
4730,10586
4730,13757
4730,20281
4730,28489
4731,4968
4731,5091
4731,12450
4731,17201
4731,19546
4731,20283
4732,7114
4732,11078
4732,14579
4732,17904
4732,22144
4733,26431
4733,28744
4734,29602
4735,6322
4735,8594
4735,14584
4735,19633
4736,10796
4736,12968
4736,13983
4736,21824
4737,6944
4737,17268
4737,28279
4739,15039
4739,16260
4739,19204
4740,4799
4740,5003
4740,8045
4740,16800
4741,6259
4741,7410
4741,8506
4741,12767
4741,13032
4741,15352
4741,19865
4742,19390
4743,13869
4743,28335
4744,22218
4744,29460
4745,9955
4745,13197
4745,14014
4745,16432
4745,23374
4745,23947
4745,28091
4746,17525
4746,19138
4746,24267
4747,5813
4747,6570
4747,7096
4747,14675
4747,15684
4747,17283
4747,17665
4748,23617
4749,6242
4749,15612
4749,17842
4749,23217
4749,24804
4750,10451
4750,13094
4750,14839
4750,25689
4751,5076
4751,6773
4751,9671
4751,9682
4751,9859
4751,15487
4751,25963
4751,28112
4752,6828
4752,9947
4752,10618
4752,15546
4752,16652
4752,18187
4752,19048
4752,19472
4753,6389
4753,7356
4753,8218
4753,8610
4753,8742
4753,11905
4753,15833
4753,16093
4753,16241
4753,17291
4753,18315
4753,29509
4755,5976
4755,9083
4755,10187
4755,24105
4755,28183
4757,7555
4757,9483
4757,12200
4757,14877
4757,16426
4757,23882
4757,27834
4758,5745
4758,16060
4758,16097
4758,24261
4759,5740
4759,8455
4759,9432
4759,12304
4759,15595
4759,16785
4759,18904
4759,19371
4759,21874
4759,25746
4759,27377
4760,14772
4760,21826
4760,26821
4761,6523
4762,5467
4762,6379
4762,8915
4762,10250
4762,13942
4762,15018
4762,15246
4762,20646
4762,20828
4762,24475
4762,28803
4763,16380
4763,20501
4763,22823
4764,25504
4765,12040
4765,15103
4765,15322
4765,17728
4765,20685
4765,23858
4765,24134
4766,5059
4766,5181
4766,9372
4766,12377
4767,4970
4767,9869
4767,10739
4767,13889
4767,14061
4768,8247
4768,10376
4768,10981
4768,16158
4768,17379
4768,28969
4769,6278
4769,6378
4769,15358
4769,17264
4769,20724
4769,23231
4770,9083
4770,20886
4770,21548
4770,27325
4771,12793
4771,14584
4771,27350
4772,5386
4772,6315
4772,6948
4773,9713
4773,15297
4773,17254
4773,19575
4773,20661
4774,5524
4774,12481
4774,20304
4775,9952
4775,10895
4778,5533
4778,5666
4778,9330
4778,11306
4778,13306
4778,15586
4778,15687
4778,17991
4779,6210
4779,8761
4779,13742
4779,18100
4779,18831
4780,5377
4780,8380
4780,12141
4780,17624
4781,7559
4781,9490
4781,10576
4781,14204
4781,15880
4781,21963
4781,22728
4781,29878
4782,12559
4782,15443
4782,20231
4782,28371
4782,28792
4783,5880
4783,7943
4783,8565
4783,10526
4783,11999
4783,12415
4783,12507
4783,12558
4783,17778
4783,19560
4783,22983
4783,23873
4783,24697
4783,25560
4784,5593
4784,20505
4784,21332
4785,6150
4785,14689
4785,18087
4785,18469
4785,19676
4785,26238
4785,28460
4785,29888
4786,5773
4786,6661
4786,10105
4786,15081
4786,18320
4786,19331
4787,10552
4787,13955
4787,15118
4787,17982
4787,28011
4788,12407
4788,22338
4789,5659
4789,7472
4789,7746
4789,8569
4789,9204
4789,9923
4789,13487
4789,26274
4790,5513
4790,8440
4790,14967
4790,23011
4790,27331
4790,27979
4791,4803
4791,5398
4791,7789
4791,11061
4791,14110
4791,14424
4791,17024
4791,21690
4791,22348
4791,23291
4791,25439
4792,5866
4792,8527
4792,13191
4792,15517
4792,18895
4792,20865
4792,21663
4792,24695
4793,11566
4793,23016
4794,5610
4794,6126
4794,7300
4794,7697
4794,10476
4794,22846
4794,26816
4794,28280
4795,6041
4795,6206
4795,6969
4795,17361
4797,8785
4797,14480
4797,25847
4799,9666
4800,27379
4800,28447
4801,6192
4801,9503
4801,17099
4801,22637
4801,25644
4802,4823
4802,5765
4802,10715
4802,13782
4802,14293
4802,23167
4803,5273
4803,5665
4803,7431
4803,9813
4803,15192
4803,24304
4803,24354
4804,8856
4804,10851
4804,11901
4804,24366
4805,5292
4805,5998
4805,6306
4805,10600
4805,11640
4805,14328
4805,16206
4805,17810
4805,22847
4806,8982
4806,10863
4806,24910
4807,21550
4808,9589
4808,10175
4808,18022
4808,19733
4808,20776
4808,22023
4808,22158
4809,8231
4809,8276
4809,11313
4809,12515
4809,28815
4810,8167
4810,22380
4810,26404
4811,22281
4811,25565
4812,7333
4812,8405
4812,8460
4812,8638
4812,12252
4812,12440
4812,15317
4812,15457
4812,17731
4812,18992
4812,19022
4812,19787
4812,21571
4812,26677
4813,8288
4813,10577
4813,11695
4813,15116
4813,24537
4813,28457
4813,29665
4814,13113
4814,24253
4815,13900
4815,15729
4815,18542
4815,18669
4815,19513
4816,6898
4816,11431
4816,28062
4817,6257
4817,7960
4817,8833
4817,9780
4817,10775
4817,10806
4817,10878
4817,11518
4817,12260
4817,17568
4817,23324
4817,24702
4817,25609
4817,27251
4817,28449
4818,4944
4818,5122
4818,9902
4818,10425
4818,10635
4818,11982
4818,19356
4818,19659
4818,20888
4818,22277
4818,26162
4819,13131
4819,15462
4820,16591
4820,29655
4821,9468
4821,17740
4821,20002
4821,21049
4821,22019
4822,17387
4823,23347
4824,22037
4825,7252
4825,21500
4826,7186
4826,7588
4826,25428
4826,26055
4828,13531
4828,18551
4830,5244
4830,6884
4830,7997
4830,14295
4830,15257
4830,16631
4830,20054
4830,23262
4831,10856
4831,11196
4831,19713
4832,7425
4832,9570
4832,14595
4832,21622
4832,22871
4832,24166
4833,6101
4833,20544
4833,22241
4834,5389
4834,9596
4834,9632
4834,14731
4834,14788
4834,18136
4834,22379
4835,8593
4835,14954
4836,26973
4836,27344
4837,18960
4838,13627
4838,13636
4838,15000
4838,19490
4838,20998
4838,26917
4839,6855
4839,7095
4840,5631
4840,7617
4840,9323
4840,20596
4841,6518
4841,10334
4841,17072
4841,19174
4841,20405
4842,6548
4842,10809
4842,11543
4842,24294
4843,6295
4843,8273
4843,8736
4843,11303
4843,11445
4843,14690
4843,16987
4843,20365
4843,29398
4844,8834
4844,9588
4846,5483
4846,8906
4846,15484
4847,9304
4847,12782
4847,14526
4848,5364
4848,9725
4848,11109
4848,11799
4848,18848
4849,5213
4849,8419
4849,11527
4849,13124
4849,13133
4849,16783
4849,29093
4849,29652
4850,9725
4850,22760
4850,23175
4851,9565
4851,10449
4851,10561
4851,24104
4852,18493
4853,20962
4854,13922
4854,16027
4854,22461
4855,20011
4855,28177
4856,5581
4856,6478
4856,11922
4856,13295
4856,15591
4856,16192
4856,20829
4856,22395
4856,24717
4857,5893
4857,10265
4857,12337
4857,17198
4857,19183
4857,27078
4857,27272
4858,25400
4859,7396
4859,10168
4859,12895
4859,13234
4859,16292
4859,21241
4859,21779
4859,26779
4860,8213
4860,8973
4860,9840
4860,13256
4860,14199
4860,18064
4860,28872
4861,5450
4861,7587
4861,7652
4861,8074
4861,12364
4861,21210
4861,26981
4861,29945
4862,11377
4862,21033
4862,28084
4862,29664
4863,9156
4863,13234
4863,21437
4864,5352
4864,6883
4864,7589
4864,7828
4864,7985
4864,10054
4864,14330
4864,14793
4864,14852
4864,18823
4864,20114
4864,21376
4864,27482
4864,27881
4865,8852
4865,11669
4865,11993
4865,17974
4865,24223
4866,9300
4866,14623
4866,15973
4866,24139
4866,27109
4866,28347
4867,7180
4867,12928
4867,19299
4867,19418
4867,21542
4867,24955
4867,25558
4867,25808
4867,29384
4868,17976
4868,20905
4868,27137
4869,22700
4870,9277
4870,12250
4870,14496
4871,6685
4871,14950
4871,23437
4871,27157
4873,12137
4875,8550
4875,24428
4876,11525
4876,27364
4877,6765
4877,7770
4877,9881
4877,11342
4877,14591
4877,23737
4877,24476
4877,28156
4878,5962
4878,6719
4878,9189
4878,11711
4878,13788
4879,15804
4879,24653
4880,6320
4881,14268
4881,16654
4881,18716
4882,5321
4882,6289
4882,14337
4882,14591
4882,24163
4883,14627
4884,11983
4884,13259
4885,8862
4885,18525
4885,20798
4886,6229
4886,7126
4886,9834
4886,24595
4887,8866
4888,13483
4888,14458
4888,23575
4888,27407
4888,29913
4889,5868
4889,5894
4889,6943
4889,8786
4889,8899
4889,9316
4889,13480
4889,14128
4889,17251
4889,21855
4889,22352
4889,25662
4889,27277
4889,27761
4889,29519
4890,5466
4891,7074
4891,7421
4891,11948
4891,14796
4891,28357
4892,22813
4893,4969
4893,5647
4893,23271
4894,5760
4894,9365
4894,10244
4894,10306
4894,12375
4894,16390
4894,16982
4894,18457
4894,24151
4895,7510
4895,10275
4895,10647
4895,11912
4895,12421
4895,29406
4895,29662
4896,8642
4896,11069
4896,12353
4896,16834
4896,19820
4896,20399
4896,22847
4897,5194
4897,23307
4897,24088
4897,25971
4898,14580
4898,23638
4899,8311
4899,8422
4899,8888
4899,8917
4899,10402
4899,10527
4899,12915
4899,13030
4899,16455
4899,19471
4899,20538
4899,22295
4899,26814
4900,19948
4900,29842
4901,14409
4902,18157
4902,28028
4902,29462
4903,24014
4904,8070
4904,9384
4904,11671
4904,12030
4904,18528
4904,19213
4904,20797
4904,22778
4904,25665
4905,6488
4905,7855
4905,9422
4905,11782
4905,12962
4905,13489
4905,19296
4905,20356
4905,20985
4905,21299
4905,23764
4905,25155
4906,20010
4906,27057
4907,16738
4908,6646
4909,10515
4909,23050
4909,24953
4910,5403
4910,18067
4911,8822
4911,12008
4911,17220
4911,18069
4911,18837
4911,19084
4911,19774
4912,6676
4912,10135
4912,12050
4912,17327
4912,20891
4912,21925
4914,17158
4914,29065
4915,6073
4915,11234
4916,15196
4916,18895
4917,12283
4917,19440
4917,20402
4917,22929
4917,26377
4917,29519
4919,5261
4919,8881
4919,12060
4919,17165
4919,17917
4919,20980
4919,22451
4919,26951
4919,27110
4919,28931
4920,5054
4920,6032
4920,7337
4920,7401
4920,10378
4920,11934
4920,15169
4920,17040
4920,17487
4920,18295
4920,21173
4920,21761
4920,22726
4920,28547
4921,7395
4921,14300
4921,14578
4921,20982
4921,26937
4922,5057
4922,5775
4922,5994
4922,7013
4922,7788
4922,8244
4922,10216
4922,10950
4922,12260
4922,12433
4922,13587
4922,15188
4922,15576
4922,18446
4922,28216
4922,28817
4922,29779
4923,7324
4923,9537
4923,9647
4923,19679
4923,19765
4923,29733
4924,6103
4924,8264
4924,8859
4924,12214
4924,16017
4924,17810
4924,18522
4924,19288
4924,19783
4924,19835
4924,23776
4924,26587
4924,27610
4924,29020
4925,16711
4925,24951
4925,25161
4926,9401
4926,13024
4926,19310
4926,22957
4926,25580
4926,26324
4927,5701
4927,10774
4927,27681
4929,9853
4929,10944
4929,11658
4929,19420
4930,13367
4930,20839
4930,26959
4931,5844
4931,5879
4931,8962
4931,11219
4931,12423
4931,15089
4931,16265
4931,21038
4931,28427
4932,5842
4932,6051
4932,7202
4932,12753
4932,13918
4932,14033
4932,15113
4932,15837
4932,17457
4932,23670
4933,6938
4933,7113
4933,7816
4933,11588
4933,15727
4933,17035
4933,21196
4933,21833
4933,26832
4933,27298
4933,29345
4934,7449
4934,8255
4934,9018
4934,12400
4935,6771
4935,10863
4935,12674
4936,6149
4936,9426
4936,10380
4936,12395
4936,13670
4936,16689
4936,16934
4936,17671
4937,5052
4937,6488
4937,7172
4937,12431
4937,16612
4937,22945
4937,23854
4937,26287
4937,27684
4938,6325
4938,6413
4938,7956
4938,8149
4938,18685
4938,25305
4939,5874
4939,7258
4939,9821
4939,10311
4939,14678
4939,16552
4939,24284
4940,5173
4940,5942
4940,7456
4940,10966
4940,17838
4940,23904
4941,10163
4941,10340
4941,20700
4941,21593
4941,26239
4942,6413
4942,6459
4942,9203
4942,9940
4942,19928
4942,21641
4942,23250
4942,24859
4942,24887
4942,25335
4942,29387
4943,6769
4943,24500
4943,28925
4944,5309
4944,6310
4944,7020
4944,7280
4944,11857
4944,11902
4944,19639
4944,26416
4944,26954
4944,28673
4945,12603
4945,16316
4945,22076
4945,27964
4946,13550
4946,13648
4946,17548
4946,24801
4946,28742
4947,5279
4947,7570
4947,8911
4947,19051
4947,27134
4948,5250
4948,6200
4948,6555
4948,6990
4948,9863
4948,23965
4949,7403
4949,8778
4949,8961
4949,10886
4949,21192
4949,26522
4949,28306
4950,7881
4950,8548
4950,13194
4951,19140
4952,6950
4952,7141
4952,9143
4952,20153
4952,25679
4952,29599
4953,6496
4953,11697
4953,19344
4953,21596
4953,22114
4954,8445
4954,10350
4954,12338
4954,14666
4954,19768
4954,24693
4954,26856
4955,10794
4955,12893
4955,14873
4955,16073
4956,5207
4956,7876
4956,9572
4956,10731
4956,10926
4956,12057
4956,19085
4957,6753
4957,11644
4957,22297
4958,8888
4958,10135
4958,11195
4958,11528
4958,12929
4958,15267
4958,16701
4958,22790
4958,24545
4959,8039
4959,8818
4959,20701
4959,23785
4959,27124
4959,27968
4960,6184
4960,8416
4960,10366
4960,12734
4960,13493
4960,14392
4960,19854
4960,21559
4960,23886
4960,25389
4961,11153
4961,13254
4961,27639
4962,7087
4962,19361
4963,5407
4963,8572
4963,14487
4963,21956
4963,23036
4964,5165
4964,6357
4964,12806
4965,12657
4965,14346
4965,20060
4965,22518
4966,6021
4966,8806
4966,13481
4966,23815
4967,8719
4967,12120
4967,18057
4967,19836
4967,25297
4968,11044
4968,12950
4968,26731
4969,6768
4969,19408
4970,6131
4970,6809
4970,6901
4970,16065
4970,16887
4970,18672
4970,19933
4972,9823
4972,9997
4972,10497
4972,12527
4972,15444
4972,16495
4972,20812
4973,4983
4973,24854
4974,25033
4975,5484
4975,11994
4975,12686
4975,13797
4975,14754
4975,25294
4975,25743
4975,26450
4976,5260
4976,6806
4976,10422
4976,14536
4976,15517
4976,16735
4976,19691
4976,21128
4976,23014
4976,27138
4977,16067
4977,19369
4978,6030
4978,6533
4978,13043
4978,19376
4978,25872
4978,29289
4978,29542
4979,12553
4979,25295
4979,27913
4981,7982
4981,8205
4981,14359
4981,29037
4982,11061
4982,24204
4983,10599
4983,18738
4983,19446
4984,8599
4984,25053
4985,5611
4985,6627
4985,11398
4985,12338
4985,13190
4985,16698
4985,17221
4985,18132
4985,19391
4985,19761
4985,21164
4986,5048
4986,6834
4986,8116
4986,8666
4986,17391
4986,23505
4986,26117
4986,29747
4987,7336
4987,9565
4987,12895
4987,22079
4988,11787
4988,15582
4988,15667
4988,17661
4988,18793
4989,5349
4989,10942
4990,11705
4991,5042
4991,8938
4991,11049
4991,11527
4991,17925
4991,17937
4991,21792
4991,23610
4992,5813
4992,6879
4992,7513
4992,7756
4992,12147
4992,12870
4992,17836
4992,18308
4992,23334
4992,29348
4994,5571
4994,15764
4994,25747
4995,5540
4995,6313
4995,9967
4995,11479
4995,13841
4995,19751
4995,20238
4996,13167
4996,17236
4996,17791
4996,18148
4996,20949
4996,28457
4996,28523
4996,29713
4997,4998
4997,5166
4997,7291
4997,8322
4997,10109
4997,13307
4997,13471
4997,19487
4997,23237
4998,6838
4998,7354
4998,9638
4998,20465
4998,25862
4999,7318
4999,8919
4999,18502
5000,23153
5001,8615
5001,15338
5001,18047
5002,6054
5002,6557
5002,7207
5002,9559
5002,10979
5002,12453
5002,12752
5002,13402
5002,14395
5002,16700
5002,18605
5003,12304
5003,19016
5004,5027
5004,6913
5004,7806
5004,9082
5004,10622
5004,10665
5004,11756
5004,12879
5004,19370
5005,11038
5005,11387
5005,14130
5006,9370
5006,9923
5006,11768
5006,11840
5006,23435
5007,6172
5007,9763
5007,9791
5008,6232
5008,8186
5008,9090
5008,17546
5008,22427
5009,7608
5009,8388
5009,13492
5009,13802
5010,7379
5010,10098
5010,14330
5010,15224
5010,16900
5010,17907
5010,21780
5010,22449
5010,22579
5010,28040
5010,28586
5011,7095
5011,11287
5011,16750
5011,22693
5011,26786
5012,8646
5012,28060
5013,5025
5013,8590
5013,10397
5013,10604
5013,14416
5013,17060
5013,19796
5013,21397
5013,24381
5013,25773
5013,26144
5013,26624
5013,27125
5013,28454
5014,9145
5014,14142
5014,23714
5015,5151
5015,7228
5016,23476
5016,26702
5017,5439
5017,8945
5017,8992
5017,11023
5017,27869
5018,13096
5019,5112
5019,9945
5019,12804
5019,28365
5020,8122
5020,16607
5020,17522
5021,5125
5021,17763
5022,5832
5022,6664
5022,9767
5022,14301
5022,23511
5023,18859
5023,27222
5024,8381
5024,16195
5026,5095
5026,5206
5026,15894
5026,22933
5026,27445
5027,24435
5028,6830
5028,6960
5028,10393
5028,14264
5028,18069
5029,5392
5029,5703
5029,11288
5029,16181
5029,19749
5029,23462
5029,25635
5030,7791
5030,8287
5030,13264
5030,18769
5030,24622
5030,29766
5031,5599
5031,26312
5032,18189
5034,19898
5034,25379
5035,9056
5035,9580
5035,22137
5035,25759
5035,25849
5035,28593
5036,5520
5036,10297
5036,11901
5036,14709
5036,16266
5036,18997
5036,26123
5036,27417
5036,28100
5036,29088
5037,5845
5037,6398
5037,7949
5037,15208
5037,16694
5037,17971
5038,22797
5039,5936
5039,9414
5039,11372
5039,11997
5039,14015
5039,18312
5040,5279
5040,9212
5040,16535
5040,22906
5040,26218
5041,5150
5041,6341
5041,10453
5041,12921
5041,20507
5041,25046
5041,26094
5042,6477
5042,7915
5042,9854
5042,15731
5042,16607
5042,28655
5043,11923
5043,12717
5043,17938
5043,17989
5043,24263
5043,24707
5043,25332
5044,27217
5044,29833
5045,5304
5045,9199
5045,13348
5046,12190
5047,5953
5047,6668
5047,12185
5047,22971
5048,7943
5048,8192
5050,8383
5050,8919
5050,14002
5050,21289
5051,5522
5051,6331
5051,6836
5051,8170
5051,10234
5051,10619
5051,12345
5051,14095
5051,16769
5051,17876
5051,19750
5051,20447
5052,8791
5052,10777
5052,29717
5053,6427
5053,20112
5053,21119
5054,7914
5054,10261
5054,10496
5054,12763
5054,14336
5054,14459
5054,16084
5054,17204
5054,28961
5055,9796
5055,17019
5055,22447
5056,8463
5057,6024
5057,8517
5057,8589
5057,12648
5057,18446
5057,21747
5057,26378
5058,7628
5058,10948
5058,12041
5058,24985
5059,8708
5059,9304
5059,18194
5060,6054
5060,7693
5060,13961
5060,14341
5060,23235
5061,22800
5061,25515
5061,26454
5062,7787
5062,11764
5062,12084
5062,13756
5062,14806
5062,15712
5062,27494
5063,5336
5063,12497
5064,8355
5064,11145
5064,11333
5064,29397
5065,6742
5065,7158
5065,7402
5065,10927
5065,19321
5065,19821
5065,25753
5065,27328
5066,6551
5066,21002
5066,27386
5067,9863
5067,10782
5067,24529
5068,7902
5068,9557
5068,10225
5068,12818
5068,16491
5069,24648
5069,24859
5070,6032
5071,7583
5071,11266
5072,8505
5072,19611
5073,11331
5073,16000
5074,7732
5074,10692
5074,13922
5074,26690
5075,10146
5075,13417
5075,16925
5075,19338
5075,21453
5075,22941
5076,6344
5076,9823
5076,14695
5076,15710
5077,8423
5078,9158
5078,11622
5078,14507
5078,21218
5078,23015
5079,5681
5079,21404
5079,25711
5079,27420
5080,5556
5080,5750
5080,13200
5080,16086
5080,18839
5080,19906
5081,5565
5081,27905
5082,6264
5082,7655
5082,9236
5082,14295
5082,14659
5082,15207
5082,18119
5082,19630
5082,23842
5082,26959
5083,5836
5083,11139
5084,5308
5084,5780
5084,6963
5084,7898
5084,7981
5084,8532
5084,9905
5084,16721
5084,26106
5084,29410
5085,11063
5086,23455
5087,9076
5087,13227
5087,25595
5087,26078
5088,9036
5088,12064
5088,16591
5088,26523
5089,9809
5089,12042
5089,19012
5089,20974
5090,6602
5090,12886
5090,13934
5090,14223
5091,10053
5091,10912
5091,12201
5091,14191
5093,9914
5093,10068
5093,10219
5093,13606
5093,13684
5093,15865
5093,16027
5093,17080
5093,18200
5093,19532
5093,21144
5093,27547
5093,29999
5094,5614
5094,7783
5094,18945
5095,17950
5096,5788
5096,7307
5096,10407
5096,18509
5096,20057
5096,26471
5096,28986
5097,7618
5098,7059
5098,15713
5099,5772
5099,12575
5099,19342
5099,19517
5099,22047
5099,25065
5099,28227
5100,6303
5100,7643
5100,11584
5100,14776
5100,14858
5100,18526
5100,19507
5100,23052
5100,25508
5101,6908
5101,7217
5101,9701
5101,11381
5101,29688
5102,5868
5102,8706
5102,17588
5103,6974
5103,7487
5103,8916
5103,11564
5103,11690
5103,14653
5103,16665
5103,17224
5103,21181
5103,24307
5103,27363
5105,10368
5105,12130
5105,19294
5105,20941
5106,5911
5106,6323
5106,6712
5106,8428
5106,9822
5106,11869
5106,12523
5106,12672
5106,14448
5106,18810
5106,19780
5106,19959
5106,25579
5106,29945
5107,13748
5107,15604
5108,9450
5108,10823
5108,12765
5108,19151
5108,25503
5108,29033
5109,5940
5109,7016
5109,11619
5109,21068
5109,26336
5110,5312
5110,6107
5110,10823
5110,15761
5110,20454
5110,26995
5111,6536
5111,8531
5111,8689
5111,11187
5111,12629
5111,12975
5111,13467
5111,13879
5111,14308
5111,16457
5111,17406
5111,21677
5111,21816
5112,5854
5112,6123
5112,8733
5112,10615
5112,19100
5112,21734
5113,7810
5113,9012
5113,13395
5115,13884
5115,29661
5116,12612
5117,27105
5117,29814
5118,16161
5119,8374
5119,13656
5119,19248
5120,6787
5122,19181
5123,6479
5123,10876
5123,21598
5123,29120
5124,6794
5124,9112
5124,9875
5124,10685
5124,13326
5124,27382
5125,10783
5125,11945
5125,13614
5125,18448
5125,18553
5125,23702
5125,26158
5126,11829
5127,17355
5127,17936
5127,21012
5127,21640
5127,23006
5128,12815
5128,13947
5130,5309
5130,12957
5131,9506
5131,10359
5131,13151
5131,14447
5131,17386
5131,24011
5132,6924
5132,15612
5132,27796
5133,5257
5133,7849
5133,8926
5133,10181
5133,16834
5133,17690
5133,27048
5134,6774
5134,10473
5134,12602
5134,12735
5134,20466
5135,8146
5135,9821
5135,15429
5136,5558
5136,17718
5137,6060
5137,15416
5137,20635
5138,6173
5138,6652
5138,7084
5138,7644
5138,9118
5138,10322
5138,10682
5138,20009
5138,24839
5138,29157
5140,8059
5140,8627
5140,9029
5140,9073
5140,10387
5140,13075
5140,14284
5140,15865
5140,17635
5140,17825
5141,7107
5141,8012
5141,8108
5141,8547
5141,10128
5141,10951
5141,15122
5141,16139
5141,16579
5141,18978
5141,20786
5141,23644
5141,24482
5141,26813
5141,29122
5142,5989
5142,10588
5142,11206
5142,13238
5142,14983
5142,19449
5142,26018
5143,6899
5143,9485
5143,23481
5144,7673
5144,25123
5145,18994
5145,27527
5146,6307
5146,20549
5146,23836
5146,23910
5147,24987
5148,5501
5148,9935
5148,12898
5148,15380
5148,16190
5148,17250
5148,17281
5148,19669
5148,20840
5148,28843
5149,9428
5149,9806
5149,11618
5149,13314
5150,5679
5150,6150
5150,6215
5150,7567
5150,8111
5150,9365
5150,10224
5150,11680
5150,13089
5150,19473
5150,21884
5150,26080
5150,26241
5151,5638
5151,7233
5151,8732
5151,15205
5151,19702
5151,24291
5152,6269
5152,6767
5152,8032
5152,8789
5152,10159
5152,11251
5152,11781
5152,25029
5152,27501
5153,17979
5153,29190
5154,5161
5154,21724
5154,28610
5155,5656
5155,7084
5155,10057
5155,17555
5156,5276
5156,5543
5156,7682
5156,12150
5156,12243
5156,12588
5156,15773
5156,20738
5156,24420
5157,5871
5157,6006
5157,10601
5157,12546
5157,14111
5157,20351
5157,21853
5158,6304
5158,6508
5158,9155
5158,10763
5158,11354
5158,15093
5158,15875
5158,17232
5158,18217
5158,18563
5158,23298
5159,5781
5159,10583
5159,18046
5159,22007
5159,22482
5160,9299
5160,12412
5160,13346
5160,21436
5160,21603
5161,7128
5161,8279
5161,10567
5161,13217
5161,15675
5161,21612
5161,25771
5161,27380
5162,6231
5162,10463
5162,28890
5163,23941
5163,26420
5164,6117
5164,7742
5164,10793
5164,13302
5164,15598
5164,25138
5165,9698
5165,15906
5166,5410
5166,10090
5166,15568
5166,16608
5167,5496
5167,5876
5167,10900
5167,13323
5167,22146
5168,6254
5168,10666
5168,12512
5168,16612
5169,7282
5169,10033
5169,19610
5170,5420
5170,21746
5170,21806
5170,27582
5171,8350
5171,20801
5172,6772
5172,8491
5172,18113
5172,26409
5173,5683
5173,12304
5173,17089
5173,28374
5174,6632
5175,11712
5175,22270
5175,23577
5176,6741
5176,8839
5176,11404
5176,11687
5176,16368
5176,20154
5177,6088
5177,6581
5177,7500
5177,8474
5177,8910
5177,14088
5177,17269
5177,24853
5178,6365
5178,19815
5179,6186
5179,10625
5179,15678
5180,6048
5180,6525
5180,18937
5180,24666
5180,26161
5180,27808
5180,27937
5181,9641
5182,9906
5182,12394
5182,16035
5182,17778
5182,18189
5182,19001
5182,19896
5182,27846
5183,17753
5183,20273
5184,13959
5184,15364
5184,16506
5185,8384
5185,11872
5185,27388
5186,6025
5186,6064
5186,7679
5186,9763
5186,10764
5186,11533
5186,20326
5187,6536
5187,15723
5188,11236
5188,14744
5188,17394
5188,26665
5189,6869
5189,16429
5189,20148
5189,23747
5189,26509
5189,26627
5190,5700
5190,10221
5190,12428
5192,6179
5192,8012
5192,13634
5192,28258
5192,29039
5193,6056
5193,10201
5194,7805
5194,7908
5194,10018
5194,12065
5194,12328
5194,12874
5194,15220
5194,15706
5194,16333
5194,17831
5194,19313
5194,20760
5194,21217
5194,21380
5194,22863
5194,28076
5194,29074
5195,8596
5196,9013
5196,13368
5196,13759
5196,15109
5196,25841
5197,25776
5197,28613
5198,6807
5198,12763
5198,15298
5198,15334
5198,17130
5198,18798
5198,21285
5199,9630
5199,22669
5200,15792
5200,24543
5200,25981
5200,29192
5201,9319
5203,25356
5204,9366
5204,22518
5204,25286
5204,25604
5205,13654
5206,5937
5206,15756
5206,17782
5207,7220
5207,8740
5207,9134
5207,9157
5207,14745
5207,17228
5207,19921
5208,6586
5208,15729
5208,17861
5208,21520
5208,24649
5208,26538
5209,17505
5209,28548
5210,6813
5210,11152
5211,5500
5211,7042
5211,8778
5211,12321
5211,14135
5211,18011
5211,20622
5211,23558
5212,5554
5212,5649
5212,5671
5212,6649
5212,7734
5212,12806
5212,13886
5212,14786
5212,16532
5212,17787
5212,18097
5212,28595
5213,13670
5213,24682
5213,28777
5214,24033
5214,29133
5215,5742
5215,5840
5215,10680
5215,18948
5215,26321
5215,26568
5215,27437
5215,28375
5216,7101
5216,9895
5216,16922
5217,9936
5217,18220
5217,20586
5217,29562
5218,14109
5218,16440
5218,22665
5219,11650
5219,12356
5219,16797
5219,23916
5220,6412
5220,10637
5220,14735
5220,14850
5220,16541
5221,14809
5222,6659
5223,6166
5223,9559
5223,17508
5224,5900
5224,6110
5224,8290
5224,14364
5224,21087
5224,25532
5224,29028
5224,29644
5225,5633
5225,8240
5225,13158
5225,13797
5225,20422
5225,22539
5225,24858
5225,25693
5225,26276
5227,7127
5227,7465
5227,8446
5227,12534
5227,13033
5227,14111
5227,14260
5227,17094
5227,17177
5227,20845
5227,24757
5227,28105
5229,10883
5229,28998
5230,5244
5230,9776
5231,5614
5232,9710
5232,17940
5234,10947
5234,12065
5234,18262
5234,18321
5235,5576
5235,6505
5235,8082
5235,8354
5235,10167
5235,10315
5235,10648
5235,13011
5235,14261
5235,21286
5236,8578
5236,11823
5236,20051
5237,12199
5238,13078
5238,14214
5238,24010
5239,24341
5240,27897
5241,6576
5241,29330
5242,22264
5242,29066
5242,29654
5243,10911
5244,6177
5244,6206
5244,7180
5244,7657
5244,10746
5244,12227
5244,13316
5244,16270
5244,18621
5244,18636
5244,19891
5245,8176
5245,9614
5245,11104
5245,14742
5245,16174
5245,20203
5245,20680
5245,21103
5245,23797
5245,26778
5245,26906
5247,13201
5247,17646
5248,5301
5248,5646
5248,8518
5248,26955
5249,28540
5250,11829
5251,9184
5251,28116
5251,29708
5253,13086
5253,22386
5253,28336
5254,8852
5254,16689
5255,6690
5255,6994
5255,9097
5255,28826
5256,24492
5256,27475
5256,29030
5256,29500
5257,5664
5258,6809
5258,7502
5258,29394
5259,6407
5259,8678
5259,14953
5259,16129
5259,17992
5259,18044
5259,20187
5259,21692
5259,22329
5259,26562
5260,5671
5260,7460
5260,10106
5260,11557
5260,13802
5260,17398
5260,18181
5260,21789
5260,26310
5261,10662
5262,17649
5262,27000
5262,27449
5262,28231
5263,8977
5263,11139
5263,12119
5263,25336
5264,6429
5264,6884
5264,20851
5265,11142
5265,20311
5265,25840
5265,29593
5268,9510
5268,9943
5268,21989
5269,7923
5269,8633
5269,12145
5269,12749
5269,15238
5269,17155
5269,17535
5269,23397
5269,24777
5269,26112
5270,27407
5272,7073
5272,11626
5272,22952
5273,24763
5274,24774
5275,23438
5275,29553
5276,22441
5277,6934
5277,8469
5277,9950
5277,10921
5277,22452
5277,25333
5278,5552
5278,7376
5278,10917
5278,16014
5278,22817
5278,26319
5279,6009
5279,8758
5279,9699
5279,10637
5279,17299
5279,17862
5279,23772
5279,25861
5280,5758
5280,10778
5280,13338
5280,15319
5280,18520
5281,5607
5281,8855
5282,13564
5282,18265
5282,21497
5282,26015
5282,29010
5283,8165
5283,10467
5283,14358
5283,26110
5284,5589
5285,10365
5285,15061
5285,15115
5285,23270
5285,26818
5286,14741
5286,15962
5286,21433
5286,24296
5287,7416
5287,8902
5287,10115
5287,12759
5287,13789
5287,25399
5289,5574
5289,20962
5290,6112
5290,12761
5290,13646
5290,19095
5290,24561
5290,27212
5290,29584
5291,10703
5291,16556
5292,7147
5292,15845
5292,15870
5292,22905
5293,7888
5293,7934
5293,11105
5293,22453
5293,25829
5293,27161
5293,28516
5294,6109
5294,6339
5294,6512
5294,9045
5294,11880
5294,11942
5294,12167
5294,13532
5294,15629
5294,19861
5294,23682
5294,23897
5294,28415
5294,28439
5294,28730
5295,5619
5295,5875
5295,6732
5295,7149
5295,9131
5295,9993
5295,11997
5295,14545
5295,14819
5295,15808
5295,18138
5295,18221
5295,20600
5295,22879
5295,23942
5295,25885
5295,26114
5297,21343
5297,21842
5298,6150
5298,6673
5298,8669
5298,9476
5298,10163
5298,10208
5298,14152
5298,15575
5298,15772
5298,22129
5298,23310
5298,25873
5298,26334
5298,27357
5298,27408
5299,9807
5299,11359
5299,16479
5299,18301
5299,22912
5299,23621
5299,25193
5299,29069
5300,9025
5300,11791
5300,12405
5300,12467
5300,12963
5300,13294
5300,17586
5300,21177
5300,23480
5300,26550
5300,29218
5301,14880
5302,6711
5302,7785
5302,12736
5302,21903
5302,23109
5303,27602
5304,10401
5304,13626
5304,18781
5304,22317
5304,24693
5304,26157
5305,5537
5306,10347
5306,16386
5306,20222
5307,5456
5307,6424
5307,11058
5307,15583
5307,18790
5307,28424
5307,28475
5308,6129
5308,17947
5309,10506
5309,11428
5309,13637
5309,14634
5309,15851
5309,20587
5311,6775
5311,9743
5311,10142
5311,20790
5311,25711
5312,22935
5312,24445
5313,11031
5314,6382
5314,12495
5314,12949
5314,18625
5314,28199
5315,10825
5315,10873
5315,17313
5315,19088
5315,23709
5315,27349
5317,7590
5317,9160
5317,12459
5317,16342
5317,24077
5317,24379
5318,16974
5318,17967
5318,24305
5319,7490
5319,8131
5319,12368
5319,23107
5319,25208
5319,27293
5320,6986
5320,14930
5321,7608
5321,9500
5321,9837
5321,21420
5321,24528
5322,13034
5322,16349
5323,7551
5323,10926
5323,11962
5323,13898
5324,11859
5324,12462
5324,14879
5324,17861
5324,25840
5325,8094
5325,8598
5325,11425
5325,27986
5326,14685
5326,21907
5326,23635
5327,7490
5327,8984
5327,13610
5327,17694
5327,23855
5327,28972
5327,29911
5328,6783
5328,7321
5328,7573
5328,10043
5328,14762
5328,14868
5328,16897
5328,16958
5328,20141
5328,20255
5329,8190
5329,16886
5330,6034
5330,18046
5331,5899
5331,9967
5331,10510
5331,11788
5331,14317
5331,16168
5331,21886
5331,29219
5332,8483
5332,9045
5332,10882
5332,21218
5333,10400
5333,13926
5333,21977
5333,22685
5334,11021
5334,12730
5334,18849
5335,6589
5335,7926
5335,9878
5335,10977
5335,13383
5335,15407
5335,19175
5335,21465
5335,27075
5336,6328
5336,15627
5337,7564
5337,14180
5337,17655
5337,20375
5337,28616
5338,20093
5338,26902
5339,7330
5339,8711
5340,6133
5340,6622
5340,9924
5340,16801
5340,23739
5340,25382
5340,28638
5341,12094
5341,20088
5341,21415
5342,5462
5342,21437
5343,6012
5343,8898
5343,9488
5343,12079
5343,12444
5343,13341
5343,16311
5343,17012
5343,17204
5343,21626
5343,23276
5343,24382
5343,29942
5344,7637
5344,12517
5344,15805
5344,18751
5344,19373
5344,24140
5345,13474
5346,8001
5346,10370
5346,14433
5346,22725
5346,28144
5346,28244
5347,7086
5347,9020
5347,9533
5347,12655
5347,16686
5347,23147
5347,23332
5347,28205
5348,15173
5350,6433
5350,8846
5350,9241
5350,12357
5350,16034
5350,19925
5350,26140
5350,26303
5350,26843
5350,27127
5350,28286
5351,7604
5351,10496
5351,12033
5351,17217
5351,18255
5351,26499
5351,27985
5352,6793
5352,8824
5352,13693
5352,15961
5352,21952
5353,8555
5353,11863
5353,16177
5353,17816
5353,17826
5353,26728
5354,26725
5355,9223
5355,17124
5355,19534
5356,19706
5357,5954
5357,9757
5357,12316
5357,13969
5357,20513
5357,28026
5358,11254
5358,17528
5358,17948
5358,21708
5359,7561
5359,10336
5359,11951
5359,12938
5359,14030
5359,16081
5359,20390
5360,10755
5360,10933
5360,21858
5361,6975
5361,19586
5361,22229
5362,13615
5362,14444
5362,25470
5363,6229
5363,16599
5363,20091
5363,23310
5363,25795
5363,27119
5363,27859
5363,29949
5364,9108
5364,24474
5365,8843
5366,11287
5366,26998
5367,6417
5367,6449
5367,10590
5367,11242
5368,6960
5368,10173
5368,17697
5368,23506
5369,6450
5369,15311
5369,23835
5369,27600
5369,28710
5370,19054
5371,5384
5371,7405
5371,8669
5371,9213
5371,9416
5371,10060
5371,16051
5371,19061
5371,20926
5372,6863
5373,14978
5374,7489
5374,9220
5374,11669
5374,12751
5375,8244
5375,10867
5376,29515
5377,10679
5377,11820
5377,17479
5378,20002
5378,23954
5378,24102
5378,27036
5379,7364
5379,11062
5379,14549
5379,26992
5380,12694
5380,14189
5381,11229
5381,14310
5381,29217
5382,9220
5382,11663
5382,18606
5382,20168
5382,29119
5383,8805
5385,8399
5385,12390
5385,13898
5385,19835
5386,5558
5386,9661
5386,11531
5386,15542
5386,21946
5387,5415
5387,9197
5387,10146
5387,11808
5387,19263
5388,9656
5388,16175
5388,18738
5389,6760
5389,9035
5389,12302
5389,13626
5389,13703
5389,23055
5389,24945
5389,27479
5389,28628
5389,28974
5390,5527
5390,5964
5390,7695
5390,19044
5390,19575
5390,20020
5390,20878
5391,10835
5391,12063
5391,14290
5391,14531
5391,17674
5391,26322
5392,11122
5393,6832
5394,10401
5394,12421
5394,28274
5395,7434
5395,8396
5395,23642
5395,23929
5395,29947
5396,11801
5396,12592
5396,15823
5396,21350
5396,24389
5397,6656
5397,7254
5397,10267
5397,22726
5398,8849
5398,21025
5398,25701
5399,8055
5399,12702
5399,18691
5399,20808
5400,8197
5400,11606
5400,14776
5400,16839
5400,21394
5400,26950
5401,5617
5401,10443
5401,19218
5401,26773
5402,28403
5403,10787
5403,14045
5405,11456
5405,15526
5405,16488
5405,28517
5406,10610
5406,10872
5406,12433
5406,18639
5406,20681
5406,21053
5406,24743
5406,24959
5407,11954
5407,13834
5407,15838
5407,16670
5408,6460
5408,10830
5408,12998
5408,17703
5409,15281
5410,13805
5410,15106
5410,16566
5411,6685
5411,13064
5411,13524
5411,15626
5411,15990
5411,18452
5411,23381
5412,12252
5412,15119
5412,15292
5412,19297
5412,21345
5412,29203
5413,25850
5414,8762
5414,9691
5414,11686
5414,16786
5414,21117
5414,27518
5415,8467
5415,15282
5415,17738
5415,18817
5415,24781
5416,10813
5416,18869
5416,19395
5417,9644
5417,20089
5418,10263
5418,12379
5418,19704
5418,22034
5419,5575
5419,5598
5419,6058
5419,6868
5419,9717
5419,14155
5419,21625
5419,22210
5420,26222
5420,26604
5421,11074
5421,11900
5421,15471
5421,16385
5422,6587
5422,7038
5422,12333
5422,21632
5422,27210
5422,28645
5423,16619
5423,21368
5423,25111
5424,14732
5424,16434
5424,20308
5424,29620
5426,7863
5426,8074
5426,9245
5426,13339
5427,8667
5427,13154
5427,15518
5427,20088
5427,26059
5427,27900
5428,6718
5428,9303
5428,10002
5428,10185
5428,13119
5428,25479
5428,26481
5429,5579
5429,25957
5430,8034
5430,10413
5430,15453
5431,6997
5431,7902
5431,10577
5431,12825
5431,16491
5431,16918
5431,17081
5432,8770
5432,16572
5432,23061
5433,9773
5433,19703
5433,29565
5434,10063
5434,11304
5434,12063
5434,22916
5434,23999
5434,24316
5434,24654
5434,28088
5435,7734
5435,8999
5435,16201
5435,18408
5435,22689
5435,27516
5436,13143
5436,21265
5436,21570
5437,8496
5437,10483
5437,12204
5437,18178
5438,7945
5438,10541
5438,27906
5439,13986
5440,16698
5440,17720
5440,17938
5440,18260
5440,20813
5440,22989
5440,23410
5441,7957
5441,9497
5441,21114
5441,22390
5442,10979
5443,7287
5443,7372
5443,9599
5443,10342
5443,10849
5443,11088
5443,16437
5445,6381
5445,7098
5445,7441
5445,7730
5445,8536
5445,12782
5445,20492
5445,22632
5445,23695
5445,27393
5446,8441
5446,9389
5446,21740
5447,13410
5448,6056
5448,6580
5448,8368
5448,18805
5448,19677
5448,23058
5448,26333
5449,8211
5449,9703
5449,9871
5449,14884
5449,16042
5449,16336
5450,13213
5450,18407
5451,16492
5451,17487
5451,22471
5451,28636
5454,9441
5454,11191
5454,15558
5454,16998
5454,17750
5454,22814
5454,23144
5455,5687
5455,8203
5455,8710
5455,15509
5455,18726
5455,20887
5456,13645
5456,14597
5456,24127
5457,9475
5458,5702
5458,6154
5458,8900
5458,9269
5458,10263
5458,15572
5458,16159
5460,24288
5461,6355
5461,10395
5461,25361
5461,26383
5461,26410
5462,12945
5462,28451
5462,29383
5463,5593
5463,17599
5463,22358
5463,24501
5464,6972
5464,10632
5464,13691
5464,14087
5464,15161
5464,17169
5464,17235
5464,17539
5464,21840
5464,29167
5465,9517
5465,10256
5466,6962
5466,10026
5466,14513
5466,20021
5466,23984
5467,21895
5467,26484
5468,5754
5468,8051
5468,8378
5468,10048
5468,10424
5468,11449
5468,15566
5468,16901
5469,22831
5470,5883
5470,7905
5470,10038
5470,12046
5470,20292
5470,26216
5470,26220
5471,9438
5471,10988
5471,12861
5471,20190
5472,10415
5472,13771
5472,20102
5473,6491
5473,10944
5473,16395
5473,28994
5474,13620
5475,14420
5475,18445
5475,24264
5476,9087
5476,11971
5477,9062
5477,20946
5477,21573
5477,24175
5477,25735
5477,28018
5477,28094
5478,7194
5478,10845
5478,14628
5479,6002
5479,6871
5479,7474
5479,8397
5479,13786
5479,15289
5479,17089
5479,22203
5479,24499
5480,16591
5480,18279
5480,19037
5482,28931
5484,7213
5484,10665
5484,27422
5485,24280
5486,6450
5486,7009
5486,11343
5486,14838
5486,23204
5486,25160
5487,7775
5487,9502
5487,9719
5487,11741
5487,14658
5487,28555
5488,7497
5488,25827
5489,11969
5490,7198
5490,11580
5490,15000
5490,26967
5490,29898
5491,8443
5491,20445
5491,20730
5491,23080
5491,26121
5491,27783
5491,29958
5493,11742
5493,14119
5493,16334
5493,21818
5494,6522
5494,9331
5494,11431
5494,12355
5494,19533
5494,20589
5495,10877
5495,20092
5495,21237
5495,25982
5496,7325
5496,10266
5496,11921
5496,18086
5496,26177
5497,6435
5497,7384
5497,7718
5497,12395
5497,13545
5497,23538
5497,24670
5497,26517
5497,29557
5498,9544
5498,10939
5498,18549
5498,22430
5498,25996
5499,5845
5499,5863
5499,10289
5499,21191
5499,27283
5499,29254
5499,29313
5499,29627
5500,6006
5500,15525
5500,24439
5500,28752
5500,29040
5501,5698
5501,9407
5501,11412
5501,11427
5501,18521
5501,19631
5501,22145
5501,28135
5502,7388
5502,15481
5502,26830
5503,7797
5503,9846
5503,10395
5503,13043
5503,20304
5505,5886
5505,17222
5506,24326
5507,9960
5507,16232
5507,20151
5507,20313
5507,20811
5507,22457
5507,24989
5508,25835
5509,8539
5509,22574
5509,29563
5510,10209
5510,10258
5510,10700
5510,21605
5510,24932
5511,7155
5511,8220
5511,16876
5511,18402
5511,19628
5512,12024
5512,17125
5512,25049
5514,21323
5515,10285
5515,12171
5515,12445
5515,13271
5515,21962
5515,23554
5515,27351
5515,27687
5515,28626
5516,6537
5516,7725
5516,11436
5516,16222
5516,18698
5516,21868
5517,8709
5517,13588
5517,13996
5517,16032
5517,21211
5518,18445
5518,29232
5519,19330
5520,6250
5520,7688
5520,8515
5520,11071
5520,17429
5521,13652
5521,16929
5521,17499
5521,22902
5521,25542
5522,7800
5522,10077
5522,11736
5522,13819
5522,14026
5522,20741
5522,22313
5522,25607
5522,25952
5522,27693
5523,6017
5523,6237
5523,7328
5523,13318
5523,14395
5523,18760
5523,29540
5524,5771
5524,8391
5524,12167
5524,14394
5524,18044
5524,18663
5524,21718
5525,7394
5525,11454
5525,12786
5525,21260
5525,26048
5526,7175
5526,13750
5526,14766
5527,6989
5527,8705
5527,10238
5527,12497
5527,19408
5527,26014
5527,28006
5529,11758
5529,14585
5529,17586
5529,23171
5530,5599
5530,12703
5530,12960
5530,16028
5530,16875
5530,18367
5530,18568
5530,20135
5530,21815
5530,22354
5530,24400
5531,5587
5531,6434
5531,12953
5531,14051
5531,18191
5531,21611
5533,14506
5533,21597
5533,25267
5534,6703
5534,11228
5534,12677
5534,13296
5534,15697
5534,23574
5536,10139
5536,14581
5536,27022
5537,12833
5539,14118
5539,15415
5539,17879
5539,21234
5541,10093
5541,12381
5541,12567
5541,13020
5541,17729
5541,22113
5541,23329
5541,25190
5542,9780
5542,10719
5542,24308
5543,6783
5543,17763
5543,29052
5544,14802
5544,19891
5545,7188
5545,10138
5545,10533
5545,21580
5545,22508
5545,26269
5546,6230
5546,7550
5546,8021
5546,8625
5546,15075
5546,20997
5546,22487
5546,23771
5547,6115
5547,6323
5547,13443
5547,16826
5547,26031
5548,6085
5548,6636
5549,6878
5549,11634
5549,20125
5549,20407
5549,26543
5549,28341
5549,28376
5550,7393
5551,7849
5551,18185
5551,19139
5551,22699
5551,25794
5552,8148
5552,8875
5552,13246
5552,15450
5552,20858
5553,6349
5553,11828
5553,16637
5553,25360
5554,6553
5554,15971
5554,26364
5555,5651
5555,6442
5555,14553
5555,22179
5555,25879
5555,27101
5556,7491
5556,11470
5556,16980
5556,17034
5556,17806
5556,25106
5556,26099
5556,27905
5557,11937
5557,13808
5557,18036
5558,9339
5558,11780
5558,13355
5558,14777
5559,6239
5559,10580
5559,14030
5559,22421
5561,6233
5561,7628
5561,7680
5561,9182
5561,9235
5561,15599
5561,15624
5561,16731
5561,18512
5561,23308
5561,25137
5561,28935
5561,29315
5562,6445
5562,19863
5562,21753
5563,10521
5563,14360
5563,19552
5564,6533
5564,9833
5564,21274
5564,25905
5565,7498
5566,14585
5567,6048
5567,6396
5567,6705
5567,7183
5567,8877
5567,10992
5567,11395
5567,12187
5567,13812
5567,13982
5567,16462
5567,17014
5567,19658
5567,29155
5567,29598
5568,20915
5568,22255
5569,7380
5569,23311
5569,24514
5570,7567
5570,15734
5570,22026
5570,24319
5571,15183
5571,16407
5571,20254
5571,20994
5571,21065
5571,23253
5572,6384
5572,8328
5572,8943
5572,15913
5572,20022
5572,23198
5573,11409
5573,13318
5574,5666
5574,7316
5574,11963
5574,12011
5574,14984
5574,15880
5574,16145
5574,16207
5574,16771
5574,19040
5574,20847
5574,22758
5574,27940
5575,7260
5575,11812
5575,12480
5575,16073
5575,17429
5576,6599
5576,7130
5576,19025
5576,23260
5576,27421
5577,8794
5577,13575
5577,16862
5577,22014
5577,22907
5577,25072
5577,28245
5577,28416
5578,5794
5578,7645
5578,9500
5578,10458
5578,10674
5578,10905
5578,14052
5578,18211
5578,19325
5578,28023
5578,29220
5579,12008
5579,16345
5579,17884
5579,24105
5580,9032
5580,13757
5580,17754
5580,19128
5580,26806
5580,28334
5580,29063
5580,29986
5582,7182
5582,9633
5582,12350
5582,13120
5582,15738
5582,23815
5583,7660
5583,8837
5583,9869
5583,12079
5583,13447
5584,6666
5585,6239
5585,7377
5585,15251
5585,20704
5585,23430
5586,8520
5586,8819
5586,10589
5586,11447
5586,17174
5586,25421
5587,13348
5587,24312
5588,7771
5588,14688
5589,5596
5589,6367
5589,6391
5589,6569
5589,8914
5589,9237
5589,16851
5589,16974
5589,17928
5589,18546
5589,19029
5589,19634
5589,20079
5589,22189
5589,24223
5589,28819
5590,7727
5590,7744
5590,9667
5590,12867
5590,18338
5590,18769
5590,26890
5592,6125
5592,10362
5592,15178
5592,23593
5593,11539
5593,15190
5593,20958
5594,7055
5594,11764
5595,9966
5595,10945
5595,12196
5595,19023
5595,19987
5595,23751
5595,29918
5596,8806
5596,17956
5596,21630
5596,27991
5596,28837
5597,8161
5597,21015
5598,7500
5598,11904
5598,14252
5598,27882
5598,29960
5599,12632
5599,18308
5599,23066
5599,23720
5599,29305
5600,6544
5600,9656
5600,13805
5600,16621
5600,21966
5600,29304
5601,20899
5602,29196
5603,9144
5603,14722
5603,15809
5603,20074
5603,26492
5604,8553
5604,8696
5604,11098
5604,11872
5604,14577
5604,19141
5604,20294
5604,23572
5604,25285
5605,5977
5605,6883
5605,7726
5605,19358
5606,10263
5606,22747
5606,24671
5606,28694
5607,8559
5607,9464
5607,14294
5607,16846
5607,20885
5607,21427
5610,7521
5610,10287
5610,17895
5610,21165
5610,28823
5610,28977
5611,6519
5611,14262
5611,15408
5612,9956
5612,11230
5612,14059
5612,28907
5613,13302
5614,9290
5614,10918
5614,16083
5614,22278
5614,23896
5614,26976
5615,9375
5615,17360
5615,22623
5616,8102
5616,10184
5616,17353
5616,23623
5617,7424
5617,25629
5617,27900
5618,9845
5618,20047
5619,9499
5619,12174
5619,12840
5620,12505
5621,9219
5621,11369
5621,18678
5621,19823
5621,19875
5621,22108
5621,22784
5621,23996
5621,26248
5622,7088
5623,7126
5623,9730
5623,11988
5623,12478
5623,13330
5623,29526
5624,9787
5624,12850
5624,15267
5624,16048
5624,18411
5624,19889
5624,23488
5624,24058
5624,24196
5624,28108
5625,9695
5625,10241
5625,14925
5625,18679
5625,19464
5625,21482
5626,7227
5626,11386
5626,12618
5627,28507
5628,13458
5629,16991
5629,17053
5629,20997
5629,25947
5629,26126
5630,17277
5630,21655
5630,26149
5631,7279
5631,8324
5631,16524
5631,29460
5632,10392
5633,11252
5633,14934
5633,28178
5633,28596
5635,6618
5635,9102
5635,10918
5635,11124
5635,14282
5635,19568
5635,22134
5635,23379
5635,26442
5635,28652
5636,17776
5636,21631
5637,6517
5637,6827
5637,13319
5637,14588
5637,19786
5637,24892
5638,5904
5638,6027
5638,6817
5638,11937
5638,13208
5638,13741
5638,17156
5638,18104
5638,20168
5638,20732
5638,21628
5638,25702
5638,27559
5639,8920
5639,14336
5639,18616
5639,24681
5639,29655
5640,7178
5640,11980
5641,7950
5641,10524
5641,17732
5641,20663
5642,26265
5642,29114
5644,8223
5644,8446
5644,9077
5644,12888
5644,16067
5644,16712
5644,19629
5644,25852
5644,26676
5644,27774
5645,9584
5645,10211
5646,11116
5646,15739
5646,16699
5648,9169
5648,11485
5648,12703
5648,16857
5648,18308
5648,18612
5648,20496
5648,21735
5648,22805
5648,25083
5648,27163
5648,28621
5649,5960
5649,6037
5649,7177
5649,8789
5649,9308
5649,15187
5649,19251
5649,21672
5649,28759
5650,6160
5650,13324
5650,14619
5650,25225
5650,27436
5651,9095
5651,12301
5651,23830
5651,25759
5651,27810
5651,28420
5651,28879
5652,10213
5652,10593
5652,17274
5652,17574
5652,23009
5652,25104
5654,5787
5654,6516
5654,6692
5654,20548
5655,15891
5655,16227
5655,19470
5657,6321
5657,8338
5657,9150
5657,15725
5657,23598
5657,27358
5657,28004
5657,29652
5658,5958
5659,5730
5659,10822
5659,11538
5659,13776
5659,16990
5659,17957
5659,21233
5659,21591
5660,13144
5660,20051
5660,22071
5662,10112
5663,9502
5663,18873
5663,21556
5663,25616
5664,5692
5664,6376
5664,7936
5664,9821
5664,10504
5664,20432
5664,22212
5664,23523
5664,24591
5665,5987
5665,8283
5666,7358
5666,7606
5666,8585
5666,11303
5666,13225
5666,17336
5666,21594
5666,21619
5666,26463
5666,26955
5667,9872
5667,9941
5667,14849
5667,27939
5668,13311
5668,13621
5668,15686
5668,21169
5668,21217
5668,25484
5668,25602
5668,27135
5669,10423
5669,12486
5669,21247
5669,29056
5670,25776
5671,6069
5671,28095
5672,8697
5673,9503
5673,24508
5673,25387
5673,27121
5675,8790
5675,16510
5675,26648
5675,27696
5676,26935
5677,6503
5677,8728
5677,10257
5677,14542
5677,19812
5677,25709
5677,26818
5678,9378
5679,6462
5679,8319
5679,10031
5679,10253
5679,13592
5679,17329
5679,20182
5679,27649
5680,12893
5680,23943
5681,8155
5681,11033
5681,13158
5681,15702
5681,17787
5681,17961
5681,18201
5681,20182
5681,21005
5681,28928
5682,9115
5682,13426
5682,16979
5682,17545
5682,22732
5683,23446
5684,7414
5684,8364
5684,11344
5684,13768
5684,17833
5685,6930
5685,14239
5685,23579
5685,25624
5686,20236
5686,23703
5687,6510
5687,9007
5687,10569
5687,11322
5687,13041
5687,13369
5687,13934
5687,15570
5687,22877
5687,26065
5687,27375
5687,27578
5687,27974
5687,29552
5688,17583
5689,12512
5689,16217
5689,28014
5689,29082
5690,6092
5690,20463
5690,23371
5691,19420
5692,10614
5692,11193
5692,11782
5692,13540
5692,23306
5693,10060
5693,15068
5693,18270
5694,7044
5695,18832
5696,7280
5696,23549
5696,28365
5698,7861
5698,13953
5698,15082
5698,18981
5699,12424
5699,19590
5699,20645
5700,15352
5700,25781
5701,9839
5701,13915
5702,8281
5702,15713
5702,26274
5702,26518
5702,29549
5702,29673
5703,24620
5705,6857
5705,7046
5705,7889
5705,8668
5705,9939
5705,11466
5705,18900
5705,26614
5705,28033
5705,29625
5706,7299
5706,12327
5706,14908
5706,15489
5706,19888
5706,24080
5706,24425
5706,29936
5707,15887
5708,7123
5708,7802
5708,9027
5708,10485
5708,11520
5708,14326
5708,15400
5708,17302
5709,17129
5709,20912
5709,22003
5710,6592
5710,7387
5710,10294
5710,11216
5710,13257
5710,21645
5710,22086
5710,29080
5710,29147
5711,28400
5712,8138
5712,10708
5712,26559
5713,6353
5713,10378
5713,26252
5714,21253
5714,27673
5715,7096
5715,12823
5715,16514
5715,19581
5715,24658
5716,7508
5716,11467
5716,16560
5716,17150
5716,17338
5716,18811
5716,23431
5716,24873
5716,28130
5717,7241
5717,7827
5717,7879
5717,8890
5717,8992
5717,10507
5717,12475
5717,12924
5717,14229
5717,14831
5717,15168
5717,17988
5717,19862
5717,19944
5717,23222
5717,29388
5718,14754
5718,21658
5719,15996
5719,25331
5720,7559
5720,15532
5720,22087
5720,24379
5720,25600
5721,7317
5721,12992
5721,14633
5721,18139
5721,23307
5722,15160
5722,21847
5722,23115
5722,25871
5723,7352
5723,7735
5723,8185
5723,17866
5723,20799
5723,21529
5724,17767
5724,21040
5724,25914
5724,29514
5725,18723
5726,18906
5727,21153
5728,6579
5728,13433
5728,15560
5728,18928
5729,7438
5729,8227
5729,10478
5729,11880
5729,16106
5729,23776
5730,7256
5730,7726
5730,8546
5730,10527
5730,10748
5730,19580
5730,27379
5730,29823
5731,28385
5732,24033
5733,6879
5733,10076
5734,7636
5734,10067
5734,19893
5734,20590
5734,28112
5735,9687
5737,10093
5737,14118
5738,7933
5738,18631
5738,18850
5739,7557
5739,7784
5739,26744
5739,28916
5740,10546
5740,17757
5740,26592
5741,11408
5741,27363
5742,21186
5743,20938
5744,6535
5744,6551
5744,8737
5744,18530
5744,20597
5744,25350
5744,25899
5745,27300
5746,23385
5747,6470
5747,6881
5747,9985
5747,12121
5747,14255
5747,18292
5747,20887
5747,26362
5747,28102
5747,29320
5748,7586
5748,8670
5748,10000
5748,11462
5748,15484
5748,18961
5748,19779
5748,20104
5748,25102
5748,25703
5748,28942
5749,28599
5750,6000
5750,7347
5750,7667
5750,12660
5750,13047
5750,16013
5750,23548
5750,25799
5750,26739
5750,27777
5750,27847
5751,7326
5751,11293
5751,14616
5751,20621
5751,21181
5751,24446
5751,29590
5753,13432
5753,27833
5754,21042
5755,9257
5755,10812
5755,13079
5756,7917
5756,10007
5756,16615
5756,16872
5756,18004
5756,19712
5756,24466
5758,9054
5759,6216
5759,8691
5759,9616
5759,10865
5759,12093
5759,16009
5759,25726
5759,25965
5760,5809
5760,6471
5760,8029
5760,8653
5760,10415
5760,10567
5760,16231
5760,16510
5760,17029
5760,18343
5760,23567
5760,23991
5760,27770
5761,8913
5761,12129
5761,24571
5762,12388
5762,12440
5762,18468
5764,16046
5764,24755
5764,26373
5765,7741
5766,10743
5767,8151
5767,10623
5767,12200
5767,18510
5767,28302
5768,9102
5768,10983
5768,15850
5768,18976
5768,28173
5769,6873
5769,9743
5769,11471
5769,22556
5769,24446
5770,5947
5770,7269
5770,12628
5770,22816
5771,11568
5771,13623
5771,20345
5771,24065
5771,27098
5772,7346
5772,7698
5773,23929
5774,5815
5774,10058
5774,12443
5774,12844
5774,15673
5774,22589
5775,6965
5775,7114
5776,24190
5776,26787
5777,6743
5777,15889
5777,17774
5777,26934
5778,13485
5778,24072
5778,25043
5779,18009
5779,24465
5780,22309
5781,12371
5781,22998
5782,6292
5782,6948
5782,8249
5782,9761
5782,10269
5782,12011
5782,14305
5782,14782
5782,15775
5782,15829
5782,19769
5782,19827
5782,21923
5782,22463
5782,28423
5783,6708
5783,7171
5783,8956
5783,9078
5783,11745
5783,18408
5783,18714
5783,22874
5783,23373
5783,23631
5783,24826
5783,28687
5784,6588
5784,27429
5786,14677
5786,15228
5786,16002
5786,18640
5786,21883
5787,9548
5787,17418
5787,20495
5788,7175
5788,9508
5788,21775
5788,23076
5788,24573
5788,29731
5789,7078
5789,9865
5789,12693
5789,17573
5789,22090
5789,29651
5790,24672
5791,6181
5792,6655
5792,17310
5792,17378
5792,21002
5792,27045
5793,8913
5793,18871
5793,28740
5794,12884
5794,16428
5794,17708
5794,25060
5794,25128
5794,28929
5795,8298
5795,16413
5795,24586
5795,25496
5796,11143
5796,12437
5796,13659
5796,14191
5796,23975
5796,25298
5796,25363
5797,11122
5797,15307
5797,17988
5799,6319
5799,6469
5799,7182
5799,7503
5799,9325
5799,13015
5799,13901
5799,22790
5800,6530
5800,7771
5800,10151
5800,12616
5800,12693
5800,14196
5800,27867
5801,10369
5801,10435
5801,12661
5801,12763
5801,13667
5801,21360
5802,13866
5803,10160
5803,20557
5803,22330
5804,16483
5804,23223
5804,23766
5804,26989
5805,13227
5805,17900
5806,6786
5806,14778
5806,15271
5806,24968
5807,6225
5807,14189
5807,15084
5807,15162
5807,24893
5807,28467
5808,7794
5808,9622
5808,12478
5808,12946
5808,14966
5808,19219
5808,25901
5808,26374
5809,8988
5809,10696
5810,6098
5810,9431
5810,11434
5810,18239
5811,12822
5811,12922
5811,15780
5811,16544
5812,12358
5812,27590
5813,13868
5813,14864
5814,11799
5814,19295
5815,5863
5815,10738
5815,14971
5816,15168
5817,16186
5817,24478
5818,22352
5818,26195
5820,8335
5820,15059
5820,15578
5820,20105
5820,28430
5821,6609
5821,11346
5821,12300
5821,13221
5822,13434
5823,7969
5823,23498
5824,7923
5824,8836
5824,11181
5824,12232
5824,12984
5824,14117
5824,15198
5824,16832
5824,24125
5824,24813
5824,25426
5824,26099
5826,6841
5826,20188
5827,16967
5827,26030
5827,29504
5828,5870
5828,7590
5828,8841
5828,13341
5828,13844
5828,16996
5828,20824
5828,20966
5828,25528
5828,26692
5828,27753
5828,28109
5828,28766
5829,5850
5829,7480
5829,11459
5829,14787
5829,22569
5829,28879
5829,29190
5830,20329
5830,20691
5830,23645
5831,6025
5831,8952
5831,11209
5831,13388
5831,29282
5832,14280
5834,6187
5834,7179
5834,7301
5834,7332
5834,7904
5834,8090
5834,8551
5834,8612
5834,9597
5834,9927
5834,11083
5834,13376
5834,14196
5834,15650
5834,16229
5834,16667
5834,17815
5834,21209
5834,23537
5834,26705
5834,28181
5835,14717
5835,17861
5835,19993
5835,20139
5836,11045
5837,6102
5837,7023
5837,15732
5837,18949
5837,28175
5837,28653
5838,12171
5838,15569
5838,17367
5838,17532
5838,24727
5838,29095
5839,9416
5839,9861
5839,10988
5839,14593
5839,18493
5839,21526
5839,23085
5840,16319
5840,29578
5841,14330
5841,23395
5842,8158
5842,17556
5842,17694
5844,17689
5845,6887
5845,7446
5845,10236
5845,12538
5845,29214
5846,6531
5846,7964
5846,9230
5846,18840
5847,23516
5848,9957
5848,24705
5849,7943
5849,10002
5849,11236
5849,14624
5849,16759
5849,17507
5849,18151
5849,20009
5849,20539
5849,20550
5849,22885
5849,23971
5850,7547
5851,6288
5851,14934
5851,15541
5851,19376
5851,25223
5851,27162
5852,8744
5852,10464
5852,11349
5852,14821
5852,17197
5852,18242
5852,23931
5852,28490
5852,28990
5852,29918
5853,14203
5853,16691
5853,22020
5854,8707
5854,11272
5854,12148
5854,16203
5854,16300
5855,6899
5855,8255
5855,9344
5855,10188
5855,28207
5856,9201
5856,10349
5856,16528
5856,19661
5858,9606
5858,28960
5859,13875
5859,18736
5859,19224
5859,19446
5859,20162
5859,23028
5859,28146
5861,28570
5862,6554
5862,10269
5862,10900
5862,12347
5862,14988
5862,15422
5862,24454
5862,29649
5863,19037
5863,19854
5863,27440
5864,11879
5864,13153
5864,17793
5864,22684
5865,11720
5865,15192
5865,16179
5865,17326
5866,7039
5866,7673
5866,9794
5866,11321
5866,13749
5866,15974
5866,18724
5866,27582
5867,8879
5867,18243
5867,19355
5867,19829
5867,26543
5868,6020
5868,7391
5869,8668
5870,8695
5870,10787
5870,13103
5870,16578
5870,19746
5870,26680
5871,13733
5871,15348
5871,16277
5871,18113
5871,21610
5871,23363
5871,27891
5872,9825
5872,15053
5872,24104
5873,8044
5873,9899
5873,14488
5873,28840
5874,6418
5874,7597
5874,10841
5874,11348
5874,19422
5874,19780
5874,20651
5874,26340
5874,28179
5875,7093
5875,10759
5875,15858
5875,17681
5876,20473
5877,15642
5877,16024
5877,29599
5879,8821
5880,7865
5880,10199
5880,19057
5881,22298
5881,29025
5882,6979
5882,9299
5882,9802
5882,10775
5882,13775
5883,24948
5884,8439
5885,6171
5885,12908
5885,20515
5885,21854
5885,23577
5885,24615
5886,8163
5886,12865
5886,28102
5886,28774
5887,15272
5887,25142
5888,25321
5889,9718
5890,23125
5890,27599
5890,28296
5890,28537
5890,28668
5891,6997
5891,9745
5891,18894
5891,19163
5891,21044
5891,27228
5891,28099
5892,12291
5892,13967
5892,14031
5893,11606
5893,12174
5893,15099
5893,17629
5895,8322
5895,9445
5895,11312
5895,11984
5895,16738
5895,18233
5895,20370
5895,22509
5895,29722
5896,8366
5896,15901
5896,19819
5897,6093
5897,7350
5897,10706
5898,12894
5898,18316
5899,6843
5899,6990
5899,8336
5899,9775
5899,15737
5899,22348
5899,26672
5899,27264
5900,17683
5900,22659
5901,6962
5901,8166
5901,8418
5901,9385
5901,10314
5901,16435
5902,9092
5903,10252
5904,13509
5904,22152
5904,22155
5905,9373
5906,28273
5906,29438
5907,21402
5907,22617
5907,27824
5908,11673
5908,14773
5909,10071
5909,22642
5910,28749
5911,7221
5911,7750
5911,11407
5911,13255
5911,15018
5911,16267
5911,18583
5912,6956
5912,14082
5913,6749
5913,7276
5913,9382
5913,15924
5913,17978
5913,18581
5913,18923
5913,21346
5914,10090
5914,16608
5914,18563
5914,21135
5914,23336
5915,9659
5915,16939
5915,21109
5916,9475
5918,6059
5918,11800
5918,12746
5918,16338
5918,17937
5918,27998
5919,7211
5919,11546
5919,24349
5920,7105
5920,28571
5922,10867
5924,10959
5925,6918
5925,8852
5925,12177
5925,13811
5925,20567
5926,12602
5926,19430
5926,22908
5926,23926
5927,6093
5927,13320
5927,13333
5927,18028
5927,19917
5927,20937
5927,23191
5927,24019
5927,26560
5928,9280
5928,9762
5928,10025
5928,14047
5928,17576
5928,20862
5930,6455
5930,7386
5930,8026
5930,9510
5930,16821
5931,21219
5932,22681
5933,6654
5933,9167
5933,18306
5933,22311
5933,25605
5934,17309
5934,22249
5935,6641
5935,19724
5937,10846
5938,23700
5938,26092
5938,29361
5939,10829
5939,14851
5939,28337
5940,8955
5940,20986
5940,27584
5941,8275
5942,7179
5942,7897
5942,10736
5942,19571
5942,19662
5943,7572
5943,8782
5943,10948
5943,13605
5943,19435
5945,9511
5945,10985
5945,11462
5945,13276
5945,17354
5945,21124
5945,27170
5946,13460
5947,24878
5948,17510
5948,29825
5949,15917
5949,25961
5949,27777
5950,24976
5951,7240
5951,29924
5952,8031
5952,8553
5952,10956
5952,11068
5952,11951
5952,15645
5952,15993
5952,22699
5952,26877
5953,12107
5953,15662
5953,21003
5953,27094
5953,29380
5954,6451
5954,11172
5954,12560
5954,19068
5954,20166
5954,20666
5954,24711
5954,29268
5955,7772
5955,10869
5955,14498
5955,16145
5955,16571
5956,8037
5956,13191
5957,19162
5957,29861
5958,8163
5958,8481
5958,11996
5958,12952
5958,13007
5958,13298
5958,15559
5958,17934
5958,22494
5958,29422
5958,29523
5959,7997
5959,8093
5959,12353
5959,21934
5960,8412
5960,12529
5960,15010
5960,17943
5961,16247
5961,26569
5962,7815
5962,15544
5962,24959
5963,7372
5963,15116
5963,23232
5963,26860
5964,9405
5964,9601
5964,15736
5964,27331
5964,27876
5964,29168
5965,6405
5965,9486
5965,17492
5965,28119
5966,6414
5966,6440
5966,7662
5966,8512
5966,13686
5967,7877
5968,9321
5968,19107
5970,6925
5970,12409
5970,15241
5971,23180
5971,29776
5973,9243
5973,25329
5973,28862
5974,10294
5974,16092
5974,26879
5975,5995
5975,6596
5975,8382
5976,9932
5976,15680
5976,16187
5976,21152
5977,9067
5977,9143
5977,16962
5977,19079
5977,28166
5978,14623
5978,21969
5978,28328
5979,6003
5979,8560
5979,13998
5979,15266
5979,16007
5980,8474
5980,8922
5980,9474
5980,19892
5980,20346
5980,21258
5980,27761
5981,8442
5981,12495
5981,19688
5981,20513
5982,13734
5983,7847
5983,8893
5983,12366
5983,13093
5983,19602
5983,20287
5983,27455
5983,29054
5984,7929
5984,21669
5984,23482
5984,28816
5986,21664
5986,22369
5987,7470
5987,8291
5987,13047
5987,16246
5988,6274
5988,21674
5989,16023
5989,20217
5989,27627
5990,7760
5990,8866
5990,11300
5990,12699
5990,20640
5990,20747
5990,29676
5991,9957
5991,13052
5991,24024
5991,25874
5992,17970
5993,7206
5993,13542
5995,7746
5995,12482
5995,14713
5995,14886
5995,15571
5995,16433
5996,12790
5996,13265
5996,13280
5996,16379
5996,19982
5997,18881
5997,28763
5998,7054
5998,9622
5998,9967
5998,11957
5998,15777
5998,17057
5998,22312
5998,23562
5998,27025
5999,7364
5999,14400
5999,16022
6000,6321
6000,11063
6001,6710
6001,22422
6003,11385
6003,28869
6004,7320
6004,20637
6005,8443
6005,16259
6005,20818
6005,23452
6006,8661
6007,6790
6007,18122
6007,18474
6007,23668
6007,27293
6008,7764
6008,12091
6008,22502
6008,25391
6008,28148
6009,9400
6009,18737
6009,22262
6009,22324
6009,23011
6012,7062
6012,7386
6012,15935
6012,16384
6012,21758
6012,24220
6012,25898
6013,9550
6013,10206
6013,13072
6013,21865
6013,29292
6014,12961
6014,14891
6015,11622
6016,7893
6016,16054
6016,23977
6017,16710
6017,20663
6017,25107
6017,29714
6018,7753
6018,8152
6018,8638
6018,12287
6018,12346
6018,19982
6019,16414
6019,19259
6019,23177
6019,23308
6020,10494
6020,18560
6021,9410
6021,12217
6021,14875
6021,28401
6022,11466
6023,13552
6023,23795
6023,28796
6024,8451
6024,22162
6024,25879
6024,27629
6025,7614
6026,8861
6026,16917
6026,24238
6026,27553
6027,16559
6027,16563
6027,26655
6028,7223
6028,9113
6028,11372
6028,14815
6028,22160
6028,22476
6028,25399
6028,25531
6028,26190
6030,6530
6030,8152
6030,8925
6030,11165
6030,14247
6030,17926
6030,19192
6030,26064
6030,27565
6031,8066
6031,11837
6031,20174
6032,23281
6033,14205
6033,19381
6033,21685
6033,23619
6033,26963
6033,29244
6034,16558
6036,16341
6036,20435
6036,20462
6036,24659
6036,27317
6037,10249
6037,11896
6037,12378
6037,27754
6038,7670
6038,18797
6039,7249
6039,8246
6039,14396
6039,19115
6039,21692
6039,27304
6040,8161
6040,14511
6040,26038
6041,12211
6041,12266
6041,13486
6041,15631
6041,20441
6041,23436
6041,23921
6041,25820
6042,19882
6042,26175
6042,27210
6043,12233
6044,7161
6044,12413
6044,29367
6045,8752
6045,12029
6045,12366
6045,12860
6045,13954
6045,15185
6045,15686
6045,17091
6045,24241
6045,27075
6045,27788
6046,9726
6046,14291
6046,28763
6047,12069
6047,15502
6047,15999
6047,20682
6047,23302
6047,26904
6047,29104
6049,20115
6049,28642
6050,6108
6050,8289
6050,9598
6050,9935
6050,10808
6050,10893
6050,14175
6050,14801
6050,16137
6050,19858
6050,25755
6051,6631
6051,23740
6051,25830
6052,6848
6052,9764
6052,12121
6052,12684
6052,14444
6052,15998
6052,17391
6053,7764
6053,24760
6054,10548
6054,10814
6054,13109
6054,13419
6054,13920
6054,16895
6054,17298
6054,25634
6054,25987
6054,27494
6054,28069
6054,28496
6054,29828
6055,12068
6055,23000
6056,22500
6057,6897
6057,8389
6057,8709
6057,9954
6057,10528
6057,12235
6057,14009
6057,21370
6057,25001
6058,12891
6058,25151
6059,7395
6059,17628
6059,18617
6060,8242
6060,17724
6061,6400
6063,9956
6063,15862
6063,16232
6063,18432
6063,18579
6063,20237
6063,24662
6065,8158
6065,11633
6065,14056
6066,19459
6066,24328
6067,10095
6067,20510
6068,6248
6068,9119
6068,9485
6070,13907
6071,8585
6071,11084
6071,15656
6071,16293
6071,19047
6071,24830
6071,27767
6072,15069
6072,15376
6072,18093
6072,19118
6075,9345
6075,28450
6076,6853
6076,20840
6077,18753
6077,24062
6078,8316
6078,16588
6078,18099
6078,27994
6080,6818
6080,23912
6080,29854
6082,11715
6082,25088
6082,26473
6083,13510
6084,8635
6084,9482
6084,9651
6084,19849
6084,27482
6085,11603
6085,14784
6085,20439
6086,14115
6086,29779
6087,12193
6088,10050
6089,9942
6090,6577
6090,14316
6091,13545
6091,21845
6092,7745
6092,9172
6092,11871
6092,28758
6093,7537
6093,13156
6093,25208
6094,6454
6094,7409
6094,7782
6094,7922
6094,9233
6094,9645
6094,13618
6094,13938
6094,14426
6094,19158
6094,19807
6094,22610
6094,27670
6094,28279
6094,28311
6095,23500
6096,11033
6097,13599
6097,14403
6097,15277
6097,15760
6097,17191
6097,21180
6097,26703
6098,18267
6099,8351
6099,16841
6099,19590
6099,21406
6099,29184
6100,13897
6100,17188
6100,21446
6101,7094
6101,7104
6101,8415
6101,8659
6101,20636
6101,28870
6103,6896
6103,10542
6103,20754
6103,29868
6104,15255
6104,18665
6104,29091
6105,11655
6106,9564
6106,10947
6106,16346
6106,16910
6106,20143
6108,9534
6108,10065
6108,11920
6108,12706
6109,7153
6109,9739
6109,17951
6111,25355
6113,8233
6113,13201
6113,14075
6113,19793
6113,23832
6113,25803
6113,28980
6114,6383
6114,6993
6114,10665
6114,14631
6114,17171
6114,24391
6114,24809
6114,26577
6115,14686
6115,25785
6116,10021
6116,17229
6117,14269
6118,9267
6118,11042
6119,16723
6120,6438
6120,13861
6120,17038
6120,20138
6120,20166
6120,21019
6120,21318
6120,29672
6121,7932
6121,11979
6122,10804
6123,7172
6123,11093
6123,18464
6123,25726
6124,10358
6124,10978
6124,14025
6124,14913
6124,17103
6124,17382
6124,26809
6124,27752
6125,6560
6125,7453
6125,23520
6126,14051
6126,17034
6126,25091
6126,27943
6127,8530
6127,12189
6128,10914
6128,11730
6129,25048
6130,7761
6130,9366
6130,11027
6130,16761
6130,19555
6130,21290
6130,22430
6130,26003
6130,27280
6130,29326
6130,29419
6130,29801
6131,10177
6131,11406
6131,21767
6131,23191
6131,28001
6131,29808
6132,7208
6132,13288
6133,14639
6135,13075
6135,15912
6138,9769
6138,11240
6139,18152
6140,7523
6140,19254
6141,10441
6142,17862
6143,25256
6143,26692
6144,6813
6144,10029
6144,10817
6144,27837
6145,6776
6146,20201
6147,15374
6148,11238
6148,15767
6150,9988
6150,20628
6151,6890
6151,9347
6151,10044
6151,17305
6151,18082
6152,12270
6152,25325
6153,10003
6155,7285
6155,8704
6155,11448
6155,14244
6156,6459
6156,10362
6156,12171
6156,12360
6156,13618
6156,23433
6156,28173
6157,7383
6158,10045
6158,25691
6159,15231
6159,16541
6160,8416
6160,11378
6161,8016
6161,8330
6161,22482
6161,26202
6162,8432
6162,9762
6162,16807
6163,10554
6163,14848
6163,19540
6164,8107
6164,15413
6164,26347
6165,18030
6166,7383
6166,8207
6166,16096
6166,20985
6166,22913
6166,25547
6166,28541
6167,15479
6168,7263
6168,9455
6168,14274
6168,14977
6168,22828
6168,23321
6169,6816
6169,7184
6169,9436
6169,10182
6169,10492
6169,22806
6170,6886
6170,8644
6170,10414
6170,21825
6171,8610
6171,19205
6172,20639
6173,10522
6173,11702
6173,24054
6174,28138
6175,25202
6176,7479
6176,11433
6176,12921
6176,20097
6178,8545
6178,17744
6180,7566
6180,9116
6180,10025
6180,17809
6180,19938
6180,21610
6180,23526
6180,25121
6180,25897
6180,26238
6181,6556
6181,11374
6181,11882
6181,13542
6181,19829
6182,6313
6182,9555
6182,10038
6182,11508
6182,12080
6182,25960
6183,9180
6183,16367
6183,16891
6184,20675
6184,25156
6184,26416
6184,27106
6184,27309
6185,13236
6185,15568
6185,23871
6185,23936
6186,22754
6187,6659
6187,6749
6187,6821
6187,11761
6187,14216
6187,21852
6188,16323
6188,21807
6188,26729
6189,8654
6189,16471
6189,19405
6189,25114
6189,26363
6190,7717
6190,21106
6191,24950
6192,7585
6192,9365
6193,7108
6193,7629
6193,11718
6193,12245
6193,19654
6193,26566
6193,26784
6193,26931
6194,9655
6194,11121
6194,11629
6194,16889
6194,18701
6194,21659
6194,22769
6195,23950
6195,28226
6196,6511
6196,6804
6196,9560
6196,13291
6196,22631
6197,19385
6197,20572
6198,6952
6198,7615
6198,8110
6198,13001
6199,9448
6199,9544
6199,16792
6200,9234
6200,10330
6200,24844
6201,9327
6201,16981
6201,20906
6201,27866
6201,29112
6202,7129
6202,12810
6202,14262
6202,14958
6204,7546
6204,9334
6205,6565
6205,7825
6205,8184
6205,15140
6205,17700
6205,22237
6206,10369
6206,11370
6206,14856
6206,18275
6206,19393
6206,21017
6206,21730
6206,21943
6206,22873
6206,27812
6207,12034
6207,12977
6207,17960
6208,10287
6208,11593
6208,13122
6208,13228
6208,16890
6208,20468
6208,25298
6209,7469
6209,7701
6209,7966
6209,13056
6209,15756
6209,24957
6210,13018
6210,15007
6210,15717
6210,16070
6210,19965
6210,21040
6210,23340
6211,8260
6211,19072
6212,8103
6212,26756
6213,14684
6213,16381
6213,19443
6214,7110
6214,8821
6214,16663
6214,29789
6215,11473
6215,11576
6215,11993
6215,13512
6215,16393
6215,21226
6217,14106
6218,16885
6218,18191
6219,7496
6219,11278
6219,11591
6219,13886
6219,19138
6219,25197
6220,28476
6221,7810
6221,8409
6221,11194
6221,11530
6221,12143
6221,15360
6221,18824
6222,9853
6222,11657
6222,16387
6222,16966
6222,17990
6222,19431
6222,20282
6223,13005
6224,6469
6224,7780
6224,23641
6224,28873
6224,29324
6225,10745
6225,21828
6225,22603
6226,14937
6226,18697
6226,19581
6226,26793
6229,8122
6230,13601
6231,12681
6231,21968
6231,24882
6231,27393
6231,29212
6231,29234
6232,6574
6232,21890
6233,8020
6233,9011
6233,14893
6234,12964
6234,29004
6235,13309
6235,18867
6236,10371
6236,11129
6236,20875
6237,10749
6237,18144
6238,12407
6238,13680
6238,18188
6238,20156
6240,16236
6240,19285
6240,24554
6240,25649
6241,6376
6241,6502
6241,8525
6241,8689
6241,8839
6241,9320
6241,10002
6241,10643
6241,11852
6241,15553
6241,19398
6241,22904
6241,23304
6241,26295
6241,27116
6241,28417
6242,8104
6242,11129
6242,12685
6243,10590
6243,29208
6244,20161
6244,25687
6245,12348
6245,20772
6245,25993
6245,29193
6246,11488
6247,8276
6247,8777
6247,16618
6247,22738
6248,13555
6248,17904
6249,15932
6249,18767
6249,20752
6249,29810
6250,11948
6250,15173
6250,23919
6250,26220
6250,27283
6251,16583
6252,7338
6252,8882
6252,8895
6252,12526
6252,12539
6252,13020
6252,23202
6252,23381
6252,25856
6252,26193
6253,9166
6253,9908
6253,10805
6253,11862
6254,23993
6254,25012
6255,27612
6256,12124
6256,21794
6257,14899
6258,7916
6258,9777
6258,10684
6258,19850
6258,26567
6259,6425
6259,8838
6259,12178
6259,12785
6259,21420
6259,21803
6259,23965
6259,24345
6259,25222
6259,25769
6259,26626
6260,9873
6261,7121
6261,19812
6261,27601
6262,6433
6262,8429
6262,29604
6263,17832
6264,9664
6264,9871
6264,11313
6264,17467
6264,18522
6264,21108
6264,23035
6265,20789
6266,11628
6266,12263
6267,6696
6267,11571
6267,14694
6267,23962
6268,13262
6268,17388
6268,28428
6268,28453
6269,21299
6270,7757
6270,8978
6270,12616
6270,19980
6270,27853
6271,14723
6273,15164
6273,17631
6273,19363
6274,6360
6274,10860
6274,13458
6274,13543
6274,13557
6274,13674
6274,19990
6275,6317
6275,11799
6275,12945
6275,20109
6275,20827
6276,8435
6276,25569
6277,7022
6277,7216
6277,8369
6277,11770
6277,28751
6278,6808
6278,10632
6278,15649
6278,20372
6279,18452
6279,20437
6279,22439
6279,22519
6280,17092
6280,20643
6281,6337
6281,9512
6281,11107
6281,11677
6281,12149
6281,15175
6281,17557
6281,21755
6281,24994
6284,6881
6285,21051
6286,7899
6286,10271
6286,22478
6287,7135
6287,12207
6287,15112
6288,12082
6288,23123
6288,28119
6288,29454
6289,13112
6289,22574
6289,23879
6290,7557
6290,7641
6290,8068
6290,8284
6290,10062
6290,10825
6290,13336
6290,14315
6290,14554
6290,15176
6290,20646
6290,22020
6290,22281
6290,26971
6290,28689
6291,28371
6292,6547
6292,15973
6292,20629
6293,21213
6293,26537
6294,7136
6294,7528
6294,14853
6294,17002
6294,19340
6294,19924
6294,25337
6294,27210
6295,6735
6295,7965
6295,22198
6295,23852
6296,11157
6296,11332
6296,18321
6296,18952
6297,27279
6297,28352
6298,11928
6298,21135
6300,11925
6301,21229
6302,6634
6302,7661
6302,9448
6302,11219
6302,24508
6302,28622
6303,6554
6303,25694
6304,17878
6304,18212
6305,12159
6305,12535
6305,14695
6305,19064
6305,20739
6305,21565
6305,24027
6305,25238
6305,26896
6306,6334
6306,7281
6306,12366
6306,23277
6307,6534
6307,8709
6307,17945
6307,24860
6308,6465
6308,19864
6309,6920
6309,7008
6309,10417
6309,13334
6309,19082
6309,24907
6309,25284
6310,16464
6310,19917
6310,22124
6312,9982
6312,18179
6312,18414
6312,21457
6313,10275
6313,19905
6313,24792
6313,27543
6313,27968
6314,8499
6314,9379
6314,11792
6314,12940
6314,15277
6314,17401
6314,29182
6315,13360
6315,19394
6315,23736
6315,29026
6316,8568
6316,12231
6316,14390
6316,18056
6316,19566
6316,24964
6316,26964
6317,8793
6317,9612
6317,10318
6317,10675
6317,26087
6317,26143
6318,9914
6318,13848
6318,17504
6318,18482
6318,19484
6318,20162
6318,23760
6318,24656
6318,25135
6319,8205
6319,27566
6321,6340
6321,10267
6321,25569
6322,23022
6323,8976
6323,17190
6323,24297
6324,22819
6324,27911
6325,7628
6325,9661
6325,11892
6326,8438
6326,16015
6326,27112
6327,6658
6327,6806
6327,8700
6327,11097
6327,12241
6327,16754
6327,18898
6327,21122
6327,21425
6327,23978
6328,8722
6328,20900
6329,7510
6329,8117
6329,9381
6329,9979
6329,13737
6329,14542
6329,15351
6329,17006
6329,17561
6329,18772
6329,27596
6329,28662
6329,29957
6330,8905
6330,15591
6330,17702
6330,18436
6330,21200
6330,27582
6331,6448
6331,8264
6331,8747
6331,11177
6331,14463
6331,18328
6331,18988
6331,20192
6331,21287
6331,21581
6331,22937
6331,23273
6331,29135
6332,15748
6332,23138
6332,24880
6332,29494
6333,9030
6333,9840
6333,10127
6333,11240
6333,11610
6333,14142
6333,15832
6333,18707
6334,10491
6334,13685
6334,15470
6334,28953
6335,7683
6335,9380
6335,11106
6335,12305
6335,13980
6335,15637
6335,19358
6335,24315
6335,24704
6336,11037
6336,12516
6336,16774
6336,26835
6338,8832
6338,24481
6339,6638
6339,12474
6340,6648
6340,11360
6340,12038
6340,15156
6340,23752
6341,7000
6341,20791
6341,27520
6341,27613
6342,9517
6342,14671
6342,16622
6342,19817
6342,21558
6342,22775
6342,25559
6342,28832
6343,7189
6343,8207
6343,9037
6343,16611
6343,29040
6344,10100
6344,12198
6344,15135
6344,19347
6344,21312
6344,26929
6345,10391
6345,16317
6346,15571
6346,18478
6347,20650
6347,22102
6348,6773
6348,11926
6349,6626
6349,8918
6349,10039
6349,10085
6349,11002
6349,11818
6349,13163
6349,15315
6349,16683
6349,19434
6349,21713
6349,26976
6349,27895
6351,9031
6352,9121
6352,10651
6352,24730
6352,26106
6352,26326
6352,27849
6354,13968
6354,17341
6354,18721
6354,23887
6354,27175
6355,20299
6355,23427
6356,17028
6356,18675
6357,7094
6357,8808
6358,7233
6358,7973
6358,9968
6358,10228
6358,13158
6358,17459
6358,20594
6358,24510
6358,26677
6359,8444
6359,11257
6359,11341
6359,15841
6359,16710
6359,24533
6359,28412
6360,14002
6360,17869
6361,7836
6361,7923
6361,9125
6361,10005
6361,12676
6361,13579
6361,16536
6362,8729
6362,21738
6362,23179
6362,26159
6363,9697
6363,10365
6363,19048
6363,22992
6363,26699
6363,26836
6363,27127
6364,11373
6364,14333
6364,17743
6365,8899
6365,12937
6365,15829
6365,16197
6365,29968
6366,8944
6366,14426
6366,15252
6366,25601
6366,25866
6367,28601
6368,12946
6369,6866
6370,13912
6370,24370
6371,10992
6371,25818
6371,26251
6372,7862
6372,9870
6372,15084
6372,15884
6372,16097
6372,19521
6372,20919
6372,22019
6373,8694
6373,9591
6373,10382
6373,15930
6373,22757
6374,25357
6374,26983
6374,27785
6375,7127
6375,9037
6375,9802
6375,11289
6375,13023
6375,13215
6375,16358
6375,19905
6375,20010
6375,24559
6376,16019
6376,19741
6376,27020
6376,27418
6377,7144
6377,7672
6377,7725
6377,15041
6377,22006
6377,26153
6377,27467
6378,8935
6378,10322
6378,10813
6378,12244
6378,12568
6378,23049
6379,9444
6379,10125
6379,16948
6379,21662
6380,6767
6380,8448
6380,23277
6381,8184
6381,10482
6381,11225
6381,11600
6381,19020
6381,26873
6381,28409
6382,14725
6382,15763
6382,15765
6383,18849
6384,11794
6384,19099
6385,9762
6385,14058
6385,14212
6385,16369
6385,24949
6386,6766
6386,11914
6386,12724
6386,12744
6386,23224
6386,23316
6387,12543
6387,19986
6388,11113
6388,11395
6388,22302
6388,27469
6389,8052
6389,15694
6389,25911
6389,29111
6390,17087
6390,26903
6390,28021
6391,6778
6391,9084
6391,20750
6391,21317
6392,16387
6392,17800
6394,8472
6394,10018
6395,7698
6395,8570
6395,9002
6395,9442
6395,10558
6395,10630
6395,14602
6395,15438
6395,17739
6395,18261
6395,22571
6395,26125
6395,29569
6396,20794
6396,21166
6396,22900
6396,25218
6396,28042
6397,9882
6397,26029
6399,7908
6399,8050
6399,13636
6399,14176
6399,17853
6399,29647
6401,6637
6401,9613
6401,20635
6402,16408
6402,18030
6402,22370
6402,29281
6402,29373
6403,27220
6404,11801
6404,12426
6404,27946
6405,7126
6405,14162
6405,18063
6405,24599
6405,24920
6406,16788
6406,21307
6406,22894
6406,25116
6407,7526
6407,13719
6407,17958
6407,18396
6407,23184
6407,23547
6407,25714
6407,28050
6408,7276
6408,15239
6408,21582
6408,23447
6408,23655
6409,9668
6409,13337
6409,17384
6409,17742
6409,20300
6409,20670
6409,23327
6409,25537
6409,28252
6410,15354
6410,16636
6411,11250
6411,22178
6412,9041
6412,10370
6413,9864
6413,15923
6413,29228
6414,7025
6414,9302
6415,8239
6415,28000
6416,7106
6416,26662
6418,6444
6418,19312
6418,25580
6418,26118
6419,9171
6419,21294
6419,22024
6420,7195
6420,15167
6420,19315
6420,23416
6420,23989
6422,13096
6422,16512
6423,6652
6423,8698
6423,11897
6423,21317
6423,21644
6423,22118
6423,25195
6423,25263
6423,28913
6424,8134
6424,8717
6424,13957
6424,15830
6424,16192
6424,16215
6425,23829
6426,13165
6426,14148
6427,8934
6427,10402
6427,12840
6427,18434
6427,22500
6427,23884
6428,6645
6428,15264
6429,10235
6429,12246
6429,12802
6429,18008
6429,27799
6430,6623
6430,9179
6430,11095
6431,9984
6431,10259
6431,12486
6431,24876
6431,24917
6432,12969
6433,6849
6433,7570
6433,13762
6433,15941
6433,23648
6433,24259
6433,26544
6434,9692
6435,11815
6437,16810
6437,21750
6438,6716
6438,7181
6438,16373
6438,25392
6438,28470
6438,29756
6438,29862
6439,8492
6439,11514
6439,15717
6439,25121
6439,27214
6439,28956
6440,6612
6440,14297
6441,8484
6441,11161
6441,22876
6442,11350
6442,12149
6442,13109
6442,13625
6442,15030
6443,13607
6443,15946
6444,10900
6444,13257
6444,14333
6446,7948
6446,8324
6446,12310
6446,14424
6447,6596
6447,7061
6447,7390
6447,7875
6447,22057
6447,25100
6448,6882
6448,8304
6448,12525
6449,11966
6449,12898
6449,18344
6450,21841
6450,24082
6451,17699
6452,7956
6452,16240
6453,11203
6453,20158
6453,20457
6453,23055
6454,8620
6454,10690
6454,12569
6454,14218
6454,16343
6454,16435
6454,18092
6454,18123
6454,20261
6454,20818
6454,23744
6455,7885
6455,9008
6456,9099
6456,15959
6456,17455
6458,7536
6458,9059
6458,13621
6458,15380
6458,15774
6458,21204
6458,23710
6458,26202
6459,6781
6459,10534
6459,15337
6459,16188
6460,6858
6460,17011
6460,22104
6462,7452
6462,17648
6462,23775
6463,9823
6463,28378
6463,28762
6465,8618
6465,17443
6466,7506
6466,8645
6466,12266
6466,17817
6466,20342
6466,27525
6466,29420
6467,9130
6468,14576
6468,22503
6468,22578
6469,8113
6469,18330
6469,25287
6470,12460
6470,13121
6470,14607
6470,14850
6470,17002
6472,7174
6473,8271
6473,8929
6473,15440
6473,21574
6473,23955
6474,21811
6475,9106
6475,9199
6475,9918
6475,10624
6475,11755
6475,12624
6475,13790
6475,22299
6476,6566
6476,11994
6476,13092
6476,15206
6476,17482
6476,19280
6477,9297
6477,14370
6477,17955
6477,18300
6477,19865
6479,6759
6479,7778
6479,10414
6479,12159
6479,14763
6479,16190
6479,21588
6479,29224
6480,14589
6480,20421
6481,9799
6482,11326
6482,18327
6482,25455
6483,10779
6483,11148
6483,29634
6484,7645
6484,8161
6484,9890
6484,16017
6484,16313
6484,17453
6484,18046
6484,18391
6484,19127
6484,19451
6485,9975
6485,11790
6485,14612
6485,18309
6487,11554
6487,27180
6488,6689
6488,12326
6488,16630
6488,20742
6488,20822
6488,26610
6489,7261
6489,9758
6489,11862
6489,13325
6489,14014
6489,18858
6489,25126
6489,28617
6490,8794
6490,16872
6490,17207
6490,17788
6490,21895
6491,25523
6491,28852
6492,6795
6492,18709
6492,20548
6492,23206
6492,24772
6493,7745
6493,23289
6494,23186
6495,11511
6495,15988
6495,16997
6496,13688
6496,15748
6496,18079
6496,18689
6496,19789
6496,20656
6496,25282
6497,9031
6497,14272
6497,14957
6497,25653
6498,12665
6499,7348
6499,29276
6500,6799
6500,9716
6500,14548
6501,17335
6502,8062
6502,14252
6502,16168
6502,26566
6502,26907
6503,6532
6503,22411
6505,7999
6505,11663
6505,12580
6505,25793
6505,29760
6506,20868
6506,21137
6507,7830
6507,20585
6507,21152
6507,24173
6507,25091
6507,27807
6508,13070
6508,14005
6508,20523
6508,28520
6509,6889
6509,14577
6510,6650
6510,7762
6510,8751
6510,8807
6510,12624
6510,14882
6510,22566
6510,29964
6511,7381
6511,10618
6511,12671
6511,13612
6511,15763
6511,17141
6512,6834
6512,10104
6512,14967
6512,15898
6512,20490
6512,25620
6512,27907
6513,8803
6513,12842
6513,16329
6513,16735
6514,9419
6514,9471
6514,13981
6514,15478
6515,10153
6515,23331
6516,6679
6516,16240
6516,18070
6516,24523
6516,29784
6517,8511
6517,12792
6517,23878
6518,15075
6518,18316
6519,17117
6520,8235
6520,9546
6520,10999
6520,16126
6520,23730
6521,12278
6521,24576
6522,7450
6522,12659
6522,22656
6523,8263
6523,9801
6523,16909
6523,18677
6524,6582
6524,20115
6524,29554
6525,14832
6526,13283
6526,15302
6527,14700
6528,8965
6528,9870
6528,13508
6528,14565
6528,19962
6528,24286
6529,7329
6529,8278
6529,9388
6529,9747
6529,12798
6529,12919
6529,23999
6529,27263
6529,28683
6529,29575
6530,18925
6530,23976
6532,9768
6532,13465
6532,15857
6532,17737
6533,21222
6533,25758
6533,28700
6534,18835
6534,29507
6535,8894
6536,6567
6536,8845
6536,11596
6536,16107
6536,17290
6536,27447
6536,28922
6537,6808
6537,7355
6537,13597
6537,21906
6537,28404
6538,8680
6538,15809
6539,6800
6539,8606
6539,8682
6539,9820
6539,10472
6539,18302
6539,21764
6539,29985
6540,13112
6540,16004
6540,21889
6541,12194
6541,13746
6541,22694
6541,23112
6541,23690
6541,23856
6542,23496
6542,27955
6543,24349
6544,24926
6546,7637
6546,8327
6546,10067
6546,10333
6546,10535
6546,11453
6546,13144
6546,17752
6546,21941
6546,22475
6546,25074
6546,25955
6546,27088
6546,27877
6549,12055
6549,12218
6549,19683
6549,20810
6549,29119
6550,6861
6550,10833
6550,11785
6550,12458
6550,13235
6550,13395
6550,17575
6550,24516
6550,25027
6551,7365
6551,9553
6551,13125
6551,13594
6551,17370
6551,25743
6552,6914
6552,13504
6552,14541
6552,17452
6553,17356
6554,7428
6554,10501
6554,11212
6554,20482
6554,21198
6554,22337
6554,22899
6554,23385
6555,6861
6555,8410
6555,10605
6555,11521
6555,11915
6555,13702
6555,15014
6555,15800
6555,19396
6555,22410
6555,23594
6555,23817
6555,24475
6555,26170
6556,6570
6556,6587
6556,7072
6556,7642
6556,7743
6556,10999
6556,11028
6556,11576
6556,13249
6556,13595
6556,13999
6556,15172
6556,15424
6556,15624
6556,23217
6556,28171
6556,28203
6557,9719
6557,12378
6558,7361
6558,12024
6558,14117
6558,14983
6558,15942
6558,23574
6558,26728
6558,28620
6559,14455
6559,14758
6559,27399
6560,11925
6560,15686
6560,29469
6561,7514
6561,12465
6561,13525
6561,19405
6561,20809
6562,15620
6562,19765
6565,6922
6565,14232
6565,15767
6565,16587
6566,18609
6567,8036
6567,8719
6567,13072
6567,21798
6568,13651
6569,10040
6570,12358
6570,13774
6570,17455
6570,23030
6571,8833
6571,10138
6571,10688
6571,23101
6572,9512
6572,9620
6572,13421
6572,13929
6572,15117
6572,18603
6572,20557
6572,22196
6572,25344
6572,26096
6573,9111
6573,9401
6573,19267
6573,20216
6573,23091
6573,24019
6574,8447
6574,20928
6574,22904
6574,25379
6574,27813
6575,24459
6575,28914
6576,11950
6576,21796
6577,8543
6577,10681
6577,10848
6577,19116
6578,11169
6578,28941
6579,8335
6579,10454
6579,12468
6579,14478
6579,16170
6579,16176
6579,19256
6579,24376
6579,24502
6580,15011
6581,9451
6581,10889
6581,11296
6581,14239
6581,17200
6582,8921
6582,21219
6583,27592
6585,19982
6586,7171
6586,10957
6587,13103
6587,16498
6587,22086
6588,9627
6588,13400
6589,6633
6589,7681
6589,8656
6589,9895
6589,14070
6589,26367
6589,29033
6590,9430
6591,8180
6591,9025
6591,17116
6591,17156
6592,7382
6592,13219
6592,15110
6592,15852
6592,16483
6592,16627
6592,17166
6592,20953
6592,21311
6592,22901
6592,29056
6593,12606
6593,15516
6594,29342
6595,14294
6595,20103
6595,21921
6595,22895
6596,6606
6596,8135
6596,8503
6596,11560
6596,12047
6596,12175
6596,16386
6596,18567
6596,20562
6596,21056
6596,26427
6596,28169
6598,23100
6599,10835
6599,16447
6600,7246
6600,7381
6600,10499
6600,17129
6600,20476
6600,22268
6600,23493
6601,7776
6601,24704
6601,25591
6602,8930
6602,9997
6602,12487
6602,13218
6602,14899
6602,17697
6602,19018
6602,26311
6603,8974
6603,14687
6603,24366
6604,10902
6604,12621
6605,10952
6605,22562
6607,6981
6607,8280
6607,9446
6607,23533
6608,21030
6609,19113
6609,21794
6609,25048
6609,27084
6610,8865
6610,14442
6610,19715
6610,21352
6610,23406
6610,25730
6611,9171
6611,10056
6611,10774
6611,16553
6611,29922
6612,20011
6613,7474
6613,7514
6613,8199
6613,10656
6613,12683
6613,16270
6613,22400
6613,25456
6613,28813
6614,6665
6614,19112
6615,6949
6615,10074
6615,13479
6616,11094
6616,17237
6617,26516
6618,11660
6619,9527
6620,12035
6621,14006
6621,20141
6621,27651
6621,28896
6622,10421
6622,15195
6622,17835
6622,19744
6622,24952
6622,26706
6624,8390
6624,8980
6624,9751
6624,11167
6625,9669
6625,9900
6626,7941
6626,12642
6626,18357
6626,23829
6627,22713
6629,9082
6629,9646
6629,23850
6629,28647
6630,7230
6630,8981
6630,12290
6630,16824
6630,20737
6630,20740
6630,21972
6630,26967
6631,11698
6631,13336
6631,21735
6631,22306
6632,8724
6632,16573
6632,22353
6634,15450
6634,21216
6634,27024
6635,14287
6636,8724
6636,15656
6636,23245
6637,14023
6639,7630
6639,7740
6639,7897
6639,13451
6639,16224
6641,7325
6641,7882
6641,14607
6642,8889
6642,26341
6643,10387
6643,21348
6644,22652
6645,7577
6645,11851
6645,20705
6645,20762
6645,27485
6646,7136
6646,8186
6646,8580
6646,8687
6647,10782
6647,11836
6647,12953
6647,14050
6647,22052
6648,10627
6648,16910
6648,17139
6648,25017
6649,11285
6649,11751
6649,13102
6649,14284
6649,26978
6649,27416
6649,29926
6650,16020
6650,18285
6650,22743
6652,8136
6652,11344
6652,28930
6653,10185
6653,16304
6653,16347
6654,15557
6655,8522
6655,21163
6656,12963
6656,21110
6656,22705
6656,23504
6657,8115
6658,7083
6658,13199
6658,20525
6658,21993
6659,7439
6659,10300
6659,10387
6659,11738
6659,13743
6659,18548
6659,19142
6659,19940
6659,21674
6659,24894
6659,26038
6659,29669
6660,17565
6660,18523
6661,17350
6661,28705
6662,15077
6662,21284
6662,23648
6663,10207
6663,12117
6663,14533
6663,26868
6664,7163
6664,8210
6664,12826
6664,27564
6665,11052
6665,11887
6665,19868
6665,20106
6665,23146
6665,23967
6665,26083
6665,28442
6665,29927
6666,11897
6666,15448
6666,26305
6667,8626
6667,10240
6667,22823
6667,24588
6668,13768
6668,15660
6668,21026
6668,21483
6668,23305
6668,23970
6669,19912
6670,7676
6670,24813
6670,27914
6671,13574
6672,15801
6672,29892
6673,11609
6673,13617
6674,16431
6674,26164
6675,13747
6675,26327
6675,28723
6675,28908
6676,7203
6676,7236
6676,12980
6676,22608
6676,26671
6677,13717
6678,24692
6679,11165
6679,25844
6680,12618
6680,25378
6681,26415
6682,8959
6682,12791
6682,15843
6682,16093
6682,29378
6683,6695
6683,9467
6683,12715
6683,14665
6683,19503
6683,24732
6683,27739
6683,29527
6684,8903
6684,9420
6684,9592
6684,9626
6684,10859
6684,14799
6684,17845
6684,19045
6684,21178
6684,25882
6685,28054
6686,23763
6687,8162
6687,8163
6687,12015
6687,14840
6687,15889
6687,22769
6688,9271
6688,9291
6688,12064
6688,15864
6688,25688
6688,29718
6689,16720
6689,17312
6689,23170
6690,20947
6691,14301
6691,15079
6691,17993
6691,18531
6691,24546
6692,8150
6692,13998
6692,20410
6692,20502
6693,22385
6693,25658
6694,27336
6694,27442
6694,29843
6695,7467
6695,11168
6695,11235
6695,19278
6695,25180
6695,26103
6696,8285
6696,10716
6696,12351
6696,22240
6696,24728
6698,8308
6698,18035
6698,18330
6698,19285
6698,28410
6698,28595
6700,9796
6700,10734
6700,14977
6700,21358
6701,6850
6701,20580
6701,21223
6701,24061
6702,6874
6702,14535
6703,12289
6703,13018
6704,8059
6705,9355
6705,9981
6706,13553
6706,22783
6707,15795
6707,25731
6708,7574
6708,8035
6708,10751
6708,13528
6709,6762
6709,9721
6709,10540
6709,11716
6709,14896
6709,15904
6709,23148
6710,20802
6710,28368
6711,10082
6711,15528
6711,20469
6711,29017
6712,14541
6712,20196
6712,22777
6712,26254
6712,27660
6713,12613
6714,21895
6714,24235
6716,29278
6717,7963
6717,8037
6717,10009
6717,24792
6718,19237
6719,9968
6720,14402
6720,17876
6720,19137
6720,26409
6721,12751
6722,6987
6722,8944
6722,10051
6722,17701
6722,19923
6722,20268
6722,20951
6723,9339
6723,9477
6723,13269
6723,13914
6723,19485
6723,19911
6723,20526
6723,22307
6723,23589
6723,26957
6724,7127
6724,9210
6724,10758
6724,14145
6724,14628
6724,20507
6724,25940
6725,7044
6725,8019
6725,8101
6725,9851
6725,13259
6725,22583
6726,16806
6726,20876
6726,25326
6726,27152
6726,27958
6727,26663
6727,29064
6728,10972
6728,13466
6728,28425
6729,20041
6729,21530
6730,9309
6730,9724
6731,11997
6731,16478
6731,20908
6731,24409
6731,25465
6732,10495
6732,12097
6732,13989
6732,16282
6732,19499
6732,21604
6732,25445
6732,28128
6732,29142
6733,6803
6733,8808
6733,9444
6733,12475
6733,12959
6733,16794
6733,17618
6733,22226
6733,22337
6733,22385
6733,22404
6733,27508
6734,22238
6735,27915
6736,7718
6736,13981
6736,20574
6736,27868
6737,10150
6737,11411
6737,13496
6737,18218
6737,21887
6737,23037
6737,28139
6738,16394
6738,21314
6738,22215
6738,26439
6738,27313
6739,10326
6739,10549
6739,13225
6739,13663
6739,21534
6739,23750
6739,28120
6740,9119
6740,14169
6740,22965
6740,29829
6741,9183
6741,10379
6741,11680
6741,14923
6741,16813
6741,18266
6741,18313
6741,18377
6741,19914
6741,20690
6741,22939
6741,23887
6741,24596
6741,25878
6742,11932
6742,18550
6742,22523
6743,8002
6743,11262
6743,12822
6743,17672
6743,18743
6744,9602
6746,6864
6746,6902
6746,7908
6746,8310
6747,11630
6747,14982
6747,15327
6747,21503
6748,7485
6749,9234
6749,11006
6749,11118
6749,14730
6749,21170
6750,15082
6750,18954
6750,20326
6751,11714
6751,14921
6752,12549
6752,14879
6753,7070
6754,14382
6756,7504
6756,16977
6756,17801
6756,25081
6757,8921
6757,9111
6757,14049
6758,7911
6758,11699
6758,12547
6758,14093
6758,14116
6758,15703
6758,16815
6758,19764
6758,21121
6758,25511
6758,26577
6759,7599
6759,14676
6759,18291
6760,7103
6762,6821
6763,14385
6763,14520
6763,15414
6763,15548
6763,16166
6763,19687
6763,24724
6763,25422
6764,14930
6764,15105
6764,20189
6764,23581
6764,24208
6765,7742
6765,26308
6765,27513
6766,10009
6766,14165
6766,15562
6766,15811
6766,28355
6767,14921
6767,15277
6768,14163
6769,11987
6769,12287
6769,20771
6769,21303
6771,26357
6772,14073
6772,17678
6772,25169
6774,25156
6774,26151
6774,29285
6775,28144
6776,7337
6776,13440
6776,14977
6776,16721
6777,8033
6777,10372
6778,29250
6779,11279
6779,13197
6780,12806
6780,22879
6780,24961
6781,8057
6781,11662
6781,13236
6781,14675
6781,17728
6781,21642
6781,21891
6781,25199
6782,20399
6783,7571
6783,10495
6783,13808
6783,15049
6783,15536
6783,15624
6783,16961
6783,17922
6783,19963
6783,25054
6783,28626
6784,10994
6784,19014
6785,8489
6787,21590
6787,28009
6788,13186
6788,15382
6788,24084
6788,25728
6789,9948
6789,15433
6789,24883
6789,26205
6790,7661
6790,23432
6790,23772
6790,26233
6790,28101
6791,10217
6791,10733
6791,12638
6791,13408
6791,17936
6791,19357
6791,23300
6791,23745
6792,14119
6792,24872
6793,24040
6794,8663
6794,13826
6794,18361
6794,22537
6795,8925
6795,10931
6795,15539
6795,16938
6795,24421
6795,25937
6795,27679
6796,12165
6796,13970
6796,19675
6798,12005
6798,12301
6798,12851
6798,15614
6798,22747
6798,23393
6800,11736
6800,16854
6801,10517
6801,11135
6801,16634
6802,7572
6802,8017
6802,11243
6802,16758
6804,10125
6804,10869
6804,19952
6804,21884
6804,24162
6804,25807
6805,12260
6805,15409
6805,19426
6805,19539
6805,26089
6805,28531
6805,28759
6806,14637
6807,17636
6807,23590
6807,26760
6808,11413
6808,12212
6808,14242
6809,12861
6809,18369
6810,11518
6811,7183
6811,7857
6811,9207
6811,10240
6811,20179
6812,6902
6812,9355
6812,9962
6812,12280
6812,18806
6813,9925
6813,14523
6814,11428
6814,14539
6815,7038
6815,7307
6815,15856
6815,23156
6815,24547
6816,12274
6817,11910
6817,22600
6817,28313
6818,12267
6818,21436
6819,24146
6820,9290
6820,14773
6820,22034
6821,7278
6821,9657
6821,10358
6821,11150
6821,13050
6821,18973
6821,20605
6821,27298
6821,28996
6822,10472
6822,28368
6823,8350
6823,15791
6823,17943
6823,25210
6823,25394
6823,29121
6824,10721
6824,13445
6824,26129
6824,26254
6825,9864
6825,12399
6825,18040
6825,29850
6826,7853
6826,7877
6826,25006
6827,15240
6827,15310
6827,15845
6827,17433
6827,21642
6830,8408
6830,13107
6830,21392
6830,25989
6831,7250
6831,9946
6833,16419
6833,22618
6833,22740
6833,27957
6834,9135
6834,10691
6834,16963
6834,22989
6834,23576
6835,18425
6835,23595
6836,7986
6836,8403
6836,8742
6836,13936
6836,14530
6836,18468
6836,22273
6836,28186
6837,7146
6837,12307
6837,19618
6837,21812
6838,18556
6839,8367
6839,22923
6840,15831
6840,16210
6840,21835
6840,23868
6840,27841
6840,28548
6840,29622
6841,9748
6841,9836
6841,12110
6841,18495
6841,25724
6842,15259
6843,12168
6844,8304
6844,10100
6844,12548
6844,14124
6844,14245
6844,14570
6844,21785
6845,15275
6845,19065
6845,19684
6846,18848
6846,29385
6847,7204
6847,7629
6847,8656
6847,13559
6847,26264
6847,29035
6848,19123
6849,7448
6849,9302
6849,26115
6850,9353
6850,22126
6850,26343
6851,7243
6851,21472
6851,25306
6852,10464
6852,17673
6852,24246
6852,27057
6853,10842
6853,12737
6854,15958
6855,14043
6855,20954
6855,24625
6856,21588
6856,24615
6857,10134
6857,17383
6857,17975
6857,19976
6857,20669
6857,24257
6857,27353
6857,28477
6858,10084
6858,19491
6858,23631
6858,28019
6859,7939
6859,12268
6859,16710
6859,17187
6859,25003
6860,7001
6860,7477
6860,7544
6860,10511
6860,10566
6860,10657
6860,11186
6860,22193
6860,22833
6860,28522
6860,29223
6861,7955
6861,9272
6861,9879
6861,10230
6861,17401
6861,28898
6861,29297
6861,29637
6862,9894
6862,14182
6862,22457
6862,29973
6863,11615
6863,14598
6863,20180
6863,24868
6863,25435
6863,27429
6864,9243
6864,12907
6864,19161
6864,24482
6865,8229
6865,12173
6865,17663
6865,22931
6865,27827
6866,10295
6866,11391
6866,23050
6867,9153
6867,15063
6867,21034
6867,23331
6868,12899
6868,18577
6869,12012
6869,13375
6870,11231
6870,13061
6870,27589
6871,18079
6872,14871
6872,15535
6872,15943
6872,17074
6872,19118
6872,21094
6873,28118
6874,16133
6874,17130
6874,22709
6874,29318
6875,8368
6875,11912
6875,12760
6875,12768
6875,25467
6876,14342
6876,14399
6877,19256
6879,16866
6879,24896
6880,11637
6880,11825
6880,14497
6880,18877
6880,23615
6880,24266
6880,25888
6881,10083
6881,15826
6882,16425
6882,27849
6883,14060
6883,23869
6885,21649
6886,10487
6886,14499
6886,17458
6886,23585
6886,27517
6887,9428
6887,11441
6887,25926
6888,8752
6889,8199
6889,8614
6889,13845
6889,25738
6890,7671
6890,14603
6890,27031
6890,27710
6890,27740
6891,13293
6891,18297
6891,25276
6892,9154
6893,12915
6893,13393
6893,24585
6893,29476
6894,7245
6894,8474
6894,10569
6894,10854
6894,11257
6894,12398
6894,12654
6894,14363
6894,20811
6894,21795
6894,22554
6894,24203
6894,28565
6894,29986
6895,9116
6895,9152
6895,9357
6895,13256
6895,16323
6895,21629
6896,9752
6896,9929
6896,19537
6896,28502
6896,29772
6897,8892
6898,9258
6898,15894
6898,23446
6899,9492
6899,12029
6899,28061
6900,13323
6900,18125
6900,28242
6901,10673
6901,13725
6901,13833
6901,16300
6901,17540
6901,18293
6902,12184
6902,15837
6902,18696
6903,10306
6903,12400
6903,17923
6903,21926
6903,25125
6904,8526
6904,9827
6904,15602
6904,24150
6905,16203
6905,29019
6906,7711
6906,7870
6906,16147
6906,23160
6906,27528
6908,13672
6908,24007
6908,29483
6909,7406
6909,14486
6910,7960
6910,9214
6910,9523
6910,14615
6910,27235
6911,6975
6911,10571
6911,10976
6911,11103
6911,12202
6911,16936
6912,17827
6912,19073
6913,7413
6913,9712
6913,13704
6913,17324
6913,17670
6913,18714
6913,19640
6913,24191
6913,25444
6913,26909
6914,7164
6914,8059
6914,20756
6914,25518
6914,26443
6914,26627
6915,8225
6915,9111
6915,17476
6915,19762
6915,24613
6915,26825
6915,27683
6915,28920
6917,16412
6918,13305
6918,14741
6918,29345
6920,26840
6921,14798
6921,16173
6921,21846
6921,28310
6922,10014
6922,27719
6923,9469
6924,9922
6924,23690
6924,23986
6925,8141
6925,9091
6925,12283
6926,10139
6926,10720
6926,13535
6926,22053
6926,28809
6927,10573
6928,7737
6928,10686
6928,14254
6928,16405
6928,20389
6928,27310
6930,9905
6930,10664
6930,29700
6931,9335
6931,24793
6932,10061
6932,10913
6932,27435
6933,8995
6933,11407
6933,18506
6933,18731
6933,19105
6933,19878
6933,25558
6933,29110
6934,7475
6934,7673
6934,15306
6934,18507
6934,24229
6935,7785
6935,12725
6935,13752
6935,29004
6936,15848
6936,28993
6937,7800
6937,11840
6937,12468
6937,16047
6937,16646
6937,18673
6937,24882
6937,25231
6938,13224
6938,15628
6938,20339
6938,25237
6939,10670
6939,13444
6939,22247
6940,7551
6940,11174
6940,21174
6941,11330
6942,8081
6942,10722
6942,19774
6942,21555
6942,26005
6943,7485
6943,8523
6943,18546
6943,23964
6943,24188
6943,29506
6944,13758
6945,12286
6945,18232
6945,25780
6946,10609
6946,10688
6946,22941
6946,25321
6946,28077
6946,28381
6947,8317
6947,12570
6947,20632
6948,7604
6948,8111
6948,9300
6948,11771
6948,16022
6948,26105
6949,16703
6949,23038
6949,26622
6950,11212
6952,8683
6952,8815
6952,11097
6952,11262
6952,15595
6952,15792
6952,22419
6953,10910
6953,24476
6954,8699
6954,11356
6954,15897
6954,17707
6954,22190
6955,18132
6955,27016
6956,9254
6956,10303
6956,11461
6956,17122
6956,28756
6957,27627
6958,13277
6958,14636
6958,22480
6959,12780
6959,19289
6960,12803
6963,18472
6963,28086
6965,29411
6966,7690
6966,8613
6967,17859
6969,7358
6969,8934
6969,10840
6970,7219
6970,15030
6970,16942
6970,20040
6971,8458
6971,9039
6971,18623
6973,15543
6973,20708
6974,7726
6975,7602
6975,8586
6976,10644
6977,12175
6978,7495
6978,8657
6978,9064
6979,10475
6979,17858
6979,20006
6980,8212
6980,16604
6980,26699
6980,26848
6980,28438
6982,11318
6982,22383
6982,28476
6983,15730
6983,15822
6983,20890
6984,17531
6984,18211
6984,19080
6985,22671
6986,7220
6986,17760
6986,20300
6986,25358
6986,25467
6986,29570
6987,21843
6988,14196
6988,14567
6989,10701
6989,14965
6991,18876
6991,27474
6992,28254
6992,29532
6993,13959
6993,22628
6994,8993
6994,27983
6994,28357
6995,10924
6995,11621
6995,11703
6995,13857
6995,16646
6995,16679
6995,19766
6995,19976
6995,22588
6995,24006
6996,7539
6996,9746
6996,16157
6996,16680
6996,20108
6996,20649
6996,25847
6996,26069
6996,26768
6996,28619
6997,10222
6997,14046
6997,17880
6997,18307
6997,18869
6997,19787
6998,7378
6998,8158
6998,10770
6998,11648
6998,14486
6998,19670
6998,29030
7000,13894
7000,17634
7000,23525
7000,24009
7000,29126
7000,29592
7002,21568
7003,8142
7003,9188
7003,9619
7003,9897
7003,13361
7003,16732
7003,19504
7003,21294
7003,27618
7004,7306
7004,29789
7005,16986
7005,20814
7006,10235
7006,10316
7006,17076
7006,17830
7008,7629
7008,16688
7008,28149
7009,9693
7009,20620
7009,29058
7010,15212
7010,18987
7010,21682
7010,29954
7011,16330
7012,19874
7012,24878
7014,10170
7014,14902
7014,14982
7014,15426
7014,19818
7014,19987
7014,21785
7014,29758
7015,8996
7015,18717
7015,19320
7015,23309
7016,7026
7016,17659
7016,18397
7016,18887
7016,21273
7017,9138
7017,11321
7017,14231
7017,17328
7017,18707
7017,20381
7018,7432
7018,19450
7018,19499
7019,8501
7019,27571
7020,9218
7020,17253
7020,17803
7020,28313
7021,9462
7021,23522
7021,26890
7021,27406
7022,7332
7022,8760
7022,9585
7022,10834
7022,12553
7022,13401
7022,14231
7022,14432
7022,16329
7022,17633
7022,19233
7022,21548
7022,21918
7022,23219
7022,23238
7022,25487
7023,9094
7023,17695
7023,19754
7024,11126
7024,13049
7025,9420
7025,14813
7025,17159
7025,27682
7025,28820
7025,29422
7026,8351
7026,27071
7027,7124
7027,7506
7027,9033
7027,13519
7027,14503
7027,23100
7028,9103
7028,15642
7028,18951
7028,19688
7028,26804
7029,9109
7030,8672
7030,12382
7030,19606
7031,25030
7033,7287
7033,7497
7033,9423
7033,21539
7034,11045
7034,17380
7034,20771
7034,25403
7035,13659
7035,17892
7035,26683
7036,7068
7036,22719
7036,22938
7036,23527
7036,29967
7037,19160
7038,7959
7038,11725
7038,21754
7038,23379
7038,27143
7038,27744
7039,21041
7039,24742
7039,26600
7039,28014
7039,28846
7039,29591
7040,8191
7040,12310
7040,13703
7041,11919
7042,8933
7042,9940
7042,18074
7042,19050
7042,21688
7042,26806
7043,10169
7043,13921
7043,20862
7043,26785
7043,28247
7043,28306
7044,29269
7044,29387
7045,8306
7045,11643
7045,15428
7046,18152
7048,11766
7048,14315
7048,16581
7049,12864
7049,29228
7050,7351
7051,10922
7051,10951
7051,13038
7051,14329
7051,16796
7051,25405
7052,12419
7052,19859
7052,20248
7053,25415
7054,8605
7054,16123
7054,28665
7055,17237
7055,20871
7055,29712
7056,21546
7056,24199
7057,12772
7057,12870
7058,7939
7058,22584
7058,24249
7058,28216
7059,22523
7059,27923
7060,14237
7060,16543
7060,22626
7060,28625
7061,14948
7061,17427
7061,21723
7061,27921
7062,8003
7062,11011
7062,16803
7062,23782
7062,28429
7062,29421
7063,11222
7064,23043
7064,28766
7064,29724
7065,8338
7065,8753
7066,16722
7066,17700
7067,8768
7067,15086
7067,15993
7068,17301
7069,7201
7069,9360
7069,11797
7069,12680
7069,13223
7069,14160
7069,15305
7069,18661
7069,20350
7069,29743
7070,7762
7070,26076
7071,9515
7071,16567
7071,17530
7071,18800
7072,11310
7072,16364
7073,11104
7073,16502
7073,24628
7073,29222
7074,7736
7074,8591
7074,8679
7074,10440
7074,19549
7074,25640
7074,27797
7074,28172
7075,16160
7075,26490
7076,7290
7076,23360
7078,9080
7078,11407
7078,13831
7078,16848
7078,20073
7078,22941
7078,23275
7078,24160
7078,27764
7080,13282
7080,13526
7080,17122
7080,24289
7081,10403
7081,20745
7082,7992
7082,23748
7082,26855
7083,7496
7083,11184
7083,13817
7083,13963
7084,22732
7084,27046
7085,23475
7086,28228
7088,8120
7088,25390
7089,7237
7089,17581
7089,27187
7090,14408
7090,21069
7090,21636
7090,23663
7091,14397
7091,27154
7092,7796
7092,12461
7092,14540
7092,14947
7092,17574
7092,28309
7092,29539
7092,29826
7093,8289
7093,17052
7093,19190
7093,25111
7094,7115
7094,10590
7094,14753
7094,19292
7094,20340
7094,20394
7094,22590
7095,8196
7095,9559
7095,11522
7095,16280
7095,16932
7095,22191
7097,9215
7097,19038
7097,20235
7097,25227
7098,13828
7099,9046
7099,10194
7099,10225
7099,10359
7099,11092
7099,14786
7099,17371
7099,29899
7100,14878
7100,26299
7101,11924
7101,14171
7101,16003
7101,24132
7101,27219
7102,8050
7102,19997
7105,8659
7105,19838
7106,8110
7106,8195
7106,16004
7106,28196
7107,9732
7107,9944
7107,11348
7107,16112
7107,24758
7107,28486
7108,11076
7109,8475
7109,9841
7109,16043
7109,19505
7109,24210
7110,7961
7110,8569
7110,17368
7110,29839
7111,16360
7111,16556
7113,14340
7113,29893
7114,12605
7114,15114
7114,18477
7114,19251
7114,19696
7114,21349
7114,22056
7114,28895
7115,18392
7117,21065
7117,26482
7118,7169
7118,7389
7118,15844
7118,17696
7118,18390
7118,23534
7118,26385
7118,29071
7120,15864
7120,16082
7120,16638
7120,25951
7120,27952
7120,29741
7121,18564
7121,20175
7121,21741
7121,27012
7122,9338
7122,11198
7122,13574
7122,18365
7122,21588
7122,26093
7122,26660
7122,29071
7122,29596
7123,8678
7123,10768
7123,21341
7123,23557
7123,23942
7124,8604
7124,9525
7124,9822
7124,9847
7125,12365
7125,24183
7125,27440
7125,29434
7126,14388
7126,16488
7127,13438
7128,7241
7128,15008
7128,18119
7129,7242
7129,16196
7129,22873
7129,23484
7129,25804
7130,7991
7131,21393
7132,9067
7132,11881
7132,26985
7133,17692
7133,19937
7135,7809
7135,16229
7135,19773
7135,19934
7135,21696
7135,23680
7135,28032
7136,14950
7136,20165
7137,10941
7137,11510
7137,13687
7137,16278
7137,21564
7137,21872
7138,19055
7138,20070
7138,23029
7140,14352
7141,7980
7141,9947
7141,11677
7141,13344
7141,16058
7141,16682
7141,20734
7141,23112
7141,24495
7141,27418
7141,28681
7143,12909
7143,19339
7143,20449
7144,13073
7144,24152
7144,27370
7145,12143
7145,20323
7145,23919
7145,29478
7146,9626
7147,7601
7147,7671
7147,8250
7147,9366
7147,10117
7147,10211
7147,10484
7147,12204
7147,13389
7147,21808
7147,22421
7147,23166
7147,23324
7147,28688
7148,24551
7149,9991
7149,16074
7149,17497
7149,17827
7149,18485
7149,22890
7149,24094
7149,24536
7149,24782
7149,27950
7150,17579
7150,25359
7152,7462
7152,15412
7152,19548
7152,22406
7153,15278
7153,18019
7153,23450
7154,15234
7155,16809
7155,19009
7155,28744
7156,7303
7156,8096
7156,8144
7156,8871
7156,9473
7156,16494
7156,16554
7156,17293
7156,19458
7156,22120
7156,25448
7156,29204
7157,10363
7157,17479
7157,17699
7157,17781
7157,27491
7158,15808
7158,22276
7158,22695
7159,14519
7161,29489
7162,10705
7162,10808
7162,28142
7163,20904
7164,20783
7164,22492
7164,25614
7164,27353
7165,13590
7165,26917
7166,9018
7166,17139
7166,17543
7166,18732
7167,14009
7167,15013
7167,16343
7167,19912
7168,11627
7168,12994
7168,19607
7169,11219
7169,21468
7170,9595
7170,10618
7170,27638
7172,14095
7172,19003
7172,20631
7172,22364
7172,22632
7172,24224
7172,29098
7172,29357
7172,29434
7173,11096
7173,19924
7173,26185
7174,9921
7174,14070
7174,17996
7174,18910
7174,22092
7174,25029
7176,17375
7176,19809
7177,12992
7178,7773
7178,15377
7179,8511
7179,9190
7179,10125
7179,13671
7179,13859
7179,14093
7179,17764
7179,19028
7179,23918
7179,25048
7180,9953
7180,10630
7180,13384
7180,19429
7181,14024
7181,20764
7181,28463
7182,8204
7182,10367
7182,10853
7182,15176
7182,16245
7182,19095
7182,19693
7182,19822
7183,9981
7183,19438
7184,9778
7184,10327
7184,13157
7184,14488
7184,17183
7186,7515
7186,12144
7186,17243
7186,24721
7187,7245
7187,14775
7187,17935
7187,18177
7187,19039
7187,19801
7187,21459
7187,26042
7188,10803
7188,12372
7189,7341
7189,11963
7189,15655
7189,16365
7189,16722
7189,17530
7189,18349
7189,23104
7190,9370
7190,12291
7190,12347
7190,14841
7190,16766
7190,20882
7190,23869
7190,27784
7190,27825
7191,8264
7191,8566
7191,8880
7191,10108
7192,7250
7192,8007
7192,11398
7192,13432
7192,24295
7192,27779
7193,13041
7193,17680
7194,10427
7194,11267
7194,16307
7195,7298
7195,8940
7195,9539
7195,12179
7195,12873
7195,13123
7195,16654
7195,20375
7195,21698
7195,24380
7195,25278
7195,25793
7195,26591
7196,8193
7196,23469
7196,26713
7197,23233
7197,28491
7198,11972
7198,18489
7198,23162
7199,12091
7199,17969
7199,20990
7199,21960
7199,22125
7201,27785
7202,7961
7202,9996
7202,10405
7202,16138
7203,10661
7203,12245
7203,15719
7203,18888
7203,20667
7203,28451
7205,14088
7205,29701
7206,8312
7206,22535
7207,9435
7207,10583
7209,18534
7209,29426
7209,29432
7210,9313
7210,9509
7210,10667
7210,19067
7210,21083
7210,26322
7210,26646
7210,28145
7211,9460
7211,11988
7211,22553
7211,22994
7212,18469
7212,22034
7212,22136
7213,11111
7214,15369
7215,25642
7216,8147
7216,12100
7216,26708
7216,27156
7217,8565
7217,16045
7217,23901
7218,12257
7218,23588
7218,29408
7220,11943
7221,11202
7221,11931
7221,26697
7222,11323
7222,11670
7222,13941
7223,11857
7223,16218
7223,20913
7225,17118
7225,25575
7225,28420
7226,7879
7226,22089
7226,22986
7227,20831
7227,28201
7228,11137
7228,12689
7228,14012
7228,29642
7230,7506
7230,21280
7230,24985
7231,24625
7232,8159
7233,9033
7233,22205
7234,8245
7234,12363
7234,19324
7235,19251
7236,8367
7236,14247
7237,12194
7238,7607
7238,10940
7238,15090
7238,18023
7238,21284
7238,22767
7239,8277
7239,8912
7239,10871
7239,14562
7239,18070
7239,21689
7239,22414
7239,27254
7240,10394
7240,16657
7240,16803
7240,18014
7240,18268
7240,20849
7240,29607
7241,7697
7241,14414
7242,7594
7242,12000
7242,14178
7242,18529
7242,20406
7242,21721
7242,22624
7242,26215
7243,7585
7243,8706
7243,9771
7243,10937
7243,15023
7244,7801
7244,8405
7244,9197
7244,10469
7244,16784
7244,27020
7245,15194
7245,18608
7245,19257
7245,22730
7245,29158
7246,8208
7246,9671
7247,16851
7248,24018
7248,25764
7249,18096
7249,26956
7250,8133
7250,12251
7250,15372
7250,20479
7250,23963
7251,19890
7251,25849
7252,12297
7252,13005
7252,16456
7252,26093
7253,14812
7253,24279
7254,24401
7255,7679
7255,10503
7255,19172
7255,26815
7255,27568
7256,9890
7256,21305
7256,21682
7256,26269
7257,8431
7257,10462
7257,11823
7257,13790
7257,16610
7257,27938
7258,8293
7258,29914
7260,11709
7260,20493
7260,24617
7262,11154
7263,12650
7263,13572
7263,17582
7263,17972
7263,18596
7263,22924
7263,27691
7263,28791
7264,7590
7264,7976
7264,10494
7264,10552
7264,12050
7264,15922
7264,16009
7264,20547
7264,22679
7264,25656
7264,28917
7265,7454
7265,15033
7265,22985
7266,7868
7266,8385
7266,17338
7266,19498
7266,19865
7266,22194
7266,23272
7266,23329
7266,24772
7266,26913
7267,8867
7267,16487
7268,25459
7268,28477
7269,26649
7270,7867
7270,24316
7271,25269
7271,25623
7272,12647
7273,9431
7273,12192
7273,28532
7274,9185
7275,9393
7275,9736
7275,11259
7275,11964
7275,13795
7275,15494
7275,15753
7275,17118
7275,21160
7275,22351
7275,22466
7275,26141
7275,27774
7275,28817
7277,15938
7277,27663
7278,12145
7278,17765
7279,13107
7279,16645
7279,24851
7279,28137
7280,8556
7280,16181
7280,25078
7282,7955
7283,22964
7284,11312
7284,19050
7284,28380
7285,12052
7285,17981
7286,14630
7286,15999
7286,26145
7287,9367
7287,18605
7287,20191
7287,21752
7287,28159
7288,8040
7288,10961
7288,15605
7288,18171
7288,19055
7288,20237
7288,29403
7289,10451
7289,11391
7289,12722
7289,15316
7289,15566
7289,22310
7289,29690
7290,22788
7290,25451
7290,28860
7291,13775
7291,15863
7291,19537
7291,19922
7292,7798
7292,8774
7292,9690
7292,10243
7292,17205
7292,21976
7292,26425
7293,15289
7293,15350
7293,17950
7293,19818
7293,20471
7293,21971
7293,25034
7293,27432
7294,9206
7295,8755
7295,15394
7295,19405
7297,9068
7297,9368
7297,14606
7297,16477
7297,18799
7299,16640
7299,27871
7300,13516
7300,18581
7300,25171
7300,26308
7301,8582
7301,11583
7301,12822
7301,14697
7301,14750
7301,29404
7302,8448
7302,9004
7302,14193
7302,17628
7302,20775
7302,25101
7302,27182
7303,8939
7303,10781
7303,11864
7303,24606
7304,19444
7304,24138
7305,16327
7306,18768
7307,18290
7307,21318
7308,10613
7308,11483
7308,13193
7308,17164
7308,17845
7308,21829
7310,8038
7310,11446
7310,28636
7311,8109
7311,8827
7311,10626
7311,14739
7311,22286
7311,24056
7311,24329
7311,25309
7313,8879
7313,15071
7313,15893
7313,20413
7313,29505
7314,16622
7314,17898
7314,19249
7314,20054
7315,13360
7316,10238
7316,10747
7316,14157
7316,14835
7316,15888
7316,17136
7316,19443
7316,24237
7316,26883
7316,27040
7317,9995
7317,24429
7318,12554
7318,15338
7318,24431
7318,24515
7318,27667
7318,27793
7319,7525
7319,7696
7319,8106
7319,9660
7319,10151
7319,10709
7319,10973
7319,14726
7319,15062
7319,16662
7319,18802
7319,18804
7319,20834
7319,21298
7319,25575
7319,27513
7319,27820
7319,29402
7320,13323
7321,24555
7322,8404
7322,8775
7322,9493
7322,17606
7322,21908
7322,22364
7323,9605
7323,13349
7324,7973
7324,9421
7324,29417
7325,12032
7325,18405
7325,26963
7325,28150
7325,28881
7326,22524
7327,8552
7327,13547
7327,15989
7327,20795
7327,23234
7327,24176
7327,26080
7328,8731
7328,10743
7328,11051
7328,11314
7328,11481
7328,12079
7328,22130
7329,9496
7329,9926
7329,13945
7329,14356
7330,13499
7330,18524
7330,18815
7330,18967
7330,21251
7330,23365
7330,27248
7330,28666
7331,15915
7331,25996
7332,9744
7332,22498
7332,26651
7333,23967
7334,15691
7335,24508
7336,8863
7336,17713
7336,24176
7337,7458
7337,9177
7337,9291
7337,10011
7337,10117
7337,11410
7337,18025
7337,22102
7337,23371
7337,26877
7338,15968
7338,16392
7338,16590
7339,10702
7339,10950
7339,17305
7339,18499
7339,20991
7339,21968
7341,12063
7341,13960
7342,17830
7343,10468
7343,12404
7343,14551
7343,25222
7343,27591
7345,9966
7345,12166
7345,23690
7345,25833
7346,11765
7347,10072
7347,12693
7347,22794
7348,10717
7348,15901
7348,16978
7348,19084
7348,20940
7349,11829
7349,16127
7349,22405
7350,13274
7350,15507
7350,15692
7350,19949
7350,25176
7350,28105
7351,8981
7351,9545
7351,14856
7351,26647
7352,11612
7352,26492
7352,28824
7353,18941
7355,7781
7355,7999
7355,8743
7355,13182
7355,14644
7355,14738
7355,15036
7355,16769
7355,17608
7355,20219
7355,21592
7355,21630
7355,21994
7355,22394
7355,23150
7355,24518
7356,8320
7356,14511
7356,25901
7357,7418
7357,7978
7357,9447
7357,10103
7357,10640
7357,12986
7357,16070
7357,20169
7357,21590
7357,22728
7357,24177
7357,24912
7358,29400
7359,8969
7359,16125
7359,18268
7359,18293
7359,20784
7359,26434
7359,28648
7360,13423
7360,19017
7360,27447
7360,29379
7361,28211
7362,8044
7362,8377
7362,10370
7362,10601
7362,18681
7362,28685
7363,7546
7363,11681
7363,17772
7364,10473
7364,12337
7364,14166
7364,15199
7364,23077
7364,24793
7364,25902
7364,28622
7364,29618
7365,17179
7365,25985
7366,11817
7366,12370
7366,15682
7366,27439
7367,14110
7367,16838
7367,16842
7368,8794
7368,13566
7368,15266
7368,20142
7368,22066
7369,8883
7369,12065
7369,12829
7369,13782
7369,16942
7369,18429
7369,19106
7369,20462
7370,25112
7370,25159
7372,8054
7372,8347
7372,9531
7372,11772
7373,8736
7373,9961
7373,9975
7373,11747
7373,12216
7373,12805
7373,13232
7373,17754
7373,18519
7373,19959
7373,25532
7375,12695
7375,13957
7375,15539
7377,12970
7377,19772
7377,24344
7377,24663
7377,25435
7377,29204
7378,7409
7378,21222
7378,28465
7379,13116
7379,17286
7379,28406
7380,21111
7380,29311
7381,11120
7381,15775
7381,16944
7381,25136
7381,28932
7382,10515
7382,10586
7382,17924
7384,8038
7384,8391
7384,10938
7384,13942
7384,27228
7385,9369
7385,11223
7385,14082
7385,18939
7385,29754
7386,9941
7386,11692
7386,17112
7386,18436
7387,7739
7387,8962
7387,10249
7387,18091
7388,9477
7388,12471
7388,19362
7389,7906
7389,16655
7389,28471
7390,9098
7390,18016
7390,28431
7391,11811
7391,18490
7391,20277
7392,12149
7392,21870
7393,14109
7395,18192
7396,9566
7397,12046
7397,17364
7398,9478
7398,12312
7398,12998
7398,14246
7398,18962
7398,26730
7398,28563
7399,9718
7399,9904
7399,12856
7399,13110
7399,23285
7399,25622
7400,9942
7400,11929
7400,18485
7400,21493
7400,24717
7402,8597
7402,9862
7402,11383
7402,16976
7403,7472
7403,15771
7403,19103
7403,21975
7403,27574
7404,11728
7404,14467
7404,15293
7404,22335
7404,26925
7404,29007
7405,8641
7405,24185
7406,23145
7406,29957
7407,15745
7407,16981
7408,10872
7408,13871
7409,11638
7409,13936
7409,26578
7409,27202
7410,8542
7410,12420
7410,13799
7410,16838
7410,19009
7410,21370
7411,28390
7412,8438
7412,12979
7412,22880
7412,26650
7412,26934
7414,16415
7414,27229
7414,27591
7415,25148
7415,26944
7416,7556
7416,10206
7416,11229
7416,14275
7418,8758
7418,20728
7419,11097
7419,13394
7420,12416
7420,24158
7420,28866
7420,29821
7422,8701
7423,10311
7423,16258
7424,7723
7424,20159
7425,10738
7425,10852
7426,12314
7426,16141
7426,20849
7426,21652
7426,22628
7426,23457
7426,23605
7427,19243
7428,23453
7429,24753
7430,13050
7431,8549
7431,11941
7431,18081
7431,19617
7431,22357
7431,22388
7432,17835
7432,20563
7432,21155
7432,26320
7433,18018
7433,27721
7434,9263
7434,10011
7434,17393
7434,21821
7434,27020
7434,28406
7435,8050
7435,21732
7435,26674
7437,8457
7437,10113
7437,19786
7438,8510
7438,24544
7439,11661
7439,20737
7440,12584
7440,15383
7440,15861
7440,18329
7440,21465
7440,22937
7440,24304
7440,26837
7442,7459
7442,8442
7442,14908
7445,12941
7445,18871
7445,25228
7446,8489
7447,8988
7447,9480
7447,20290
7447,28633
7447,29392
7448,8908
7448,11874
7448,20634
7450,10963
7450,14962
7450,21269
7450,24911
7450,24979
7450,26017
7451,7613
7451,15355
7451,26617
7452,9098
7453,21672
7454,19120
7454,21885
7454,22972
7456,10886
7456,11967
7456,15969
7456,29411
7457,14080
7457,16514
7457,19622
7457,24751
7458,12689
7458,19301
7459,18195
7460,7602
7461,9464
7463,16833
7463,27448
7465,9311
7465,12249
7465,15483
7465,15580
7465,16889
7465,20508
7465,21931
7465,23773
7466,7906
7466,10675
7466,22322
7467,23318
7467,29996
7468,7605
7468,14763
7468,19124
7469,28667
7470,27412
7470,29753
7471,16866
7471,17127
7471,17369
7471,18510
7471,20570
7472,9621
7472,13982
7472,25330
7472,29677
7472,29842
7473,9495
7473,21763
7474,16064
7474,19500
7474,21498
7474,29517
7475,8844
7475,16501
7476,10493
7476,23392
7476,24983
7477,12633
7477,15186
7478,8645
7478,10754
7478,13349
7478,14616
7478,16443
7478,20521
7479,7895
7479,8106
7479,13936
7479,19984
7479,22676
7479,27469
7479,29177
7479,29452
7480,10690
7480,13457
7480,25187
7481,14202
7481,17135
7482,8295
7482,8963
7482,10539
7482,13171
7483,15193
7483,23119
7484,9216
7484,12144
7484,14717
7484,28477
7484,28851
7485,7495
7485,13633
7485,25511
7486,13990
7486,25382
7487,10967
7487,16836
7488,13426
7488,16438
7488,27987
7489,23863
7489,25721
7490,17147
7490,19563
7491,17872
7491,20088
7491,24296
7491,24857
7491,25426
7492,7874
7492,21033
7493,12451
7493,15633
7493,17584
7493,19411
7493,20980
7493,26060
7494,10561
7494,13345
7494,28269
7495,9324
7495,15270
7495,15876
7495,27861
7496,13799
7496,22776
7496,25170
7496,27567
7496,27848
7497,18423
7497,21179
7497,27855
7498,12961
7499,10916
7499,12680
7499,14439
7499,21714
7500,10264
7501,10501
7501,10551
7501,17636
7501,19310
7503,8781
7503,9141
7503,9278
7503,9383
7503,11476
7503,15312
7503,16452
7503,18080
7503,28453
7504,25949
7505,18142
7505,19709
7506,18786
7507,9291
7507,27825
7508,8079
7508,12416
7508,14470
7508,20643
7509,8019
7509,9661
7509,11561
7509,26858
7510,9789
7510,14394
7511,7820
7512,7588
7512,13208
7512,17349
7512,26209
7513,8887
7513,9683
7513,18934
7513,19224
7514,9880
7514,16830
7514,17200
7514,18496
7514,18597
7514,24734
7515,11560
7516,11773
7517,11937
7517,18898
7517,27957
7518,18439
7520,11894
7520,14316
7520,21864
7520,26532
7521,26528
7522,13524
7523,25011
7524,11853
7524,25100
7524,25126
7525,8811
7525,17478
7525,24709
7526,9140
7526,13253
7527,7584
7527,8026
7527,9693
7527,13602
7527,13685
7527,17044
7527,17063
7527,19007
7527,19150
7527,19522
7527,20317
7527,21850
7527,23136
7527,25961
7527,26780
7527,28325
7527,28966
7528,7567
7528,7872
7528,8970
7528,20911
7529,21426
7530,7916
7530,8514
7530,11927
7530,13468
7530,17923
7531,22791
7531,23229
7532,9775
7532,11743
7532,15478
7532,29255
7533,11943
7533,14412
7533,16411
7533,22802
7534,14092
7534,19029
7534,20562
7534,25718
7535,24999
7535,26402
7536,8048
7536,8556
7536,12340
7536,18489
7536,21852
7537,13883
7538,10623
7539,9381
7539,16837
7539,21149
7539,28998
7539,29247
7540,8215
7540,13645
7540,19404
7541,7803
7541,16503
7541,20884
7541,24448
7541,24964
7541,28971
7541,29083
7542,7599
7542,12421
7542,12784
7542,17404
7542,17748
7542,20403
7542,21307
7542,23430
7542,24905
7542,25814
7543,9237
7543,17259
7543,21306
7543,22932
7543,27850
7543,29022
7544,8118
7544,11027
7544,11496
7544,12531
7544,13958
7544,17756
7544,17905
7544,21442
7544,22016
7544,26461
7545,27991
7546,10185
7546,14832
7546,22942
7547,15020
7547,19723
7547,20046
7547,26475
7547,27855
7548,15413
7548,23420
7549,12714
7551,9072
7551,9195
7552,12615
7553,7996
7553,18916
7553,21761
7553,24310
7554,24106
7555,13190
7555,17890
7555,22786
7556,9884
7556,15036
7556,16059
7556,18694
7559,11149
7559,14008
7559,18829
7559,26499
7559,26836
7559,27878
7560,8028
7560,17132
7560,22739
7560,24317
7561,14693
7562,10026
7562,14251
7562,16377
7563,10304
7563,13409
7563,13568
7563,26038
7563,29568
7564,8114
7564,10956
7564,18185
7565,8387
7565,8530
7565,8863
7565,10376
7565,22344
7565,22821
7565,24823
7565,27773
7566,8044
7566,11511
7566,12226
7566,13079
7566,21390
7567,11283
7567,15846
7567,20014
7567,21889
7567,22437
7567,27242
7568,10374
7568,29488
7569,25821
7570,21519
7571,8735
7572,18359
7573,8114
7573,24676
7574,17930
7574,20346
7574,24286
7574,24437
7574,24637
7575,16561
7575,16752
7575,17100
7575,29544
7576,10221
7576,10684
7576,15579
7577,8245
7577,12622
7577,14246
7577,15902
7577,17639
7577,25506
7578,11819
7578,15852
7578,22591
7578,27240
7579,9499
7579,11063
7579,11891
7579,21908
7579,22584
7579,26707
7580,19012
7580,23403
7582,25992
7583,8243
7583,10357
7583,23131
7584,8524
7584,9311
7584,15963
7585,8172
7585,11151
7585,12098
7585,16561
7585,19128
7585,27081
7586,8639
7587,21423
7588,16732
7588,26514
7589,8031
7589,9344
7589,13829
7589,14022
7589,15089
7589,15235
7589,19350
7589,19971
7589,21916
7589,22295
7590,10340
7590,20647
7591,16549
7591,19839
7592,11374
7592,16658
7592,17051
7593,10196
7593,14139
7593,22259
7593,22925
7593,23335
7593,23726
7593,24073
7593,24818
7594,14153
7594,18340
7594,18908
7594,21887
7594,25844
7595,14780
7595,27557
7596,11288
7596,27860
7598,29173
7600,7709
7600,8799
7600,11724
7600,12906
7600,13876
7600,20820
7600,27550
7600,27594
7601,11636
7601,15689
7602,17926
7602,29665
7603,10088
7603,11884
7603,17182
7603,20076
7603,23863
7603,29012
7604,10109
7604,16794
7604,22999
7605,25395
7606,14662
7606,16382
7607,8708
7607,12619
7607,14051
7608,8710
7608,19397
7608,20975
7608,28411
7609,11776
7609,23077
7610,13520
7610,22803
7610,23460
7610,29246
7611,8701
7611,11394
7612,8068
7612,9628
7612,13600
7613,9466
7613,11233
7614,10412
7614,10769
7614,12191
7614,15094
7614,17579
7614,25891
7614,26446
7614,26718
7615,18744
7615,19384
7615,22114
7616,18925
7616,27266
7616,27699
7616,28544
7617,8283
7617,10461
7617,13016
7617,13731
7618,10046
7618,11384
7618,24385
7619,21535
7620,24970
7621,12504
7621,28263
7621,28617
7622,8224
7622,12127
7622,20621
7622,26284
7623,13640
7623,28399
7624,8395
7624,10919
7624,21598
7625,8421
7625,17960
7625,18374
7625,23658
7626,12264
7626,14666
7627,11294
7627,14188
7627,17080
7627,25288
7628,10439
7629,12813
7629,21442
7629,22442
7629,22651
7631,8518
7631,18762
7632,7883
7632,20424
7632,22540
7633,27306
7635,14942
7636,10268
7636,11650
7636,13534
7636,14572
7636,16116
7636,16707
7636,20939
7637,8436
7637,14320
7637,15096
7637,15871
7637,16548
7637,28354
7638,15339
7638,15648
7638,21786
7639,11303
7640,9376
7640,20842
7640,23517
7641,8353
7641,9921
7641,24129
7641,26170
7643,15203
7643,16289
7643,19958
7643,25564
7644,21192
7645,11114
7645,20321
7645,22652
7645,27023
7646,9813
7646,14190
7647,21575
7648,7741
7648,19068
7648,20190
7649,12592
7649,13594
7649,14923
7649,15039
7649,20955
7649,23865
7650,12911
7650,15139
7652,10413
7652,10874
7652,11075
7652,16679
7654,8602
7654,8899
7654,9436
7654,16272
7654,17006
7654,18881
7654,20509
7655,29123
7656,7799
7657,15817
7660,9467
7662,13994
7665,15323
7665,22190
7666,13917
7667,16678
7668,13455
7668,14456
7668,14619
7669,16084
7669,28511
7670,8737
7670,9088
7670,10111
7670,17120
7670,21077
7671,8385
7671,9178
7671,12704
7671,13379
7671,19157
7671,21089
7671,21961
7672,23218
7672,26484
7673,9978
7673,19562
7674,11579
7674,25313
7676,11989
7676,18377
7676,29775
7677,16611
7677,19315
7677,23526
7677,29882
7678,12793
7678,20303
7678,20460
7678,26144
7679,10157
7679,12729
7679,13472
7679,28149
7680,7701
7680,8860
7680,9750
7680,11229
7680,11598
7680,12382
7680,14492
7680,19860
7680,27694
7681,18628
7682,9688
7682,13059
7682,13312
7682,15265
7682,19319
7682,22064
7682,24960
7683,27191
7684,8405
7684,9694
7684,15177
7685,15182
7685,22547
7685,25473
7685,29268
7687,8500
7687,26571
7688,9340
7688,13738
7689,13219
7689,13735
7689,16934
7689,17749
7689,20942
7689,23380
7689,28066
7690,10633
7691,9065
7691,11927
7691,17103
7691,29034
7692,11177
7692,11530
7692,26846
7693,8965
7693,10975
7693,19018
7693,20214
7694,19019
7694,22342
7695,20892
7696,11271
7696,19517
7696,19694
7696,20573
7697,12052
7697,15131
7697,18933
7698,10037
7698,19422
7698,21024
7699,8033
7700,11232
7700,12261
7700,25364
7701,9685
7701,19435
7701,22102
7702,8499
7702,9175
7702,10954
7703,15167
7703,26293
7704,8735
7704,9923
7704,19828
7704,22978
7704,27253
7704,28988
7705,23885
7706,8962
7706,18019
7706,20893
7707,11667
7707,28749
7708,8980
7708,21911
7708,22541
7709,7998
7709,8294
7709,8871
7709,10790
7709,13953
7709,14140
7709,19478
7709,26091
7709,28515
7709,28902
7710,7985
7710,9846
7710,12649
7710,26542
7711,22358
7712,8636
7713,9738
7713,12570
7713,12833
7713,20042
7714,10445
7714,28170
7717,13308
7717,17249
7717,19161
7717,22182
7718,19085
7720,29023
7721,12048
7721,13017
7721,17637
7721,20266
7721,28226
7722,29139
7722,29888
7723,19203
7723,21414
7724,7758
7724,8892
7724,11345
7725,10314
7725,10678
7725,27803
7725,28762
7726,9867
7726,22546
7726,26933
7727,25995
7727,27626
7728,9997
7728,11609
7729,23017
7729,25132
7730,12046
7730,12203
7731,9463
7732,17542
7732,22140
7732,25013
7733,9159
7733,25532
7734,21572
7736,26255
7736,29939
7737,15685
7738,22516
7739,8071
7739,8106
7739,9333
7739,9888
7739,10806
7739,16238
7739,17690
7739,20370
7739,22197
7739,22489
7739,22564
7739,26392
7739,27156
7741,14906
7743,18382
7744,11545
7744,20131
7744,25718
7744,29065
7745,20092
7745,23996
7746,9227
7746,9414
7746,13077
7746,15759
7746,18192
7747,9509
7747,18002
7747,19585
7748,13719
7748,21370
7748,25724
7748,27079
7749,26826
7749,27345
7750,17002
7750,19021
7751,9583
7751,23642
7752,10312
7752,18785
7752,20632
7752,28322
7753,23182
7754,11507
7754,11875
7755,9088
7755,14107
7756,8439
7756,12148
7756,19952
7756,27350
7757,9794
7757,28436
7758,21661
7759,26546
7761,16519
7761,21326
7761,26551
7762,29997
7763,8667
7763,13056
7763,16818
7763,18204
7763,27896
7764,11364
7765,11196
7765,17216
7765,21601
7766,28758
7767,20992
7767,25245
7767,28482
7768,8685
7768,9356
7768,12907
7768,14657
7768,16506
7768,23825
7768,28321
7768,29441
7769,19305
7769,20466
7769,25098
7769,26020
7769,27235
7770,7875
7770,12405
7770,13447
7770,14784
7770,18820
7771,22953
7772,11324
7772,23368
7772,26974
7772,27795
7773,9415
7773,9897
7773,10593
7773,10710
7773,18036
7773,18045
7773,24466
7773,26779
7773,27840
7774,15834
7774,16959
7774,26219
7775,8611
7775,11554
7775,13172
7775,22443
7775,24249
7775,28722
7777,24180
7778,9077
7778,9843
7778,12498
7778,15419
7778,15626
7778,16961
7778,18420
7779,16684
7779,24127
7780,9085
7780,16577
7781,16553
7781,17053
7781,29176
7782,9104
7782,13315
7782,29906
7783,9676
7783,13475
7783,27778
7784,8470
7784,9695
7784,16323
7784,17141
7784,22850
7785,18883
7785,21852
7785,27744
7786,9014
7786,10457
7786,10594
7786,25259
7787,14968
7787,18364
7787,21356
7787,25448
7788,10703
7788,24811
7788,25236
7788,29307
7789,8103
7789,8483
7789,12871
7789,15399
7790,11252
7790,12585
7790,27466
7790,27534
7791,10909
7791,11010
7791,26437
7791,26723
7791,29091
7792,11146
7792,11844
7793,17775
7793,18901
7793,22557
7794,9549
7794,12746
7795,16717
7796,11245
7796,21114
7797,15065
7798,9755
7798,17280
7798,28516
7802,18313
7803,18281
7804,13101
7804,13778
7804,18668
7806,8014
7806,8858
7806,8882
7806,11582
7806,14034
7806,19099
7806,29210
7807,22334
7808,29876
7809,16332
7809,22170
7809,24913
7810,19944
7810,26670
7811,8360
7811,10425
7811,20570
7811,29611
7812,8208
7812,10272
7812,11482
7812,12505
7812,12992
7812,13547
7812,18717
7812,18994
7812,23793
7812,26942
7813,8187
7813,14021
7813,15145
7813,17499
7813,19097
7814,7817
7814,28465
7815,17313
7815,22135
7815,23390
7816,16582
7816,26754
7817,11453
7817,19372
7817,22790
7817,24750
7818,8521
7818,8785
7818,14325
7818,17134
7818,22696
7819,16055
7821,13921
7821,14932
7821,20856
7822,16320
7822,28261
7823,11278
7823,13265
7823,20917
7824,11500
7825,9013
7825,11700
7825,21615
7825,26122
7825,26767
7825,29355
7826,14966
7826,14975
7826,23494
7827,8210
7827,11558
7827,20451
7827,23159
7827,24584
7829,14001
7829,17998
7829,25917
7829,27904
7830,16004
7830,17502
7830,24710
7831,15494
7831,17800
7831,22581
7831,27793
7832,7948
7832,10519
7832,14590
7832,15859
7832,17933
7832,24131
7832,28106
7833,13398
7833,21970
7833,26361
7834,21949
7835,10040
7835,19078
7836,15826
7836,23491
7837,8211
7837,11931
7837,13131
7837,15067
7837,18693
7837,23035
7837,24114
7837,24894
7837,29394
7838,13958
7838,29340
7840,9147
7840,10970
7840,13160
7840,15514
7840,15925
7840,17961
7840,19643
7840,21570
7840,27707
7840,28588
7840,29870
7842,15263
7842,15538
7843,8282
7843,10994
7843,17081
7843,17643
7844,9105
7844,18483
7844,22533
7844,22972
7845,23515
7846,14357
7846,22307
7846,26610
7847,9279
7847,13039
7847,13779
7848,8167
7848,11765
7848,11807
7848,15358
7848,26900
7848,28905
7848,29188
7849,8642
7849,10821
7849,11907
7850,17451
7850,22874
7851,10059
7851,18822
7852,12536
7852,17302
7852,17578
7852,23614
7853,12265
7853,25380
7853,27269
7854,9407
7854,12461
7854,14300
7854,27602
7855,9048
7855,10905
7855,11609
7855,11613
7855,13557
7855,13632
7855,17228
7855,18734
7855,19257
7855,23696
7855,25773
7855,26611
7856,18141
7857,25018
7857,27008
7857,27878
7858,8446
7859,9721
7859,11845
7859,12217
7859,19996
7859,23358
7859,26853
7859,29307
7859,29684
7860,8175
7860,13296
7860,21261
7860,22473
7860,27769
7860,28412
7861,11003
7861,12966
7861,13927
7861,23522
7861,28535
7862,10660
7862,10857
7862,13654
7862,17087
7862,25627
7863,14352
7864,14069
7864,20418
7864,21667
7865,21216
7865,29762
7866,9470
7866,24808
7867,8063
7867,8570
7867,11676
7867,12271
7868,9311
7868,17954
7868,21736
7869,15423
7869,29740
7870,17774
7870,25713
7870,29524
7871,19388
7872,10046
7872,13260
7873,7990
7873,24766
7873,29017
7874,11464
7874,12756
7874,17047
7874,27664
7874,29902
7875,18199
7875,23174
7875,29179
7875,29642
7876,20385
7876,20628
7876,27997
7877,24829
7878,8825
7878,14302
7878,24363
7878,25891
7880,12523
7880,15587
7880,18669
7880,25276
7881,8439
7881,13996
7881,26331
7881,27324
7881,28353
7881,29264
7882,8217
7882,9634
7882,11811
7882,12265
7882,13987
7882,19691
7883,8710
7883,13510
7883,15883
7883,18935
7884,12819
7884,17369
7884,27316
7885,8096
7886,15783
7887,11451
7888,8262
7888,9448
7888,10490
7888,11414
7888,14906
7889,8967
7889,9222
7889,9782
7889,10964
7889,14434
7889,16211
7889,26582
7890,11871
7890,15498
7891,10040
7891,18615
7892,14917
7892,23230
7892,23423
7892,27819
7893,13443
7893,20328
7893,20482
7893,23419
7894,10458
7894,15530
7894,25991
7894,27506
7894,29943
7895,8769
7895,13151
7895,18671
7895,21695
7897,13187
7897,15026
7897,15094
7897,21270
7897,24315
7898,8716
7898,13563
7898,13715
7898,15182
7898,16410
7898,18454
7898,19436
7898,19797
7898,21948
7898,23337
7898,24436
7899,11458
7899,11886
7899,20526
7900,8389
7900,15710
7900,19808
7900,22256
7901,8018
7901,23192
7901,25939
7902,23762
7902,24303
7903,10327
7904,10760
7905,9489
7905,14583
7905,21937
7905,28292
7906,19968
7906,28987
7907,12499
7907,24318
7907,24684
7907,29448
7908,14587
7908,14929
7908,14998
7908,23054
7908,28632
7910,8780
7910,12214
7911,10480
7911,15982
7911,25385
7912,8629
7912,11282
7912,13272
7912,15456
7912,16490
7912,25369
7913,9465
7913,11399
7913,19069
7913,27043
7913,27572
7914,15766
7914,19387
7914,19669
7914,25137
7915,27665
7916,9955
7916,23222
7916,29291
7917,13560
7917,13580
7917,14925
7917,19544
7917,24337
7917,29810
7918,12800
7918,15521
7918,17065
7918,18638
7918,28708
7919,9831
7920,8308
7920,16011
7920,16172
7920,18102
7922,18938
7923,9945
7923,11277
7923,11604
7923,13381
7923,20829
7923,23271
7924,25366
7925,10514
7925,11797
7925,15064
7927,8802
7927,15979
7927,16028
7927,16325
7927,21151
7927,22474
7927,23073
7928,21720
7929,8065
7930,11066
7930,19323
7931,9292
7931,21536
7931,23582
7931,29057
7932,8675
7932,10502
7932,10870
7932,14863
7932,22187
7932,25045
7932,27878
7933,19729
7933,24471
7934,9384
7934,15998
7934,17799
7934,18304
7934,18448
7934,23303
7934,25530
7935,8232
7935,8397
7935,9803
7935,12611
7935,18110
7935,20360
7935,21610
7935,25153
7936,14872
7937,15633
7937,20081
7937,21595
7938,13894
7938,16418
7939,20672
7939,23800
7941,18519
7941,19158
7941,29201
7942,9125
7943,21124
7943,23493
7944,9746
7944,12597
7944,16054
7945,10907
7945,11120
7945,11671
7945,17580
7945,27727
7946,15038
7946,19500
7946,20944
7948,9926
7948,10352
7949,17303
7950,8525
7950,9733
7950,14309
7950,19043
7950,29093
7951,20464
7952,11894
7952,28006
7953,9498
7953,13835
7953,14162
7953,15967
7953,17106
7953,26988
7954,25543
7955,13791
7955,17626
7956,10596
7956,13882
7956,28227
7956,28671
7957,8313
7957,8730
7957,9759
7957,11695
7957,15492
7957,18962
7957,25966
7958,9440
7958,13179
7958,14132
7958,16015
7959,11120
7959,11293
7959,14618
7959,22213
7959,26737
7960,7993
7961,13769
7961,15326
7962,12793
7962,14167
7962,17131
7962,27367
7963,8816
7963,10441
7963,27993
7964,13450
7964,13535
7964,14514
7964,19148
7964,22305
7964,25092
7964,27091
7964,29514
7965,12811
7965,14875
7967,12636
7967,27557
7968,8975
7968,14866
7968,22301
7968,23373
7969,8683
7970,16863
7971,10555
7971,14043
7971,17377
7971,25865
7971,27888
7972,23092
7972,26541
7973,9175
7973,10389
7973,15372
7973,17321
7973,19858
7973,20655
7974,12322
7974,17638
7974,18428
7974,25170
7975,11082
7975,13644
7977,10197
7979,15780
7979,17723
7979,18283
7979,26432
7979,28407
7979,29476
7980,14887
7982,12010
7982,13102
7982,14674
7982,25769
7983,10785
7983,11385
7983,13312
7984,9984
7984,10679
7984,10714
7984,12488
7984,18872
7984,21045
7984,21911
7984,28172
7986,8140
7986,15616
7987,9058
7987,10641
7987,14112
7988,8197
7988,13048
7988,13863
7988,16388
7989,17242
7989,24533
7989,26931
7990,8637
7990,11394
7991,21750
7992,8436
7992,15811
7992,29724
7992,29909
7993,11428
7993,21910
7993,24770
7993,29759
7995,8906
7995,15344
7996,13067
7996,29943
7997,23891
7998,14742
7998,15986
7998,19977
7998,24679
7998,25209
7999,8425
7999,28172
8000,12645
8000,19107
8001,14367
8001,14749
8001,19752
8002,28254
8003,17672
8004,16606
8004,21322
8005,16236
8006,9974
8006,15519
8006,18275
8006,18563
8006,19757
8007,8409
8007,15198
8007,25501
8008,8761
8008,8897
8008,10360
8008,17669
8008,20753
8008,20779
8009,9240
8009,11552
8009,15883
8009,25180
8011,16841
8012,19283
8012,21615
8013,8236
8013,24975
8014,8253
8014,9385
8014,10404
8014,17015
8014,21939
8014,25636
8014,25658
8016,18092
8016,22585
8016,22994
8019,8279
8019,13732
8019,22884
8019,24428
8019,28905
8019,29016
8021,16108
8021,16221
8021,19966
8021,29841
8022,9443
8022,18646
8022,23639
8022,25204
8022,27525
8023,8116
8023,9204
8023,9429
8023,20695
8023,20700
8023,24334
8023,24843
8023,27934
8023,28334
8024,10735
8024,15652
8024,21620
8024,22921
8024,25020
8025,8241
8025,10616
8025,13667
8025,15170
8025,21784
8025,22597
8026,10638
8026,14416
8026,16521
8026,23370
8027,11247
8027,26275
8028,24557
8029,18946
8031,9548
8031,11009
8031,14262
8031,15742
8032,12152
8034,10780
8034,18443
8035,11210
8035,13524
8035,17796
8035,26690
8035,28506
8036,17707
8037,8988
8037,14791
8037,18579
8037,24352
8038,22149
8038,22495
8039,8953
8039,9317
8039,10231
8039,11657
8039,23811
8040,12452
8040,22432
8040,29875
8042,8796
8042,9511
8042,10281
8042,13435
8042,21031
8043,8571
8043,9149
8043,9166
8043,11317
8043,16442
8043,25758
8044,9251
8044,10562
8044,16553
8044,19015
8044,20424
8044,25344
8045,8244
8045,8304
8045,9010
8045,10880
8045,11167
8045,15916
8045,29255
8046,10468
8046,20940
8046,22032
8046,27996
8046,29323
8047,17157
8047,26624
8048,14798
8049,8146
8049,8754
8049,16658
8049,23816
8050,8982
8050,10487
8050,16951
8050,17533
8051,9110
8052,8459
8052,12845
8052,22545
8052,24292
8054,12476
8054,12910
8054,18173
8055,21596
8055,28036
8056,8567
8056,9251
8056,9946
8056,10561
8056,10884
8056,11430
8056,13029
8056,18048
8056,18557
8056,19163
8056,21037
8056,26756
8056,27208
8057,9822
8057,10972
8057,10994
8057,15749
8057,19120
8057,21627
8057,26167
8058,14297
8058,14613
8058,15248
8058,18334
8058,18968
8060,8781
8060,11531
8060,20035
8061,20129
8061,27486
8061,28981
8062,9655
8062,19067
8062,26800
8062,27171
8062,28585
8062,29076
8063,8431
8063,19407
8064,26857
8065,11059
8065,12361
8065,13711
8065,21517
8067,9529
8067,16316
8067,23805
8067,27265
8067,28538
8068,16679
8068,19898
8068,22161
8069,20739
8070,8932
8070,13778
8070,21250
8071,10463
8072,11366
8072,11367
8072,23050
8073,21577
8073,23894
8073,26797
8073,28256
8075,13862
8075,22697
8076,12313
8076,12924
8076,25482
8076,28182
8077,8352
8077,9570
8077,24695
8078,10614
8078,15542
8078,20053
8078,24461
8078,26713
8078,26827
8079,8620
8079,8784
8079,9377
8079,18586
8079,19612
8079,26158
8079,27608
8080,10030
8080,14074
8080,14281
8080,15478
8080,18102
8082,11056
8082,14604
8082,16542
8082,17533
8082,21296
8082,22300
8082,24552
8082,25854
8082,26459
8083,18395
8084,9303
8084,20296
8084,25241
8085,12937
8085,16508
8086,14165
8086,23471
8086,28012
8087,8118
8087,24590
8087,27230
8088,11251
8088,19664
8089,19653
8090,10215
8090,18348
8090,19810
8091,9170
8091,9418
8091,9637
8091,9699
8092,25668
8092,27864
8093,8481
8093,9989
8093,10589
8093,12156
8093,16268
8093,21060
8093,28938
8094,19403
8095,22297
8096,18650
8096,23019
8097,10294
8097,12324
8097,13263
8097,22323
8097,22808
8097,24323
8097,27267
8098,16934
8099,8408
8099,9530
8099,15701
8099,22302
8100,29374
8101,11712
8101,23341
8101,28436
8102,9615
8102,11976
8102,15023
8103,9086
8103,12980
8103,19359
8103,28934
8104,8787
8104,9276
8104,15516
8104,16466
8104,23807
8104,25725
8104,27758
8106,8541
8106,9213
8106,10223
8106,11549
8106,11853
8106,12537
8106,14844
8106,17393
8106,27876
8108,16550
8108,22924
8109,17940
8109,19260
8109,22095
8110,20928
8111,9883
8111,13996
8111,14686
8111,18644
8111,24286
8111,24837
8111,27904
8112,8116
8112,8171
8113,8284
8113,29452
8114,10902
8114,14578
8114,15439
8114,27694
8115,19416
8116,17513
8116,21931
8117,8649
8118,22979
8120,11668
8120,27682
8121,10634
8121,11318
8122,14090
8122,29141
8123,8791
8123,22492
8123,29996
8124,8805
8124,12891
8125,16441
8126,16969
8129,13327
8129,21964
8130,25180
8130,25598
8132,12341
8133,14544
8133,16913
8134,9594
8134,14713
8134,18241
8134,19547
8134,24592
8134,25374
8135,14347
8135,15728
8136,8864
8136,17797
8136,22097
8137,14452
8137,20546
8138,13042
8138,13444
8138,14338
8138,15200
8138,18999
8138,20401
8138,21014
8138,23010
8138,28602
8138,29370
8139,10724
8139,14621
8140,11940
8140,12582
8140,14080
8140,14234
8140,15044
8140,16997
8140,23761
8140,26150
8140,26977
8141,14793
8141,24372
8142,11231
8142,12805
8143,23261
8143,24404
8144,8884
8144,9164
8144,9798
8144,14580
8144,16645
8144,19863
8144,20309
8144,25643
8144,28843
8145,17956
8145,28529
8147,18354
8147,21202
8147,26508
8148,15697
8149,13822
8149,24922
8152,18093
8152,28901
8153,13655
8153,14760
8153,18255
8154,21675
8157,11505
8157,18420
8157,18536
8158,27757
8159,8363
8159,19764
8159,27743
8160,11086
8160,18412
8160,19649
8160,20704
8160,21215
8160,21834
8160,22029
8160,25327
8161,10179
8161,27658
8162,8238
8162,12842
8162,13934
8162,14914
8163,14559
8164,14018
8165,9824
8165,18664
8166,10204
8166,11061
8166,11367
8166,12606
8166,13129
8166,17148
8167,11713
8167,22150
8169,15485
8169,21365
8169,26757
8170,11968
8171,8800
8171,16589
8171,20870
8171,26347
8171,29270
8172,16987
8173,10536
8173,12329
8173,17240
8173,19542
8173,21766
8173,28330
8174,19428
8174,22658
8175,8566
8175,9986
8176,8586
8176,18687
8176,19633
8176,23608
8176,25751
8176,26672
8176,27376
8177,10325
8178,17488
8178,20518
8179,12698
8179,21459
8179,26688
8180,10205
8180,18068
8180,21410
8180,24431
8180,24823
8180,27387
8181,16863
8182,12489
8182,13235
8182,15787
8182,24295
8183,11406
8183,12327
8183,14258
8183,15256
8184,18051
8184,21275
8184,28237
8184,29625
8186,29386
8187,11455
8188,8579
8188,14016
8188,16924
8188,18183
8188,20988
8188,26428
8188,26493
8189,12882
8189,17178
8189,17611
8189,28614
8190,12664
8190,16409
8190,19618
8191,14259
8194,11397
8194,28167
8195,9255
8195,19479
8195,20785
8196,9087
8196,9665
8196,15366
8196,24667
8196,27771
8197,11577
8198,17419
8198,17784
8199,11405
8199,15321
8199,18278
8199,24798
8199,27505
8201,8225
8201,10868
8201,12471
8201,19270
8201,19633
8201,21845
8202,11790
8202,17757
8202,28540
8203,10153
8203,18302
8203,19306
8203,28590
8206,16793
8206,18355
8206,25786
8206,26872
8207,9949
8207,10475
8207,15301
8207,18861
8209,8327
8209,8437
8209,8817
8209,9271
8209,14829
8209,15430
8209,24181
8209,26213
8209,26276
8210,18775
8210,20846
8210,26252
8210,27159
8212,8277
8212,16270
8212,17248
8212,28439
8213,8834
8213,9480
8213,11620
8213,12088
8213,13301
8213,14750
8213,15066
8213,16284
8213,17676
8214,22721
8216,11350
8216,12779
8218,16629
8219,26665
8219,29603
8220,18011
8221,22568
8222,17308
8222,17818
8222,18666
8222,27441
8222,29032
8223,8901
8223,9791
8223,12357
8223,15236
8223,18488
8223,24636
8224,14317
8224,18137
8224,22832
8224,27137
8225,8299
8225,11792
8225,12550
8225,18297
8226,15015
8226,24505
8226,28794
8227,19820
8227,28954
8228,11307
8228,23609
8229,8545
8229,11385
8229,25222
8229,26141
8230,12103
8230,29246
8231,23729
8234,12229
8234,14411
8234,16979
8234,17238
8234,24921
8235,26515
8236,28745
8238,8247
8238,24690
8238,27390
8241,15508
8241,21402
8242,14800
8242,24896
8242,29296
8243,15149
8243,17410
8243,17762
8244,19424
8244,26902
8244,28753
8244,29878
8245,10876
8245,12108
8245,17263
8245,19415
8245,23332
8245,23597
8245,25756
8246,8641
8246,13741
8246,23107
8246,25539
8247,20336
8248,19026
8248,20554
8248,23917
8249,9382
8249,12989
8249,15768
8249,20895
8249,22908
8249,26890
8250,25066
8251,22406
8251,28427
8251,29856
8252,8425
8252,11840
8252,13437
8252,14924
8252,20727
8252,23135
8253,16629
8253,20267
8254,8696
8254,10375
8254,13693
8254,16452
8254,17415
8254,22505
8254,28298
8254,29824
8255,18827
8255,24886
8257,9295
8257,22236
8258,21220
8259,10410
8259,19375
8259,20534
8260,11314
8260,15472
8260,16003
8261,16136
8261,21974
8262,8848
8262,10785
8262,12089
8262,14490
8262,16530
8262,26374
8264,9932
8264,18286
8264,27549
8264,28109
8265,15147
8265,17490
8266,11439
8266,14297
8266,19579
8266,27862
8267,9543
8268,8897
8268,15678
8268,23939
8269,8720
8269,12235
8269,13855
8269,28210
8270,17470
8270,17597
8270,18076
8270,22123
8270,29226
8271,9739
8271,14307
8271,14807
8271,18763
8271,20081
8271,28110
8271,29611
8272,8588
8272,18727
8272,21414
8273,26503
8273,28918
8274,15300
8274,25771
8275,21480
8275,24884
8275,26106
8276,8466
8276,8861
8276,12643
8276,29343
8276,29499
8277,15789
8277,20428
8277,27642
8278,15635
8280,19591
8280,19873
8281,12085
8281,14532
8281,22793
8281,24109
8281,29143
8282,14808
8283,22012
8283,28055
8284,27992
8285,9930
8285,12217
8285,25466
8285,25542
8285,26084
8285,28507
8286,21467
8287,13266
8287,14026
8287,15067
8287,17144
8288,18148
8288,18491
8288,22532
8288,28296
8289,16018
8289,20660
8290,8641
8290,17682
8290,25683
8290,27912
8290,29252
8291,14638
8291,15105
8291,15475
8291,15827
8291,22018
8291,22599
8292,12092
8292,24125
8292,26182
8293,14348
8293,15800
8293,20034
8293,22531
8293,25808
8293,27108
8293,29909
8294,10668
8294,11180
8294,12476
8294,14962
8294,22148
8294,28849
8295,17088
8295,20687
8295,21856
8296,10088
8296,10139
8296,22515
8296,29266
8296,29615
8298,14649
8298,18927
8298,29260
8301,14643
8301,15629
8301,27882
8302,12768
8302,14445
8302,14733
8302,18246
8302,25782
8304,8863
8304,10266
8304,10348
8304,21255
8304,21344
8304,22093
8305,24025
8306,14864
8307,13331
8307,28338
8308,8928
8308,13638
8309,9137
8309,16756
8309,20736
8309,24521
8311,20929
8312,11418
8312,19460
8312,27839
8312,29955
8313,11616
8313,12470
8313,20407
8313,21477
8314,22303
8314,22999
8315,9868
8315,14346
8315,24465
8315,24611
8316,9261
8316,21612
8316,25316
8317,11480
8317,16151
8317,16809
8317,20285
8317,20298
8318,13607
8318,25383
8318,26076
8318,29629
8319,14908
8319,16770
8319,18492
8319,21326
8320,9510
8320,12446
8320,21871
8321,25308
8321,25819
8321,27080
8321,29300
8322,9266
8322,17097
8323,12546
8323,15479
8323,15687
8323,19706
8323,21773
8323,21880
8323,22019
8323,28436
8324,28220
8325,14458
8325,25257
8326,15650
8326,16180
8326,22849
8327,28265
8328,9561
8328,12424
8328,29298
8331,15098
8331,22022
8331,22822
8332,9036
8332,13970
8332,19120
8332,19241
8332,24664
8333,15179
8334,12874
8334,21427
8334,25596
8335,22062
8335,23734
8337,9459
8337,12265
8338,10027
8338,10292
8338,14837
8338,29163
8340,17978
8341,13345
8341,13430
8341,14617
8341,24718
8341,25769
8341,27471
8342,16978
8342,21501
8342,25387
8343,12652
8343,15024
8343,17555
8343,25207
8344,13840
8344,14409
8344,15172
8344,17970
8344,21305
8345,16394
8346,9463
8346,19030
8347,8799
8347,15940
8347,18385
8347,20383
8347,25657
8348,29944
8349,9152
8349,12746
8349,16351
8350,10484
8350,23250
8351,25944
8354,20456
8355,10980
8355,11858
8355,14481
8355,17777
8355,17919
8355,27624
8355,28025
8357,12334
8358,21071
8360,13940
8360,23158
8361,11652
8362,23675
8362,28441
8363,9931
8363,11489
8363,21965
8363,23242
8363,27647
8364,11895
8364,16190
8366,9992
8366,11947
8366,16598
8366,18362
8367,9429
8367,10152
8367,10607
8367,13448
8367,20644
8367,22690
8367,28276
8369,9742
8369,10489
8369,18435
8369,20104
8370,10390
8370,12094
8370,12629
8370,12931
8370,17650
8370,21764
8370,22222
8370,23204
8370,23721
8370,27655
8370,27941
8370,29598
8371,11257
8371,12670
8371,13181
8371,15616
8371,16594
8371,17846
8371,18561
8371,27055
8371,29477
8372,9298
8372,12429
8372,15896
8372,23573
8372,23771
8372,29316
8373,16127
8373,26486
8374,11270
8374,12013
8374,12713
8374,19783
8374,26375
8374,27714
8375,12224
8375,16973
8375,25583
8375,28764
8376,10669
8376,11900
8376,11958
8376,21984
8376,28583
8377,12435
8377,14146
8377,15251
8378,23344
8379,20711
8379,23089
8379,24186
8379,24520
8380,8902
8380,10531
8380,14524
8380,14622
8380,16354
8380,18150
8380,24953
8380,27880
8382,19828
8382,27365
8384,9700
8384,14454
8384,20312
8384,20595
8384,22909
8385,8910
8385,14847
8385,16420
8386,10816
8386,14905
8386,15118
8387,13813
8387,17638
8387,28640
8388,8500
8388,12125
8389,14400
8389,24675
8389,25976
8390,17049
8390,17387
8390,19704
8390,27688
8391,13184
8392,10920
8392,14240
8392,15613
8392,24238
8392,29087
8394,13023
8396,12796
8396,14404
8397,12222
8397,17105
8397,20348
8397,26328
8398,9023
8398,12089
8398,16513
8399,9618
8399,10150
8399,13614
8399,20550
8399,24855
8400,14479
8400,20433
8402,11828
8402,12040
8402,17217
8402,27343
8403,12403
8403,13995
8403,15806
8403,17408
8403,27702
8404,9081
8404,9609
8404,12493
8404,13434
8404,18089
8404,18863
8404,23462
8404,24677
8404,26473
8404,27242
8405,10631
8405,15153
8405,19514
8405,27673
8406,12719
8406,15873
8406,19707
8406,26704
8408,16244
8408,16359
8408,28036
8409,18557
8409,27166
8410,10695
8410,12418
8410,27136
8410,28672
8411,12449
8411,19979
8412,24614
8413,26395
8413,29387
8414,10819
8414,21135
8414,24975
8416,8586
8417,26041
8418,26748
8419,15383
8419,22663
8420,10772
8420,23638
8422,10003
8422,16736
8422,20928
8424,10256
8424,10373
8424,15230
8424,18055
8424,18059
8424,21510
8425,11173
8425,13555
8425,15158
8425,27065
8426,8592
8426,10234
8426,10995
8426,12394
8426,13247
8426,13386
8426,15691
8426,16519
8426,20386
8426,23012
8426,23570
8426,23797
8426,26866
8427,11830
8427,13979
8427,25196
8428,10622
8428,17177
8428,21867
8429,11393
8429,22664
8431,13944
8432,12496
8432,12988
8432,24362
8432,26769
8433,8755
8433,11574
8433,12940
8433,20336
8433,24752
8433,29449
8433,29796
8434,13368
8434,15847
8434,26801
8434,29244
8435,18129
8435,18422
8435,25368
8436,13952
8437,8508
8437,8555
8437,9766
8437,15178
8437,17046
8437,18920
8437,20431
8437,21280
8437,22450
8437,28314
8438,11758
8439,14256
8439,23236
8440,10819
8441,26353
8442,11613
8442,24843
8443,23875
8444,11552
8444,12256
8444,12598
8444,14074
8444,18713
8444,21975
8444,22893
8445,15068
8446,21871
8447,21765
8448,11464
8448,15816
8448,16569
8448,23733
8448,23991
8448,25807
8450,12969
8452,24259
8452,27901
8452,29358
8453,19811
8453,22031
8454,24562
8454,27633
8455,8831
8455,15222
8455,18443
8455,22857
8456,11616
8457,9643
8457,9980
8457,16802
8457,20957
8457,25753
8457,28508
8458,8508
8458,9417
8458,17387
8458,25121
8458,27037
8459,11170
8459,12492
8459,13036
8459,24042
8460,16535
8460,21092
8460,28785
8461,11868
8461,20426
8461,21199
8461,22223
8461,25566
8461,26232
8461,28579
8461,28793
8462,16312
8462,23365
8462,27195
8463,12325
8464,8713
8464,17212
8464,24285
8465,15117
8465,18072
8465,26008
8467,10115
8468,9086
8468,11515
8468,14994
8468,17049
8468,17515
8468,28923
8469,9184
8472,8748
8472,11939
8472,14253
8472,22980
8472,29126
8473,21302
8473,26165
8474,11378
8474,15449
8476,9226
8476,9576
8476,9618
8476,11637
8476,29929
8477,8939
8477,11298
8477,13522
8477,14501
8477,18077
8478,19563
8479,16549
8479,20748
8480,13548
8481,22486
8483,16486
8484,9336
8484,11434
8484,16315
8484,27433
8485,20113
8486,10217
8486,17086
8486,22427
8486,29549
8487,13951
8487,20115
8487,23303
8489,11975
8489,13735
8489,13850
8489,17126
8490,9959
8490,18316
8490,20333
8490,25976
8491,12339
8491,12472
8491,12808
8491,14290
8491,16568
8491,17126
8491,19636
8491,28057
8492,19054
8493,9795
8494,27999
8495,8726
8495,14604
8495,19322
8495,24165
8495,26088
8497,11579
8497,12753
8497,16763
8497,17648
8497,18633
8497,21541
8497,22060
8498,23541
8498,24346
8499,14267
8499,16540
8499,16952
8499,16980
8499,17415
8499,19715
8499,25208
8499,25653
8499,27267
8500,10721
8500,11133
8500,29008
8501,15909
8501,26467
8502,15966
8502,21631
8502,27099
8502,28748
8504,12845
8504,13590
8504,23627
8504,24933
8504,25676
8504,26789
8505,11274
8505,15417
8505,17069
8505,21753
8506,19248
8507,8885
8507,10032
8507,12585
8507,19279
8509,12353
8509,23185
8509,25227
8510,9732
8510,11244
8510,11784
8510,13195
8510,13612
8510,13698
8510,21175
8510,22912
8511,28998
8512,8771
8512,10047
8512,13022
8513,13420
8513,19497
8513,20123
8513,25632
8513,27778
8513,29594
8514,11718
8515,11108
8515,19360
8515,29768
8516,10181
8516,10936
8516,11064
8516,11127
8516,11864
8516,24495
8517,10048
8517,10148
8517,11664
8517,20699
8517,25498
8518,15031
8519,12968
8519,28939
8520,10800
8520,13139
8521,22615
8521,23543
8521,29101
8522,14485
8524,13852
8524,19069
8524,21991
8527,10673
8527,21182
8527,22168
8528,11235
8528,19601
8528,20334
8529,8541
8529,10842
8529,11059
8529,20031
8529,28607
8530,15027
8530,20143
8532,12734
8533,11954
8533,16114
8533,19311
8533,25785
8534,26394
8535,10935
8535,11460
8535,20056
8535,26675
8535,29904
8538,9469
8538,14044
8538,14450
8538,27523
8538,29317
8539,11662
8539,12830
8539,15515
8539,16724
8539,26765
8540,9991
8540,26417
8541,8610
8542,15634
8542,16897
8543,9449
8543,22298
8544,8711
8544,9693
8544,9904
8544,11919
8544,12991
8544,15740
8544,19269
8544,23640
8545,9580
8545,17278
8545,27617
8546,11682
8546,12690
8546,23940
8546,29548
8547,11150
8547,13286
8547,17920
8547,21881
8548,15254
8548,19474
8549,8702
8550,14415
8552,14846
8552,19598
8552,24864
8553,9133
8553,14482
8553,16933
8553,17369
8554,11776
8554,12929
8554,16326
8555,8896
8555,9142
8555,16413
8555,26034
8556,9286
8556,12215
8556,27400
8557,10291
8557,13194
8559,21664
8561,21507
8562,8942
8562,12403
8562,14368
8562,27613
8562,27794
8563,13088
8563,14670
8563,18889
8563,27989
8563,29681
8564,16362
8564,21774
8565,11892
8565,15688
8565,18827
8565,22375
8565,25949
8566,12146
8567,27224
8568,9551
8569,17298
8569,21440
8569,21890
8570,21203
8571,15977
8572,8762
8572,12086
8572,16704
8572,16954
8572,28268
8573,8878
8573,10212
8573,20411
8574,9183
8574,11037
8574,11659
8574,18083
8574,20569
8574,23632
8575,13872
8575,13975
8575,23683
8575,29857
8576,24609
8576,25411
8577,9296
8577,12338
8577,15155
8577,16888
8577,19558
8577,20778
8577,21037
8577,26242
8577,26737
8577,27619
8577,28052
8577,28326
8577,29797
8580,11470
8580,18893
8580,25070
8581,8983
8581,16651
8581,19753
8581,24469
8582,23741
8583,9249
8583,10581
8584,16527
8584,18208
8585,12249
8585,25882
8586,11464
8586,25996
8587,17345
8588,16039
8588,18433
8590,22708
8590,26532
8590,27278
8591,8998
8591,24183
8592,13374
8593,23640
8594,18678
8595,10081
8595,13073
8595,13343
8596,10671
8596,11619
8596,14369
8596,17145
8596,22152
8596,28040
8597,8719
8597,13629
8597,14255
8597,28293
8598,12232
8598,13203
8598,13889
8598,16778
8598,16914
8598,18421
8598,21441
8599,20857
8599,28408
8601,9505
8601,16040
8602,21950
8603,11500
8603,16144
8603,20323
8603,27653
8604,16187
8605,9574
8605,11585
8605,18427
8605,25747
8606,10822
8606,17843
8606,18912
8606,22509
8606,29700
8607,20781
8607,29804
8610,9542
8610,9992
8610,11992
8610,19276
8610,20183
8611,9039
8611,9137
8611,9683
8612,28583
8613,21528
8613,25299
8614,8795
8614,12375
8614,12984
8614,13425
8614,22779
8614,29513
8616,17460
8617,15896
8617,27835
8618,12652
8619,11259
8619,11707
8619,15500
8619,22362
8620,10723
8620,11454
8620,13580
8620,25673
8621,11786
8621,20751
8622,10895
8623,8927
8623,13598
8623,19281
8623,21108
8624,13268
8624,18960
8625,9518
8625,10800
8625,19379
8625,20246
8625,26386
8626,13429
8626,14090
8626,20085
8626,24040
8626,27802
8627,19967
8627,20133
8628,13751
8628,15222
8628,19395
8628,23851
8628,24305
8628,25538
8629,28251
8629,29151
8630,22090
8631,15307
8633,15561
8633,15953
8633,17037
8634,15160
8634,16277
8634,20765
8634,21333
8634,22003
8634,25177
8634,26127
8634,29376
8635,10202
8635,10730
8635,12694
8635,28081
8636,11065
8636,12491
8636,16457
8636,18655
8638,17366
8638,18987
8639,9525
8639,15746
8639,24110
8640,8726
8640,9350
8640,11917
8640,22808
8640,28776
8641,13999
8641,14435
8641,17022
8641,19846
8641,22961
8641,27093
8641,28646
8642,13134
8642,14917
8642,21706
8642,26984
8642,29333
8643,9419
8643,16573
8643,24650
8643,27114
8644,10329
8644,13893
8644,21383
8645,9099
8645,21080
8646,14898
8646,15452
8646,22241
8646,26378
8647,13980
8647,20196
8648,10399
8648,12359
8648,29221
8649,17498
8651,13312
8651,15319
8651,17018
8652,11916
8652,19110
8652,20271
8652,22862
8652,26738
8653,18091
8655,10515
8655,13966
8656,9720
8656,18555
8656,20071
8656,22280
8656,27249
8657,10216
8657,28066
8658,9817
8658,17586
8658,18372
8659,17334
8659,24307
8660,19279
8662,9773
8662,14019
8662,18958
8662,24351
8662,24467
8662,29508
8663,13468
8663,16263
8663,18389
8663,20980
8663,22527
8663,26318
8664,9446
8665,21272
8665,28038
8666,22860
8666,26063
8666,26239
8667,14855
8668,13393
8668,25343
8671,20919
8671,28838
8672,9211
8672,12784
8673,16162
8673,24293
8673,28302
8674,20467
8675,8980
8675,25138
8675,29779
8676,10013
8676,16254
8676,17020
8676,27062
8677,29177
8680,9476
8680,17771
8681,13429
8681,14888
8681,19412
8681,21737
8681,25893
8682,10034
8682,23407
8682,27400
8683,14433
8683,19933
8684,28403
8685,19937
8686,13299
8686,19482
8686,22551
8686,22891
8686,23214
8686,28745
8686,29841
8687,26358
8688,23501
8688,24117
8689,11572
8689,13328
8689,13405
8689,22859
8689,23098
8689,23125
8689,26557
8690,15689
8690,16768
8691,15635
8691,17777
8691,22976
8691,23048
8691,29785
8692,15677
8692,17060
8692,18983
8692,21011
8693,12760
8693,18855
8693,19075
8693,29251
8694,17530
8695,29412
8696,11749
8696,12044
8696,13753
8696,13797
8696,14861
8696,16715
8696,20367
8696,21123
8696,27266
8697,26696
8698,9937
8699,14996
8699,25418
8700,11647
8700,12204
8700,14756
8701,10247
8701,26135
8702,27970
8703,10121
8703,10512
8703,12454
8703,12613
8703,16212
8703,22684
8703,23363
8704,9100
8704,11701
8704,18887
8704,20451
8704,24698
8704,25218
8704,27133
8705,9052
8705,10432
8705,13869
8705,15736
8705,15948
8705,21478
8705,25137
8706,17949
8707,11042
8707,20589
8707,24963
8707,26209
8707,28430
8708,10305
8708,10509
8708,12764
8708,14683
8708,29045
8709,15421
8709,15961
8709,17078
8709,19694
8709,22847
8709,23139
8710,19584
8710,21376
8710,26236
8710,28760
8711,8715
8711,9848
8711,22463
8711,26558
8712,9460
8712,9862
8712,13663
8712,15982
8713,14225
8713,15416
8713,16051
8713,18431
8713,24364
8714,16804
8715,26182
8716,12376
8716,20030
8718,15919
8718,17726
8719,12017
8719,21075
8720,16861
8721,20039
8721,24832
8722,12810
8722,15488
8722,25541
8723,11370
8723,14831
8723,25520
8724,16100
8724,16959
8724,18018
8726,22275
8727,21270
8728,15243
8728,15716
8728,23248
8728,24425
8728,26914
8729,18487
8729,28295
8730,18430
8731,15013
8732,21664
8733,23461
8733,27178
8734,9287
8734,14328
8736,16900
8736,17357
8736,26842
8736,27713
8737,11694
8737,18649
8738,16757
8738,17540
8738,24669
8739,14532
8740,9077
8740,10756
8740,25867
8741,11638
8742,19007
8742,21275
8742,29913
8743,11318
8743,16276
8744,13057
8744,24292
8745,16847
8745,29538
8746,24790
8746,26168
8747,9886
8747,19024
8747,27233
8747,29022
8747,29954
8748,22279
8748,28483
8749,24612
8749,24942
8749,29952
8754,12010
8754,17871
8754,18473
8754,18746
8754,28524
8755,28099
8757,15487
8758,13222
8759,9734
8760,9606
8760,11265
8760,24629
8761,10116
8761,11240
8761,16671
8762,12762
8762,17972
8762,23819
8762,25828
8763,28076
8764,9785
8764,11583
8764,12859
8764,18258
8764,18856
8764,20556
8764,22849
8764,26851
8765,10997
8765,14318
8765,18168
8765,28839
8767,10704
8767,27894
8768,17741
8769,9753
8769,13154
8769,14861
8769,17713
8769,23408
8769,24594
8769,27123
8770,10354
8770,16595
8770,17246
8770,20394
8770,22059
8770,27555
8772,19934
8773,10036
8773,16378
8774,17983
8774,19896
8774,21099
8774,28042
8775,9812
8775,10991
8775,20843
8775,24519
8775,25224
8775,26002
8775,27308
8776,19724
8776,21586
8777,21159
8777,24374
8778,9787
8778,12508
8778,19664
8778,24358
8778,26275
8779,9222
8779,17720
8779,24962
8781,15389
8781,23697
8781,26476
8782,15721
8782,19125
8782,20512
8782,20566
8782,21225
8782,22230
8782,25526
8783,25499
8784,12629
8784,23845
8784,29719
8785,10941
8785,22620
8785,22658
8785,24064
8786,26194
8786,29748
8787,9274
8787,15006
8787,26750
8787,26921
8788,10633
8788,11953
8788,23134
8789,9206
8789,9765
8789,12188
8789,21508
8789,22992
8789,28886
8790,19392
8791,11793
8791,16552
8792,15685
8793,15323
8795,9838
8795,16613
8795,20098
8796,19294
8796,25321
8797,10987
8797,21714
8798,16402
8798,18770
8799,9481
8799,18605
8799,26383
8799,27193
8801,22800
8802,11422
8802,17576
8802,21967
8802,26242
8802,28377
8803,17706
8804,15137
8804,16264
8805,9184
8805,13873
8805,15057
8805,21643
8806,20765
8806,26448
8808,15022
8809,9610
8809,11358
8809,21458
8809,21565
8812,21663
8813,8971
8813,15984
8813,25612
8814,9329
8814,20475
8814,29721
8815,14904
8815,21829
8815,26004
8815,26983
8816,22801
8816,24652
8818,11347
8819,9586
8819,17334
8819,24471
8820,11904
8821,13448
8821,20681
8821,25423
8822,14409
8822,17061
8822,25862
8822,27265
8823,10043
8823,17462
8823,24973
8824,14184
8824,18277
8824,28582
8825,9028
8825,9071
8825,16179
8825,16927
8825,19307
8825,20124
8825,21444
8825,23078
8826,11188
8826,22075
8826,27544
8827,29643
8828,18433
8828,19278
8829,11305
8829,15368
8829,23901
8830,9094
8830,11936
8830,20014
8831,10189
8831,14948
8832,18779
8832,22852
8833,14803
8833,14907
8834,10242
8834,15981
8834,16082
8834,16749
8834,18978
8835,18133
8835,25392
8835,29971
8836,13680
8836,20244
8838,14236
8838,25544
8839,8840
8839,26126
8839,28545
8840,12598
8840,12624
8840,16829
8840,18763
8840,20999
8840,21755
8840,23098
8840,27259
8841,10795
8841,13297
8841,16185
8841,20366
8841,23890
8841,25708
8842,10795
8842,18638
8842,23378
8842,23578
8843,14307
8843,16465
8843,19857
8843,21047
8843,27685
8844,17669
8844,18124
8844,26742
8844,28654
8845,9456
8845,18534
8846,26952
8847,9939
8847,21247
8848,11438
8848,15213
8848,23251
8848,29163
8849,23398
8850,21270
8850,22426
8850,25457
8851,28268
8852,10273
8852,12251
8852,13562
8852,20258
8852,23426
8852,23429
8853,15537
8853,20577
8853,24269
8854,13440
8854,15805
8855,19327
8855,23354
8856,12329
8856,13294
8856,13430
8856,15073
8856,17585
8857,10431
8857,10476
8857,13279
8857,26657
8858,9769
8858,12372
8858,26898
8858,28433
8859,9174
8859,10141
8859,12769
8862,9515
8862,10697
8862,26796
8862,27728
8862,27804
8863,15927
8863,18128
8863,22877
8864,11745
8864,13520
8864,22548
8864,28007
8864,28269
8864,29696
8865,9563
8865,11298
8865,11381
8865,12471
8865,18851
8865,22712
8865,22803
8865,25106
8865,26465
8865,27346
8867,20927
8867,21748
8867,23793
8867,27554
8868,19442
8868,19968
8868,22477
8868,27262
8870,19402
8870,22110
8870,22650
8870,24050
8870,25420
8870,28501
8872,13754
8872,18977
8872,23445
8872,27083
8873,9375
8874,18595
8874,22820
8874,27997
8874,28629
8875,14900
8875,15676
8875,21348
8875,24556
8875,29198
8876,10798
8876,14594
8876,18676
8876,20064
8876,25407
8877,19104
8878,10783
8878,11188
8878,12069
8878,19163
8878,22114
8878,27822
8879,9010
8879,20067
8880,15052
8881,22758
8881,22919
8881,26495
8882,12555
8882,13718
8882,17859
8882,23263
8882,27031
8884,13576
8884,18803
8886,29028
8887,21246
8887,27029
8888,14735
8888,26314
8889,15434
8889,19275
8890,17082
8891,10178
8891,12022
8891,15882
8891,18065
8891,18917
8891,19406
8891,26087
8892,10307
8892,24874
8892,25507
8892,26937
8893,17786
8895,20241
8895,24320
8896,23239
8897,14581
8897,20465
8897,28624
8899,13063
8899,14482
8899,15716
8899,25819
8900,14060
8901,13879
8903,10662
8903,11996
8903,19723
8903,24614
8903,29178
8905,10228
8905,15842
8905,23755
8907,21639
8908,13068
8909,11443
8910,10104
8910,16152
8911,13406
8911,16247
8911,16398
8911,24578
8911,26013
8911,26721
8911,27460
8911,29977
8912,9809
8912,10310
8912,11423
8912,13094
8912,17041
8912,17323
8912,24747
8912,27936
8913,20250
8913,23647
8914,10089
8914,15936
8914,17226
8914,20216
8915,12072
8915,12328
8915,14324
8915,15399
8915,17038
8915,18337
8915,24550
8916,22682
8917,24924
8919,15001
8920,23220
8920,25783
8921,12762
8921,12811
8921,13695
8921,18607
8921,22759
8921,24659
8921,29910
8922,27683
8923,13099
8923,28386
8924,14657
8924,16968
8924,17152
8924,17860
8924,21456
8924,25837
8924,26422
8925,21017
8926,9551
8926,10270
8926,11825
8926,22624
8927,12455
8927,12611
8927,12947
8927,14917
8927,15016
8927,17535
8927,18078
8927,21233
8927,25468
8928,12976
8928,15615
8928,28184
8930,12104
8930,17203
8930,17840
8930,18401
8931,12270
8932,8985
8932,13446
8932,14260
8932,24844
8932,27595
8933,12571
8933,27830
8934,9673
8934,11631
8934,11928
8934,15465
8934,16368
8934,19184
8934,20709
8934,22781
8934,23319
8934,25854
8934,26429
8934,29820
8935,16143
8935,16743
8935,26156
8936,13639
8936,16947
8936,27322
8937,9301
8937,11973
8937,14098
8937,26985
8939,13200
8939,15207
8939,17639
8940,16728
8940,21974
8940,24854
8940,26456
8941,10156
8941,13244
8941,15788
8941,20220
8941,23074
8941,28781
8942,12749
8942,14752
8942,19558
8942,27769
8943,18008
8944,26527
8944,29519
8946,28455
8947,9684
8947,24063
8948,10976
8948,12436
8948,13607
8948,14372
8948,21052
8948,24147
8948,25625
8948,27917
8949,15133
8950,10349
8950,13046
8950,15779
8950,17359
8950,20901
8950,24281
8950,26900
8950,28885
8951,9257
8951,10830
8952,26210
8953,12083
8953,24865
8954,10388
8954,13062
8954,17312
8954,25273
8955,10851
8955,12006
8955,22018
8956,9165
8957,9208
8957,9491
8957,12182
8957,23932
8960,11380
8960,14418
8960,15342
8960,18845
8960,23199
8960,24357
8960,29927
8961,13386
8961,15804
8962,10255
8962,13045
8962,13948
8962,14013
8962,14833
8963,15543
8963,24279
8964,10424
8964,10716
8964,13430
8964,21461
8965,13499
8965,27750
8965,28279
8965,28992
8966,15449
8966,27545
8967,20579
8967,27258
8968,12446
8968,16260
8968,27949
8970,20425
8972,14652
8972,15468
8972,21095
8972,24390
8973,12056
8974,21906
8976,9124
8976,11246
8977,10518
8978,11696
8978,15234
8979,10537
8979,19220
8979,20668
8979,24793
8979,28934
8981,15123
8981,16475
8981,18793
8981,27372
8981,29391
8982,11189
8982,18475
8982,18716
8982,19166
8982,26070
8982,27712
8983,11852
8983,12774
8984,10100
8984,14266
8985,14532
8985,18553
8985,20864
8985,26401
8986,22543
8986,23749
8987,21188
8988,9568
8988,14376
8988,16920
8988,18642
8989,24816
8990,11007
8990,11285
8990,14288
8990,18898
8991,25362
8991,28697
8992,9580
8992,17602
8993,9421
8995,17992
8995,18697
8996,15496
8996,16324
8996,23656
8996,26215
8997,16521
8997,24396
8998,24103
8999,11536
8999,19969
9000,11157
9001,9608
9001,14465
9001,20120
9001,20124
9002,15247
9002,19973
9002,23765
9002,26187
9003,13571
9003,19850
9004,24798
9004,28076
9005,22894
9005,24628
9006,19000
9006,28965
9007,10345
9007,15043
9007,19510
9007,20598
9007,21593
9007,22897
9007,24725
9008,14922
9008,19480
9008,24663
9008,28109
9009,11540
9009,16766
9009,20685
9010,11847
9011,13972
9011,25851
9011,29860
9012,9196
9012,21313
9013,17803
9015,12558
9015,22911
9016,9318
9016,19335
9016,21705
9016,29674
9017,19144
9018,9278
9018,16096
9018,22638
9019,11439
9019,24014
9021,18964
9021,26302
9022,19131
9022,20526
9022,28598
9024,12711
9026,9098
9026,10891
9026,14143
9026,15081
9026,18370
9026,19079
9026,19236
9026,22294
9026,25699
9027,26152
9029,9038
9029,21403
9030,11211
9030,20413
9031,12996
9031,26924
9032,9043
9032,19621
9032,19832
9032,22033
9032,26286
9032,27686
9033,14572
9034,11038
9034,17129
9034,23896
9035,22568
9036,10913
9036,13334
9037,15814
9037,27858
9038,12699
9039,9709
9039,10411
9039,15213
9039,17629
9039,18259
9039,21023
9039,21087
9039,21988
9039,28893
9041,10898
9042,16575
9042,23031
9042,23039
9043,26666
9044,9404
9044,11490
9044,18023
9044,21385
9044,21413
9044,21783
9044,25537
9044,26752
9044,27939
9045,15737
9046,9313
9046,10129
9046,13910
9046,14830
9046,15803
9046,16405
9046,17365
9046,19817
9046,21046
9046,22579
9046,22737
9046,24297
9046,29528
9047,11768
9047,18230
9047,29695
9048,9212
9048,11672
9049,9650
9049,11231
9049,16741
9049,28999
9051,14241
9051,17857
9051,22438
9051,24597
9051,27972
9052,10070
9052,24270
9053,27797
9054,11102
9054,13443
9054,27251
9055,16982
9055,20337
9055,28790
9055,28908
9056,13420
9058,11758
9058,15621
9058,16973
9058,19785
9059,23949
9061,11324
9063,10710
9063,12075
9063,21205
9063,28855
9063,29570
9064,21711
9064,22187
9066,23168
9068,9976
9068,10968
9068,12503
9068,15159
9068,15692
9068,16878
9068,19769
9068,22791
9068,22836
9068,26752
9069,13127
9069,21281
9070,27556
9071,13001
9071,14866
9071,18919
9071,20531
9071,24995
9072,10019
9073,9303
9073,10268
9073,12144
9073,13730
9073,16697
9073,23624
9074,23583
9075,12077
9075,16527
9077,22347
9077,25732
9077,25852
9078,24503
9078,27019
9079,13713
9079,19433
9080,15227
9080,20221
9080,27680
9080,28740
9081,10103
9081,12522
9081,21253
9081,27407
9082,10732
9082,20768
9082,24009
9082,25920
9083,20844
9084,11116
9084,12977
9085,10381
9085,12857
9085,14071
9086,10818
9086,22736
9087,12998
9087,16809
9087,21094
9087,23165
9087,24523
9088,9301
9088,14542
9089,19627
9089,23022
9090,15181
9090,16211
9090,23191
9090,23486
9090,24108
9090,24845
9090,24968
9090,29281
9091,9845
9091,15970
9092,15333
9093,12485
9093,25269
9093,27682
9094,10726
9094,11710
9094,12927
9094,13469
9094,17441
9094,20910
9095,18409
9097,9649
9097,22464
9098,17365
9098,26292
9099,29472
9100,14909
9101,14020
9101,17981
9102,15146
9102,18183
9102,18819
9102,21420
9103,18636
9104,20421
9105,25755
9106,24717
9109,22898
9110,25930
9110,27772
9111,11455
9111,12781
9111,17550
9112,9232
9114,11577
9114,12678
9114,17900
9114,28729
9115,25483
9116,12930
9116,25515
9117,9600
9117,9607
9117,11805
9117,14585
9117,15835
9117,21451
9118,10052
9118,21068
9119,10409
9119,17741
9119,20084
9119,21540
9119,23596
9119,28484
9120,19877
9120,28602
9121,10843
9121,20199
9121,29905
9122,12465
9123,12655
9123,17327
9123,18352
9123,28256
9123,29395
9124,9556
9124,22067
9124,29304
9125,11141
9125,20779
9125,22510
9127,12500
9127,15444
9127,17903
9128,27458
9128,28372
9129,12376
9129,18303
9129,24076
9130,9569
9130,14910
9130,17217
9130,26351
9130,26804
9130,28546
9131,9550
9132,10371
9132,11580
9132,12360
9132,25826
9134,16746
9134,21875
9135,10689
9136,12955
9136,14794
9136,15930
9136,18779
9136,18965
9136,20495
9137,19036
9138,9158
9138,17370
9138,19247
9139,14510
9141,12223
9141,13825
9141,14779
9141,23934
9142,20327
9142,22433
9144,9394
9144,13981
9144,14206
9144,16597
9144,21951
9144,26987
9147,12632
9147,28906
9148,14489
9148,17180
9149,12015
9149,27931
9150,10075
9150,13322
9151,11112
9151,16726
9151,28085
9157,9770
9157,14032
9158,9167
9158,20139
9158,25432
9158,25610
9158,26941
9161,16286
9161,18101
9163,13581
9163,14343
9163,15335
9163,16347
9164,11835
9164,23100
9165,9809
9165,13628
9166,22100
9166,27271
9166,29808
9167,12030
9167,15444
9167,28871
9169,27945
9171,11839
9171,22166
9171,22750
9171,27696
9172,9176
9172,22641
9173,23566
9174,10701
9174,11716
9174,14088
9174,19166
9174,28417
9175,12942
9175,18182
9175,26389
9176,13335
9176,27486
9177,11791
9177,16626
9177,20253
9177,21358
9178,14061
9179,27678
9180,11964
9180,13439
9180,22459
9181,12401
9181,12616
9181,13505
9181,15019
9181,20780
9181,21072
9181,21411
9181,22353
9181,22913
9182,10101
9183,29366
9184,9489
9184,13961
9184,16970
9184,22997
9186,14802
9186,16086
9186,17466
9186,18044
9189,9681
9189,13130
9189,13488
9189,13690
9189,15574
9189,16820
9189,18094
9189,18927
9189,19545
9189,22278
9189,22932
9189,24819
9189,24972
9189,28259
9190,18967
9190,22589
9191,11935
9191,14007
9191,14250
9191,14914
9191,17652
9191,21272
9191,25064
9191,25578
9191,28485
9192,10656
9193,11586
9193,18303
9193,19965
9193,21268
9193,23728
9193,27390
9193,29573
9194,20892
9195,20194
9195,26799
9195,28118
9196,27561
9197,11018
9197,12856
9197,17050
9197,25060
9197,25106
9197,27984
9198,9414
9198,10672
9198,17882
9198,20240
9198,20341
9198,21020
9198,26535
9199,10681
9199,27519
9202,10398
9202,22648
9203,20848
9203,24029
9204,12332
9204,12884
9204,21460
9204,22242
9205,12520
9205,13911
9205,15433
9205,17056
9205,19154
9205,21731
9206,13860
9206,14721
9206,15903
9206,17663
9206,22642
9207,14293
9207,17877
9208,11060
9208,19821
9210,24840
9211,11517
9211,15042
9212,29955
9213,15590
9213,20036
9214,18465
9215,11956
9215,17971
9216,17874
9217,22811
9217,28563
9218,16487
9218,23852
9218,25916
9218,29263
9219,12422
9220,25763
9221,10532
9221,16647
9221,24390
9221,25675
9223,17914
9225,12153
9225,14014
9225,14020
9225,15656
9225,17598
9225,18956
9225,23203
9225,23395
9225,24479
9225,27716
9227,18351
9229,10939
9229,12908
9229,14677
9229,18238
9229,19853
9229,26845
9229,27709
9229,29393
9230,11202
9230,12369
9230,25315
9231,21824
9232,17751
9232,28695
9233,18712
9234,11444
9234,14000
9236,9887
9236,10923
9236,16767
9237,11729
9237,22262
9237,24532
9237,28158
9237,28542
9238,22361
9239,13891
9241,15893
9245,11746
9245,12588
9245,13535
9245,17209
9245,24101
9246,9749
9246,12889
9246,13150
9246,13536
9246,21651
9247,12678
9247,21440
9247,27676
9249,10897
9249,20315
9249,27314
9250,17188
9251,15921
9251,16642
9251,25628
9252,14919
9253,18884
9255,9586
9255,9737
9255,20253
9255,25112
9255,26573
9256,9962
9257,9652
9257,12808
9257,15954
9257,17453
9257,19070
9257,22014
9258,18331
9258,22934
9259,10785
9259,14107
9259,14225
9259,19621
9259,21936
9259,25162
9260,12365
9260,14912
9260,18130
9261,12699
9262,22695
9262,22734
9262,23699
9262,29838
9264,12341
9264,12511
9264,14130
9264,17339
9264,21027
9265,20052
9265,28767
9266,12113
9266,22128
9267,12879
9267,17236
9267,24579
9267,26815
9268,9804
9268,16727
9268,17727
9269,10181
9269,21125
9270,10677
9270,12380
9270,18276
9270,24085
9270,25544
9270,25621
9271,12961
9271,26508
9271,27718
9271,27908
9271,28385
9272,14452
9272,14808
9272,24847
9272,29477
9273,11965
9273,25470
9273,25534
9274,16120
9274,17407
9275,25402
9275,26638
9276,22157
9278,9815
9278,24154
9279,14429
9280,17136
9280,19486
9281,15815
9281,16648
9281,17786
9281,24256
9282,12474
9282,20810
9283,16577
9283,20161
9284,10051
9284,17613
9285,26855
9286,9827
9286,11261
9286,16468
9287,20703
9287,21650
9288,9979
9288,23798
9288,23890
9289,16180
9290,13565
9291,14050
9291,15458
9291,21260
9292,9966
9292,11147
9292,14867
9292,21139
9292,21611
9293,13910
9293,22454
9294,11101
9294,11251
9294,17963
9295,14116
9295,21419
9296,11947
9296,18380
9296,19467
9297,11284
9297,14859
9297,14956
9297,23676
9297,26497
9297,28092
9297,29913
9299,13185
9300,18970
9301,12240
9301,21161
9301,22269
9301,29302
9301,29834
9302,9642
9302,11576
9304,12135
9304,13177
9304,15915
9304,23313
9304,24850
9305,12564
9306,10966
9306,11748
9306,16325
9306,22231
9306,26435
9307,9473
9307,26693
9307,26894
9308,14002
9308,16416
9308,29130
9309,13697
9309,18302
9309,26196
9310,18314
9311,10717
9311,14391
9312,9675
9312,11505
9312,12499
9312,13483
9312,14095
9312,14425
9312,14667
9312,16806
9312,16983
9312,19964
9312,20194
9312,23586
9312,26345
9312,29511
9313,27917
9314,12097
9314,28909
9314,29897
9315,10563
9315,12602
9315,12796
9315,18231
9315,25974
9315,26876
9315,27431
9317,14665
9317,23939
9318,11243
9318,14392
9318,20372
9319,10988
9319,19681
9319,21917
9319,27997
9319,28264
9319,29081
9320,12978
9320,29745
9321,10667
9321,16414
9322,13749
9322,14305
9323,9965
9323,10867
9323,14338
9323,22629
9323,22792
9324,13778
9325,9376
9325,10361
9325,11032
9325,12387
9325,19991
9325,22554
9325,26630
9326,12368
9326,17102
9326,19307
9326,20491
9326,28253
9327,11363
9327,25473
9328,20041
9329,11032
9329,12785
9329,21783
9330,15268
9330,26150
9330,27543
9332,10058
9332,13529
9332,24341
9332,26146
9332,27947
9335,11793
9335,17572
9336,19522
9336,23348
9336,24703
9337,12448
9337,13203
9337,16353
9337,18986
9337,21585
9337,27837
9337,28784
9338,12330
9338,24560
9338,25296
9339,11550
9339,15698
9339,29894
9340,16601
9340,19010
9341,17092
9341,25217
9342,11753
9342,18874
9342,19488
9342,29766
9343,12820
9343,17070
9343,20617
9343,21214
9343,26989
9344,19220
9345,12702
9345,13584
9346,20747
9346,26221
9346,26466
9347,10575
9347,12230
9347,13787
9347,22497
9347,24809
9349,9826
9350,10442
9350,16402
9350,21697
9350,22255
9350,25637
9350,25897
9350,26608
9350,27749
9350,28594
9350,28720
9352,11085
9352,15646
9352,16666
9352,19802
9352,25614
9352,28419
9353,10028
9353,20308
9354,23259
9354,24807
9355,10170
9355,23164
9356,11986
9356,23103
9357,13043
9357,16557
9357,26367
9358,17112
9358,19369
9358,19805
9358,20554
9358,23524
9360,27857
9361,13570
9361,29023
9363,13110
9364,16397
9364,17885
9365,13671
9365,15267
9366,11062
9366,17013
9366,21221
9366,22810
9366,23027
9366,26010
9368,11515
9369,19916
9370,9839
9370,16383
9370,23133
9370,25803
9371,10227
9371,14249
9371,15765
9372,19588
9372,22456
9373,12799
9373,24382
9374,11851
9374,17813
9374,25943
9374,27232
9374,29597
9375,10102
9375,12868
9376,12552
9376,13317
9376,15550
9376,16476
9376,21267
9376,22139
9376,24369
9376,25929
9376,29360
9378,10778
9378,13469
9378,14201
9378,16378
9378,18050
9378,18844
9378,24757
9380,9982
9380,11226
9380,18914
9380,19789
9380,24106
9380,27100
9381,11082
9381,12345
9382,9756
9382,10452
9382,12336
9382,13377
9382,16020
9382,27357
9382,28834
9383,13508
9383,15724
9383,24265
9383,26064
9383,26565
9384,13831
9386,12417
9386,18913
9386,25234
9386,26310
9387,9788
9387,10746
9388,12770
9388,29837
9389,23366
9390,23406
9390,26569
9390,26574
9391,11542
9391,12113
9391,15989
9391,24432
9392,10124
9392,16574
9392,19235
9392,22751
9393,25129
9393,26841
9394,11649
9394,11842
9395,12195
9395,13380
9395,16794
9395,21831
9395,23045
9396,16278
9396,18931
9397,20291
9398,14763
9399,23124
9399,23208
9399,26740
9399,27388
9400,15597
9401,10659
9401,11353
9402,12738
9402,18786
9402,19530
9402,19615
9402,22055
9402,24301
9402,25000
9402,28205
9402,28746
9402,28944
9403,16149
9403,22384
9406,11506
9406,11520
9406,15179
9406,22526
9406,24186
9406,25785
9406,28947
9407,11420
9407,14970
9407,23444
9407,24484
9408,9885
9408,15273
9408,17731
9408,19345
9409,13538
9409,16439
9409,17564
9410,17229
9410,20993
9410,21097
9410,21665
9410,27852
9410,29063
9411,14505
9411,18195
9411,19254
9411,23759
9411,28138
9412,25233
9412,26960
9413,10136
9413,11743
9413,12076
9413,13031
9413,13395
9413,16917
9413,18714
9414,9549
9414,16602
9414,29856
9415,11382
9415,12714
9415,15585
9415,23062
9415,27940
9416,10248
9416,10998
9416,21419
9416,22511
9416,24480
9417,9750
9418,12454
9418,14369
9418,19037
9418,25133
9419,13224
9421,18974
9422,17055
9422,20511
9424,16393
9425,13461
9425,15310
9425,23073
9426,27922
9427,11422
9427,11882
9427,14608
9427,19092
9427,24634
9428,19636
9428,24863
9431,13966
9431,29744
9432,15534
9434,16913
9434,17289
9435,10792
9437,18199
9437,25808
9438,13977
9439,21941
9440,16200
9440,18388
9440,19941
9440,21406
9440,21518
9440,28785
9442,19981
9442,21361
9444,12279
9444,15778
9444,17432
9444,18673
9444,21973
9444,27292
9445,11090
9445,11483
9445,14201
9445,19108
9445,19159
9445,20829
9446,11191
9446,20483
9446,23051
9446,24920
9446,29822
9447,11625
9447,16532
9447,16821
9447,20137
9448,14702
9448,18574
9448,21038
9448,21325
9448,24662
9449,27538
9451,10953
9452,11645
9452,15014
9452,15181
9452,25894
9452,27543
9454,15279
9454,25860
9455,21578
9456,16571
9457,11033
9457,24970
9458,9777
9458,11275
9458,12501
9458,20742
9458,25281
9458,27453
9459,10573
9459,12319
9459,18555
9459,27201
9462,10531
9462,14091
9462,14309
9462,23518
9463,12081
9463,29103
9464,9710
9464,29719
9466,15438
9467,9836
9467,10379
9467,13775
9467,18506
9470,12438
9470,12451
9470,17083
9470,24426
9471,14133
9472,10141
9472,15859
9474,22806
9474,24469
9474,27409
9475,11653
9475,12954
9475,13511
9476,11158
9476,12364
9476,16949
9476,27199
9478,24324
9479,10868
9481,12299
9481,18418
9481,24198
9481,25319
9481,27422
9482,11227
9482,28274
9483,12674
9483,20698
9483,22408
9483,23317
9483,29502
9484,22529
9485,11189
9485,16394
9485,27014
9486,26860
9486,28806
9487,28277
9488,17288
9488,20658
9488,25261
9488,26594
9489,14039
9489,14242
9489,15799
9489,19469
9489,29684
9490,9826
9490,10817
9490,21310
9491,10080
9491,18403
9491,18858
9491,21586
9492,9812
9492,14548
9492,16719
9492,21475
9492,26596
9493,13369
9495,23894
9495,24422
9496,11377
9496,19115
9496,22488
9500,22706
9501,18717
9502,9636
9503,16140
9503,29284
9504,23391
9505,20994
9506,10229
9506,12224
9506,15533
9508,29094
9509,21717
9510,19072
9511,11676
9511,12227
9511,27696
9511,28142
9512,13360
9512,15199
9512,20207
9512,21971
9515,10718
9515,16711
9515,21180
9515,24805
9516,26036
9517,12452
9518,18680
9519,25184
9519,28323
9520,9902
9520,13164
9520,13647
9520,16779
9520,21609
9520,25104
9521,10307
9521,15801
9521,27427
9524,20094
9524,29046
9525,23384
9526,14203
9526,16080
9526,16808
9526,22829
9526,28660
9527,9958
9527,28684
9528,17536
9528,25404
9528,27796
9529,10563
9530,21846
9532,10700
9532,11795
9532,12901
9532,20494
9532,28659
9533,10042
9533,28639
9533,29384
9534,17022
9534,21349
9535,11214
9535,14140
9536,12888
9536,15823
9536,16808
9536,20380
9536,21483
9537,21154
9538,12990
9540,9886
9540,11267
9540,11826
9540,18641
9540,23850
9540,24824
9540,29332
9541,10685
9541,12627
9541,18059
9541,22245
9541,22872
9541,26733
9542,13668
9542,15336
9542,17997
9542,21351
9542,23758
9542,24903
9543,13123
9543,18672
9545,11575
9545,20746
9545,22430
9545,24067
9545,24226
9545,26370
9546,16310
9546,19216
9546,29938
9547,22079
9547,22634
9547,28003
9548,10176
9549,9599
9549,12550
9549,13153
9549,18220
9549,18947
9549,19403
9550,19056
9551,9647
9551,17373
9551,20260
9552,9737
9552,13662
9552,14995
9552,18702
9553,15930
9553,17110
9555,12688
9555,17013
9555,27634
9556,16066
9556,16353
9557,28753
9559,17916
9559,25343
9561,20618
9562,10149
9562,11416
9562,15696
9562,16242
9562,23823
9563,9838
9563,23474
9564,22308
9565,29413
9566,10578
9566,12116
9566,15849
9566,16348
9566,16714
9566,21524
9567,15818
9568,9663
9568,11051
9568,11269
9568,18503
9570,29092
9571,9877
9571,22043
9571,27231
9572,27039
9573,9699
9573,18325
9574,10366
9574,12397
9574,13518
9574,14862
9574,20891
9574,22418
9575,10595
9575,11198
9575,18367
9576,17598
9576,19728
9576,20067
9576,27665
9577,12295
9578,16463
9578,27188
9578,29828
9580,11290
9580,12174
9580,15952
9580,17150
9580,19326
9580,21285
9580,21496
9580,27185
9581,16686
9583,14535
9583,21136
9584,18196
9587,12581
9587,24285
9588,21812
9589,12150
9589,15097
9589,24356
9590,11379
9590,26840
9590,29600
9591,13806
9591,20331
9591,20582
9591,20586
9591,22227
9591,28058
9592,13462
9592,20425
9594,16117
9596,9844
9596,28013
9597,16746
9597,19654
9598,10727
9598,12387
9598,12482
9598,18654
9598,20683
9598,21744
9598,22865
9598,23094
9598,26692
9599,15869
9599,17828
9599,22822
9601,17667
9601,29703
9602,18671
9602,22792
9602,23388
9603,11166
9603,15469
9603,25148
9603,28678
9603,29240
9605,10760
9605,12213
9605,12337
9605,22434
9606,13701
9606,15343
9607,21608
9608,10081
9608,14607
9609,29018
9610,23802
9610,26061
9612,13421
9613,13211
9613,18651
9613,19287
9614,14752
9614,16041
9614,19568
9614,20135
9614,26646
9614,29185
9614,29205
9615,13600
9615,18336
9615,20623
9615,24234
9615,24654
9617,11883
9618,20798
9619,10053
9619,27923
9620,10898
9620,12915
9620,14299
9620,19666
9620,28597
9621,12948
9621,13706
9621,14154
9622,14115
9622,15390
9622,15583
9623,13592
9623,15325
9623,19687
9624,13743
9626,11329
9627,17547
9627,19207
9627,24924
9628,11498
9628,11702
9628,11988
9628,14299
9628,18067
9628,19648
9628,27733
9629,13334
9630,12062
9630,22710
9631,11537
9631,12040
9632,9665
9632,10430
9632,18890
9633,18996
9633,23340
9634,10712
9634,10946
9634,11542
9634,17793
9634,22954
9634,28252
9635,20901
9635,24256
9636,16117
9636,19508
9636,26588
9637,22216
9637,25123
9638,13935
9638,14768
9638,22705
9639,13482
9639,28511
9639,28818
9640,12236
9640,15103
9640,29121
9641,13674
9641,15640
9645,10985
9645,17205
9647,16252
9647,22105
9647,23089
9649,18050
9649,28608
9651,11562
9651,19508
9651,19909
9651,19999
9651,27239
9652,17788
9652,24087
9652,24493
9653,17179
9653,22474
9653,27193
9654,17441
9654,21199
9654,22605
9656,22432
9657,15544
9657,23080
9657,24023
9659,13986
9659,17892
9659,18378
9660,9801
9660,14312
9660,22889
9660,26689
9662,11261
9664,15733
9664,20884
9664,26990
9666,22842
9666,28333
9666,28851
9667,12734
9667,16254
9668,13166
9668,14715
9668,14902
9668,18931
9668,19062
9668,25919
9668,26253
9668,26864
9669,9758
9669,21651
9670,9716
9670,23639
9672,17909
9673,13919
9673,28686
9674,21441
9675,12691
9675,27823
9676,12807
9677,27378
9678,12656
9678,22356
9678,25821
9679,11679
9679,15707
9679,17422
9679,19662
9679,21909
9680,13139
9680,25041
9680,29344
9681,20972
9682,11024
9682,12432
9682,12455
9682,12943
9682,18550
9682,18828
9682,20633
9683,15432
9683,15952
9684,14893
9684,22881
9684,23177
9685,23182
9686,15189
9688,13290
9688,14938
9688,16026
9689,22428
9690,13059
9690,22015
9692,13911
9692,23176
9693,11553
9693,28215
9694,13129
9694,20110
9694,20287
9694,28257
9697,19534
9699,16771
9699,18901
9701,22627
9706,23596
9706,24098
9706,25017
9707,13230
9707,15452
9707,24124
9708,15874
9708,24500
9708,24729
9709,12188
9709,15283
9709,20415
9710,17404
9711,11162
9711,29383
9712,12201
9712,28078
9712,28522
9714,11627
9714,17064
9714,19843
9714,21293
9714,25175
9715,9745
9715,18233
9715,28825
9716,16448
9717,18032
9717,19658
9717,23113
9719,23892
9720,25749
9721,16743
9721,17959
9721,22448
9723,20833
9723,25655
9724,12999
9724,14915
9724,15506
9724,17054
9724,17941
9724,19885
9724,28833
9726,19645
9727,20675
9728,28566
9729,20939
9730,15642
9730,24006
9731,21710
9731,26000
9732,11493
9732,14322
9732,16545
9732,17377
9732,18167
9732,21342
9732,24298
9732,24574
9732,26797
9733,13761
9733,27619
9734,18423
9734,20341
9735,14895
9735,15866
9735,19047
9735,23459
9735,25087
9736,12579
9736,20073
9736,25688
9737,21086
9738,10260
9738,11744
9738,19965
9738,22784
9738,25440
9738,26865
9738,29365
9738,29761
9738,29919
9740,17268
9740,26586
9741,12432
9741,17815
9741,18225
9742,23919
9743,21101
9744,11440
9744,17358
9744,25278
9745,16478
9746,11072
9746,14568
9746,14995
9746,21772
9746,26790
9748,17695
9748,29567
9749,26818
9750,13984
9750,14496
9750,20701
9750,27628
9751,24719
9751,28567
9752,25279
9753,9886
9753,12356
9753,12835
9753,20557
9753,21371
9753,22934
9753,26982
9754,12600
9754,13993
9754,15604
9754,16878
9754,27117
9754,28385
9755,11246
9755,11265
9755,15826
9755,16429
9755,27203
9755,27450
9756,24802
9757,10321
9757,17142
9757,17841
9757,17931
9757,22944
9757,25459
9758,25069
9758,28775
9760,13828
9760,19867
9760,28222
9761,24929
9762,10030
9762,15810
9763,10619
9763,14170
9763,17251
9763,24108
9764,10779
9764,12522
9764,18209
9764,21286
9764,28419
9765,13968
9766,15912
9766,22460
9769,17012
9769,20087
9769,23395
9769,29717
9770,27462
9771,9907
9771,17728
9771,18291
9771,20867
9771,23254
9771,26398
9771,28122
9772,27171
9773,11704
9773,12858
9773,15949
9773,19591
9773,22710
9774,11671
9774,14178
9774,15166
9774,19196
9774,24774
9774,27782
9775,13121
9776,18361
9777,20037
9778,11499
9778,12742
9778,29896
9779,17274
9780,13080
9780,23093
9780,27026
9781,12469
9781,14616
9781,16093
9781,18768
9781,20584
9781,24897
9781,25848
9781,26903
9781,27177
9781,29561
9782,13251
9782,22452
9782,22597
9782,25686
9783,10792
9783,11920
9784,18575
9785,15456
9786,9808
9786,20970
9787,26938
9788,14502
9788,15567
9789,20883
9789,21318
9789,28067
9789,28308
9790,25779
9791,16700
9791,24676
9793,11523
9793,14658
9794,15720
9794,22188
9797,21592
9798,10544
9798,15659
9798,16876
9800,9914
9800,11887
9800,18786
9800,19690
9800,22282
9803,11094
9803,11389
9803,13459
9803,17311
9803,17572
9805,19304
9805,22795
9805,25425
9806,12966
9807,21107
9807,28155
9807,29790
9809,19094
9809,21621
9809,25460
9809,27888
9810,26891
9811,10230
9811,17571
9811,17898
9813,10120
9813,19333
9814,12868
9814,18281
9814,22066
9814,27722
9815,11741
9815,16145
9816,10333
9816,25945
9818,14783
9818,20973
9818,23092
9818,28899
9819,17917
9820,12167
9820,23406
9821,11074
9821,13371
9822,11356
9822,25634
9822,26393
9823,14432
9823,20225
9824,10433
9824,13150
9824,14614
9825,14407
9825,15312
9826,12041
9826,18924
9827,14529
9827,15402
9827,22201
9828,14842
9828,27920
9831,12623
9831,26221
9831,28802
9832,12081
9833,10931
9834,10439
9834,15507
9835,19352
9835,21725
9836,27283
9836,29014
9838,14259
9838,27205
9839,18547
9839,18727
9839,23425
9841,11809
9841,13824
9841,18931
9841,27345
9842,18845
9842,28919
9843,10041
9843,15243
9844,21201
9844,26543
9845,14241
9845,20137
9845,27158
9845,28508
9845,29029
9846,16490
9846,29512
9847,11704
9847,29110
9848,12568
9848,28492
9849,16200
9850,12458
9850,20808
9854,12653
9854,25055
9854,29312
9855,10297
9855,14089
9855,28022
9856,14976
9856,16915
9856,17836
9857,11068
9857,26066
9857,28545
9858,18103
9858,21928
9858,25274
9859,13712
9859,15718
9860,10935
9860,12922
9862,19755
9863,20101
9863,20613
9863,24898
9863,26227
9864,10243
9864,14151
9864,15934
9864,20539
9865,10645
9865,23135
9865,26121
9866,10364
9866,14864
9866,15454
9866,20611
9866,22007
9866,24257
9866,26687
9866,27626
9867,10072
9868,17054
9868,19359
9869,12544
9869,24803
9869,25832
9870,12446
9870,17958
9870,20805
9871,16511
9871,21844
9871,22629
9872,16736
9872,18364
9872,18677
9872,20423
9872,27971
9873,26950
9874,23867
9874,25680
9875,16805
9875,17765
9875,20867
9875,27576
9876,12720
9877,23667
9878,18585
9879,11319
9879,13321
9879,19221
9879,19689
9879,23154
9879,27657
9880,10497
9881,10924
9881,11506
9881,13517
9881,13644
9881,13975
9881,16780
9881,24913
9881,26714
9882,19359
9882,19784
9882,22191
9883,13134
9883,18770
9883,22811
9883,26332
9884,12274
9884,21173
9884,23754
9885,18373
9885,28685
9886,11991
9886,12509
9886,16052
9886,21099
9886,25036
9887,10919
9887,14676
9887,14959
9887,17185
9887,24353
9887,24598
9888,27501
9889,15547
9889,29903
9890,12697
9890,15964
9891,20133
9892,17151
9892,22373
9892,26298
9893,23926
9893,27866
9894,24070
9895,11248
9895,16302
9896,24627
9897,16101
9897,24438
9898,10000
9898,14148
9898,15218
9898,23090
9900,10592
9900,14266
9900,20472
9900,23514
9901,20548
9902,15690
9902,19689
9902,23814
9903,14954
9904,10210
9904,15655
9904,21103
9904,21839
9904,24399
9905,10655
9905,11192
9905,12267
9905,18626
9906,28826
9907,11783
9908,24841
9909,18482
9909,23449
9912,15018
9912,16354
9912,23985
9912,28711
9912,28932
9913,22680
9913,23572
9913,23821
9913,27358
9914,13650
9914,20932
9914,25971
9915,14880
9915,23090
9916,22234
9916,26555
9917,13058
9917,14468
9917,14691
9918,10831
9918,18332
9918,18600
9918,23532
9918,25734
9919,28261
9920,12322
9921,11737
9921,16250
9921,20052
9921,20066
9921,20394
9921,21623
9922,14211
9922,16299
9922,16930
9922,20015
9922,23796
9923,25203
9925,23835
9926,10882
9926,14655
9926,15834
9926,16188
9926,23738
9930,11200
9931,14956
9932,12528
9932,19856
9934,10172
9935,18135
9935,29650
9936,10477
9936,14400
9936,16754
9936,19533
9936,21770
9937,10546
9937,14711
9937,19134
9938,14491
9938,19129
9939,11855
9939,11933
9939,16053
9939,17291
9939,20940
9939,21265
9939,22860
9940,15496
9940,27847
9941,24392
9944,13939
9945,16758
9945,28490
9948,18630
9949,19935
9949,24237
9949,29377
9950,12420
9950,14533
9950,17489
9950,17952
9950,19360
9950,25038
9950,25641
9951,18101
9952,16822
9952,17867
9952,26529
9952,28508
9953,12572
9954,14407
9954,16472
9955,12881
9955,13216
9955,17542
9955,29020
9956,22835
9959,18123
9959,18775
9959,20146
9960,12305
9960,25353
9962,12198
9963,11007
9963,16239
9965,24099
9966,10421
9967,10734
9967,18964
9967,25118
9969,12662
9969,19764
9969,25312
9970,10327
9970,12478
9970,29514
9971,20285
9973,10974
9973,16760
9973,22623
9973,24796
9973,25332
9973,25867
9973,27315
9973,29590
9974,13985
9974,19539
9974,22292
9974,25238
9975,17076
9976,19404
9977,13888
9978,10540
9978,15441
9978,22005
9979,18075
9980,12215
9980,28683
9981,12397
9981,12663
9981,16360
9982,15161
9983,10671
9983,21590
9984,11131
9984,27428
9985,24330
9986,13012
9986,16241
9986,16655
9986,17039
9986,23916
9986,27970
9987,14692
9988,22138
9988,29639
9989,19778
9989,22638
9989,28029
9990,11493
9990,15245
9990,16365
9990,18363
9990,20996
9990,21970
9990,26440
9991,14567
9991,21690
9991,28856
9992,10664
9992,13578
9992,14098
9992,18477
9992,19046
9992,25770
9992,26822
9992,28551
9993,18442
9993,21715
9993,22248
9993,23422
9993,24022
9993,24252
9994,10513
9994,12662
9994,22155
9994,22176
9995,25625
9995,27323
9996,25823
9997,21304
9998,25324
9999,10248
10001,20136
10001,26197
10002,16278
10003,12315
10003,16011
10003,25443
10004,15953
10004,17210
10004,23886
10004,26560
10006,11558
10006,13549
10006,14320
10006,19142
10006,26095
10006,26359
10006,28258
10007,11565
10007,27625
10008,10571
10009,11432
10009,18317
10009,21448
10009,29209
10010,16795
10010,18731
10010,21439
10010,25894
10011,28887
10012,13785
10012,15866
10012,17109
10012,29187
10014,25401
10015,11545
10015,12863
10015,13561
10015,18484
10015,24051
10015,24812
10016,23663
10016,25021
10018,22558
10019,22053
10020,15505
10021,15290
10021,17386
10021,22139
10022,11936
10022,12126
10022,19298
10022,20082
10023,13633
10023,16812
10023,26837
10024,14320
10024,23920
10025,13904
10025,14910
10025,15263
10025,18580
10026,10097
10026,14471
10026,27098
10027,14149
10027,17596
10027,25735
10027,26561
10027,27094
10027,28234
10028,19899
10030,12841
10030,16823
10030,27500
10031,14304
10031,15031
10032,25952
10033,11355
10033,29044
10035,10928
10035,11384
10035,12781
10035,19303
10035,19842
10035,23171
10036,14081
10036,20105
10036,21083
10037,23880
10038,16139
10038,18121
10038,22006
10038,26729
10038,29754
10039,11615
10039,11727
10039,26866
10039,29086
10040,11086
10040,19813
10041,15422
10041,15554
10041,16465
10043,14013
10043,15839
10043,18369
10043,23207
10044,12244
10044,19535
10044,20610
10045,12614
10045,13885
10045,15874
10045,17287
10045,20769
10046,28631
10047,27998
10049,12481
10049,12516
10049,18749
10049,19424
10049,23078
10050,28960
10051,14104
10052,25352
10053,16969
10053,25927
10054,21022
10054,23257
10054,26222
10056,10260
10056,11725
10056,23485
10056,27129
10057,10844
10057,27097
10058,13064
10058,20103
10058,23754
10059,20091
10059,20726
10059,27743
10059,29454
10060,10280
10060,11352
10060,12601
10060,23497
10061,14127
10061,23672
10061,23995
10061,24950
10062,18866
10062,21691
10062,21855
10063,20392
10064,25071
10065,10616
10065,16072
10065,21677
10065,22075
10066,13777
10066,13915
10066,17010
10068,15144
10068,16112
10069,21825
10070,11728
10070,14768
10070,14797
10070,16533
10070,17619
10070,23695
10071,23614
10072,15933
10072,29138
10073,11713
10073,12355
10073,14261
10073,14867
10073,20797
10073,27980
10074,24143
10076,13006
10076,17911
10076,22866
10076,25641
10076,27330
10077,19177
10077,29491
10079,16374
10079,21194
10079,22571
10080,12354
10080,17935
10081,13877
10081,14895
10082,16691
10084,10564
10084,21231
10084,26938
10085,14641
10087,13405
10087,29067
10088,15503
10089,12062
10089,17421
10090,11109
10090,17873
10090,20965
10090,21077
10090,21848
10091,12848
10093,12780
10093,29865
10094,11264
10094,15754
10094,16761
10094,19747
10094,19883
10094,23210
10094,23540
10095,16568
10095,26420
10095,28745
10096,12545
10096,22306
10096,27819
10097,18480
10097,24351
10098,17057
10098,22823
10099,11780
10099,23727
10099,25689
10099,27250
10100,10190
10100,14816
10100,17028
10100,28020
10101,10786
10101,23694
10101,23950
10102,13931
10102,14378
10102,14728
10102,25462
10103,12036
10103,17682
10104,11256
10104,20107
10105,20882
10106,18107
10106,19524
10107,12427
10107,18071
10107,27109
10108,10934
10109,10377
10109,16036
10110,15702
10110,20725
10111,10284
10111,10620
10111,14882
10111,16071
10111,27255
10113,12612
10113,12772
10115,10347
10115,12576
10115,29819
10116,10990
10117,10673
10117,10761
10117,13005
10117,13895
10117,14200
10117,15336
10118,11891
10118,13617
10118,19648
10120,10409
10120,24001
10121,11289
10121,23548
10121,29530
10122,23111
10122,27248
10122,27330
10124,18806
10124,19763
10124,21527
10124,26968
10125,21120
10125,24325
10126,21432
10128,12024
10128,20750
10128,29972
10129,11767
10129,12332
10129,12662
10129,12824
10129,25729
10129,28115
10129,28307
10129,28750
10130,17663
10130,26996
10131,11772
10131,21809
10131,22345
10131,25717
10132,10353
10132,14416
10132,15566
10133,14788
10134,10426
10134,10564
10134,11664
10135,10645
10135,21584
10136,20367
10136,24308
10138,23313
10139,11075
10139,19817
10139,20961
10142,13600
10142,16828
10142,24039
10142,26295
10143,25573
10144,10806
10144,13777
10144,14001
10144,14073
10144,15209
10144,16359
10144,17273
10144,18402
10144,22123
10144,24540
10144,24556
10147,16089
10147,16868
10147,23441
10147,24480
10147,24857
10147,28133
10147,28892
10148,16585
10148,19475
10148,21533
10148,24822
10148,28690
10149,13285
10149,19776
10149,27117
10150,13798
10150,19467
10150,20108
10151,14865
10151,18245
10152,12284
10152,12344
10152,27503
10154,18286
10154,23898
10154,24825
10155,10207
10156,22582
10156,22845
10157,10166
10158,10946
10158,18741
10158,22667
10158,25902
10159,13091
10159,13744
10159,22789
10159,23710
10159,24906
10159,27669
10162,14530
10163,16886
10164,18582
10164,29812
10165,13478
10165,16818
10165,16904
10165,22589
10165,26103
10165,26477
10167,24278
10167,26505
10168,10959
10168,17539
10168,27452
10169,11843
10169,17752
10169,18370
10169,19953
10170,12761
10170,14237
10170,19440
10170,20766
10170,20975
10170,23372
10170,23417
10170,29015
10171,19459
10171,20439
10172,15886
10173,15858
10174,19409
10174,23519
10174,25127
10174,26392
10174,27397
10176,10178
10176,16033
10177,10707
10177,12872
10177,14017
10177,18824
10177,21728
10177,26555
10177,29376
10178,13457
10178,21745
10178,24696
10180,13944
10180,20306
10181,10585
10181,11909
10181,28986
10182,14029
10183,28152
10183,29000
10184,12211
10184,12805
10184,13238
10184,25835
10184,26380
10184,28574
10185,18712
10187,10908
10187,11066
10187,18362
10187,22602
10187,24658
10188,18843
10189,27555
10190,14138
10191,11721
10191,22996
10192,20917
10192,23497
10193,23086
10193,23994
10195,23126
10195,29025
10196,12890
10196,15114
10196,15638
10197,18597
10198,10354
10198,11039
10198,11416
10198,14836
10198,17213
10198,25700
10198,28260
10198,29535
10199,15264
10199,16286
10200,10714
10200,17440
10200,17452
10201,20573
10202,11972
10202,18419
10202,18597
10202,22461
10204,11996
10204,15335
10204,15497
10204,15603
10204,22426
10204,22818
10205,16178
10205,16959
10205,19009
10205,21683
10206,18217
10206,21959
10211,10516
10211,18124
10211,20349
10213,10533
10213,17181
10213,18692
10213,19733
10213,26977
10214,18304
10215,16165
10216,11320
10216,11451
10216,12379
10216,18336
10216,27412
10219,10565
10219,12314
10219,15709
10219,18207
10219,18972
10219,19321
10219,22460
10219,22522
10220,28856
10222,11342
10222,17412
10222,22480
10222,28196
10223,23498
10224,13734
10226,11910
10226,15648
10226,18488
10226,18942
10226,28283
10227,15427
10228,10612
10228,19547
10228,26865
10229,26190
10230,16406
10230,19283
10231,12308
10231,15966
10232,14393
10233,13086
10233,21933
10234,14267
10234,14601
10235,20583
10235,29855
10237,11915
10237,14605
10237,18146
10237,26355
10237,27924
10240,11109
10240,23713
10240,29051
10242,13515
10242,22192
10242,29537
10243,11267
10243,15024
10243,17063
10243,28754
10244,22453
10246,22040
10246,23877
10246,29980
10247,24584
10247,24869
10247,29022
10248,11276
10248,11846
10248,15499
10249,14334
10250,15460
10250,23340
10252,10431
10252,11307
10252,13292
10252,13911
10252,15074
10252,27786
10252,29238
10253,20511
10254,18817
10254,21851
10254,22383
10255,12414
10255,18556
10256,29586
10257,23015
10261,16633
10261,16725
10261,17265
10261,20045
10263,14609
10263,21356
10264,23075
10265,16106
10265,18918
10265,27816
10267,15410
10268,14799
10268,17851
10268,21874
10268,28410
10269,16985
10269,19538
10270,12756
10270,14183
10272,15518
10272,27355
10273,25802
10275,10731
10275,20726
10275,26870
10276,10338
10276,10881
10276,27241
10278,10308
10278,20200
10279,27032
10280,19237
10280,20558
10280,23386
10282,11472
10282,17770
10282,23867
10283,14291
10284,14309
10284,15648
10284,22419
10285,12672
10285,23046
10285,28581
10286,13861
10288,22701
10288,26553
10289,12335
10289,13175
10289,16656
10289,19374
10289,19612
10289,23277
10289,23489
10290,10408
10291,11578
10291,12279
10292,15291
10292,25233
10292,27659
10293,17227
10294,12574
10294,24622
10297,18958
10298,14508
10299,17128
10300,13149
10302,18728
10304,13938
10304,14918
10304,19004
10305,12163
10305,12349
10305,25598
10306,13650
10306,18105
10306,18629
10306,21088
10306,22538
10306,25636
10307,11138
10307,15348
10307,16007
10307,16434
10307,17090
10307,18062
10309,19825
10310,18744
10310,22566
10310,25149
10310,25893
10311,14905
10312,27370
10313,20223
10314,12766
10314,17852
10315,10603
10315,19544
10315,22496
10315,29113
10316,11677
10316,11699
10316,12463
10316,14129
10316,22757
10319,23551
10319,25388
10320,15878
10320,23537
10320,28193
10321,10428
10322,11944
10322,15581
10322,15747
10322,23637
10322,27871
10322,28818
10323,17258
10323,19584
10324,19985
10325,13116
10325,13286
10325,13836
10325,16887
10325,19695
10325,20768
10325,26149
10326,22970
10328,19899
10328,21576
10329,28077
10330,11060
10330,15819
10330,17498
10331,10383
10332,11096
10332,19641
10333,10878
10333,15029
10333,19513
10333,23394
10335,11313
10335,22853
10335,27147
10336,18446
10336,18886
10336,21601
10336,21646
10336,27692
10337,13759
10337,17342
10338,15842
10338,16039
10338,16191
10339,10341
10340,20279
10340,26591
10340,28422
10341,10894
10341,15848
10341,16116
10341,18005
10341,22208
10341,22758
10341,23107
10341,28618
10342,22721
10343,16543
10344,18499
10345,12753
10345,12762
10346,13184
10346,15563
10346,16005
10346,19992
10347,18335
10347,23742
10348,10611
10348,12713
10348,16984
10348,17043
10348,24824
10349,18086
10349,25385
10351,26180
10352,18565
10352,24726
10353,11978
10353,14029
10353,15346
10354,11011
10355,10833
10355,11700
10355,18976
10355,21464
10356,18043
10357,11504
10358,21623
10359,24391
10359,29782
10360,10904
10360,12670
10361,11028
10361,12472
10361,16626
10362,11181
10362,11403
10362,11949
10362,14649
10362,26156
10362,28059
10364,18283
10364,22027
10364,24055
10364,27347
10365,22156
10365,22747
10365,29419
10367,10993
10367,12732
10367,17617
10367,22883
10367,29188
10368,29095
10369,14928
10369,28389
10370,10725
10370,14709
10371,23199
10372,11173
10372,11904
10372,22078
10372,27750
10373,23140
10374,13995
10374,14048
10374,14596
10374,24787
10375,23032
10377,11536
10378,14680
10378,15486
10378,15585
10378,17518
10378,23240
10379,27985
10380,11245
10380,11750
10380,20650
10380,20708
10381,23293
10382,15585
10385,14919
10385,20340
10387,13786
10387,25034
10387,25913
10387,27691
10389,10418
10389,13569
10389,20058
10389,26398
10390,12138
10390,14809
10391,14158
10391,14794
10391,16028
10391,21189
10391,24923
10392,14198
10394,10699
10394,10774
10394,20233
10394,22171
10394,26204
10395,11351
10395,12280
10395,12765
10395,14756
10395,15070
10395,15973
10395,18455
10395,20703
10395,24072
10395,24271
10395,26588
10396,15847
10397,17897
10397,20523
10397,29246
10399,11877
10399,14560
10399,15726
10399,16594
10399,26338
10401,17457
10401,24089
10401,25376
10401,27178
10402,12118
10403,11670
10403,19284
10403,20718
10405,11735
10405,21161
10405,23301
10405,23609
10405,27200
10406,14889
10406,18140
10407,10558
10407,14206
10407,15128
10407,15291
10407,18024
10407,21567
10407,29271
10408,12308
10408,19028
10409,18521
10409,19455
10411,11452
10411,16366
10411,18401
10411,27832
10413,16814
10413,20186
10414,21487
10415,18150
10415,25103
10415,25790
10416,13676
10416,25647
10417,10542
10417,11401
10417,13683
10417,16807
10417,17254
10417,27246
10418,20111
10418,23670
10419,11284
10419,11297
10419,15995
10419,18217
10419,18752
10419,20371
10419,29814
10420,12775
10421,13643
10423,20356
10423,26050
10424,14135
10424,15077
10424,23419
10425,27122
10427,15004
10427,21628
10427,26631
10428,19417
10429,28102
10430,14769
10430,17163
10431,15294
10436,10746
10436,12645
10436,13083
10436,20816
10437,11409
10437,23849
10438,19044
10438,21346
10438,23550
10438,28204
10438,29556
10439,12627
10439,15274
10440,10482
10440,11967
10440,12035
10440,20217
10441,23420
10441,26930
10442,10962
10442,16471
10442,18367
10442,23488
10442,24048
10443,14064
10443,14614
10444,26349
10446,12588
10446,20655
10446,21642
10446,28788
10448,16890
10448,24025
10448,29740
10449,12934
10451,29183
10452,11736
10452,13576
10453,20429
10453,28575
10453,29916
10455,14107
10455,14139
10455,15434
10457,14476
10459,15893
10459,21308
10459,26990
10460,13664
10460,18112
10460,27215
10460,28661
10461,15947
10463,24893
10465,12312
10465,24339
10466,11616
10467,19036
10467,20702
10468,11589
10468,13455
10468,14525
10468,17096
10470,11125
10470,13717
10471,11582
10471,13544
10472,11561
10472,11906
10472,15711
10472,19815
10472,27334
10472,28389
10473,15382
10473,23092
10474,13596
10474,18822
10477,16439
10477,16476
10478,14604
10478,24336
10478,25514
10478,29103
10478,29301
10479,12393
10479,16971
10479,28676
10480,16327
10480,17534
10480,22040
10480,26186
10481,19643
10482,17704
10482,20524
10482,25514
10482,28210
10484,15276
10484,19490
10485,10819
10485,20598
10485,20855
10486,21029
10487,12521
10487,14494
10487,20487
10487,26159
10487,28631
10489,17382
10489,17913
10489,24095
10489,27904
10490,13109
10490,16218
10491,23692
10492,17920
10493,10712
10493,16287
10493,22537
10494,12014
10494,14912
10494,16567
10494,20812
10494,21039
10494,21549
10494,21969
10494,23383
10494,23691
10494,28282
10495,15562
10496,16765
10497,12798
10497,19479
10497,20220
10497,28747
10498,12285
10498,22202
10498,26396
10499,10573
10499,16281
10499,21505
10499,22002
10499,27347
10501,15415
10501,17349
10502,28809
10503,18330
10505,25040
10506,22199
10507,12342
10507,13342
10507,24322
10509,16918
10512,19181
10512,22774
10513,11043
10513,11575
10513,14889
10513,16717
10513,17367
10513,18053
10513,21027
10513,29767
10514,13126
10514,13507
10514,16555
10514,28795
10515,10538
10517,18836
10517,27887
10518,14971
10519,20369
10519,27617
10519,28630
10520,20374
10522,24884
10523,28768
10524,13021
10524,22977
10525,21449
10526,11910
10527,25666
10528,14757
10528,28855
10529,12944
10529,18252
10529,26390
10529,27912
10532,10722
10532,19765
10532,21317
10534,13563
10534,16376
10535,10896
10535,12711
10537,12563
10537,15337
10537,18381
10538,10687
10538,14723
10538,18825
10539,14377
10539,22210
10540,15915
10541,12688
10542,23008
10543,16911
10543,17493
10545,12458
10545,14824
10545,20291
10545,22829
10545,28029
10546,13808
10546,14106
10546,14586
10546,18105
10546,22452
10546,24455
10546,24760
10546,28698
10549,16774
10549,26394
10549,28680
10550,11241
10550,12139
10550,18451
10550,18481
10550,23629
10550,27152
10551,15784
10551,20583
10552,13147
10552,21551
10552,22919
10552,26448
10553,13132
10553,18254
10553,19728
10553,23102
10554,15715
10554,21961
10554,26458
10555,11111
10555,17546
10557,12279
10557,12553
10557,19426
10558,10905
10558,23449
10558,24081
10558,25889
10558,26290
10558,27601
10559,29547
10560,12599
10560,14243
10560,26899
10561,25224
10561,29625
10562,11745
10562,12077
10562,25290
10563,14618
10563,21436
10564,15878
10566,20283
10566,27445
10567,11293
10567,16076
10567,17426
10567,20391
10567,28062
10568,17712
10570,12323
10570,13903
10570,14164
10570,28553
10570,29261
10571,10960
10571,21116
10571,23356
10571,29485
10572,12722
10572,17422
10572,22485
10572,24093
10572,24300
10572,28936
10573,13397
10573,25567
10573,28802
10574,22548
10574,24031
10575,15980
10575,25259
10576,12608
10576,15807
10576,17192
10576,19143
10576,25025
10578,12790
10578,14805
10578,16819
10578,22882
10579,12213
10579,17464
10579,27584
10580,14787
10581,18244
10581,20029
10581,20521
10581,22327
10581,24780
10585,13838
10586,10778
10586,12399
10586,28618
10587,16147
10587,20969
10587,22082
10587,23580
10587,27378
10588,17985
10588,22237
10589,14808
10590,13289
10590,20379
10590,21678
10590,22677
10591,15762
10592,10940
10592,23508
10592,24143
10593,18702
10594,11160
10594,11631
10595,12695
10595,26790
10597,15737
10597,19690
10597,28153
10599,14565
10600,15563
10600,29993
10602,12441
10602,24139
10602,29364
10603,20267
10603,24914
10605,18957
10605,19243
10605,19476
10606,11663
10606,12650
10606,13847
10606,25305
10607,10743
10607,14238
10609,18305
10609,24504
10611,11525
10611,13557
10611,22685
10611,26181
10611,29646
10613,12118
10613,21681
10613,29330
10614,20379
10614,24617
10615,27247
10616,12136
10616,12945
10616,20344
10616,22378
10616,27626
10617,16971
10618,16939
10618,23319
10618,28296
10621,14915
10622,12800
10622,18383
10622,22303
10624,24715
10625,20509
10625,26058
10626,27231
10626,29849
10627,11375
10627,16055
10627,16908
10627,27795
10629,15652
10629,24982
10629,25325
10630,10822
10630,25796
10630,29858
10632,14083
10632,18971
10632,19700
10633,12731
10633,18515
10634,23784
10635,11271
10635,12552
10635,16574
10635,19595
10635,22030
10635,23980
10636,12953
10637,13177
10637,18588
10637,24642
10637,26831
10638,14024
10639,13012
10640,11396
10640,11469
10640,20166
10642,12380
10643,11176
10643,15103
10643,17970
10643,23468
10644,12867
10644,19887
10644,25954
10645,14156
10645,18627
10645,22881
10645,24574
10646,13496
10646,20770
10646,21274
10647,11942
10648,11795
10649,14278
10649,15560
10650,14006
10650,17090
10650,17115
10650,17156
10650,20219
10651,19413
10651,22827
10652,14567
10653,13293
10653,26188
10654,11128
10654,23904
10654,26876
10655,13271
10655,18017
10655,18357
10655,24988
10655,26948
10656,20715
10656,21130
10656,28983
10657,16083
10657,18262
10658,11359
10658,19296
10659,28968
10661,15724
10661,27219
10661,27975
10662,29633
10663,17995
10664,13411
10665,13604
10666,12401
10666,13018
10666,17006
10666,18986
10668,22622
10669,12237
10669,12640
10669,17282
10669,18993
10669,26021
10669,26147
10669,27585
10669,29496
10670,14408
10670,14661
10670,16197
10670,22133
10670,28797
10671,18464
10671,23623
10672,22857
10673,14891
10673,16164
10674,11918
10674,12818
10674,13863
10674,22062
10675,11151
10676,23564
10677,11221
10677,24049
10678,22093
10679,14854
10680,19222
10680,25171
10680,29546
10682,21745
10683,10739
10685,14234
10685,22225
10686,12309
10686,13322
10686,17627
10686,26653
10687,11830
10687,22599
10688,13401
10688,16063
10688,19437
10689,16204
10690,28077
10691,19262
10692,14173
10692,15236
10692,16907
10692,18423
10692,25508
10692,26509
10693,27434
10693,29820
10694,21786
10694,21829
10694,25596
10696,11047
10697,13550
10697,15958
10697,16519
10697,16660
10697,18427
10697,22858
10697,28777
10699,26426
10700,11481
10700,20833
10701,16584
10701,17314
10701,19509
10702,12528
10702,12924
10702,24511
10704,25900
10705,18704
10705,21127
10706,21239
10706,24794
10707,11513
10707,12220
10707,16920
10707,20831
10707,22137
10707,26534
10707,28319
10707,29127
10707,29959
10708,27261
10711,25826
10713,24432
10714,17942
10714,20530
10714,20649
10715,25127
10716,13432
10716,14944
10717,20050
10718,14222
10718,16010
10720,12025
10720,12997
10720,23531
10721,13773
10721,21320
10721,25378
10721,27627
10723,12210
10723,12333
10723,25500
10723,26732
10724,25559
10725,11732
10725,11763
10725,15678
10725,26430
10725,27703
10726,11164
10726,26129
10727,18162
10727,20602
10728,11474
10728,20308
10729,24719
10731,17791
10731,19337
10732,14638
10732,19457
10733,17009
10733,22455
10733,26691
10735,11816
10735,12393
10735,12530
10735,13088
10735,21203
10735,23861
10736,29161
10737,11499
10738,10901
10740,10856
10741,26944
10742,12026
10742,12591
10742,14303
10742,15674
10742,20680
10742,23756
10742,26997
10742,29119
10743,11956
10743,13651
10744,12903
10744,14327
10744,17536
10744,18915
10746,16427
10747,12086
10747,15009
10747,21666
10749,21697
10750,19902
10750,22841
10750,24524
10752,21605
10753,12927
10753,19115
10756,15882
10756,17844
10756,29453
10757,10765
10758,15532
10759,19462
10762,12828
10763,13793
10764,13812
10764,15095
10765,11738
10765,12473
10767,18401
10767,20035
10767,25523
10768,21684
10768,26643
10768,27953
10770,22785
10771,17899
10771,25122
10773,29312
10773,29751
10775,26769
10777,21243
10778,15301
10780,12710
10780,15363
10781,14179
10781,22128
10781,28056
10782,11093
10782,11685
10782,15243
10784,24296
10785,17145
10785,22098
10785,23348
10785,24282
10785,24460
10785,26385
10787,12039
10787,14644
10790,14341
10790,20755
10790,21754
10790,24179
10791,24689
10792,11160
10793,21853
10793,21943
10794,14730
10794,20661
10795,14398
10795,28578
10796,14164
10796,16632
10796,17282
10796,17334
10796,26183
10796,26841
10797,16196
10797,21489
10798,25280
10798,25508
10799,14264
10799,22091
10799,23780
10799,26159
10800,18492
10801,27125
10802,11583
10803,11292
10803,11824
10803,19523
10804,22407
10805,12249
10805,17503
10805,20722
10805,23643
10805,24848
10806,15190
10806,16100
10806,18545
10806,20226
10811,17672
10811,22532
10811,27955
10812,13063
10812,16425
10812,21305
10812,21693
10812,24668
10812,29192
10813,12206
10813,13464
10813,15076
10814,11504
10814,24371
10814,29435
10814,29885
10815,13708
10815,22577
10816,26490
10816,26500
10816,27503
10817,11556
10820,21469
10821,11400
10821,18863
10821,24161
10822,13024
10822,22350
10823,11569
10823,22826
10825,29144
10826,11983
10826,16191
10826,28322
10827,12243
10827,26720
10828,16445
10829,10912
10829,14188
10829,27473
10833,11728
10833,14195
10833,15085
10833,21985
10833,22867
10833,23014
10834,25889
10835,18190
10836,13311
10836,13629
10836,22708
10836,24321
10837,12447
10837,20859
10837,26100
10837,29663
10838,19646
10839,12880
10839,14198
10839,16947
10839,16990
10839,17918
10839,29132
10841,14455
10841,19599
10842,16140
10843,12789
10843,17009
10843,22001
10843,27653
10844,15211
10844,29138
10845,13198
10845,20369
10845,21189
10849,19316
10849,28189
10850,17845
10850,26739
10851,20575
10851,25937
10852,12153
10854,18796
10854,27272
10855,12406
10855,12457
10856,11091
10856,11169
10856,13148
10856,16097
10856,16245
10856,16901
10856,20234
10856,21587
10856,28411
10857,16265
10857,19312
10857,19546
10857,19986
10857,21432
10859,13176
10859,14256
10859,16507
10859,21298
10860,17409
10860,19826
10860,23802
10861,24899
10862,17480
10863,20148
10863,20239
10864,16202
10864,17277
10864,20684
10864,23359
10864,23779
10864,25024
10865,14828
10865,16593
10865,28923
10866,11317
10866,14761
10866,19651
10866,22756
10869,15276
10869,15718
10869,18486
10869,21351
10871,23268
10872,12681
10872,20221
10872,27614
10873,22483
10873,23823
10874,15317
10874,21364
10875,13377
10875,13454
10875,17466
10875,17764
10875,18252
10875,18523
10875,23057
10875,25681
10875,25860
10876,13661
10876,16615
10876,18913
10877,11167
10877,13204
10877,13949
10877,17011
10877,18298
10877,20799
10877,25811
10877,29769
10878,11361
10878,26040
10879,25916
10880,14880
10881,15085
10881,28017
10881,28808
10883,17421
10884,16194
10884,17600
10884,20758
10884,29231
10885,11495
10885,14367
10885,16315
10886,14970
10886,17039
10887,24771
10888,15561
10888,16008
10889,15467
10890,14806
10890,20920
10890,20983
10890,29907
10891,12791
10892,12794
10892,13487
10892,25362
10892,28789
10893,12004
10893,16338
10894,19651
10894,21707
10894,22606
10894,27517
10895,11024
10895,18155
10895,23566
10895,28696
10895,29386
10896,20654
10897,18288
10898,13568
10898,13824
10898,14805
10898,22944
10898,24703
10899,14993
10899,16249
10899,16441
10899,24121
10899,24570
10899,24912
10900,15436
10900,16782
10900,19868
10900,23968
10900,25669
10900,28090
10900,29162
10901,19732
10902,13003
10902,27632
10903,12764
10903,18991
10904,16410
10905,18144
10905,18830
10905,20578
10906,21599
10906,29608
10907,12738
10907,13653
10907,13924
10907,18709
10907,20937
10908,15884
10908,18665
10908,28474
10909,21673
10909,23483
10909,25447
10909,26796
10911,14490
10912,14438
10912,22981
10912,23068
10912,28506
10913,19726
10913,22107
10914,12106
10915,12369
10915,17732
10915,28770
10916,13285
10916,25219
10916,28804
10918,15764
10918,18588
10918,23421
10919,12728
10919,22734
10919,24729
10920,16657
10921,26322
10921,26530
10922,14153
10922,23358
10923,13412
10923,19993
10923,24805
10923,27642
10924,11980
10924,18936
10924,19174
10924,26169
10925,15143
10926,16526
10926,19833
10926,24827
10927,13215
10927,14071
10927,17660
10927,18524
10931,22733
10931,27751
10931,28519
10931,29099
10932,13669
10932,14580
10932,19421
10934,20481
10934,20995
10935,11429
10935,20265
10935,22657
10935,24848
10938,22373
10938,27465
10939,20250
10941,12198
10942,19265
10943,15155
10943,18933
10944,11657
10944,21893
10944,24107
10944,24141
10945,12795
10945,15147
10946,12048
10946,12402
10947,17737
10947,28728
10951,16052
10952,16718
10952,23474
10952,27261
10953,14410
10954,14713
10954,15491
10954,19286
10954,28164
10956,13304
10956,13669
10956,15066
10956,23976
10957,16596
10957,17624
10957,22350
10959,18798
10959,19679
10961,14447
10962,19484
10962,20179
10962,25148
10965,18753
10966,16285
10966,16364
10966,16663
10966,23048
10966,25001
10967,14669
10969,15272
10970,20488
10970,25339
10971,14653
10972,14382
10972,14665
10972,15240
10972,16459
10973,28539
10977,13139
10977,14018
10977,26992
10977,29064
10978,11862
10978,16371
10978,21080
10978,23033
10980,18120
10980,19753
10980,25837
10980,28528
10984,17588
10984,19062
10985,16331
10985,28084
10986,13295
10986,19734
10986,21949
10989,17079
10989,19823
10989,20715
10991,26498
10992,24731
10992,28288
10994,28002
10994,28367
10996,17287
10997,11691
10997,17695
10997,24028
10999,20159
10999,21779
10999,23847
10999,25365
11001,28670
11002,11182
11002,12391
11002,18947
11003,11057
11003,13012
11003,29985
11004,13956
11004,14851
11005,19589
11006,11185
11006,11598
11006,18116
11006,26257
11007,22692
11007,27875
11008,27443
11009,21860
11009,29303
11011,20280
11012,12659
11012,14186
11012,16827
11012,20504
11012,29911
11013,16020
11014,18518
11014,21910
11016,12273
11016,24830
11017,18575
11017,21154
11017,22813
11017,25527
11018,13006
11018,18463
11018,19336
11020,15269
11020,15540
11020,18504
11020,21579
11020,24494
11020,25091
11020,25448
11020,28889
11021,24066
11022,19631
11022,27017
11023,18776
11023,19743
11023,24977
11024,11594
11024,23734
11024,28868
11024,29877
11025,23071
11025,23111
11025,29343
11026,11405
11026,12172
11026,17246
11026,26250
11026,27631
11027,18281
11027,22813
11027,29916
11028,17549
11029,13245
11029,17523
11029,18545
11029,24596
11030,11895
11030,15627
11030,27036
11031,27419
11032,16114
11034,20520
11035,11218
11035,11581
11035,12548
11035,16222
11035,18305
11035,19183
11035,22822
11035,26523
11035,27629
11036,13943
11036,14839
11036,15484
11036,26696
11036,27110
11036,28005
11037,29653
11037,29682
11039,11392
11039,13216
11040,18258
11040,18542
11041,11684
11041,13450
11042,15375
11042,15647
11042,23746
11044,19705
11046,16286
11046,20633
11047,14466
11049,18878
11049,20857
11050,17560
11050,29881
11051,19830
11051,20951
11055,14362
11055,29264
11056,14057
11056,19078
11058,14501
11059,12566
11059,17446
11059,21734
11059,26148
11060,16227
11060,19425
11063,23402
11064,12119
11064,13284
11064,20492
11064,22164
11064,27444
11065,25349
11065,27011
11066,17200
11066,26404
11067,25147
11068,20925
11068,26780
11069,15311
11069,22500
11070,20318
11070,23067
11070,24160
11071,17454
11071,23632
11071,24477
11071,29356
11072,23272
11072,27006
11073,15670
11073,27902
11076,17362
11077,12950
11077,16881
11078,15034
11078,24755
11078,27972
11080,15017
11080,24897
11080,26511
11082,15653
11082,19610
11082,23173
11083,17677
11083,19435
11084,12779
11084,14468
11084,18193
11084,18309
11084,19423
11084,20373
11084,21622
11084,23282
11084,28126
11084,29517
11085,18964
11086,17866
11086,28103
11087,27397
11088,13573
11088,14053
11088,14254
11088,17062
11088,25720
11090,13104
11090,13529
11090,17357
11090,18736
11090,29711
11090,29715
11091,19299
11091,24210
11092,17764
11093,12936
11093,27041
11093,28927
11094,23170
11095,18640
11095,23728
11098,13565
11098,19908
11098,28414
11099,15395
11099,19561
11099,28463
11100,15757
11100,16482
11100,16705
11100,21375
11100,22261
11100,28419
11100,28704
11101,13754
11103,21357
11104,19383
11104,20614
11105,29742
11106,22783
11106,23389
11106,23410
11106,26553
11107,18375
11108,14038
11108,14635
11108,17689
11108,20044
11109,28534
11111,13113
11111,18149
11111,19819
11111,24638
11111,27190
11112,29621
11113,25695
11115,13192
11115,29049
11116,11841
11116,15134
11116,17913
11116,27483
11120,13359
11120,14350
11120,16697
11121,14777
11121,21616
11122,17448
11123,20270
11123,22088
11123,25271
11123,25469
11124,14854
11124,15245
11124,18558
11124,19621
11125,24212
11126,17953
11126,23025
11126,28074
11127,14494
11127,17999
11127,22013
11127,24937
11130,16202
11130,21472
11131,20350
11131,23144
11131,23995
11131,24943
11131,28694
11132,17010
11132,18319
11132,20757
11132,23434
11133,18469
11133,18559
11133,20209
11133,21996
11133,29328
11134,16677
11134,16916
11134,21499
11134,28559
11135,17004
11136,12883
11136,19540
11136,24685
11137,22945
11137,24936
11138,12812
11138,15960
11138,17615
11138,25589
11138,26476
11139,29115
11140,17541
11140,24123
11141,18867
11141,22409
11142,15661
11142,29079
11143,12302
11143,13075
11143,29146
11144,16661
11144,23416
11144,28138
11145,17330
11145,23644
11147,11322
11149,13349
11149,21799
11150,18145
11151,13025
11151,13376
11151,13390
11151,17911
11151,24537
11154,12871
11155,21899
11155,23932
11156,11573
11156,14629
11156,19157
11156,19675
11156,20783
11157,16249
11157,18387
11158,19074
11160,13328
11161,12701
11161,16864
11161,18441
11161,21917
11161,24749
11161,27126
11161,28937
11161,28963
11162,13138
11163,15360
11163,20896
11164,12788
11164,14334
11164,15435
11165,23627
11166,12176
11167,11940
11168,13884
11169,13554
11169,19712
11169,20476
11169,24372
11171,20227
11171,26016
11172,24863
11173,21739
11173,22359
11174,11449
11174,13357
11174,17677
11175,12101
11175,18236
11175,18995
11175,21401
11175,22613
11176,12180
11176,17747
11176,20064
11176,20891
11176,24020
11177,14201
11177,18366
11177,21595
11177,23677
11177,24694
11177,28353
11178,11617
11179,11523
11180,14737
11180,14847
11180,16158
11180,17642
11180,21499
11181,21096
11181,27456
11182,22209
11183,17394
11184,16762
11185,17901
11185,18133
11185,24525
11186,23114
11186,26922
11187,20099
11187,29317
11188,17296
11189,16871
11189,17527
11189,20210
11189,20355
11189,27959
11189,28359
11190,23930
11191,20414
11191,22473
11192,16400
11193,22600
11194,17574
11194,24960
11194,28349
11195,11940
11195,28469
11200,19108
11200,22741
11201,18888
11202,17602
11202,18536
11203,15004
11203,16765
11203,17425
11204,27381
11207,13574
11207,17450
11207,19146
11207,20634
11207,21013
11207,21484
11207,24161
11208,15195
11208,25665
11208,28507
11208,28831
11209,15132
11209,27672
11210,12858
11210,21834
11211,11742
11212,23440
11212,25564
11213,26479
11214,18338
11215,19088
11215,23866
11215,27065
11215,27481
11216,15138
11216,18686
11216,18924
11216,22147
11217,12098
11217,12719
11217,21583
11217,23227
11218,13887
11219,17811
11219,20705
11220,25181
11221,11569
11221,12809
11221,19110
11221,21471
11221,21728
11221,25431
11223,14097
11225,28160
11225,29139
11226,12834
11226,15942
11226,15971
11226,19483
11226,23544
11226,25082
11227,12876
11227,24421
11227,26791
11227,27359
11228,22022
11230,15225
11230,29258
11231,15882
11232,14838
11232,16719
11233,22415
11234,11615
11234,12143
11234,12979
11234,13133
11234,15418
11234,16407
11234,18860
11234,24889
11234,24947
11234,25306
11234,25984
11235,13625
11235,14099
11235,17134
11236,13111
11237,14299
11237,14860
11238,18322
11238,24957
11238,27814
11239,21412
11240,13098
11240,19022
11240,23065
11240,26132
11241,13212
11241,15696
11241,18513
11241,21430
11241,23123
11241,26544
11242,13630
11242,22604
11242,24315
11243,19766
11245,22504
11245,26953
11246,11447
11246,11565
11248,14384
11249,11641
11249,14611
11249,15055
11249,23364
11249,23962
11249,24528
11249,29840
11250,14084
11251,14025
11251,21694
11251,28793
11252,18176
11253,21464
11254,22305
11255,17170
11256,14878
11256,19098
11257,12841
11257,12892
11259,17412
11260,21979
11260,22049
11262,12752
11262,20225
11265,13457
11266,11537
11266,12320
11266,14286
11266,18381
11266,21023
11266,23173
11267,13303
11267,13325
11267,24300
11267,29580
11268,13402
11268,13742
11268,21201
11268,24393
11269,13401
11269,18138
11269,24997
11270,20923
11271,18479
11272,13554
11274,15432
11274,16049
11274,16430
11274,17517
11274,29775
11275,14068
11275,15515
11275,17551
11275,19130
11275,29107
11275,29567
11276,21391
11277,14755
11279,11786
11279,27177
11280,13473
11280,15123
11280,23615
11280,26746
11281,14434
11281,25591
11283,15942
11283,21133
11283,25096
11284,18861
11284,22891
11285,17040
11285,28449
11287,12880
11290,13078
11290,14194
11290,14625
11290,29079
11293,13258
11293,16202
11294,14620
11294,24097
11294,27223
11294,27386
11296,13118
11296,13539
11296,13731
11296,15986
11296,18876
11297,14684
11297,17607
11298,26706
11298,27126
11299,16813
11299,29976
11300,14929
11300,23828
11301,13522
11301,17820
11301,25599
11302,14179
11302,21717
11302,27383
11302,29014
11303,14746
11303,26934
11303,28797
11304,16090
11304,18664
11304,26788
11304,28026
11305,12958
11305,15575
11305,26008
11306,12573
11307,11645
11308,13452
11308,16852
11308,20122
11309,13267
11309,17987
11309,19288
11309,21030
11310,14987
11311,27237
11312,11765
11312,12510
11312,21187
11312,21377
11314,11824
11315,15974
11316,29982
11317,24041
11318,16287
11320,15071
11320,16071
11320,17658
11320,23866
11320,24815
11320,26614
11321,17395
11322,17356
11322,27762
11322,28963
11323,12301
11323,20743
11323,24616
11323,26942
11325,22241
11325,26684
11326,12367
11326,17050
11326,19416
11326,25068
11327,24489
11328,19813
11329,15130
11329,16659
11329,19197
11329,23213
11329,27414
11329,27760
11330,21377
11330,24367
11331,11440
11332,14911
11332,19526
11332,24773
11332,27870
11333,20258
11334,27721
11334,29771
11336,14437
11336,17512
11336,25904
11337,13916
11337,23679
11337,29777
11338,17467
11338,21170
11338,27423
11339,27174
11340,16926
11341,20737
11341,23672
11342,11718
11342,12519
11344,14829
11344,15933
11344,16064
11344,20751
11345,29407
11345,29732
11346,22149
11347,12483
11347,13713
11349,19210
11349,25815
11350,13967
11350,19609
11350,25791
11352,19752
11353,11433
11353,12737
11354,13974
11354,18825
11355,13603
11355,22169
11356,12047
11356,14087
11356,15110
11356,16624
11356,22569
11356,27239
11357,16647
11357,27693
11358,16470
11358,23301
11358,24418
11359,19777
11360,19240
11360,21210
11360,22921
11362,11639
11362,12004
11362,13105
11362,14255
11362,19087
11363,14236
11363,19871
11364,11678
11364,27736
11365,18384
11366,28855
11367,12795
11367,19755
11368,11584
11368,28458
11369,16626
11370,24510
11370,28324
11371,19390
11371,23089
11372,23719
11372,23896
11372,28549
11373,11851
11373,14204
11373,14382
11373,27826
11374,14947
11374,15229
11374,18608
11375,11468
11375,12215
11375,14736
11375,20432
11375,23699
11377,21490
11377,24347
11379,18511
11379,22701
11381,18855
11383,21444
11383,23370
11384,14481
11385,22021
11386,17184
11386,17745
11386,22997
11386,27909
11387,17033
11388,25983
11388,26405
11389,11827
11389,20533
11389,24157
11390,11620
11391,17857
11391,24350
11393,20255
11393,26271
11393,26973
11393,28686
11394,13561
11394,19439
11395,16109
11395,16257
11395,17424
11397,17373
11397,20887
11398,13146
11398,20384
11398,21516
11399,17201
11399,17815
11399,18900
11401,11683
11402,11990
11402,15350
11402,24910
11403,28330
11404,12622
11404,13040
11404,16401
11404,28154
11405,13767
11405,16928
11405,18740
11406,14990
11406,15798
11406,17715
11406,17991
11406,18993
11407,13386
11407,20034
11407,22668
11408,19558
11408,20485
11408,21329
11408,28175
11409,25906
11409,27016
11410,11883
11410,23502
11411,12345
11411,17506
11412,12621
11413,26365
11414,20890
11415,11773
11415,14641
11415,18216
11415,20645
11418,29320
11419,12030
11419,20960
11419,29581
11420,17178
11420,17605
11420,29405
11421,22205
11422,13796
11422,28769
11423,14615
11423,19201
11423,19591
11423,22496
11424,11561
11424,29545
11425,18223
11425,18899
11425,22346
11426,18742
11426,23618
11427,20176
11428,11797
11428,23707
11429,18821
11429,22740
11429,26146
11429,26820
11431,16023
11431,19366
11432,11892
11432,14226
11433,18206
11434,12995
11434,20328
11434,21956
11435,27260
11437,11528
11437,18180
11438,13161
11440,14459
11440,28359
11442,16154
11442,22795
11442,29350
11442,29443
11444,21235
11444,27216
11445,28392
11446,17809
11447,15206
11448,14079
11448,19608
11449,20925
11450,18154
11451,24032
11452,15718
11452,17053
11453,13953
11455,22815
11455,27717
11457,16115
11457,17758
11457,23732
11457,28724
11458,18955
11458,20717
11458,25012
11459,12615
11459,16058
11459,19097
11459,21800
11459,29399
11462,12872
11462,18405
11463,14006
11463,16709
11463,20949
11464,25225
11464,26048
11465,13673
11465,21128
11465,24154
11465,29242
11466,12567
11467,19747
11467,27491
11467,29992
11468,21524
11469,27723
11469,29451
11470,13076
11470,19814
11471,12224
11471,29277
11472,26771
11472,27080
11474,13619
11475,12675
11475,18021
11475,22669
11476,29617
11477,11485
11477,20347
11478,17585
11480,11831
11480,16389
11480,16958
11480,20023
11480,21882
11480,23214
11480,23576
11481,11814
11481,12411
11481,13406
11481,14008
11481,22694
11481,23158
11481,27300
11482,24332
11482,25585
11483,12131
11483,15197
11483,21481
11483,27553
11484,16098
11484,22754
11484,26635
11485,11630
11485,19792
11485,21872
11486,16209
11486,19717
11486,24058
11487,21324
11487,21694
11489,13804
11489,21134
11489,22245
11489,26325
11490,14279
11493,17619
11494,15496
11494,23916
11494,26795
11495,12131
11495,18755
11495,24955
11495,25358
11496,17506
11497,16509
11497,26181
11499,11522
11499,16811
11500,15095
11500,17551
11501,14889
11501,20182
11501,24568
11502,18176
11502,18319
11503,17534
11503,19844
11503,23081
11503,29525
11504,15877
11504,20613
11504,21489
11504,25760
11504,26207
11507,13300
11508,11544
11508,19226
11510,12914
11511,14082
11511,16327
11511,19941
11512,15338
11512,19229
11512,20567
11512,22154
11513,15155
11513,15368
11513,15836
11513,26869
11514,21390
11514,29877
11515,16879
11515,21882
11515,22617
11515,27864
11516,13740
11516,27741
11517,12927
11517,13232
11517,13501
11517,17877
11517,21977
11517,29794
11518,14826
11518,15137
11518,15672
11518,16956
11518,23294
11518,23317
11518,29254
11519,13365
11519,13548
11519,16218
11519,20836
11520,16385
11521,11644
11521,16824
11521,27092
11523,15273
11523,18657
11523,22576
11523,23536
11523,28989
11524,26035
11525,23575
11526,19211
11526,21455
11527,29986
11528,15165
11528,19592
11528,20065
11528,20738
11528,20909
11528,24473
11528,25162
11528,28985
11529,16923
11530,22954
11531,19572
11531,20624
11531,26189
11531,29172
11532,14152
11532,29169
11534,28805
11535,13923
11535,17442
11536,22283
11537,25572
11538,14292
11538,19570
11540,14896
11540,16050
11540,22540
11541,20319
11543,13377
11544,13337
11544,18699
11544,26039
11544,28093
11545,24619
11546,16400
11547,17417
11547,23426
11549,12210
11550,15015
11550,18500
11551,16637
11551,25011
11551,25728
11551,26087
11551,29630
11552,23260
11552,25827
11554,22363
11554,23635
11554,24727
11555,12218
11555,12376
11555,13004
11555,14984
11555,20604
11555,20720
11557,14366
11557,20288
11557,22783
11557,27128
11557,28912
11559,12875
11559,14759
11559,15437
11560,28125
11561,28469
11562,12711
11562,13823
11562,15906
11564,14606
11564,16620
11565,15865
11565,22328
11565,28285
11566,23774
11566,24583
11567,11588
11567,13768
11567,22884
11567,26434
11567,27711
11569,22438
11570,14086
11570,27247
11570,28644
11571,24898
11572,15231
11572,23240
11574,12491
11574,18409
11576,20588
11577,12706
11577,22632
11579,13325
11579,14558
11579,14943
11579,16024
11579,16117
11579,22769
11580,14113
11580,16865
11580,28945
11581,17738
11582,21858
11584,22200
11584,25016
11585,11945
11585,20959
11586,17683
11586,23056
11587,12003
11588,12773
11588,17512
11589,15552
11591,18178
11592,12339
11592,13143
11592,18973
11592,20516
11594,13126
11594,13549
11594,25163
11594,27488
11595,20053
11598,13422
11598,14672
11598,23979
11599,13170
11600,17729
11602,13717
11602,15202
11602,27629
11604,14663
11604,15212
11605,24548
11605,28849
11606,18750
11606,25941
11608,24026
11609,16906
11610,23908
11611,23215
11612,12111
11612,14232
11614,13500
11614,13514
11616,18754
11616,19950
11616,25093
11617,17939
11618,15142
11618,24598
11618,29675
11621,14922
11621,22864
11621,25325
11622,20734
11622,22220
11622,24979
11623,19191
11623,25032
11624,12072
11626,17231
11626,27238
11627,19594
11627,25719
11630,18830
11630,24724
11631,14836
11631,16726
11631,17101
11631,29543
11632,20885
11632,22910
11634,16351
11634,17108
11635,12778
11635,24791
11635,24852
11637,14535
11638,15367
11638,20599
11638,23798
11640,14172
11640,19985
11640,26709
11641,11967
11641,19006
11642,18645
11642,27033
11643,13151
11643,14025
11643,17607
11644,13083
11644,14425
11644,19983
11644,21070
11644,25929
11647,19898
11648,14701
11649,28494
11650,16724
11651,19123
11651,25966
11651,28377
11652,16458
11652,17857
11653,17518
11653,18923
11655,13125
11656,18643
11656,20533
11656,24274
11656,25409
11658,18394
11660,20707
11661,21594
11661,23137
11661,26271
11662,18794
11662,20047
11662,29396
11664,14927
11664,20054
11665,19614
11665,24011
11666,23394
11667,12102
11668,25465
11669,14121
11669,20463
11669,22871
11669,23415
11669,26075
11669,28949
11672,12833
11672,17259
11672,19688
11672,20230
11672,21380
11672,22645
11672,25102
11672,27898
11673,14348
11673,16276
11673,20377
11674,18832
11675,17142
11675,22294
11676,13719
11677,11930
11677,12649
11677,23681
11677,28847
11678,15328
11678,22622
11678,23562
11678,25887
11679,11748
11680,22209
11681,18072
11681,19939
11681,27165
11683,29839
11684,17851
11684,25527
11684,25687
11684,27346
11684,29614
11685,21525
11686,11999
11688,19176
11688,22069
11689,11909
11689,14679
11689,15197
11689,18031
11689,20873
11689,21946
11689,26804
11689,28504
11690,12686
11690,25956
11690,27570
11690,28755
11692,13575
11692,26508
11694,16034
11694,23705
11695,17744
11695,20125
11695,22161
11695,26624
11697,22238
11698,12955
11698,22318
11698,22797
11698,27960
11699,15006
11699,23297
11700,17661
11700,19446
11700,27755
11701,24196
11701,29640
11702,11712
11702,14065
11703,24232
11703,28795
11704,13090
11706,20271
11707,15132
11707,24312
11707,24580
11707,24958
11708,12177
11709,27273
11710,12246
11710,12470
11710,20910
11710,22824
11710,26399
11711,19938
11712,16484
11712,18420
11712,19076
11712,19080
11713,14469
11713,16504
11713,25107
11713,25476
11715,24941
11716,16098
11716,16585
11716,19970
11716,24538
11716,29571
11717,12937
11718,19302
11718,24849
11718,28836
11720,26687
11721,12600
11721,23221
11721,29859
11722,14556
11722,15199
11722,24037
11722,27882
11723,21389
11723,28174
11724,16586
11724,20899
11725,20799
11726,25925
11727,13254
11727,14209
11727,14627
11727,17883
11727,18015
11727,22119
11728,14187
11728,19830
11729,27384
11731,14405
11731,21981
11731,28932
11732,17627
11732,27838
11734,28509
11735,26582
11735,27577
11737,13066
11737,13303
11737,13923
11737,20393
11737,20809
11737,21470
11737,26090
11739,29513
11740,14728
11740,23207
11740,25865
11741,26603
11742,14428
11742,15975
11742,16952
11742,25289
11743,17177
11745,12151
11745,24914
11746,20441
11746,23183
11746,28098
11746,28650
11747,15921
11747,27258
11748,12045
11748,12759
11748,12979
11748,13128
11748,13426
11748,14284
11748,15286
11748,17116
11748,18549
11748,22131
11748,23363
11749,12070
11749,28515
11751,23641
11752,15063
11753,26263
11754,15406
11755,14505
11755,16594
11755,24922
11756,14945
11756,16849
11757,14526
11759,19314
11759,28123
11760,12219
11760,17891
11760,20171
11760,22350
11760,25139
11762,13618
11762,23104
11762,23599
11762,26719
11763,12952
11764,26109
11765,25606
11766,12480
11766,14550
11766,16337
11766,19964
11766,26369
11768,14213
11768,15608
11769,12991
11769,15647
11770,19793
11771,23822
11771,24189
11771,28462
11772,18650
11772,24256
11774,23408
11776,14747
11777,13689
11777,26278
11777,26614
11778,12300
11778,22702
11779,15404
11779,19840
11779,28798
11780,17494
11780,18365
11781,13679
11781,23300
11781,25707
11783,17633
11783,19913
11783,20361
11784,21953
11784,29209
11785,16942
11786,11919
11787,12947
11787,18056
11789,16855
11790,14868
11790,23571
11794,17189
11794,17442
11794,18314
11795,17556
11795,20641
11796,13091
11796,14483
11796,14898
11796,19408
11796,21007
11796,21875
11796,22997
11796,24575
11796,24737
11797,12987
11798,12562
11799,24570
11800,17559
11800,26236
11800,28881
11801,13422
11802,27147
11803,29558
11804,22293
11805,14399
11805,18286
11805,25421
11808,20196
11808,23196
11809,12967
11809,15485
11809,20062
11809,21156
11811,14074
11811,18834
11811,27504
11813,20276
11813,24699
11813,27643
11814,12106
11814,16220
11814,18127
11814,20090
11815,24775
11816,12999
11820,14645
11820,19959
11820,19976
11820,25525
11822,16355
11822,17761
11822,19966
11822,28660
11822,28693
11824,13453
11824,17115
11824,25270
11824,26748
11825,20258
11825,23209
11825,23937
11825,26258
11825,27742
11826,12621
11826,16589
11826,29662
11827,22955
11828,16658
11828,19583
11828,29302
11829,14529
11829,16630
11829,19861
11829,28329
11830,15162
11830,16715
11830,18516
11831,12477
11831,13123
11831,20732
11831,26020
11831,27721
11832,21627
11832,22098
11833,12570
11833,15923
11833,24681
11833,25081
11834,25588
11838,13162
11838,28417
11839,15466
11840,13087
11840,25983
11842,14898
11842,19829
11842,22257
11842,25419
11842,28535
11843,17852
11843,21269
11843,27044
11846,11866
11846,18335
11846,25765
11847,12128
11847,21741
11847,26694
11848,13983
11848,20730
11849,18359
11849,26685
11851,15447
11851,21751
11851,26177
11852,18945
11853,16742
11853,21166
11853,27502
11854,20639
11855,17568
11856,26485
11857,26613
11858,21219
11859,25268
11861,14801
11862,18646
11863,14770
11863,15868
11863,15951
11863,17612
11863,18333
11863,18471
11863,18724
11863,19004
11863,29181
11863,29521
11864,12546
11865,13642
11865,27065
11867,16325
11869,15403
11869,23789
11869,26478
11870,11979
11870,14396
11871,22879
11873,26947
11873,29390
11874,18320
11874,25344
11874,26681
11877,11921
11879,12583
11880,11890
11880,14901
11880,16708
11880,21441
11880,28936
11881,20000
11882,16950
11882,26235
11883,12934
11883,29728
11885,12115
11885,14287
11885,15477
11885,28291
11886,13250
11886,15221
11886,17227
11886,17306
11887,21453
11887,23439
11887,28867
11888,16122
11888,24200
11891,20256
11891,21514
11891,23012
11891,27838
11892,12248
11892,27737
11892,28394
11893,18894
11894,27897
11895,21950
11895,26525
11896,14628
11896,22469
11896,23246
11898,27260
11899,15750
11900,19803
11901,27470
11902,14956
11902,23314
11902,23653
11903,26873
11904,13302
11904,24416
11904,26006
11905,12007
11905,20298
11907,18111
11907,24660
11908,15230
11908,16873
11908,20487
11913,16499
11913,21125
11913,21232
11914,14289
11914,20907
11914,24493
11914,25779
11917,16995
11919,12208
11919,12732
11919,15823
11919,17480
11919,17684
11919,17792
11919,19010
11919,25574
11920,13723
11920,17286
11921,14283
11921,15252
11921,18246
11921,27663
11922,18015
11922,23827
11923,13709
11924,14103
11925,12916
11925,20170
11926,12807
11926,16516
11926,18263
11926,26686
11927,23489
11930,12162
11930,28356
11932,14427
11934,15902
11934,20069
11934,27084
11935,13363
11935,13483
11936,19342
11936,19603
11936,26947
11937,12708
11939,18284
11939,26570
11940,16212
11940,17149
11940,22242
11940,26547
11941,23070
11943,12929
11943,18625
11944,12277
11945,13086
11945,18170
11945,19805
11945,29636
11945,29817
11946,21713
11947,15084
11949,26323
11950,16124
11950,17021
11951,16931
11952,16967
11952,17337
11952,25023
11953,15667
11953,17036
11955,25972
11956,15357
11956,27233
11957,12019
11958,13104
11959,15489
11959,19233
11960,12121
11960,12172
11960,12466
11960,19863
11962,17366
11962,17912
11962,21136
11963,14950
11963,20660
11963,21690
11965,14940
11965,17124
11967,15348
11967,16713
11967,20370
11967,25454
11968,14276
11969,14617
11969,15907
11969,22409
11970,19366
11970,23252
11970,28037
11971,12604
11971,25988
11971,28252
11972,13604
11972,15222
11972,18481
11972,29322
11974,22071
11975,20707
11976,13242
11976,19247
11976,23402
11978,14251
11978,16237
11979,12774
11979,17357
11979,17987
11979,24497
11981,12061
11981,21485
11981,29733
11982,13583
11985,27899
11987,16740
11989,17865
11990,28845
11991,12177
11991,13787
11991,18969
11991,26456
11994,17742
11995,13729
11995,21781
11996,18791
11996,29570
11997,14903
11997,17814
11998,15114
11998,16599
11998,21937
11999,18084
12001,16716
12001,19785
12001,24350
12001,29936
12002,29273
12003,12131
12003,23812
12003,25823
12004,13623
12004,18897
12004,24365
12005,15699
12005,23093
12007,16759
12007,21658
12009,16699
12009,23481
12010,16670
12010,19716
12010,21781
12010,25439
12011,17564
12013,16800
12013,22722
12013,28107
12014,12399
12014,12559
12014,17910
12014,28470
12015,12867
12016,12425
12016,27359
12018,16565
12019,12582
12019,14147
12019,14325
12019,14512
12019,14745
12019,16363
12019,18032
12019,20359
12019,20927
12019,22889
12019,25410
12020,14755
12020,21089
12020,27321
12021,24162
12022,23086
12023,12861
12023,14402
12023,27196
12024,20003
12024,22316
12024,22329
12025,22250
12026,13834
12028,15213
12028,15657
12028,19726
12028,25324
12029,18781
12030,13473
12030,14964
12032,28328
12032,28830
12033,17147
12033,22056
12033,23137
12034,13373
12034,17850
12035,12943
12036,20176
12036,28456
12036,29654
12037,15473
12037,18201
12037,25546
12037,28342
12040,14945
12040,19628
12040,22092
12040,28491
12040,29823
12043,16634
12043,17640
12043,24402
12044,16440
12044,20793
12045,14329
12045,18495
12045,24043
12046,18267
12048,24510
12049,13905
12049,14327
12049,20716
12049,22993
12049,29975
12050,17735
12050,17984
12050,20032
12050,24209
12050,24313
12050,24347
12050,29585
12051,13842
12051,24175
12052,15093
12052,16000
12052,17294
12052,25650
12052,29923
12053,14984
12053,23664
12055,13580
12055,20951
12055,24726
12058,13106
12058,13858
12058,24440
12059,12073
12059,15793
12059,16228
12060,18240
12061,28061
12061,29954
12062,14556
12062,23291
12062,28426
12063,25463
12063,25585
12064,25186
12065,17034
12066,21344
12067,15905
12067,16194
12067,17806
12067,21141
12067,29424
12067,29846
12069,16526
12070,28301
12071,16030
12071,19172
12071,20320
12071,25079
12072,29582
12074,20160
12075,26807
12077,18345
12077,18592
12079,18860
12080,20142
12080,24672
12080,25172
12080,26572
12080,29801
12081,12393
12081,12706
12081,23532
12081,25747
12081,28351
12082,16937
12082,27781
12082,27784
12083,13169
12083,23590
12084,14188
12084,16887
12084,23755
12084,28346
12085,26735
12086,22581
12087,17968
12087,19249
12088,12418
12088,21831
12088,29557
12089,24102
12089,24533
12090,13956
12095,16767
12095,16962
12096,28167
12096,29015
12097,18324
12099,14426
12099,18969
12099,20066
12099,24821
12100,13400
12100,26016
12101,19001
12101,21480
12101,26897
12103,28843
12105,22314
12106,13317
12106,17853
12107,15258
12107,17175
12108,21969
12109,14625
12109,18343
12110,16609
12110,27343
12111,21209
12113,13263
12114,16131
12116,12634
12116,15388
12116,28882
12117,22409
12117,25874
12117,26086
12117,28339
12119,27078
12121,12483
12121,21351
12122,14041
12122,29525
12123,20909
12123,24513
12123,26510
12124,12810
12124,23596
12124,26814
12125,25809
12125,25928
12126,14659
12126,16531
12126,16576
12126,23780
12127,13470
12127,19201
12129,14613
12129,14666
12129,19273
12129,25143
12130,12157
12130,15123
12130,17032
12130,21532
12130,28275
12131,14121
12131,14687
12131,15601
12131,20372
12131,24715
12131,24857
12131,27633
12132,12456
12132,12704
12132,17284
12132,19103
12132,20453
12132,20741
12133,18204
12133,19161
12133,23154
12133,24967
12133,26432
12133,28584
12134,17278
12134,18813
12134,19117
12134,21042
12135,15130
12135,20198
12135,26839
12136,28438
12137,16201
12137,21104
12139,13280
12140,15779
12140,25146
12141,28361
12142,12448
12143,29257
12144,28483
12146,13974
12146,19246
12146,22080
12146,22746
12146,27550
12147,18493
12148,18930
12148,28690
12148,29908
12150,24080
12151,19894
12152,12731
12152,15297
12152,27539
12152,28853
12156,18636
12156,19292
12156,24721
12156,29677
12157,12660
12157,15978
12157,18295
12157,26932
12157,29953
12158,15261
12158,15897
12158,22229
12160,15511
12160,19784
12161,24765
12162,17901
12162,20924
12163,18542
12163,19029
12163,21608
12163,25221
12164,22726
12164,25662
12165,17462
12165,19150
12165,20202
12165,23353
12165,23565
12165,26270
12165,27091
12165,29369
12166,12391
12166,18202
12166,20638
12166,20893
12166,22869
12166,27342
12167,14348
12167,20724
12167,21035
12167,25132
12167,28751
12170,14571
12170,15987
12172,19406
12174,19369
12174,22815
12176,16570
12176,25610
12177,12192
12177,12207
12178,14575
12178,15268
12178,26542
12179,19600
12179,21662
12179,22462
12179,26387
12179,28083
12179,28459
12180,29143
12181,13042
12181,27659
12182,14859
12182,17553
12182,27666
12183,15054
12183,15237
12183,20318
12184,12532
12184,15842
12184,21591
12184,21962
12184,22178
12185,20193
12185,28232
12186,16760
12186,16926
12187,16417
12188,12502
12188,13923
12188,18343
12191,19026
12191,27924
12194,21479
12194,28393
12194,29439
12195,16702
12195,18748
12197,14410
12197,24051
12198,18209
12199,13052
12199,21239
12199,25432
12200,14879
12200,19341
12201,17687
12201,22203
12202,23804
12203,12533
12203,19570
12204,23836
12205,17252
12206,14861
12206,17461
12206,25133
12206,29921
12207,18903
12207,23139
12208,17361
12208,22919
12209,20152
12209,24600
12209,25955
12211,20293
12214,26230
12215,12911
12215,14125
12215,17215
12215,21560
12216,17207
12216,25039
12218,18628
12218,21283
12220,19053
12220,28592
12221,14680
12221,15876
12221,19232
12221,19562
12221,21158
12222,18829
12222,19195
12222,26225
12224,26864
12224,27916
12225,13560
12225,15451
12225,16648
12225,19981
12225,22883
12226,15294
12226,20232
12227,26357
12227,29741
12228,12610
12228,15740
12228,25836
12229,24052
12229,28374
12230,27317
12231,23648
12232,24621
12232,27307
12233,21245
12233,21689
12233,25084
12233,29560
12236,13583
12236,20676
12237,14609
12237,15028
12238,15317
12238,25802
12238,26085
12239,12288
12239,14446
12239,15370
12239,18026
12240,25489
12241,19569
12241,29019
12241,29442
12243,27635
12244,25586
12245,29969
12246,20266
12246,22737
12246,24643
12248,26848
12248,29291
12249,16580
12249,19426
12249,23009
12251,17330
12252,14037
12252,17204
12252,20506
12252,20804
12252,25331
12253,23983
12253,25565
12254,22240
12254,22916
12255,24004
12255,24393
12258,14705
12258,14754
12259,14748
12259,18219
12260,19011
12261,16126
12262,19758
12263,18438
12264,17307
12264,20126
12264,25277
12265,29107
12267,15772
12268,18396
12268,22171
12269,25243
12270,16885
12270,21691
12270,24731
12270,27046
12270,27404
12270,29431
12270,29950
12271,15520
12271,24092
12271,26843
12272,13117
12272,23014
12273,29879
12274,12434
12274,15448
12274,20759
12275,14338
12275,24486
12276,23773
12277,17679
12279,12854
12279,18097
12279,18678
12279,27451
12280,18368
12281,21150
12281,23163
12283,13335
12283,20517
12284,21204
12286,18237
12287,23646
12288,20773
12290,14405
12290,17059
12290,23326
12291,13171
12291,22037
12292,14682
12292,16057
12292,16392
12292,21541
12292,29332
12294,25292
12295,19840
12295,26400
12296,21324
12297,13595
12297,14150
12297,19487
12297,20184
12297,20905
12297,21918
12301,23581
12302,16187
12302,18249
12302,20519
12303,12585
12303,15795
12303,23052
12303,23806
12305,21371
12305,26300
12305,26886
12307,15358
12307,25044
12308,16001
12308,20099
12309,13666
12310,16264
12311,16403
12311,21848
12311,23566
12311,26059
12311,27392
12312,16869
12312,18844
12312,19994
12312,25058
12313,12864
12314,14505
12314,17201
12315,19362
12315,21863
12315,22555
12316,29274
12317,14561
12317,22957
12317,27403
12318,13909
12319,14495
12319,15778
12320,13242
12320,15752
12320,18292
12320,25433
12321,26684
12322,15051
12322,17868
12322,19970
12322,29372
12326,20195
12326,24722
12327,14983
12327,25550
12327,28587
12327,29400
12330,18331
12330,19061
12330,21660
12330,23195
12330,27896
12331,20856
12331,21923
12331,25249
12331,26131
12332,19146
12332,27967
12332,28117
12332,28471
12333,19682
12333,23407
12333,24243
12334,13836
12334,22564
12334,28708
12335,22134
12335,27707
12335,29741
12336,16255
12336,26155
12337,28176
12339,19546
12340,17444
12341,17035
12341,29010
12343,20714
12343,26564
12343,28563
12344,19088
12344,20459
12345,22089
12346,16491
12346,24193
12348,16420
12350,14712
12350,21335
12350,23776
12351,13694
12354,12529
12354,29957
12355,17864
12355,19781
12355,26949
12356,13770
12356,28693
12356,29278
12357,12505
12357,22505
12357,25505
12358,16603
12358,23414
12359,17027
12359,21121
12359,21549
12360,14250
12360,14757
12360,14971
12360,17420
12361,13872
12361,17254
12363,17314
12363,22688
12364,12617
12364,24217
12364,28262
12365,19199
12366,20924
12366,22473
12367,17100
12367,21643
12367,23923
12368,22349
12368,28923
12369,14553
12369,14698
12369,18940
12369,21810
12369,23785
12369,23875
12369,26147
12369,28937
12370,15877
12370,22054
12371,19915
12371,24302
12372,13205
12373,14654
12374,20160
12375,28148
12376,14770
12376,27728
12377,16075
12377,24091
12377,29332
12378,12515
12378,13849
12378,29497
12379,24300
12380,15164
12380,18614
12381,18610
12381,29128
12382,15169
12382,25681
12382,28475
12383,13422
12384,13278
12384,17606
12384,18232
12385,17026
12385,21517
12385,25223
12385,27209
12386,18110
12386,21838
12386,23031
12386,25009
12386,26151
12387,14926
12387,27579
12387,28875
12389,15659
12391,15217
12391,23546
12392,17039
12392,22987
12393,19092
12393,21825
12393,22254
12394,13456
12394,14470
12394,19246
12395,14059
12395,16569
12396,15623
12396,16057
12396,19215
12396,19529
12396,21385
12396,29230
12397,13964
12397,14802
12397,23071
12397,27580
12400,26262
12401,18357
12401,23470
12402,13678
12402,23003
12402,24972
12403,12573
12403,13379
12404,13897
12405,13055
12405,16587
12405,28484
12405,28822
12407,14331
12407,28835
12408,19656
12409,18312
12409,27556
12410,14941
12410,19278
12410,20517
12410,22570
12410,22986
12410,24602
12412,17176
12412,25124
12415,14008
12418,15425
12421,17666
12421,17879
12421,20931
12421,26148
12421,27148
12421,28648
12422,19654
12423,17995
12423,22537
12424,19020
12425,14278
12425,20071
12425,29189
12428,12957
12429,22943
12429,29465
12434,21195
12435,20589
12436,20063
12437,15540
12438,20970
12438,22186
12439,17722
12440,25019
12440,25484
12441,17958
12441,28294
12442,13626
12442,27931
12442,28434
12443,26128
12444,13268
12445,28688
12446,22848
12448,13351
12450,19927
12451,15064
12451,19237
12451,24937
12452,15238
12452,17297
12452,17787
12453,13874
12454,22707
12455,16542
12456,15227
12456,18662
12456,23030
12456,24012
12456,25623
12457,14062
12457,19189
12457,21016
12457,27226
12458,16868
12458,20218
12458,23882
12458,27596
12459,15665
12459,18453
12460,16791
12460,24121
12460,27005
12461,13649
12464,14659
12464,15038
12464,26648
12465,28747
12466,18289
12466,19180
12466,27297
12467,14161
12468,18202
12468,20732
12468,28530
12469,15208
12469,17173
12469,19347
12469,21452
12469,22377
12469,22839
12469,24263
12469,26515
12471,13586
12471,16638
12471,18596
12471,24251
12471,25824
12472,12757
12472,16171
12473,19252
12473,21252
12474,13970
12474,18809
12478,26410
12479,14961
12480,23403
12481,24763
12483,16747
12483,26750
12483,29674
12484,18968
12486,14512
12486,24127
12487,13282
12488,20531
12488,21386
12488,29656
12489,18768
12489,18774
12491,22560
12491,26179
12491,27638
12492,15587
12492,16087
12492,23664
12492,26798
12492,27196
12493,16047
12495,15132
12496,15587
12496,25875
12497,17685
12497,27186
12498,17870
12499,29619
12500,19444
12500,22321
12500,23077
12500,23133
12501,13055
12501,16322
12501,16481
12502,26946
12503,13585
12503,17887
12504,15895
12504,19079
12504,20599
12504,28001
12504,29723
12506,27925
12507,18099
12509,15762
12509,17590
12510,16579
12510,17553
12510,21528
12512,17099
12512,21785
12512,24822
12512,27212
12512,29025
12512,29792
12513,23947
12513,27053
12513,28723
12514,13270
12515,27572
12516,21947
12517,13304
12518,18426
12519,23330
12519,23503
12519,25211
12520,18772
12520,19109
12520,24635
12520,26755
12521,14767
12521,18972
12522,13804
12522,14547
12522,20374
12522,21537
12522,27595
12524,15012
12526,22900
12526,26203
12527,14635
12527,16357
12527,19857
12527,23872
12527,23876
12527,24151
12527,28877
12529,27468
12530,16515
12530,17083
12530,18589
12530,29689
12531,28479
12532,15816
12532,19214
12532,19710
12532,22056
12533,15176
12533,17113
12533,24291
12533,25004
12534,16281
12534,17221
12536,15005
12536,21982
12537,20244
12537,26875
12538,13511
12538,27734
12538,28242
12539,15219
12540,15019
12540,19382
12540,22202
12543,16246
12543,21506
12544,16831
12544,24369
12545,15125
12546,16288
12547,13542
12548,28351
12549,24205
12550,16893
12552,15904
12552,20484
12552,21751
12553,18572
12553,22590
12554,14324
12554,17902
12554,21836
12555,15643
12555,20469
12556,15049
12556,15375
12556,18279
12556,19883
12556,22125
12556,23977
12557,16230
12559,19249
12559,19784
12559,22625
12559,25486
12560,13404
12560,23643
12561,13304
12562,23656
12562,25250
12563,15950
12563,17885
12563,19066
12563,24420
12563,24844
12563,26173
12563,26519
12565,15853
12565,22578
12565,29379
12566,23417
12568,29425
12569,21439
12570,22572
12571,20795
12574,28575
12576,29559
12578,14219
12578,14541
12578,15735
12578,16511
12578,18766
12578,21407
12578,25214
12580,17826
12583,26933
12587,12724
12587,13111
12587,14621
12587,27897
12588,29868
12590,15163
12590,20234
12591,16279
12592,25509
12592,29663
12593,21723
12594,14398
12596,13095
12596,13640
12596,17414
12596,24673
12597,13186
12597,15957
12597,26468
12598,19159
12598,29720
12599,14907
12600,13838
12601,22316
12602,16718
12602,18470
12605,19176
12606,19869
12606,29951
12607,13880
12607,14099
12607,16865
12607,18843
12607,21323
12608,15193
12612,17508
12612,18980
12612,20896
12612,21866
12613,29864
12614,16815
12614,17902
12614,17949
12614,18533
12614,21422
12614,23940
12616,18445
12616,25483
12617,19878
12618,13223
12618,17323
12618,19264
12618,22918
12619,14177
12619,14978
12619,19918
12620,16043
12621,22170
12621,26915
12621,28669
12623,29419
12624,14377
12624,15604
12625,15887
12625,26650
12626,16837
12626,24153
12626,27354
12628,19324
12629,15088
12629,19495
12630,15250
12630,20510
12630,22988
12631,14727
12631,15589
12631,16128
12631,24437
12631,26432
12632,13635
12632,17626
12632,24212
12633,14463
12633,14725
12633,18560
12633,25796
12635,12675
12635,19215
12637,13994
12638,13575
12638,17301
12638,19937
12638,22141
12639,18175
12639,22731
12639,29134
12640,27862
12641,16001
12642,17325
12643,16683
12644,21576
12644,28944
12646,14942
12647,14270
12648,15831
12648,19244
12648,26138
12650,27569
12651,13446
12651,13624
12651,15592
12651,18052
12651,19596
12651,24479
12651,25651
12652,13333
12652,19019
12653,25686
12655,13932
12655,23141
12655,24677
12655,26393
12655,29247
12656,23633
12656,29412
12656,29750
12657,15184
12657,18987
12657,21276
12658,23391
12659,12755
12659,14525
12659,18359
12659,22502
12659,24983
12661,13986
12662,12679
12662,12771
12662,13920
12662,15548
12662,15663
12662,18601
12662,23645
12662,28666
12662,29175
12664,13291
12664,16565
12664,18215
12664,25158
12665,13159
12665,15892
12665,22137
12665,23586
12665,27709
12666,12971
12666,24530
12667,15115
12667,25081
12668,13793
12668,15908
12668,18054
12668,21146
12669,19411
12670,21462
12673,13669
12673,21046
12674,14031
12674,15321
12674,21938
12674,23680
12674,26596
12675,24268
12675,26892
12676,20387
12677,16157
12678,21130
12678,24465
12679,16558
12679,28699
12680,26355
12681,16150
12682,27971
12684,13465
12684,22265
12685,17266
12686,27263
12687,23948
12688,15917
12690,13274
12690,16902
12690,23129
12691,23172
12691,25443
12691,27645
12692,24661
12693,14637
12694,13287
12694,16765
12695,18907
12695,26629
12696,15472
12698,22004
12699,12843
12702,15523
12702,18182
12702,22251
12702,23808
12704,13850
12704,19334
12704,28523
12706,23168
12707,26318
12708,28090
12709,14401
12709,16361
12709,27799
12710,21352
12710,27569
12711,15424
12712,12838
12712,24951
12712,25848
12713,16962
12713,23828
12714,13346
12715,15314
12715,29950
12716,19876
12716,21635
12716,28214
12719,28354
12721,13924
12721,15577
12721,19607
12721,27944
12723,20446
12725,22514
12725,27657
12726,19445
12727,16821
12727,27961
12728,15833
12728,18825
12730,24964
12730,28684
12732,24384
12733,13363
12733,14192
12733,26537
12733,29691
12734,12925
12734,13135
12734,15854
12734,16528
12735,21400
12735,26952
12738,24784
12739,14855
12740,13355
12740,13427
12740,18513
12740,19434
12742,16358
12742,19716
12744,22408
12744,22446
12745,13783
12745,16142
12745,21752
12747,28114
12748,28375
12749,15059
12749,20542
12751,14617
12751,24189
12753,26098
12754,28992
12756,14827
12756,20817
12756,23374
12758,21129
12758,26570
12760,18909
12761,23164
12762,13102
12764,20264
12764,21585
12764,25970
12765,27457
12767,19569
12767,22885
12767,23256
12768,23764
12769,15468
12770,22462
12772,15741
12772,20184
12772,20212
12772,26801
12773,15121
12773,28625
12773,29965
12775,27992
12778,27007
12779,17418
12779,26350
12780,16217
12780,19427
12780,19456
12780,23556
12780,27679
12781,22520
12783,12795
12783,16922
12783,29322
12785,14359
12785,16111
12785,22903
12786,25647
12787,19562
12787,21984
12787,25481
12788,27918
12789,21782
12792,14104
12792,18204
12792,18261
12792,25039
12792,29215
12795,14179
12798,18724
12798,21495
12798,24612
12799,18067
12799,26474
12800,14761
12800,20803
12801,16149
12801,19947
12801,22010
12801,24278
12803,19634
12803,28806
12804,12809
12804,14187
12804,18363
12804,24705
12805,24791
12809,25789
12810,13800
12810,18531
12810,21803
12810,29843
12811,14349
12811,18775
12811,27567
12812,14652
12813,14283
12813,14499
12814,13276
12814,14127
12814,15408
12814,24359
12814,26583
12817,15651
12817,23046
12820,16633
12820,17770
12821,16305
12822,16667
12823,19209
12823,22361
12823,27780
12823,28805
12825,13114
12825,15138
12825,20249
12825,26078
12825,28623
12827,13155
12828,14274
12828,15309
12828,17929
12828,23985
12828,26280
12829,29464
12830,13154
12830,14424
12830,23888
12831,18715
12831,19272
12831,24128
12831,26054
12833,13231
12834,16920
12834,19393
12834,23510
12834,28113
12836,18388
12836,20617
12836,25241
12836,26633
12837,23326
12838,19680
12838,21273
12839,17458
12840,21146
12841,21876
12842,13032
12842,13342
12842,15662
12842,18187
12842,24650
12843,21769
12843,23278
12844,15178
12844,15428
12844,19171
12844,27267
12844,27495
12844,27910
12845,20459
12846,20043
12846,23413
12846,24981
12846,27394
12848,14705
12848,24255
12849,13826
12849,28853
12850,18953
12851,24944
12855,25911
12855,29939
12856,17653
12856,26018
12856,26861
12857,22286
12858,27185
12859,18458
12859,25139
12860,23718
12861,13610
12861,13973
12861,17042
12861,28096
12862,14413
12863,16844
12863,23060
12863,23599
12863,29111
12865,29181
12866,14630
12866,16874
12866,22025
12868,14630
12869,21067
12869,27929
12870,16768
12872,15303
12872,27632
12872,27763
12872,28864
12873,26011
12876,13504
12876,18084
12876,26850
12876,28328
12877,14994
12877,15793
12877,15963
12877,23853
12878,16313
12879,19920
12879,21817
12879,22399
12880,13446
12880,14558
12880,22059
12880,24819
12881,21804
12882,14704
12882,15385
12882,19162
12883,13668
12883,24472
12884,18027
12884,24192
12885,22794
12885,24776
12885,27423
12887,20943
12887,25934
12888,18071
12888,21696
12888,24014
12890,21138
12890,25870
12892,24786
12893,29337
12894,27306
12894,29163
12896,13937
12896,16692
12896,18916
12896,19415
12896,20438
12896,24809
12896,27096
12896,28685
12897,17868
12897,19400
12897,20869
12897,21361
12897,27496
12898,14125
12898,15311
12898,27849
12901,13247
12901,14272
12901,15313
12901,29847
12906,22423
12907,23431
12907,25910
12907,26009
12908,16502
12908,28393
12909,13382
12909,16312
12909,26377
12910,20206
12910,25215
12910,28893
12911,17360
12912,19827
12913,19973
12914,13523
12914,19948
12915,20269
12915,23188
12917,14459
12917,16956
12917,17029
12917,18344
12919,21144
12920,17409
12920,20590
12921,14005
12921,14037
12921,21841
12921,24362
12921,28020
12921,29352
12922,22788
12924,18852
12926,26443
12927,15037
12927,16996
12927,17693
12927,26489
12928,18870
12929,14608
12929,17317
12929,18861
12929,19847
12931,18856
12931,26314
12932,13365
12932,24151
12935,13512
12935,18269
12935,22403
12935,23245
12937,14029
12937,15710
12937,26073
12938,13023
12938,14036
12938,14726
12939,20493
12939,21011
12940,13540
12940,14592
12940,18341
12940,19041
12941,27817
12942,17347
12942,17706
12942,17877
12942,17979
12942,18907
12942,24619
12942,29504
12943,16036
12943,20043
12943,20834
12944,15750
12944,18747
12944,20956
12946,25670
12946,26316
12946,27384
12949,14591
12949,18896
12950,17792
12950,23679
12951,16106
12952,13511
12952,19364
12952,19375
12952,20434
12953,16264
12953,17272
12954,17922
12956,14166
12956,27730
12957,28376
12960,17872
12960,19498
12961,19670
12962,23959
12962,24116
12964,17119
12964,21399
12964,29026
12965,14389
12965,16195
12965,24103
12965,24314
12965,25592
12965,28917
12966,18640
12966,18982
12968,17162
12968,20648
12968,27286
12968,28339
12970,25533
12971,19196
12973,18186
12974,18130
12974,24956
12974,27026
12974,27388
12976,22567
12976,23859
12976,27848
12978,21659
12978,23148
12978,23560
12979,15121
12980,27805
12981,18479
12981,29245
12982,14918
12984,16171
12984,25386
12985,17993
12986,13272
12986,21570
12987,20909
12987,24723
12988,20574
12989,22319
12990,13939
12990,14822
12990,20656
12990,21964
12990,29139
12991,27271
12991,27773
12992,29659
12993,22179
12996,13346
12996,18142
13001,26678
13002,25195
13003,23911
13005,15900
13005,21738
13005,29255
13006,20836
13006,21331
13006,21879
13007,14765
13007,20669
13007,21966
13007,24730
13007,29099
13008,25073
13010,14236
13011,18920
13011,29714
13012,19814
13013,14325
13013,26787
13013,28140
13015,22107
13016,13531
13016,21801
13016,25772
13019,29282
13020,15596
13020,25079
13021,13863
13022,26134
13023,26021
13024,13568
13025,14819
13025,19639
13025,23433
13025,27598
13026,14559
13027,29024
13028,28946
13029,13394
13029,15940
13029,27655
13030,17497
13030,18003
13032,17984
13032,27362
13033,13236
13034,17829
13034,24751
13036,18720
13037,18757
13037,18784
13037,19140
13037,29993
13038,13766
13038,17791
13038,23366
13038,28375
13039,23721
13039,28409
13040,18280
13040,21629
13040,27645
13042,18589
13042,20416
13042,29865
13045,21844
13046,13168
13046,16085
13046,22746
13046,28757
13046,29243
13047,20871
13049,18003
13051,17515
13051,22542
13051,25838
13053,20100
13053,25097
13053,25742
13053,29165
13054,26017
13055,20568
13056,18159
13057,19494
13058,16986
13059,15332
13059,20878
13062,15982
13062,20580
13062,22614
13062,23440
13064,13505
13064,13870
13064,14721
13064,17814
13064,24120
13064,28598
13066,15758
13066,24631
13068,13890
13068,15374
13068,18236
13068,18429
13068,20400
13068,25300
13069,28510
13072,21901
13075,14214
13079,22191
13080,20977
13081,13909
13081,17619
13082,22886
13083,29780
13084,15171
13084,19470
13084,19800
13084,27635
13085,18373
13085,20371
13086,15100
13087,13188
13087,27209
13088,17656
13089,14451
13090,13544
13090,14024
13090,14374
13090,18231
13090,20481
13090,22696
13090,22830
13091,17390
13091,20443
13093,28707
13094,23513
13095,20642
13095,29111
13096,20876
13096,24181
13097,18670
13098,13475
13098,13648
13098,26136
13098,29271
13099,18260
13099,18434
13099,19476
13099,29697
13100,13854
13100,18927
13100,28023
13101,17581
13101,18582
13101,22239
13101,23880
13101,28450
13102,18778
13102,23161
13102,24837
13102,29485
13103,20735
13104,21105
13105,17261
13105,24199
13105,28661
13107,14703
13109,14701
13109,18787
13110,15406
13110,17070
13110,24434
13110,24666
13111,27510
13112,17181
13118,13362
13118,15371
13118,19421
13120,17033
13121,13990
13124,21844
13126,13184
13126,23036
13127,15866
13127,16102
13127,23651
13128,14662
13128,16840
13130,20754
13130,21957
13130,22072
13130,22888
13131,19347
13131,19635
13132,15403
13132,16122
13132,16219
13134,16095
13134,17890
13136,22679
13137,16198
13140,13946
13140,21443
13140,28715
13141,15914
13141,23190
13143,27920
13145,15551
13146,13699
13146,26530
13148,16793
13149,14946
13150,22397
13150,26049
13152,18845
13152,28807
13153,19229
13153,23262
13153,24267
13153,27396
13156,19310
13157,27514
13157,29265
13158,14832
13158,23943
13159,17225
13159,18153
13159,21769
13160,21207
13161,15017
13162,14349
13162,27606
13163,14681
13163,19564
13163,25343
13165,16365
13167,22940
13168,15815
13170,23404
13172,14561
13172,22827
13173,15334
13173,19975
13173,20775
13173,29048
13174,16198
13174,24252
13174,28243
13176,20725
13176,28710
13177,14169
13177,20216
13178,15091
13178,16099
13179,13892
13179,20389
13179,27760
13180,19625
13180,24645
13182,21755
13185,14103
13185,19509
13185,22967
13185,26181
13186,14040
13186,17921
13186,27967
13187,13239
13188,20024
13189,18295
13189,19565
13189,22469
13189,23754
13194,13481
13194,18213
13196,18251
13196,24120
13197,21584
13197,29152
13199,17931
13200,13683
13200,14703
13200,15029
13200,27636
13201,16849
13201,19375
13202,13315
13202,27745
13202,28615
13205,16687
13206,19313
13206,25871
13207,14974
13207,29999
13208,24870
13208,28760
13209,26757
13210,20898
13210,25580
13211,16682
13211,21153
13211,21911
13212,13513
13212,16644
13213,23746
13213,29990
13214,14815
13214,15524
13214,18168
13214,18603
13214,27670
13214,29391
13215,16442
13216,29154
13217,18503
13217,25521
13217,26676
13219,14767
13219,20149
13220,13577
13221,15907
13222,14695
13222,16548
13222,16968
13222,18049
13222,22163
13223,21177
13223,24242
13223,25579
13224,18448
13224,22661
13225,19432
13225,26163
13225,27002
13226,16921
13226,29040
13227,17496
13227,24246
13229,13837
13229,14828
13229,15219
13229,29498
13230,25479
13231,24285
13231,29634
13232,14206
13232,15284
13233,19659
13234,17420
13235,14360
13235,18904
13237,21405
13240,18298
13241,19197
13241,24323
13242,17042
13242,18072
13242,23002
13242,23686
13243,18407
13244,16110
13244,17486
13244,21851
13244,24887
13245,20752
13246,27043
13247,13292
13247,28096
13248,17044
13248,18807
13248,25445
13248,28445
13248,29961
13249,14367
13249,14699
13249,19872
13251,27705
13252,16040
13252,17363
13252,19269
13252,21398
13252,22045
13252,24091
13253,17347
13253,29200
13254,26319
13255,13587
13256,21145
13256,22770
13256,23184
13256,27576
13256,28897
13260,14800
13260,17061
13262,21242
13262,27195
13262,29691
13263,13800
13263,17512
13263,21816
13263,22727
13263,25046
13263,27211
13264,24185
13267,13617
13267,20211
13267,26884
13270,16835
13270,29304
13271,13862
13271,14357
13271,23157
13271,27041
13272,14655
13272,23443
13273,26026
13275,13601
13275,26691
13276,19824
13278,24092
13279,27674
13280,15683
13280,18527
13280,21653
13280,21784
13280,23678
13281,29296
13282,20294
13283,20089
13283,25918
13286,19101
13286,23056
13286,29582
13287,25603
13288,29293
13291,16183
13291,18568
13292,21097
13292,23223
13293,21379
13295,13429
13297,15466
13298,15726
13298,16000
13298,18438
13298,20498
13298,23289
13298,23951
13298,25473
13299,14344
13299,17683
13299,18147
13299,20974
13299,28135
13300,18498
13300,20244
13300,27644
13302,15252
13302,27648
13302,29935
13303,13733
13303,29279
13304,27477
13305,18257
13306,17730
13306,26700
13307,13891
13307,18251
13307,21600
13309,22502
13310,22362
13310,29001
13311,18713
13311,20674
13312,27542
13315,21822
13315,29518
13316,23459
13318,14242
13318,16037
13318,16880
13318,22437
13320,17485
13320,28073
13322,13555
13324,14475
13324,28619
13325,29503
13326,19368
13327,18998
13328,15048
13328,15956
13328,18148
13328,20824
13328,22703
13328,22945
13328,23059
13329,16737
13329,19693
13329,22804
13329,25401
13329,26028
13329,28061
13329,28612
13330,14100
13330,19464
13330,21591
13331,24768
13332,20922
13332,25080
13332,25644
13333,27206
13333,29991
13335,16396
13335,17425
13335,22676
13335,24504
13336,17030
13336,25158
13336,27912
13336,28600
13339,19026
13339,29761
13340,23187
13342,16526
13342,16566
13343,18320
13344,13498
13344,22490
13345,15045
13345,18290
13346,29349
13347,13788
13347,20365
13347,21159
13347,22741
13347,28050
13347,29773
13348,13667
13348,17687
13348,20679
13348,22803
13348,22958
13348,26462
13349,13378
13349,17614
13351,13901
13353,25700
13354,18298
13354,26832
13355,16473
13355,23126
13355,27593
13356,13917
13357,16269
13357,19660
13358,16799
13358,19872
13358,21832
13358,27919
13358,29944
13360,18253
13360,28645
13362,14664
13362,17094
13362,22896
13362,24517
13362,29150
13363,15812
13363,18323
13364,26943
13365,15746
13365,18031
13365,25717
13366,25968
13367,16107
13368,16826
13368,17692
13368,18992
13368,20789
13368,28567
13368,28887
13369,22693
13370,20080
13370,21304
13371,19273
13371,21273
13374,16940
13374,24233
13374,24456
13375,19173
13376,13721
13376,19916
13376,20495
13376,24262
13376,24682
13376,25509
13380,20420
13380,27000
13381,16179
13381,23752
13381,24495
13385,14324
13385,27137
13387,20025
13388,24335
13390,20408
13390,24187
13390,25977
13392,22018
13392,26033
13394,18051
13395,15586
13395,16726
13395,18031
13395,25972
13395,27645
13395,28543
13396,26043
13396,28118
13397,14924
13397,20612
13398,17402
13398,19813
13399,21085
13400,29573
13401,16634
13401,17812
13401,24628
13402,13639
13402,18090
13402,22104
13402,29422
13403,14646
13403,27489
13405,19279
13406,29338
13407,16332
13407,22876
13408,17075
13408,24149
13408,28644
13409,15045
13409,20742
13409,23131
13410,23617
13411,16742
13412,13737
13412,15151
13412,17616
13415,23448
13418,25957
13419,20429
13419,24371
13420,18158
13420,18200
13420,27056
13421,19420
13423,28716
13424,16081
13424,25691
13425,27087
13426,21036
13426,25894
13427,14353
13427,27700
13428,14913
13428,22407
13428,28728
13431,19960
13434,18735
13434,29917
13435,19086
13438,14381
13439,17279
13439,27650
13442,23549
13443,15806
13443,16635
13443,19438
13443,25988
13444,19305
13444,19845
13445,18657
13445,29469
13447,26528
13448,18808
13448,20922
13450,14795
13450,18226
13450,18419
13450,18735
13451,19733
13453,26329
13454,27884
13456,13538
13456,15944
13456,29689
13458,26090
13458,26298
13459,19956
13459,27179
13461,26587
13461,29816
13462,17225
13464,14499
13464,14992
13464,29075
13465,16103
13465,18974
13465,19390
13465,20990
13466,15895
13467,23837
13467,24625
13469,24108
13470,16102
13470,17320
13470,18168
13470,23614
13470,23841
13470,25475
13470,26764
13473,20610
13474,17565
13474,22761
13475,18500
13475,25908
13476,17133
13476,18606
13477,13890
13477,21711
13479,13503
13479,15561
13479,16592
13480,16031
13480,18244
13480,18807
13482,15065
13482,26653
13482,29175
13484,15572
13484,17722
13484,28452
13486,21655
13487,14355
13487,16102
13487,25373
13488,18275
13488,21721
13488,22224
13488,25545
13491,15546
13491,15781
13492,14256
13492,16144
13492,26023
13492,28509
13493,14049
13493,18634
13494,21045
13494,25551
13494,27200
13495,21597
13496,20490
13496,27600
13497,13499
13497,16166
13497,19100
13498,18507
13498,22895
13498,28684
13498,29698
13499,25517
13500,22347
13501,27132
13502,19848
13504,16620
13505,22674
13505,24505
13507,21600
13507,21606
13507,22413
13507,23355
13507,26915
13507,28479
13508,15662
13509,22957
13510,17273
13511,14543
13512,18422
13514,16056
13515,14537
13517,14602
13517,20906
13517,21228
13517,21555
13517,21953
13517,24511
13517,28569
13520,16134
13521,25264
13522,16880
13522,20489
13522,29042
13522,29390
13524,18391
13524,21508
13524,23796
13524,25018
13525,15181
13525,17977
13525,19102
13525,22984
13525,23279
13525,24741
13525,29983
13527,24611
13529,15591
13529,15620
13531,23244
13535,20185
13536,15060
13536,23778
13536,25002
13536,29934
13537,22936
13537,27530
13538,21647
13540,20016
13540,24441
13540,24967
13541,22122
13543,14516
13543,24808
13546,18248
13546,18466
13549,15658
13549,23468
13550,13871
13551,15079
13552,15499
13552,23695
13553,21056
13555,25477
13557,15779
13557,18127
13557,23591
13558,14154
13562,18104
13563,20219
13564,15315
13564,22789
13565,14374
13565,20305
13565,26941
13565,27364
13566,26679
13567,25568
13568,21395
13568,22261
13569,19263
13572,17662
13572,22741
13573,22616
13573,26162
13575,14193
13575,27176
13576,14055
13576,17829
13577,25031
13578,19644
13578,21966
13579,24041
13580,14396
13581,20671
13582,14989
13582,15519
13582,18156
13582,26567
13582,28002
13584,19468
13585,13998
13586,13850
13586,18278
13586,25876
13588,14368
13588,15185
13588,17007
13589,23645
13590,14310
13590,16944
13591,24383
13591,29748
13592,20627
13593,14682
13593,14707
13593,16622
13593,18387
13594,21294
13595,29133
13597,19116
13597,19242
13599,14798
13599,16576
13599,24544
13601,19444
13601,24455
13603,22591
13603,26248
13604,15404
13604,23820
13605,15910
13606,13852
13606,14096
13606,15003
13606,15601
13606,18127
13606,26311
13606,29297
13607,26340
13607,26777
13608,14125
13611,14215
13611,29886
13612,17247
13613,18789
13613,19680
13614,17963
13615,23855
13616,20246
13617,16985
13619,15331
13619,16467
13619,21214
13619,22765
13619,23122
13623,16464
13624,22130
13624,24644
13624,26210
13624,27291
13625,17519
13625,25426
13625,27128
13626,24962
13626,26559
13626,29339
13627,16054
13627,22218
13627,26266
13628,22948
13630,18578
13630,25210
13630,29034
13631,25562
13632,28734
13633,15244
13635,26425
13637,22040
13637,27697
13638,15327
13638,19433
13638,23848
13638,24577
13639,29989
13642,16045
13642,18684
13642,24571
13644,15757
13644,19492
13644,22325
13644,23482
13647,14624
13647,26305
13647,29665
13648,17916
13648,24926
13648,28792
13650,16694
13650,25766
13650,27493
13650,29577
13651,18951
13651,29982
13652,24179
13652,24462
13653,15402
13653,21760
13653,26722
13654,14660
13654,21319
13655,15857
13655,19895
13655,22122
13657,21116
13658,25341
13660,14952
13660,17926
13665,26685
13666,21619
13669,16110
13669,18456
13669,25361
13670,20794
13671,17098
13672,28223
13673,15047
13675,15216
13675,15968
13675,18723
13675,23729
13676,16718
13676,22952
13678,19288
13678,24828
13679,29262
13681,15588
13681,29952
13682,20457
13685,17666
13685,18196
13686,18926
13687,13765
13687,20302
13687,26112
13687,26356
13687,28461
13689,19620
13689,22174
13689,27792
13690,17506
13690,20690
13691,16751
13691,23568
13691,26740
13692,26595
13692,26651
13693,21267
13696,16094
13698,15593
13699,20378
13700,26351
13702,14208
13702,15853
13702,18103
13702,19141
13702,20124
13702,21320
13702,23266
13702,26423
13702,28415
13703,26273
13704,27545
13705,25591
13708,16490
13709,16305
13709,16994
13709,22724
13709,25480
13710,17659
13710,20428
13711,20397
13713,28841
13717,20053
13717,20078
13717,25911
13718,16168
13718,24433
13719,15262
13720,20872
13720,23472
13721,14744
13724,26170
13725,14462
13726,18120
13726,19660
13726,21849
13727,19990
13728,19266
13728,20706
13728,28200
13729,13830
13729,19627
13729,20362
13730,14041
13730,14075
13730,27355
13730,27623
13730,28493
13730,29546
13731,18180
13731,28860
13732,16977
13733,25384
13734,28206
13736,13822
13736,15291
13736,16461
13736,16641
13737,13816
13737,15797
13737,18447
13737,21366
13737,23099
13737,24417
13737,25854
13737,26327
13738,19345
13738,20345
13738,26652
13740,14719
13740,18540
13740,23252
13741,13938
13743,16817
13743,18166
13743,22887
13743,27293
13743,27704
13743,28609
13744,20264
13745,27919
13748,19626
13748,24012
13749,29668
13750,18233
13751,18739
13751,21552
13751,26998
13752,24985
13753,18037
13753,26858
13755,17671
13756,16715
13756,17093
13756,24046
13757,15705
13757,16801
13757,17333
13757,18060
13757,20256
13757,24163
13758,27706
13760,14674
13761,25421
13761,25768
13761,27723
13762,14773
13764,15457
13764,16134
13764,16191
13764,16355
13764,19035
13764,19795
13765,22966
13766,13930
13766,17169
13767,21574
13768,18227
13768,21329
13770,20620
13771,17642
13771,19524
13771,19806
13771,22000
13772,21362
13772,22183
13772,23248
13772,25933
13773,22476
13773,23196
13774,14039
13774,19429
13774,21390
13774,22645
13774,29259
13775,29597
13776,14638
13776,15397
13776,17330
13776,19250
13776,24981
13776,29338
13777,22658
13778,19812
13778,24157
13778,24374
13779,26712
13779,26770
13781,20325
13782,19799
13784,28528
13785,21388
13785,28191
13786,20539
13789,17490
13789,18356
13790,14513
13790,18698
13790,23345
13791,15906
13791,15965
13791,22554
13793,16251
13793,21948
13794,23551
13795,18147
13796,20109
13796,25657
13797,15306
13798,15068
13799,13865
13799,25740
13799,26120
13802,14457
13804,23141
13804,25164
13805,19553
13806,15955
13806,18471
13810,19214
13811,21798
13811,22837
13811,25967
13812,17744
13816,23825
13817,19674
13817,23219
13817,24915
13820,17796
13822,17768
13823,14075
13823,14199
13823,19720
13825,19486
13826,14049
13827,24927
13828,16709
13828,21119
13828,21985
13831,20820
13832,15531
13833,14355
13833,29175
13834,15516
13834,18759
13834,20425
13834,20938
13836,14881
13836,28401
13837,25857
13841,24172
13841,28298
13842,14054
13843,19182
13843,23249
13845,14317
13845,23636
13847,22800
13847,27095
13847,29235
13848,14263
13848,20582
13849,15420
13849,22491
13849,24990
13849,25782
13849,27134
13849,27956
13851,26397
13853,14360
13853,23500
13853,28045
13853,29315
13855,16226
13855,16762
13855,22525
13855,28274
13856,18561
13857,16389
13857,25099
13858,14656
13863,27348
13864,16220
13865,25427
13866,27263
13867,16065
13867,17808
13867,22016
13867,24316
13867,24515
13869,16134
13870,14313
13872,20386
13872,20852
13872,24780
13873,25194
13876,20020
13878,22503
13878,23308
13878,26116
13881,15594
13881,19032
13881,26520
13883,19719
13884,27557
13884,28901
13885,28698
13886,19923
13887,15318
13887,17482
13890,14102
13890,20254
13891,20769
13891,25318
13892,16142
13892,20584
13893,24089
13893,25134
13894,14980
13895,17166
13896,20915
13897,16088
13897,16129
13898,20587
13898,25979
13899,16882
13900,13941
13900,18894
13902,16616
13902,19076
13903,17138
13903,17473
13904,16295
13904,22854
13904,22955
13905,15445
13905,15860
13905,22141
13906,15388
13906,15851
13906,17405
13907,23649
13907,25684
13908,22514
13909,22536
13911,14240
13911,21116
13911,21779
13913,14229
13913,14828
13913,21543
13914,14785
13915,17337
13915,24152
13915,26193
13916,17601
13916,29311
13917,21009
13917,22129
13919,24972
13920,18000
13920,23058
13920,29122
13921,21308
13922,16247
13923,15929
13923,22472
13924,16484
13925,15004
13925,15630
13925,22568
13926,22495
13926,26154
13928,19450
13928,25918
13929,23989
13929,26067
13929,27919
13930,18171
13930,21875
13931,22290
13935,20052
13935,25069
13936,18935
13936,28074
13937,16262
13938,23225
13939,27726
13940,22698
13943,26803
13944,25660
13945,15350
13945,23227
13945,24038
13946,20259
13947,22279
13947,27421
13947,27796
13948,19217
13948,19554
13948,19717
13948,26184
13949,15871
13949,17161
13949,21810
13950,18358
13951,17231
13951,22043
13951,23612
13951,29309
13952,14894
13953,22714
13954,14579
13954,29180
13955,19334
13957,19852
13957,22998
13959,18164
13960,15429
13960,16175
13961,20996
13962,24230
13964,15164
13964,27322
13964,27438
13964,28514
13965,24177
13966,23095
13967,15173
13967,22763
13968,18809
13969,17721
13969,25341
13971,17932
13971,18789
13972,23302
13972,24547
13972,28933
13977,16691
13977,20043
13978,17319
13981,21994
13982,16628
13982,18650
13982,22439
13982,22850
13982,23923
13983,14073
13983,22267
13983,23953
13983,24375
13985,14373
13986,19329
13986,22582
13987,17517
13987,18618
13987,20046
13987,23844
13988,17336
13989,15295
13989,17671
13989,19678
13989,20208
13989,22434
13989,27048
13989,27792
13989,28326
13991,15651
13991,19459
13993,14536
13994,22756
13995,22961
13996,28115
13999,14513
13999,21133
13999,22594
13999,28287
14001,26137
14002,14946
14006,14876
14006,25024
14007,27052
14007,27709
14008,18811
14010,14574
14010,16994
14010,27068
14011,14728
14011,16091
14011,26068
14012,15763
14012,17186
14012,17531
14012,18779
14012,21206
14013,14466
14013,16525
14015,23722
14015,29487
14016,15022
14016,18975
14017,15594
14018,17608
14019,17400
14019,27984
14019,29290
14020,20132
14020,23600
14020,27712
14021,16867
14021,20507
14022,14245
14022,15272
14022,16079
14022,18517
14022,18551
14022,20094
14022,22614
14022,25622
14023,20721
14023,27191
14026,17001
14027,17989
14027,29354
14028,16482
14028,23786
14030,21074
14030,21670
14031,29995
14032,16150
14032,29673
14033,16344
14033,19112
14033,20218
14033,22111
14033,25837
14033,26979
14034,16657
14035,16352
14036,14710
14036,29001
14038,22412
14039,14689
14040,19690
14040,22312
14040,22479
14044,16992
14044,18027
14044,19913
14044,20229
14044,23281
14047,25559
14048,26163
14048,26229
14049,29239
14053,19616
14054,17071
14055,22874
14055,26589
14056,17013
14058,29466
14059,15322
14060,15571
14060,22549
14060,24473
14060,24683
14061,16762
14061,17644
14062,24968
14063,14220
14063,16044
14065,23079
14066,15010
14066,17458
14066,20609
14066,21189
14068,19451
14068,29173
14069,14493
14069,22539
14069,29021
14071,20596
14071,25915
14072,29879
14073,15590
14074,14830
14074,17931
14074,20419
14075,28053
14076,19040
14077,16492
14077,20916
14077,20935
14077,21697
14077,22011
14077,22969
14078,16988
14078,22013
14078,27725
14079,18013
14080,20342
14080,27688
14082,25005
14083,20313
14084,15534
14086,14613
14086,24815
14086,28443
14087,28383
14088,17901
14089,15126
14090,14425
14090,17797
14090,22281
14090,23537
14091,20270
14091,22096
14091,23604
14091,23637
14091,28321
14092,14531
14093,15867
14093,17441
14093,22468
14095,16904
14096,23737
14099,19851
14099,20695
14106,16676
14107,15096
14107,15792
14107,21681
14108,25821
14109,18696
14109,24134
14109,27672
14110,19604
14111,21118
14111,21569
14111,26262
14112,17198
14112,19221
14113,18077
14113,29769
14114,16590
14114,18090
14114,21631
14117,20892
14117,22211
14118,15644
14118,24182
14118,26268
14120,14986
14120,20080
14120,23312
14120,25015
14121,25474
14122,15112
14122,17332
14123,24814
14124,25152
14125,15207
14127,16592
14127,23740
14128,17734
14129,14627
14129,17569
14129,21409
14129,25256
14129,26738
14131,23061
14131,26160
14132,25451
14132,26029
14135,14227
14135,18683
14135,25859
14136,28770
14137,29739
14140,20427
14140,22058
14140,25742
14141,20006
14141,20669
14142,20648
14142,29829
14144,22576
14145,17640
14145,18150
14145,21883
14145,28400
14147,15107
14147,20272
14147,26950
14148,16538
14148,25607
14149,17548
14149,29941
14150,26464
14150,26655
14151,24144
14151,25458
14151,28171
14152,15938
14152,19201
14153,16237
14154,17016
14154,19487
14156,24131
14158,21922
14159,17318
14159,22141
14161,14315
14161,16031
14162,17060
14164,26409
14167,15714
14167,19351
14167,19602
14167,23366
14167,26124
14167,26497
14169,25921
14171,26191
14171,29319
14174,28674
14174,28944
14175,15420
14175,29084
14176,16211
14177,20056
14178,15708
14181,14300
14181,27498
14181,27977
14182,14640
14182,20245
14182,22382
14183,19732
14183,25239
14184,21797
14186,25085
14188,14268
14188,14812
14188,16454
14188,21602
14190,17794
14190,20633
14191,18886
14191,23935
14191,29739
14192,25371
14193,22166
14195,19494
14195,29535
14196,24420
14197,20097
14197,29659
14199,15452
14199,16001
14199,24284
14199,27758
14199,28641
14200,25307
14200,27277
14202,16771
14202,28510
14203,23788
14205,15373
14207,18608
14208,19495
14211,14799
14212,24067
14215,19179
14215,23491
14216,17172
14217,29789
14218,20326
14219,28068
14222,19165
14223,22511
14224,14922
14224,23786
14225,14401
14225,20474
14225,23732
14225,23927
14225,24592
14225,26596
14226,24309
14226,28357
14226,29474
14227,17062
14227,20877
14228,20556
14228,28487
14230,24454
14230,26364
14231,16326
14231,17640
14231,28694
14233,23987
14235,18730
14236,14862
14236,17503
14236,21479
14236,24041
14237,17202
14237,29055
14239,25375
14239,26698
14240,18984
14240,23487
14241,14801
14241,17686
14241,25574
14242,21542
14243,23304
14243,26316
14243,27527
14244,23903
14245,19935
14248,21164
14249,23576
14250,16912
14250,19903
14250,22054
14250,22353
14250,24153
14250,29424
14251,27820
14252,23957
14253,19673
14254,29150
14255,21684
14255,25704
14256,16113
14257,15978
14257,18613
14257,27826
14257,28200
14258,19219
14258,23636
14258,26552
14259,22601
14260,26972
14260,27906
14260,28180
14261,15611
14261,17964
14261,28272
14262,17104
14262,25350
14263,20335
14264,15226
14264,20420
14264,23375
14267,18841
14267,19914
14267,22869
14267,29051
14268,29397
14269,22032
14269,25171
14269,25962
14269,28215
14270,26363
14272,19256
14274,20314
14274,20880
14274,25702
14274,26252
14277,23960
14280,20954
14282,16812
14283,21016
14283,21502
14283,22359
14283,29003
14284,17844
14284,21639
14287,23174
14287,24646
14287,24915
14287,27699
14288,20136
14288,29186
14291,19019
14292,14444
14292,25213
14293,16371
14294,29232
14295,15920
14295,16256
14295,29984
14296,19030
14296,20178
14296,27530
14297,27950
14299,17837
14301,24527
14302,25451
14304,14369
14304,26659
14306,19699
14307,20109
14308,15512
14308,16445
14308,21952
14308,26899
14309,19653
14309,20555
14311,23356
14312,14718
14313,27981
14315,26226
14316,15174
14316,28687
14317,14945
14317,15141
14317,20147
14317,20448
14317,22581
14317,24115
14318,19661
14318,22917
14319,16016
14319,19238
14319,22898
14320,16123
14320,19934
14320,27040
14326,21096
14326,25084
14326,25279
14328,16948
14328,19498
14329,18823
14331,25307
14332,17881
14334,22949
14334,26607
14334,29709
14336,17079
14338,19914
14338,25007
14339,17884
14340,16825
14341,17789
14341,20268
14341,28845
14342,19461
14342,20373
14343,19573
14343,22587
14344,15607
14344,24810
14345,17544
14345,25187
14346,25704
14348,25463
14349,21319
14349,24507
14350,24974
14351,15925
14351,17447
14351,18225
14355,15701
14355,21990
14355,25009
14355,25598
14357,16063
14357,18096
14357,22871
14357,25002
14357,25133
14358,29783
14359,18570
14359,27552
14360,20197
14361,14746
14362,22586
14364,15640
14364,16314
14364,17247
14364,27789
14365,14761
14365,22322
14365,29484
14367,15610
14367,15952
14367,16975
14367,19756
14371,18058
14371,21879
14373,19706
14373,25050
14373,29218
14374,17005
14375,15134
14376,28270
14377,19204
14377,21488
14377,25683
14377,29949
14379,15992
14379,29929
14380,21424
14382,25981
14383,15919
14383,27511
14384,14421
14385,19754
14385,26261
14385,27677
14386,19701
14387,15532
14387,16403
14387,19164
14387,24582
14387,25042
14389,15696
14389,16529
14389,27042
14389,28928
14390,20089
14390,22517
14391,16967
14391,23376
14391,23615
14392,20709
14393,21512
14393,22247
14393,27337
14394,20984
14394,21359
14395,16776
14395,27630
14395,28005
14396,29714
14397,14820
14399,16125
14399,19511
14400,18289
14400,19609
14400,20666
14400,23571
14400,27690
14400,28501
14401,21384
14402,19692
14404,25437
14404,29856
14405,26375
14406,16318
14407,17906
14407,23311
14408,19791
14409,14661
14409,18126
14409,20957
14412,19108
14412,24806
14414,21600
14414,25036
14414,25201
14415,18652
14416,16225
14416,22124
14416,26367
14418,18193
14419,25950
14419,26882
14419,26913
14420,22749
14422,15909
14422,19090
14422,28929
14424,21719
14425,18036
14426,15060
14427,17625
14427,18846
14429,15953
14429,23447
14430,19657
14432,14852
14435,15730
14436,15249
14436,22584
14438,25627
14439,20453
14439,23206
14439,25593
14439,26193
14439,29068
14440,23788
14440,24441
14441,22735
14448,25842
14448,28309
14448,29369
14449,24835
14449,25327
14451,19705
14453,20001
14453,25438
14455,22858
14455,24543
14458,16805
14458,20353
14459,24546
14459,25457
14460,27863
14460,28036
14461,18050
14461,18761
14461,18966
14461,22365
14461,25935
14462,17086
14462,19348
14463,28517
14466,21118
14467,15881
14468,21807
14469,16838
14470,29094
14474,17773
14475,15609
14476,18684
14476,20349
14476,21059
14476,21892
14477,22483
14477,23106
14478,17893
14478,26373
14480,20319
14481,22223
14483,18121
14483,27311
14483,28713
14485,15429
14487,15215
14487,19880
14487,21898
14487,26066
14489,19680
14489,20866
14495,17780
14495,17860
14495,29377
14497,26915
14497,27399
14498,14515
14498,15238
14498,16651
14498,19622
14498,27291
14499,25063
14499,25147
14502,15032
14502,18124
14503,15722
14503,19100
14503,27168
14505,23103
14506,21061
14507,19353
14507,22416
14507,23643
14507,28430
14511,16653
14512,18990
14513,14737
14513,22180
14514,14932
14515,28189
14516,15803
14516,16640
14516,17524
14518,17151
14518,21877
14518,27140
14521,14582
14521,16121
14521,18455
14521,19198
14521,27730
14521,29988
14522,18584
14527,16706
14527,18675
14528,14818
14528,20600
14528,25841
14528,28170
14529,15281
14529,23286
14529,23509
14534,23033
14535,19727
14535,27879
14536,17472
14536,19698
14537,19153
14538,25523
14539,16516
14539,22782
14540,20155
14540,25934
14541,16929
14543,18922
14544,18883
14544,22169
14545,15074
14545,19595
14545,24000
14547,21958
14547,29164
14548,14811
14548,25450
14549,25548
14550,19797
14550,24959
14550,25395
14551,20293
14555,24449
14555,26329
14555,27260
14556,21366
14556,28113
14557,24688
14558,29444
14559,25359
14560,20503
14560,25003
14561,15801
14563,19666
14563,24609
14565,18901
14565,21940
14565,28030
14566,27444
14567,15471
14567,19082
14567,21819
14567,25742
14569,22674
14569,23850
14572,23185
14573,14592
14573,14596
14573,19564
14573,25157
14574,20154
14575,15250
14575,16523
14575,19852
14575,23235
14575,23246
14575,26938
14575,29902
14576,15795
14576,19665
14576,22961
14578,24464
14578,28871
14582,18815
14583,15549
14583,16834
14583,25125
14584,22414
14585,29311
14586,22565
14588,21793
14589,15967
14589,28363
14589,28606
14590,15573
14591,16647
14592,23921
14593,24684
14594,15433
14594,21431
14594,21773
14595,16652
14595,23653
14597,19445
14597,21138
14598,15636
14598,20106
14602,20284
14602,23952
14604,28627
14606,19112
14606,22387
14607,19282
14608,19297
14609,15875
14609,16854
14609,21926
14610,18068
14611,16397
14611,20949
14611,21932
14611,26288
14611,27041
14613,21531
14614,22341
14614,24716
14615,25414
14617,18213
14618,26013
14618,28201
14619,29151
14620,23812
14620,25832
14620,26562
14621,16953
14624,20430
14624,26664
14625,19577
14625,19632
14626,15303
14628,14904
14628,15769
14628,20995
14629,17211
14629,26243
14632,17781
14632,23876
14634,19480
14634,26516
14638,26056
14638,27347
14639,18434
14639,19114
14642,26767
14644,21511
14644,24396
14644,25040
14645,28741
14646,15200
14647,18587
14649,27369
14651,24562
14652,18322
14652,19094
14652,19376
14652,21223
14654,22161
14654,23694
14655,21333
14655,21556
14655,27063
14656,17036
14658,18253
14658,19832
14658,24213
14659,21561
14660,18458
14660,23258
14661,14782
14661,21912
14661,23212
14662,18518
14665,16292
14666,15329
14666,16200
14667,19596
14668,27801
14671,14678
14671,16701
14677,21115
14678,16317
14679,22422
14679,29048
14680,21121
14680,27439
14682,20897
14684,15445
14684,24485
14685,27082
14686,18836
14687,16551
14687,17739
14687,23700
14688,22983
14688,23418
14688,26723
14689,22491
14689,22639
14690,17435
14690,26838
14692,18273
14694,25705
14694,26071
14695,28318
14696,24422
14698,16872
14699,16737
14699,18115
14701,15071
14701,19184
14701,23546
14701,24463
14701,26660
14702,15723
14702,22376
14703,19212
14703,25757
14704,14997
14704,25291
14706,16733
14706,16894
14706,18589
14707,20139
14708,22731
14710,28679
14711,15441
14712,17051
14712,18906
14712,20620
14712,29004
14713,15702
14713,21216
14713,21827
14713,29305
14714,23459
14714,29676
14716,22118
14720,25430
14722,20964
14723,15836
14723,16255
14723,18539
14723,21221
14723,27405
14725,19454
14726,20295
14726,28139
14728,23462
14729,14774
14729,23248
14730,17439
14730,23375
14731,21536
14731,22009
14731,29609
14732,14873
14734,24276
14737,16775
14737,29455
14738,21621
14738,22424
14739,15457
14739,18194
14739,28081
14740,16846
14740,25677
14740,29269
14742,16405
14742,18660
14742,21359
14743,20068
14743,21182
14743,22843
14743,28265
14744,26157
14747,27652
14748,18400
14748,22198
14749,19890
14749,24038
14749,29118
14750,23947
14751,20584
14751,25141
14752,16489
14752,16753
14757,28554
14758,17091
14758,20946
14758,22644
14759,15387
14759,18163
14759,21476
14760,17823
14760,18467
14760,25553
14761,17881
14761,18055
14761,29980
14762,23857
14762,28604
14762,29262
14763,25059
14764,15885
14764,20741
14765,15991
14765,26423
14765,29799
14766,19991
14766,20156
14767,24074
14768,15292
14769,16459
14771,17377
14771,21271
14771,27615
14772,17367
14774,16129
14777,15714
14777,20870
14777,22485
14777,28671
14778,17654
14778,27256
14780,16948
14782,25332
14784,19441
14786,16460
14786,17010
14786,22117
14786,27829
14786,28917
14787,25728
14790,21193
14790,28356
14791,18494
14793,21949
14793,24345
14793,24506
14794,16303
14794,29862
14795,17343
14795,18313
14795,18533
14795,24338
14797,17449
14797,24418
14797,24598
14798,27476
14800,24496
14801,18574
14801,20150
14801,29070
14806,28120
14807,28433
14808,20641
14808,26920
14810,15172
14810,27379
14811,17298
14811,25531
14813,21827
14814,14843
14814,16849
14818,16233
14818,23871
14818,23989
14820,15596
14821,26730
14822,23584
14824,28039
14826,18206
14826,21956
14826,26282
14828,22825
14829,16853
14829,18846
14829,20180
14829,22799
14829,26079
14829,29418
14830,21607
14831,18530
14832,21604
14835,17320
14835,18692
14836,15446
14836,20657
14836,23264
14836,23789
14838,20111
14838,21942
14838,24190
14839,24115
14840,22698
14840,23761
14840,29189
14842,23394
14844,20254
14845,17422
14845,19378
14846,15056
14846,26909
14846,29171
14847,17494
14847,23499
14847,24708
14847,25588
14847,26817
14849,15879
14849,16401
14849,18916
14849,24184
14851,16301
14851,17932
14853,16861
14853,26945
14854,15021
14854,17599
14855,15509
14856,18668
14856,27840
14857,15785
14857,22319
14857,22878
14857,23424
14857,27477
14859,19364
14859,22087
14859,23265
14859,29284
14860,22958
14862,18198
14862,20877
14862,26615
14862,28816
14863,14987
14864,24724
14865,25258
14866,22280
14866,22510
14872,16919
14872,20865
14872,22974
14872,27265
14873,21098
14874,15279
14874,21202
14874,26688
14875,16496
14876,27115
14878,15627
14878,26943
14879,15330
14879,26632
14881,20179
14881,29683
14882,25964
14884,17516
14885,21698
14885,26609
14887,27765
14890,26297
14891,21380
14891,22089
14892,21224
14892,26411
14893,18622
14893,21299
14896,24224
14896,28946
14899,26214
14903,19072
14903,28680
14904,27536
14904,29840
14906,17451
14906,17907
14906,25212
14906,28438
14908,16495
14908,20243
14908,27934
14908,29516
14909,15237
14909,18906
14912,26419
14913,24740
14913,27306
14914,19116
14915,17943
14916,15377
14918,17211
14919,21801
14922,16904
14922,19221
14922,29239
14924,16231
14924,20595
14924,22719
14924,26886
14925,15872
14925,23717
14926,28807
14926,29062
14927,23934
14928,26491
14929,28635
14931,20653
14931,22765
14931,24211
14931,28985
14931,29042
14934,16398
14934,18395
14934,27003
14937,17532
14937,17554
14937,19726
14937,21259
14938,18647
14938,21687
14940,29279
14941,29495
14943,29029
14944,21151
14945,18955
14946,17737
14946,29206
14948,24148
14949,27818
14950,16386
14950,18380
14950,19608
14950,28024
14953,24659
14953,28132
14953,29811
14954,24002
14954,27857
14954,28249
14956,15320
14956,21247
14956,25813
14956,26141
14956,29441
14957,17292
14957,19130
14958,15850
14958,26743
14959,15565
14959,17825
14959,19339
14959,20470
14959,21553
14959,21560
14959,23321
14959,23911
14959,25051
14961,15918
14961,21149
14962,15989
14965,19114
14967,21282
14967,29564
14968,16896
14968,25272
14971,17424
14971,20239
14972,18773
14973,21789
14973,22640
14975,18096
14975,23720
14975,25169
14975,28065
14975,28426
14976,18615
14976,19175
14976,19725
14977,16653
14977,22883
14978,16582
14978,25011
14978,27101
14979,24165
14981,15694
14983,16580
14984,14992
14984,25884
14985,18501
14986,21131
14987,21437
14988,18264
14988,27950
14988,29425
14990,17036
14990,22246
14992,15666
14993,21212
14993,22425
14994,29818
14995,20435
14996,20979
14996,21481
14996,21657
14996,21762
14996,21962
14997,22464
14998,29013
14999,23123
15000,18539
15000,23649
15001,17676
15002,17210
15002,26830
15002,29536
15003,18064
15003,29979
15004,15047
15004,25209
15005,18588
15005,20127
15005,26564
15005,28886
15006,19811
15006,29482
15010,21968
15012,23843
15015,15658
15015,24957
15016,18983
15018,17008
15019,24113
15020,15431
15020,16752
15020,17005
15020,19710
15021,19468
15021,26912
15021,27715
15021,27766
15022,19302
15024,24952
15025,20593
15025,25938
15025,28217
15027,24177
15028,20081
15028,27676
15029,16703
15030,17827
15031,15742
15032,15070
15033,19367
15033,21678
15036,17655
15036,17727
15036,20152
15036,24567
15038,17775
15038,26522
15045,21028
15045,21565
15045,24085
15045,25558
15045,26189
15046,18751
15046,19428
15046,25466
15046,29248
15047,15205
15047,17093
15047,17805
15048,15837
15048,22328
15051,16571
15051,19304
15052,20239
15052,26277
15052,26330
15054,26734
15055,22585
15055,29707
15058,19972
15061,18585
15061,19655
15062,18487
15062,26395
15064,23826
15067,21164
15068,16375
15068,26811
15069,17710
15069,21839
15073,24994
15074,17161
15076,17508
15076,18843
15076,22424
15077,21768
15077,26331
15078,27176
15079,17680
15079,19203
15080,21729
15080,22514
15081,16235
15081,21361
15083,17492
15085,16433
15085,17799
15085,19699
15085,27433
15085,27782
15085,29548
15086,17196
15086,19293
15086,21338
15086,21490
15086,22773
15087,17810
15087,17840
15089,17990
15089,22238
15089,24618
15089,28455
15090,24113
15090,27164
15092,19430
15093,18060
15093,18311
15093,18610
15093,26621
15093,27006
15093,29400
15094,21098
15096,16751
15096,20948
15096,28472
15097,16038
15099,19787
15099,23628
15100,16282
15100,17067
15100,21423
15100,24026
15100,24963
15101,19669
15102,25825
15104,17365
15105,19267
15106,27624
15108,27442
15111,21710
15111,28346
15112,19046
15112,25340
15116,15503
15117,17691
15120,15438
15120,16005
15120,21396
15120,24034
15121,16614
15121,27884
15123,19010
15123,19135
15123,23393
15123,28457
15125,17625
15125,22484
15125,25472
15125,26922
15126,15220
15127,26554
15127,29114
15129,25489
15131,15460
15132,21684
15133,28711
15135,21778
15136,17973
15137,20397
15137,21196
15137,25991
15141,17789
15141,19522
15142,26490
15143,26427
15143,28345
15145,23344
15148,28691
15148,29938
15150,22304
15151,21171
15151,22478
15152,17646
15153,16304
15153,17210
15153,29009
15154,17427
15155,29009
15156,15460
15157,22598
15158,25067
15159,20355
15160,20699
15160,23766
15160,28057
15161,22707
15162,16748
15162,20214
15164,19337
15164,26686
15168,29086
15168,29499
15169,17431
15170,24595
15171,18532
15174,19541
15174,25659
15175,17754
15176,22284
15179,27588
15183,18329
15183,21522
15185,17751
15185,23914
15185,29005
15186,25806
15187,16788
15188,26314
15188,28859
15189,24494
15190,16408
15190,16451
15191,16139
15191,17345
15191,22656
15191,23757
15192,22814
15192,24363
15193,17595
15194,25526
15194,26219
15195,15378
15195,29728
15198,15732
15198,24960
15200,21712
15200,24577
15201,16949
15202,23496
15203,27953
15203,28903
15204,16789
15204,27463
15205,16802
15205,26705
15207,16941
15207,24517
15208,17897
15208,19990
15208,21213
15210,24159
15210,25763
15210,26586
15213,29491
15215,18069
15217,17172
15218,16672
15218,21745
15219,19528
15220,20981
15220,27314
15220,29136
15221,27998
15223,20897
15224,27583
15226,27032
15227,20068
15229,21941
15229,22907
15229,23343
15229,25859
15229,27807
15230,22951
15231,29699
15232,15269
15232,18039
15232,20774
15232,29253
15238,15799
15238,16064
15238,19410
15238,23684
15238,25901
15240,21935
15240,22390
15240,23727
15240,26045
15241,19614
15241,24885
15243,16778
15244,19357
15245,17687
15245,18008
15246,18460
15246,21473
15246,22207
15246,29031
15248,19906
15248,22565
15249,15371
15249,16772
15249,18228
15249,18700
15249,22416
15249,23079
15251,21227
15255,15894
15256,21607
15256,24491
15256,26842
15257,16933
15257,21623
15258,24443
15259,18764
15259,23328
15259,24685
15259,25684
15259,27868
15261,22831
15267,17167
15267,17478
15267,23039
15268,18676
15268,24275
15268,25557
15269,24634
15269,26675
15270,17107
15270,17406
15274,16495
15274,21940
15275,15921
15276,22733
15277,17543
15277,18247
15278,15295
15278,29225
15278,29635
15281,16764
15281,16867
15281,24979
15281,27511
15281,27924
15283,26040
15284,19271
15285,18263
15287,15424
15288,23203
15288,23669
15290,24426
15290,25553
15292,23889
15292,23997
15292,24233
15295,18979
15297,19506
15297,21290
15297,29690
15298,15343
15300,17292
15300,20625
15300,29745
15301,28261
15302,22287
15302,24126
15302,26254
15303,21638
15304,16905
15304,20147
15304,26636
15304,27733
15305,26046
15306,16153
15306,19513
15306,19598
15306,20626
15306,24691
15307,17372
15307,25059
15307,26641
15311,17158
15311,18299
15311,19231
15311,20038
15311,21740
15311,25844
15311,28312
15314,29446
15315,19652
15315,26319
15316,16219
15317,15530
15317,16958
15317,19084
15317,20289
15317,24707
15318,15398
15318,20529
15319,25402
15320,21980
15321,25775
15322,18123
15322,28493
15325,25289
15325,25329
15326,16140
15326,25215
15328,23001
15328,29612
15329,16972
15331,18620
15332,17666
15332,19588
15332,19890
15333,15364
15333,22635
15333,25052
15333,27948
15333,29920
15335,26346
15337,20947
15342,21123
15343,22063
15344,23421
15345,29852
15346,17126
15346,17773
15347,20125
15350,20266
15350,26534
15351,16104
15356,26961
15356,28259
15357,16204
15357,22634
15357,28208
15358,17934
15361,18027
15361,21279
15362,22315
15362,23842
15362,29844
15363,20779
15364,15901
15364,21113
15364,23288
15364,26234
15365,18571
15365,24712
15366,29023
15367,18061
15367,22109
15367,25248
15368,18203
15368,18606
15368,20072
15368,26366
15369,17268
15369,18238
15369,19500
15369,20771
15369,25606
15369,25886
15370,18960
15372,20470
15372,25814
15372,26249
15374,18994
15374,19572
15374,25400
15374,28895
15374,29207
15376,17649
15377,22168
15378,20756
15378,21788
15380,17490
15382,22046
15385,15439
15385,18374
15385,19766
15386,24419
15386,26186
15387,27576
15388,21521
15388,23595
15388,28491
15390,29048
15391,19839
15391,22687
15392,20535
15393,17031
15393,22222
15393,28949
15394,25192
15395,27845
15396,21880
15396,24555
15398,16931
15398,22774
15398,24070
15399,19453
15399,28853
15400,17537
15400,20478
15403,20723
15404,24129
15404,28155
15406,23944
15406,28984
15407,16933
15407,20120
15407,21300
15407,24086
15408,17074
15408,26559
15410,17667
15410,28810
15411,24397
15412,28959
15414,21226
15414,21399
15416,16213
15416,17476
15419,17351
15419,23881
15419,26084
15419,26749
15419,27102
15420,25733
15421,21277
15421,28388
15422,20527
15422,24398
15422,29049
15423,27966
15424,24989
15424,26452
15424,29451
15425,25705
15426,28013
15427,22881
15430,17479
15430,18098
15431,17431
15431,20550
15431,24639
15431,26571
15431,26765
15431,29069
15433,25697
15436,24240
15436,24324
15437,16892
15437,19847
15438,18949
15439,28267
15440,21638
15443,17962
15444,24901
15447,20192
15447,21521
15447,26474
15451,19810
15451,21109
15453,23124
15453,25540
15453,26970
15453,28181
15456,16260
15456,17838
15456,27126
15457,18792
15458,23907
15458,29998
15459,18246
15461,29799
15462,20404
15465,21739
15466,22896
15466,27309
15467,26046
15471,20028
15471,24515
15471,25648
15471,28145
15474,22702
15474,29747
15476,16103
15476,21343
15476,22867
15476,27715
15476,28278
15476,29447
15477,22444
15477,26846
15477,27289
15477,27790
15477,28065
15478,23142
15481,17721
15482,28444
15483,22496
15485,18910
15485,29461
15486,17514
15486,18840
15486,28070
15486,28615
15487,23435
15488,25539
15489,19291
15493,25306
15494,28423
15495,18872
15495,29830
15496,24353
15496,24554
15497,19013
15497,29818
15502,17059
15502,21934
15502,25834
15504,27207
15505,18708
15505,20493
15505,25244
15506,19999
15506,23553
15506,23862
15507,16950
15507,17528
15507,17996
15507,18189
15507,20640
15507,22579
15507,25053
15507,25310
15507,29060
15510,21257
15510,25058
15512,15945
15512,18939
15512,21110
15514,25997
15515,18265
15515,19497
15515,23398
15515,24138
15515,28437
15517,16614
15518,22542
15519,19471
15520,20853
15520,27215
15520,28391
15521,18722
15522,26321
15522,26997
15522,28866
15523,22211
15523,23766
15525,27731
15526,19432
15528,24699
15531,27470
15532,22765
15532,28163
15533,21544
15534,22429
15534,24362
15535,25103
15536,23641
15537,20042
15540,16455
15540,27762
15542,19519
15545,17446
15545,18671
15545,21980
15547,27234
15548,15590
15549,28594
15551,18937
15552,16964
15552,26352
15553,16999
15554,22607
15554,24247
15556,15907
15556,16650
15556,19038
15557,26156
15557,29555
15559,20823
15559,22719
15559,22873
15563,16756
15563,19340
15563,20686
15563,22493
15563,29432
15563,29860
15564,29498
15565,15577
15565,26356
15566,23949
15566,28766
15568,16223
15568,22517
15570,29853
15571,20520
15574,23602
15574,28532
15575,18171
15575,18618
15576,17667
15576,18151
15577,20004
15577,27058
15578,28480
15581,18287
15583,18296
15583,24349
15583,27834
15584,21504
15585,19057
15585,20117
15585,21199
15585,21416
15586,29156
15587,16674
15587,25021
15587,25342
15588,21001
15588,22346
15588,24314
15588,26882
15589,17134
15589,21498
15589,29402
15590,17102
15591,17598
15591,18403
15591,22221
15593,21920
15593,23666
15594,21118
15594,22798
15596,20136
15596,24370
15597,21074
15598,15794
15598,22499
15598,24220
15600,17242
15600,29605
15601,17589
15601,25618
15601,25644
15602,21100
15602,29994
15603,19806
15603,28804
15604,19491
15605,24818
15607,26551
15607,27820
15610,29190
15611,29968
15612,17194
15612,19824
15613,21256
15613,26781
15615,18410
15615,27768
15616,21447
15617,27140
15618,26341
15619,20702
15622,15751
15622,26287
15623,17999
15626,17264
15626,20071
15626,23358
15626,28404
15627,19908
15628,25529
15630,16363
15631,20447
15632,19953
15632,23135
15633,17944
15633,22433
15633,29588
15634,16719
15634,17327
15634,28520
15636,17874
15636,25524
15637,17146
15637,28512
15640,16461
15640,22127
15641,23328
15643,23212
15645,22680
15649,19346
15649,22596
15649,22684
15651,25567
15652,25818
15653,21051
15653,24847
15654,22057
15655,15926
15655,26348
15656,21240
15657,28641
15658,25719
15658,27321
15660,23029
15662,16149
15662,16331
15663,24994
15663,25219
15666,27524
15667,16525
15667,27689
15670,24262
15671,27553
15672,18999
15672,22216
15672,23611
15672,23838
15672,26546
15674,16090
15674,24765
15674,27895
15674,28511
15675,16180
15675,20537
15676,16087
15676,23099
15676,25440
15681,20827
15681,21915
15681,27324
15684,18526
15684,25045
15685,20059
15685,28204
15685,28222
15686,16326
15686,18065
15686,28011
15688,18963
15688,21520
15691,18601
15691,19604
15691,20749
15691,26935
15692,16014
15693,16177
15693,17836
15693,18595
15693,24128
15693,28284
15693,29486
15694,24035
15697,16810
15697,21742
15697,24710
15697,27362
15698,21953
15701,17205
15701,29749
15702,21158
15703,23602
15703,25313
15705,19804
15705,24517
15707,15918
15707,23317
15709,22290
15709,29225
15710,18089
15710,26542
15710,29834
15712,21129
15712,21618
15713,20729
15714,16375
15714,20984
15714,22109
15714,28742
15716,17903
15719,19560
15719,21131
15719,26940
15719,28906
15720,17834
15721,23108
15723,23709
15724,17705
15724,24542
15725,17582
15726,25744
15727,21668
15728,16609
15731,19727
15732,26461
15734,24547
15735,16284
15735,16341
15735,17256
15735,17443
15735,20853
15735,23556
15735,29365
15738,24076
15738,25235
15739,20406
15739,24157
15739,25659
15739,28341
15740,26973
15741,16148
15741,22288
15741,23428
15741,25329
15743,22224
15744,25393
15745,24325
15746,19171
15746,24811
15746,25828
15747,25405
15749,15981
15749,17427
15749,18221
15749,24275
15751,19553
15752,22078
15753,22254
15753,27351
15753,28030
15754,17378
15754,18915
15756,15913
15758,16531
15761,17317
15761,22236
15762,21152
15764,16656
15765,19016
15765,24491
15765,26375
15766,17073
15767,25875
15773,18012
15773,21184
15775,21184
15775,22682
15775,24810
15775,25587
15775,26104
15775,29935
15777,19361
15777,21310
15777,25379
15779,17599
15779,18223
15781,19606
15781,20945
15781,23932
15782,25772
15783,21348
15783,21491
15783,24277
15784,18938
15785,18256
15786,17398
15786,20714
15786,26494
15786,26840
15787,16587
15788,21389
15790,29795
15791,29698
15792,16877
15792,19721
15794,23327
15794,25846
15795,16111
15795,16309
15795,20441
15797,28573
15798,19125
15798,22908
15798,28838
15798,29108
15799,28399
15800,20821
15800,24535
15801,26102
15802,27249
15803,22314
15804,16313
15804,26220
15804,26996
15804,29765
15805,19742
15805,27181
15806,16068
15806,16073
15806,16964
15806,19106
15806,20621
15807,21552
15808,22111
15808,29036
15809,26797
15809,28677
15810,19132
15810,25642
15812,29796
15814,23910
15815,17609
15816,20000
15818,16885
15819,29473
15821,17933
15821,18853
15823,15983
15823,19378
15823,20576
15823,20873
15823,21704
15823,25200
15824,17007
15824,26519
15827,16312
15830,28778
15832,18247
15832,19119
15833,19227
15833,24042
15835,17624
15835,18063
15835,22015
15835,22253
15835,23175
15835,28821
15836,26487
15837,19938
15839,20612
15839,29511
15840,15887
15841,25232
15842,16164
15842,16521
15842,21983
15842,28500
15843,16010
15843,17021
15843,17769
15843,18118
15843,24499
15846,21331
15847,16876
15848,21505
15848,27008
15848,28024
15848,28683
15850,21316
15850,24438
15854,17617
15854,18918
15854,18919
15854,29467
15856,22529
15856,23072
15857,17048
15859,16741
15859,19199
15860,18126
15860,21532
15860,22555
15860,22959
15860,26414
15860,29415
15861,20320
15862,17665
15862,19212
15862,24433
15862,25093
15862,26878
15864,23992
15866,16266
15866,24947
15867,19929
15870,27654
15871,19867
15871,24928
15871,26517
15871,29693
15872,19082
15872,24626
15872,24668
15872,29940
15875,18010
15875,20391
15875,24079
15875,26027
15876,21693
15876,25152
15877,17570
15877,28607
15878,20709
15880,16893
15880,17314
15880,23805
15880,25888
15880,28552
15881,24607
15881,27259
15883,18699
15884,16455
15888,19178
15888,20670
15888,21236
15889,25989
15890,18720
15891,23705
15892,22686
15892,26979
15892,29273
15894,21210
15894,23018
15895,29727
15896,20295
15896,25969
15898,18218
15898,18276
15898,27661
15898,29931
15902,22533
15902,25424
15903,20478
15903,22975
15903,23043
15903,24738
15904,20916
15905,21296
15905,22008
15906,21229
15907,17263
15907,28885
15910,24856
15911,20671
15911,28715
15914,17894
15915,18273
15915,18653
15916,23744
15917,16195
15917,21550
15920,22973
15921,16431
15921,21088
15921,21612
15923,23365
15923,23767
15923,26260
15924,20653
15924,24674
15924,26077
15925,16346
15925,22076
15926,15959
15926,19671
15926,29155
15927,27506
15931,22224
15934,17124
15934,20861
15934,27213
15937,18529
15939,26604
15940,21244
15940,28104
15941,21367
15942,25052
15943,16915
15946,29930
15947,27842
15948,18507
15948,20597
15949,17973
15949,27328
15950,24248
15951,25633
15952,17937
15953,16379
15953,20979
15953,22711
15961,16598
15963,23714
15963,27270
15966,18485
15968,28009
15971,23312
15972,25289
15977,28114
15978,18738
15980,21067
15981,22229
15982,24427
15982,25733
15984,17176
15991,16616
15994,27597
15994,29473
15995,20366
15997,18609
15997,20317
15999,16477
15999,23068
16000,16546
16003,22551
16004,17908
16005,24701
16010,17658
16010,29260
16011,19523
16011,22004
16013,16892
16013,17499
16014,19447
16014,28958
16016,19866
16016,23914
16016,25282
16016,28289
16017,16248
16017,29468
16021,24565
16023,25841
16023,29815
16024,18004
16024,26184
16028,29905
16030,24936
16032,27038
16033,27766
16034,17825
16034,21416
16034,23071
16035,16419
16035,28281
16036,21748
16036,25779
16038,16570
16040,16642
16040,23598
16040,25075
16040,28443
16040,29258
16040,29693
16041,17965
16042,18666
16044,17332
16044,21533
16046,20283
16048,27987
16050,18406
16054,16209
16055,21013
16055,21683
16060,25503
16060,26881
16061,28459
16062,16169
16062,18449
16062,19377
16063,18004
16063,19999
16064,19063
16064,19466
16064,25087
16064,29820
16066,26420
16067,21765
16068,27469
16071,27786
16071,29988
16073,24576
16074,27276
16075,16517
16075,16542
16075,25520
16076,19453
16077,20744
16078,18867
16078,21469
16079,16414
16079,20667
16079,22266
16080,26171
16081,16520
16082,19098
16082,24905
16083,16676
16084,17044
16084,26317
16086,28373
16087,16781
16087,28877
16088,21696
16090,16485
16090,28570
16094,18731
16095,19008
16095,24099
16096,23772
16097,28301
16100,28557
16103,19412
16104,16437
16104,19692
16104,26775
16106,16936
16106,20409
16107,20280
16107,24550
16108,17285
16108,19860
16108,26200
16109,16518
16110,18175
16112,24671
16113,20618
16114,28186
16115,18019
16115,20830
16118,28707
16118,28921
16120,23971
16120,24706
16120,26226
16121,21467
16121,23219
16121,25519
16121,29226
16122,21453
16122,21462
16122,24307
16122,28245
16122,28731
16123,28784
16126,19601
16126,21120
16126,26259
16126,29786
16126,29852
16129,18190
16130,23946
16130,26879
16131,28905
16132,21847
16132,27123
16132,27230
16132,27522
16133,21874
16135,19313
16137,16971
16138,25436
16139,20787
16139,28485
16142,21045
16143,17473
16145,28907
16146,22987
16152,19899
16155,22458
16155,27475
16158,27899
16159,17869
16159,25197
16160,21429
16161,16711
16161,18604
16162,28272
16167,21802
16168,19448
16168,21566
16168,27463
16168,29241
16169,16623
16169,22201
16176,18587
16176,24184
16177,26135
16179,23838
16179,25726
16180,23913
16181,19479
16181,20063
16181,20841
16183,22140
16184,22649
16184,28087
16185,25389
16185,26370
16186,23499
16186,28422
16186,28736
16187,22817
16188,21186
16192,16452
16192,24321
16192,25602
16192,27900
16194,28577
16195,24636
16195,26731
16196,16853
16196,23512
16196,26424
16199,21702
16199,23742
16200,17162
16202,18995
16202,27058
16203,29457
16205,18885
16205,23038
16205,26719
16208,17374
16208,19525
16208,20989
16208,25232
16208,28233
16208,28480
16209,19741
16209,27149
16212,29902
16214,20710
16214,23725
16215,16899
16215,19779
16217,17232
16217,18922
16217,19696
16217,26993
16219,24480
16221,18619
16222,25812
16222,25949
16222,26337
16223,19065
16223,20168
16223,22662
16223,23870
16223,29782
16224,18905
16224,24522
16224,28424
16225,24578
16225,24607
16225,25330
16227,16739
16227,19567
16227,29770
16228,20731
16229,22923
16230,17577
16230,21167
16233,18983
16235,18073
16235,20694
16235,22420
16236,17234
16237,19712
16238,22055
16238,26578
16238,27853
16239,28828
16240,16512
16242,27901
16243,27381
16243,27825
16245,28943
16249,18879
16249,25206
16250,16538
16250,19788
16250,27425
16251,19739
16252,17886
16256,28241
16257,16582
16258,24326
16259,23080
16259,24008
16259,26720
16260,16846
16260,20700
16261,23495
16263,18235
16263,18569
16263,20422
16263,24099
16263,25611
16265,21157
16265,23468
16265,23833
16265,25864
16266,22290
16266,23203
16269,24439
16270,27990
16272,20873
16272,21155
16273,27783
16279,22933
16280,23013
16281,22063
16284,16660
16285,29532
16286,22212
16288,17018
16288,21650
16289,29046
16294,26353
16295,27067
16296,19170
16296,26161
16297,22862
16298,22557
16298,25838
16299,23083
16300,18201
16302,26016
16303,22429
16307,22523
16309,26839
16311,20573
16311,21539
16311,22154
16311,27311
16313,27161
16314,27720
16315,24798
16315,29074
16316,20479
16317,16693
16319,28123
16321,22927
16322,18695
16322,21532
16322,29195
16323,18040
16323,20684
16323,27394
16325,16727
16325,24769
16327,23241
16328,19317
16328,21572
16328,21881
16328,27361
16328,29910
16329,19790
16329,20205
16329,21438
16329,24081
16330,18788
16332,18029
16332,18100
16332,24340
16333,18831
16333,19462
16333,20615
16334,26289
16335,27445
16336,21145
16337,22548
16337,26723
16338,21989
16338,22489
16340,18952
16340,25288
16342,17411
16342,18515
16342,18815
16342,27401
16342,28099
16342,29043
16344,22490
16345,22448
16345,25685
16345,28818
16348,18730
16350,18870
16351,27192
16352,23711
16352,24476
16353,24777
16354,20205
16355,19289
16355,20415
16355,24865
16356,28391
16358,23001
16358,28388
16361,19630
16361,20452
16361,23209
16363,23138
16363,28498
16367,19475
16368,19416
16371,18703
16372,25731
16373,23758
16375,19173
16376,24605
16376,25995
16376,26283
16377,28293
16378,23273
16380,17679
16380,22865
16380,26039
16381,25166
16382,20692
16382,22698
16383,19012
16384,28092
16385,22254
16386,23852
16386,27928
16391,24900
16392,19268
16393,19162
16396,17651
16396,23306
16396,26429
16398,22948
16399,16485
16399,22304
16400,29917
16401,19936
16401,27935
16402,23372
16406,25191
16406,26079
16406,26930
16409,22190
16410,21870
16411,21728
16411,25025
16411,29308
16415,21395
16415,23660
16415,23954
16416,18569
16417,23879
16419,19974
16420,17709
16420,18802
16420,21766
16421,24568
16423,25613
16423,29153
16425,22106
16426,17485
16426,24244
16426,25157
16429,21510
16429,24415
16429,24481
16429,29463
16431,29548
16431,29968
16435,16603
16439,16540
16441,23621
16441,28298
16444,16474
16444,27097
16445,22076
16445,29959
16446,21048
16446,23540
16446,29406
16448,24287
16448,25610
16449,17706
16449,19757
16451,19602
16452,23907
16453,16980
16454,26107
16460,18224
16460,22946
16460,28361
16461,19858
16463,21858
16464,28959
16465,27239
16467,16750
16467,17272
16467,19503
16467,20853
16467,21081
16467,23671
16467,23907
16467,24496
16467,28140
16468,19060
16468,24637
16468,26758
16468,29846
16469,29389
16472,18644
16472,20758
16475,17578
16476,19291
16478,16485
16478,16865
16478,18639
16478,19912
16479,16965
16480,17977
16480,23735
16482,26521
16482,29235
16483,26609
16483,28844
16484,18687
16487,23463
16488,18794
16488,23674
16489,28731
16490,19234
16490,25556
16492,27092
16493,19574
16493,27030
16494,19274
16496,16635
16496,18790
16496,23245
16497,17719
16498,20752
16498,25856
16499,23013
16504,16681
16505,22416
16505,24513
16505,28701
16506,20812
16507,22084
16507,27188
16510,19634
16510,21936
16510,25661
16510,26448
16511,17494
16511,26588
16512,20338
16513,19763
16513,22434
16513,24021
16516,24861
16517,23339
16518,25774
16520,18761
16520,22327
16525,23862
16526,21256
16528,21239
16528,26472
16529,22524
16530,17145
16531,18156
16531,18254
16532,20019
16533,17149
16533,19328
16534,17678
16534,17713
16535,22927
16535,29836
16537,22718
16538,21799
16539,21372
16541,28687
16542,16664
16542,24400
16544,19316
16545,18242
16546,23500
16546,26128
16546,28071
16547,19236
16548,18562
16550,21549
16550,29097
16550,29919
16551,27124
16553,19212
16554,19300
16555,23945
16557,21777
16557,23862
16558,19534
16558,24613
16558,26825
16560,19077
16560,23325
16560,24334
16562,26075
16563,19156
16563,22522
16564,28129
16565,24417
16565,28590
16566,28046
16569,29370
16569,29513
16570,18407
16570,19122
16570,25249
16571,18245
16572,19089
16572,19791
16572,24255
16573,20107
16573,24015
16574,17826
16574,20200
16574,20955
16574,28978
16575,29764
16576,20499
16576,28435
16578,18553
16580,21174
16580,24951
16580,27129
16580,27808
16580,28670
16580,29778
16582,18164
16582,18872
16584,18052
16584,24886
16590,17759
16590,23127
16591,23715
16593,23487
16593,28108
16595,21369
16595,22036
16595,25761
16595,26983
16595,28032
16595,28549
16595,28783
16596,18076
16596,29527
16597,21012
16599,21447
16600,23676
16603,16750
16603,17165
16603,18869
16603,27828
16605,18447
16605,22839
16606,26634
16607,18206
16609,16832
16609,22450
16609,25792
16611,20832
16611,27982
16616,18006
16618,20459
16618,24727
16618,25174
16621,18594
16622,23925
16623,24268
16623,28131
16626,18450
16626,20710
16628,22428
16628,25866
16629,19962
16632,19493
16632,25331
16633,26258
16634,24441
16634,26273
16634,27288
16635,27946
16636,22177
16638,24090
16638,25541
16638,27076
16640,28460
16642,17839
16642,22405
16643,17734
16643,18084
16650,23263
16651,18710
16654,18676
16655,20386
16656,27880
16657,17769
16657,19611
16657,21815
16657,28264
16657,29027
16661,19672
16661,22621
16661,27890
16661,28979
16662,25749
16662,28370
16664,17588
16665,21916
16667,17064
16667,28168
16668,19226
16669,17675
16669,24164
16670,20695
16672,20057
16672,24052
16672,26623
16676,23453
16677,19584
16678,18269
16678,22299
16678,23658
16678,24862
16679,19521
16679,19883
16679,23387
16679,23970
16679,26457
16679,28325
16683,19458
16684,23236
16684,26063
16685,19145
16690,17842
16690,18548
16690,28288
16694,17101
16696,26022
16697,17045
16698,20278
16699,25685
16704,21364
16705,21671
16708,20248
16708,28835
16710,19142
16711,18625
16711,18882
16711,21034
16715,21470
16715,26382
16716,28857
16717,16773
16717,23288
16719,18358
16720,24739
16721,23373
16722,22226
16722,29045
16723,21594
16725,22766
16728,26243
16734,18924
16734,23822
16734,27635
16735,22853
16735,28743
16737,18041
16737,19574
16738,17984
16738,29694
16743,21542
16744,16778
16744,18864
16744,20472
16744,20535
16746,23844
16746,26563
16748,21069
16748,24028
16749,19844
16749,29186
16750,25286
16752,23134
16752,24537
16753,28921
16754,22713
16755,19341
16756,17400
16761,21027
16764,29433
16765,22692
16766,25424
16767,26284
16767,28949
16768,18905
16768,23448
16770,20946
16770,22024
16772,26545
16774,24638
16774,25118
16775,22246
16775,23114
16776,18380
16778,21790
16778,23351
16778,24029
16781,20722
16781,20877
16781,22794
16781,27199
16782,23659
16782,27752
16784,23023
16784,23679
16785,28625
16786,23402
16787,24073
16788,17657
16788,25178
16789,20095
16789,28629
16790,29046
16793,17146
16794,17229
16794,28107
16796,18034
16797,22618
16802,17890
16802,20616
16803,27990
16804,19126
16804,20841
16805,17504
16805,19623
16806,28022
16807,27282
16808,19661
16808,22583
16809,22259
16810,20538
16814,17055
16814,23192
16815,24394
16816,20904
16817,22275
16819,22267
16820,18159
16820,20554
16820,25739
16820,26138
16820,27738
16821,18386
16821,20163
16821,26713
16821,29097
16822,19024
16822,20130
16822,25892
16824,25119
16824,29825
16825,29227
16827,24270
16827,27342
16828,25316
16829,21279
16830,17415
16830,19190
16832,22661
16832,24812
16832,26041
16837,27187
16838,17376
16838,19353
16838,22839
16838,27580
16838,29452
16840,23507
16842,17730
16842,20418
16845,20576
16848,23769
16849,17300
16849,20832
16850,17502
16851,23652
16852,19891
16852,21462
16852,23172
16853,19668
16855,17474
16855,17855
16856,18133
16856,25195
16856,26901
16857,22061
16857,22546
16857,27490
16859,26903
16859,28431
16864,25620
16866,21185
16868,18706
16869,20786
16871,18387
16871,28206
16872,19889
16874,18868
16874,26679
16874,28647
16875,27888
16879,21179
16879,25481
16879,25786
16879,28513
16880,29596
16882,23550
16882,29358
16883,24063
16884,29643
16885,20556
16885,25912
16886,17257
16886,18833
16889,18006
16891,24137
16891,29162
16891,29736
16892,17351
16893,18085
16893,25089
16894,17216
16895,23981
16896,27413
16897,17392
16898,24427
16898,27910
16899,25618
16899,26413
16900,17486
16905,19947
16906,27402
16907,17993
16907,23794
16910,25101
16912,23872
16913,23111
16915,23083
16916,21381
16916,23928
16917,21491
16917,29989
16918,21757
16919,21786
16920,21513
16921,17756
16921,22633
16922,25097
16924,27589
16925,21301
16927,19550
16928,19124
16929,24576
16930,17256
16930,21277
16931,19325
16931,25745
16931,27591
16932,22938
16935,18336
16935,21231
16935,24594
16936,23530
16937,20494
16937,25713
16938,19453
16938,20134
16938,24580
16938,28765
16939,25022
16939,29437
16942,18452
16943,19352
16943,21132
16943,23285
16943,26382
16943,27511
16943,27735
16944,18647
16944,24601
16944,26534
16945,25145
16946,17220
16949,20522
16949,23145
16950,23457
16950,23994
16951,20945
16955,23136
16956,17615
16957,21040
16957,26606
16958,18454
16959,28464
16964,26912
16964,27817
16965,21187
16969,20388
16969,20761
16969,26860
16971,19025
16976,17072
16976,17310
16976,29216
16977,17089
16977,22958
16977,25939
16979,24214
16981,17882
16982,18550
16983,21997
16983,22536
16983,29272
16986,21059
16989,26313
16990,18181
16990,25302
16991,17233
16991,20608
16991,23961
16992,20044
16995,18250
16996,28421
16998,25047
16998,25777
16999,26644
17003,17717
17006,25441
17010,23873
17010,28988
17011,23082
17012,23087
17012,28185
17013,27049
17014,17925
17014,20787
17014,21445
17014,22320
17014,23431
17014,24726
17016,18607
17016,21309
17016,29998
17019,19234
17019,21206
17019,26483
17019,29871
17026,25619
17027,19406
17027,23228
17029,26071
17029,27184
17031,22603
17036,22626
17037,29510
17041,21942
17041,27765
17043,26715
17044,22650
17047,18349
17047,28421
17048,17146
17048,25146
17049,27476
17052,18923
17052,20026
17053,17122
17053,20768
17054,18468
17055,22015
17056,23591
17057,22925
17057,27461
17058,20410
17058,21555
17058,23178
17063,21005
17063,23558
17063,28863
17064,20446
17065,20693
17065,23178
17069,20017
17070,29687
17071,29541
17073,24403
17075,22828
17075,28925
17077,19452
17080,19738
17080,23312
17080,26247
17080,27209
17082,28551
17085,22339
17086,21353
17088,17602
17089,17807
17089,18066
17090,21326
17090,26113
17090,26993
17090,28924
17091,28078
17092,17127
17092,24027
17092,27015
17093,24107
17094,17735
17094,25232
17095,24354
17096,25069
17098,27532
17099,29573
17100,17643
17100,29549
17101,24938
17102,18110
17103,22705
17105,29518
17107,18411
17108,25860
17111,17846
17111,19320
17113,17294
17113,19415
17113,26647
17115,18513
17118,29621
17119,20103
17119,26928
17121,21153
17122,17615
17122,29104
17123,26259
17124,19641
17124,24630
17126,29493
17128,27172
17130,25090
17133,22134
17133,28738
17133,29593
17135,17921
17137,21038
17137,26805
17138,29668
17139,20095
17142,24066
17145,27711
17146,17245
17147,24885
17147,25150
17148,17461
17149,20623
17150,18570
17152,23613
17153,17304
17153,20545
17153,23751
17153,27926
17153,29726
17155,18049
17155,27765
17156,27800
17159,22943
17159,25919
17159,29058
17160,17976
17160,28994
17161,19803
17161,21654
17162,20317
17162,20896
17162,21897
17163,19734
17164,24470
17167,17982
17169,19287
17171,19198
17173,29575
17175,17645
17183,17583
17183,18177
17183,27417
17183,29936
17184,22126
17184,23042
17184,25630
17184,28953
17184,29574
17185,18689
17185,20910
17185,21471
17185,28195
17187,21364
17190,22196
17190,28433
17192,22723
17192,29636
17193,22186
17197,27823
17198,26216
17200,28003
17200,28134
17202,28609
17204,21759
17206,19539
17207,24600
17208,22099
17210,17368
17212,17630
17212,23983
17212,29847
17213,19222
17213,23723
17214,22100
17214,24479
17214,24780
17216,22771
17217,28220
17220,23819
17221,25095
17223,20515
17224,19351
17226,17564
17226,23639
17226,25853
17227,21213
17227,24721
17228,23784
17229,17346
17231,23037
17232,17903
17232,18905
17232,29924
17234,21162
17235,17657
17236,25980
17237,21708
17238,22830
17238,24539
17240,27568
17240,29668
17249,23546
17250,26895
17250,27236
17250,27243
17250,29845
17252,24680
17252,25406
17253,24330
17259,18551
17260,19223
17260,19461
17260,21167
17261,24001
17261,25001
17263,21663
17265,28211
17267,26873
17268,21683
17268,26100
17269,24096
17269,26591
17269,28799
17274,28907
17275,25151
17276,19679
17276,28167
17279,25973
17280,19920
17280,25486
17286,29757
17289,18250
17289,28735
17296,28584
17297,24188
17297,24952
17298,20169
17298,21236
17306,23915
17307,20175
17308,21053
17310,24410
17310,29031
17311,22979
17311,25364
17312,17818
17312,20008
17312,24578
17312,28070
17313,21244
17315,24572
17316,24388
17318,25936
17319,18451
17320,22995
17321,18932
17322,18711
17324,17934
17324,18813
17324,24541
17324,27450
17326,23958
17326,24790
17326,27670
17327,24708
17329,19869
17329,23931
17329,25170
17332,18242
17332,21327
17335,18942
17335,19165
17337,17998
17338,23295
17338,28039
17339,22393
17341,20678
17341,24346
17341,24775
17344,29100
17345,23218
17345,24169
17345,26213
17347,17630
17347,23531
17347,26998
17349,17535
17352,21763
17358,20482
17361,21593
17363,22604
17363,22969
17363,29884
17364,29775
17365,27633
17366,19373
17366,19989
17367,19618
17368,18274
17368,23115
17370,17897
17370,20352
17371,18134
17373,18175
17373,19300
17376,19792
17376,21813
17376,26232
17377,27153
17378,17790
17378,20933
17382,17507
17382,26047
17382,26304
17383,27391
17384,18389
17384,19729
17384,20191
17385,21756
17385,23039
17385,24908
17389,20849
17389,24467
17392,19703
17392,23149
17392,23288
17393,20375
17394,22515
17394,29329
17399,21197
17400,27667
17405,25888
17406,24405
17407,18889
17407,20017
17408,28168
17409,28545
17409,29682
17410,21681
17410,21959
17410,23442
17411,17733
17412,18404
17412,29312
17413,25708
17414,22588
17414,23830
17414,28307
17415,24325
17415,29458
17416,29736
17418,19472
17418,25971
17418,26160
17418,28446
17420,18449
17420,23228
17420,24213
17420,26661
17420,27687
17421,22417
17422,26396
17423,17541
17423,18576
17424,18099
17424,18476
17425,20480
17426,17947
17426,19512
17426,22193
17426,25881
17427,20753
17428,23209
17429,28821
17430,19609
17430,21839
17430,27787
17431,22689
17436,17648
17436,18165
17440,20683
17440,26825
17440,29498
17441,22732
17442,28047
17444,26380
17444,29572
17447,24261
17448,19341
17448,26884
17449,19800
17449,26401
17449,27240
17450,18355
17450,23538
17450,25834
17453,29003
17454,23240
17454,25549
17454,25594
17454,27203
17455,19014
17455,22985
17455,27290
17457,19145
17458,28408
17459,19053
17459,28549
17462,25255
17464,27520
17465,24450
17466,17894
17466,27790
17468,26354
17468,29341
17470,24481
17471,29003
17477,24456
17477,25168
17479,25765
17481,18771
17484,17541
17484,19062
17485,28966
17485,29729
17492,18719
17492,19709
17492,24606
17492,29644
17493,22662
17494,28894
17495,23880
17499,21826
17500,28940
17501,17525
17501,20023
17501,22378
17503,18690
17504,23857
17505,21402
17507,18280
17507,19231
17508,24756
17510,19567
17511,20300
17512,17914
17512,26525
17512,26633
17515,19131
17515,21633
17515,22115
17515,26770
17518,17714
17519,18548
17519,19317
17521,23580
17521,29601
17524,21790
17524,29363
17524,29932
17525,17966
17525,19521
17526,27156
17526,28415
17527,22762
17527,24301
17529,21992
17530,20823
17533,29831
17534,22183
17534,27348
17535,24175
17536,22892
17536,28295
17539,23074
17539,25197
17540,18352
17540,18838
17540,18865
17540,25194
17540,26835
17540,29294
17543,17782
17543,23298
17543,26384
17544,22706
17544,23483
17545,17849
17546,20423
17548,18101
17548,28543
17550,20766
17552,26478
17554,22852
17556,29242
17557,21422
17557,26199
17559,22766
17560,27286
17562,25909
17565,20399
17568,21934
17568,25267
17571,26124
17572,22920
17573,20435
17574,22124
17577,25707
17577,26965
17579,22801
17580,24219
17582,21137
17582,21493
17584,18702
17586,20142
17587,21424
17590,22082
17590,25912
17590,27535
17591,25187
17594,18237
17594,22899
17594,28174
17598,22163
17598,24071
17598,29855
17599,19167
17599,25297
17602,24898
17603,28280
17604,28129
17606,27637
17606,28384
17607,19274
17607,20004
17607,20599
17609,26751
17609,29215
17610,19002
17611,22051
17613,26506
17614,25583
17614,28405
17616,25895
17617,21753
17618,20064
17619,18114
17619,19789
17619,22929
17619,23610
17619,28831
17620,20615
17620,28407
17621,27918
17622,17635
17622,19206
17622,19824
17622,20039
17622,26113
17622,29061
17622,29883
17624,22562
17626,19708
17626,22260
17627,17797
17627,24806
17629,20297
17629,27745
17632,21190
17632,27560
17633,26005
17633,29135
17635,18415
17635,20421
17637,26638
17639,24293
17639,26774
17645,26206
17649,20247
17649,27564
17650,21862
17650,27176
17651,25667
17653,18020
17656,21626
17657,21511
17657,22659
17658,19942
17659,27965
17660,19136
17660,21877
17662,24545
17664,22380
17665,18540
17665,26666
17666,19736
17669,18056
17669,25942
17671,23646
17671,26984
17673,26415
17674,26243
17674,28141
17677,20693
17677,22506
17677,26354
17677,27969
17679,23632
17680,19512
17680,21458
17680,22401
17681,28919
17682,21812
17683,20644
17684,24026
17685,18567
17687,29634
17688,19998
17690,19253
17690,22062
17691,25478
17693,20856
17693,23249
17693,24052
17693,29969
17694,18880
17694,28567
17694,29771
17700,19777
17700,22121
17700,29185
17700,29977
17703,18399
17703,23170
17704,24497
17704,27194
17704,27563
17704,27757
17705,26327
17705,26763
17707,20958
17708,19971
17708,23708
17708,24580
17710,18021
17711,17908
17711,20991
17711,23163
17711,26345
17711,26485
17711,29420
17712,19436
17712,22432
17712,29174
17715,21629
17715,24639
17715,25371
17715,27517
17716,29396
17717,29667
17718,19462
17723,25830
17726,20683
17727,28533
17727,29785
17729,24503
17730,19637
17730,22650
17730,23022
17730,27366
17730,29142
17732,20007
17732,22364
17733,25108
17735,20186
17735,27703
17736,22995
17743,24855
17744,22494
17747,26470
17749,26940
17751,24303
17751,27424
17752,28564
17753,19807
17753,23900
17754,18818
17754,23309
17754,24667
17754,27062
17755,26369
17756,19816
17757,29103
17758,24046
17759,19900
17759,23247
17760,19322
17766,17948
17766,21944
17767,22993
17767,27588
17769,22487
17772,17999
17772,22287
17773,17867
17773,23540
17775,28641
17776,24470
17776,26380
17778,21334
17778,26132
17779,20455
17779,22162
17779,22633
17779,23687
17780,28748
17782,26191
17782,28369
17783,18566
17783,26422
17783,28072
17784,27810
17785,26480
17786,20438
17789,29187
17790,24996
17792,18223
17792,20549
17796,20176
17796,22744
17797,29316
17799,27603
17801,18013
17801,20981
17802,19315
17802,28106
17802,29236
17803,27074
17805,18113
17805,22844
17806,19050
17806,22070
17808,22677
17810,21661
17810,22460
17810,27315
17813,18012
17813,19269
17815,29335
17816,19711
17816,21517
17818,22616
17820,20185
17820,22666
17820,23211
17821,19884
17822,18616
17822,21074
17822,27978
17825,29028
17826,23663
17827,22814
17827,25931
17830,20895
17832,23501
17832,25511
17834,23425
17835,22793
17835,25927
17837,25962
17837,27408
17837,29310
17839,25540
17840,28360
17841,23239
17842,28661
17843,19409
17843,27094
17844,23687
17845,21781
17846,26829
17847,21241
17848,25272
17849,18847
17849,20347
17854,19216
17855,25831
17862,21175
17863,29788
17864,17995
17864,25462
17867,24538
17868,22101
17868,22877
17872,18715
17875,20332
17875,28716
17878,26010
17878,29614
17880,20424
17880,25441
17881,19455
17881,23778
17882,17946
17882,23005
17882,23853
17883,23661
17884,19066
17884,24277
17885,27570
17886,25859
17886,29836
17887,26178
17888,27826
17894,20516
17894,29029
17898,29744
17905,27453
17906,18303
17906,19588
17906,22336
17906,22447
17906,23043
17906,29195
17907,25752
17911,18075
17911,20864
17912,18515
17912,28331
17913,22322
17913,27284
17919,25268
17920,18011
17920,18198
17920,20975
17923,26560
17923,27716
17924,20446
17924,28897
17927,25497
17927,28977
17928,21634
17929,27603
17930,21538
17931,19919
17933,25632
17933,27651
17939,21194
17939,24380
17939,25729
17940,18655
17940,26407
17940,27638
17940,28898
17940,29659
17943,18743
17943,27005
17944,21923
17947,25656
17948,20536
17948,23045
17950,20197
17951,25368
17955,24563
17955,29118
17956,18187
17956,20275
17956,20337
17956,21082
17956,26975
17958,22392
17963,20616
17964,21262
17964,25992
17969,18611
17969,28651
17969,29298
17972,29752
17973,28173
17979,23607
17980,20789
17981,21183
17981,21407
17983,29849
17984,22517
17984,25824
17986,19411
17988,28088
17990,22270
17992,28361
17992,29901
17994,22255
17995,19350
17995,19902
17997,21955
17997,25710
17998,22827
17998,23603
18000,22167
18002,18173
18002,18425
18002,25388
18003,23813
18003,29307
18004,25367
18005,20445
18006,23256
18006,24924
18008,27664
18011,24571
18011,25760
18012,24599
18013,25122
18013,25263
18014,25660
18018,22486
18018,28234
18019,19156
18019,27726
18021,18409
18021,28878
18023,20029
18026,22640
18027,27218
18028,23355
18032,28133
18034,19063
18034,26130
18034,26611
18035,27186
18036,19663
18038,27237
18040,20307
18040,25292
18042,23401
18044,20596
18046,27499
18047,21373
18049,18742
18050,22108
18051,19822
18051,19926
18051,28941
18053,29699
18055,20316
18056,24661
18056,27461
18057,22580
18057,28371
18059,28151
18060,20405
18060,21919
18060,23980
18060,24849
18060,24923
18061,27333
18062,18864
18062,27332
18064,18125
18064,19718
18065,27761
18066,22639
18067,19799
18067,23121
18067,27718
18068,24357
18071,18080
18071,20766
18071,24822
18075,19437
18077,23949
18080,18293
18081,19135
18081,21922
18081,26245
18082,25547
18082,28876
18082,29987
18083,25906
18084,27922
18087,22023
18088,23015
18088,29145
18090,19695
18091,19894
18092,27609
18093,18602
18094,23461
18094,26743
18094,28713
18096,25455
18097,29836
18098,24385
18099,19096
18099,21492
18100,20434
18103,28124
18104,28891
18105,18559
18107,22203
18111,23292
18111,28589
18112,24948
18112,25452
18112,26735
18113,21014
18114,20714
18115,18456
18115,22743
18115,27885
18117,26439
18118,25751
18118,29176
18120,22965
18120,23034
18123,26631
18124,18943
18124,21564
18125,21016
18126,27174
18128,22380
18128,25338
18128,25646
18132,18812
18132,29793
18137,29872
18138,24512
18142,24966
18144,28165
18145,21055
18145,21490
18148,23840
18148,29368
18150,21007
18150,25397
18150,26533
18155,27875
18156,23738
18157,21373
18157,24217
18158,20726
18158,20730
18162,29966
18163,19372
18163,20630
18165,27583
18166,25978
18166,27531
18166,28580
18168,28169
18170,20102
18171,19337
18171,20577
18172,20210
18172,24958
18173,28705
18174,25920
18174,29899
18178,29912
18180,24031
18180,27995
18183,23820
18188,20540
18189,22265
18190,20461
18191,18575
18191,21987
18191,24028
18191,29369
18193,24332
18194,22674
18196,20183
18196,20835
18197,20819
18197,21340
18197,24539
18200,28159
18202,27487
18206,21545
18206,22667
18207,18229
18207,18475
18207,18914
18207,27822
18208,26329
18212,24501
18214,18658
18215,22863
18215,27400
18216,20968
18219,19329
18219,23542
18219,25829
18225,19593
18226,21486
18226,26724
18226,27046
18226,28362
18226,29507
18227,27455
18228,19493
18228,28255
18229,21900
18235,25896
18237,27606
18238,28048
18239,25843
18240,23026
18245,25044
18245,25950
18246,21335
18246,27035
18252,19629
18253,29893
18257,28725
18258,21516
18263,27575
18264,19312
18265,26486
18267,19827
18267,23749
18267,26645
18268,18272
18272,27337
18274,19921
18274,21698
18274,22870
18279,27367
18280,18439
18280,26004
18281,26073
18286,29538
18288,28845
18289,20245
18289,26548
18289,28266
18291,26139
18292,18800
18292,22782
18293,26256
18296,25638
18297,19332
18301,20010
18301,23004
18301,26644
18301,29340
18302,24546
18303,23998
18303,25839
18304,23420
18306,20365
18306,23134
18306,25389
18306,28300
18306,28360
18307,20825
18307,25026
18307,27903
18311,20030
18312,22204
18312,25008
18313,22906
18314,21716
18317,24688
18317,25382
18319,20186
18319,25851
18320,26966
18320,27907
18324,21137
18327,27149
18329,28664
18331,22081
18333,27830
18335,20960
18335,24106
18336,18922
18336,21765
18341,20090
18345,21194
18345,29269
18346,28133
18347,19448
18347,29467
18347,29967
18349,24741
18349,28862
18349,29813
18350,20121
18353,20274
18353,26110
18357,22928
18358,27049
18359,18740
18360,18865
18360,23063
18362,29734
18363,24092
18369,18530
18369,21851
18371,24711
18371,25412
18373,25144
18375,23003
18375,25748
18376,24005
18377,21854
18378,27592
18380,20277
18382,24043
18383,19280
18383,23692
18386,22861
18387,27881
18390,20687
18390,24272
18390,25318
18393,19689
18394,27034
18397,23047
18397,24155
18398,20021
18399,19455
18401,27718
18402,20101
18405,22780
18407,18800
18407,23773
18407,25538
18407,26235
18411,21778
18412,21526
18412,26096
18412,29660
18413,22282
18414,21008
18414,29008
18414,29735
18415,19467
18416,21475
18416,21970
18417,23948
18418,18933
18418,20787
18418,26721
18419,26344
18419,28356
18420,23678
18421,28489
18422,23735
18422,25961
18424,18686
18424,22021
18425,25500
18426,25797
18427,18810
18427,21718
18427,25594
18427,28332
18428,18744
18429,18576
18430,27732
18434,18797
18434,25340
18435,20636
18436,19276
18438,28287
18441,24697
18442,18826
18443,20106
18445,27872
18447,29178
18448,29299
18449,19473
18449,24237
18450,23763
18450,24848
18451,20580
18451,29393
18452,20112
18455,21042
18455,24810
18455,28337
18458,25115
18458,27666
18459,26282
18460,20212
18460,22235
18460,25326
18460,25965
18460,26057
18460,28959
18464,21454
18464,23070
18464,25245
18464,29137
18467,25474
18471,20225
18471,21403
18471,24550
18472,18638
18472,22321
18473,28850
18474,27898
18475,21410
18476,29534
18478,24691
18479,21142
18479,27115
18480,20017
18480,24485
18481,20626
18481,24169
18483,21951
18483,23143
18483,26996
18484,22213
18484,29474
18485,19308
18485,26105
18486,24044
18486,25383
18486,25789
18490,29194
18493,26438
18494,22080
18494,27144
18495,22113
18495,26662
18496,22320
18498,19164
18498,26578
18499,20659
18499,24489
18502,26204
18507,23527
18510,29188
18511,24824
18512,19801
18513,19345
18513,21722
18513,23396
18514,25116
18518,23777
18521,19419
18522,26389
18524,20888
18524,29646
18525,27578
18526,24899
18526,26969
18526,27564
18527,27448
18528,18849
18533,19782
18533,23665
18533,27799
18534,29807
18535,25337
18535,28824
18536,18911
18536,23803
18538,20057
18538,20252
18541,18649
18541,28251
18546,19423
18546,21486
18546,27540
18546,29745
18546,29758
18547,27819
18547,28303
18548,28970
18550,20767
18550,24062
18550,26311
18550,28435
18551,29539
18552,19886
18553,27030
18554,24331
18554,25959
18554,26504
18558,20271
18558,21291
18558,26911
18558,28464
18558,29833
18561,27338
18564,19147
18567,19155
18567,29361
18568,24290
18570,28177
18570,29586
18573,19578
18575,21172
18575,27111
18578,28544
18579,19354
18579,28900
18580,21484
18581,20866
18581,25213
18583,21918
18585,18619
18585,20013
18585,24829
18590,22903
18591,29295
18593,21927
18593,24613
18598,26045
18598,29805
18600,20699
18601,28320
18601,28881
18602,19387
18606,21481
18606,24305
18608,22678
18608,26037
18611,22037
18612,27843
18620,27739
18621,21503
18621,24816
18623,28501
18624,19730
18628,25352
18631,28890
18632,19065
18632,25084
18632,29047
18633,19317
18635,24011
18636,20455
18641,29981
18644,20555
18645,22167
18645,22672
18645,26636
18645,26689
18648,25784
18651,20112
18653,27526
18654,23590
18654,23719
18654,29216
18656,21625
18659,24782
18659,27609
18663,27832
18665,19721
18665,21281
18665,27377
18672,21669
18672,21719
18674,27800
18677,28840
18679,21445
18683,26435
18685,20912
18686,26885
18689,26149
18691,18878
18693,28749
18694,22606
18694,25326
18695,25183
18696,22791
18698,19796
18698,26645
18699,27599
18699,27806
18701,24950
18701,28031
18711,19907
18711,20583
18711,24900
18711,26175
18713,23149
18713,23920
18715,21082
18717,18735
18717,20504
18717,27352
18718,19841
18721,19573
18721,21122
18721,26077
18721,26597
18722,29494
18723,25198
18724,19616
18724,22594
18724,26587
18727,23146
18728,28384
18729,27560
18731,26172
18733,21421
18734,21840
18734,22488
18734,27524
18734,29790
18736,19431
18736,19798
18737,21394
18739,22227
18739,22896
18739,28910
18740,19080
18740,25220
18744,18940
18744,24953
18747,19790
18748,24451
18748,26440
18748,26917
18748,27004
18749,19085
18749,19738
18749,19930
18749,23506
18750,19763
18751,24687
18753,19105
18753,24881
18753,29649
18754,19635
18754,22724
18754,23294
18754,28602
18755,29481
18756,25252
18756,29867
18757,19818
18758,24783
18759,26802
18761,26406
18761,29148
18762,26306
18763,25134
18764,29678
18765,19849
18765,21701
18769,26761
18770,23547
18771,26466
18773,23272
18775,28512
18776,22243
18777,20247
18779,23844
18780,19518
18780,21587
18780,28271
18781,25794
18784,21114
18784,21466
18788,20677
18789,28560
18792,20527
18793,26300
18793,26426
18795,21248
18795,22354
18796,27299
18800,21477
18801,27843
18801,28240
18802,26663
18803,29110
18806,25510
18806,27583
18807,21336
18808,25092
18810,19113
18811,20689
18814,26811
18815,20051
18817,22657
18821,27044
18821,27722
18824,21158
18826,22802
18826,27079
18828,27146
18831,28042
18834,21237
18835,25429
18835,29251
18836,19932
18837,23714
18838,24621
18840,24317
18841,19872
18842,20429
18843,21979
18844,22922
18845,27159
18846,22558
18847,20312
18848,22198
18848,26109
18849,29638
18851,19698
18852,23188
18854,21084
18857,29065
18858,25867
18860,29990
18862,21106
18862,29013
18863,22773
18863,23367
18863,27661
18866,19625
18866,23759
18866,28067
18869,24361
18870,27170
18873,24087
18873,29517
18874,19492
18875,24219
18875,29541
18877,27850
18879,20454
18879,27121
18879,27554
18879,29327
18881,20249
18884,21893
18884,26554
18890,23154
18891,21262
18892,26241
18893,22716
18894,20463
18895,23840
18895,29538
18896,24878
18898,23579
18900,19356
18900,21015
18900,29112
18901,19430
18901,24374
18902,20412
18902,29035
18903,27987
18903,28620
18904,21316
18904,29632
18905,20306
18905,22276
18906,23914
18909,20592
18909,20778
18910,28801
18911,21064
18918,20838
18918,25631
18919,23112
18923,19075
18924,19541
18924,21563
18924,23612
18928,24980
18934,23259
18934,27223
18934,28670
18935,21140
18936,21921
18940,19772
18941,19582
18942,23532
18942,27885
18944,23162
18946,28294
18946,29170
18948,23689
18949,22099
18951,25191
18951,28017
18955,22772
18957,26530
18959,29041
18961,24337
18967,28748
18967,29609
18970,27662
18970,29534
18973,19587
18974,19023
18974,19250
18974,20860
18974,21782
18974,27514
18975,22531
18976,22298
18976,26062
18980,29894
18981,29729
18983,20518
18984,19667
18985,22222
18985,25566
18985,27844
18985,29752
18986,20691
18986,22886
18986,25260
18987,19624
18987,24518
18988,20895
18988,21800
18988,28486
18989,25007
18992,21138
18992,28381
18994,29184
18995,19008
18995,19583
18996,23117
18996,29213
18997,21860
18998,20809
18998,24702
19000,19740
19003,25131
19006,26088
19008,23182
19010,23261
19012,21996
19015,19140
19015,29027
19017,27811
19018,22573
19019,24579
19019,25727
19019,26145
19021,19767
19021,27523
19021,27985
19022,28080
19023,21615
19025,28869
19026,22327
19026,24202
19026,29850
19029,23624
19030,22259
19033,19382
19033,28275
19034,25535
19035,24206
19037,23287
19038,23028
19038,28505
19039,27090
19040,22470
19042,25067
19042,27288
19044,26019
19045,27660
19047,27204
19049,27548
19050,24738
19050,28060
19053,20318
19058,20287
19063,22366
19063,22960
19064,23920
19064,27668
19067,21795
19067,23149
19070,23217
19071,22431
19072,19950
19078,19452
19079,25564
19081,19977
19081,21253
19081,27230
19082,24408
19082,25496
19083,27976
19085,20039
19085,24633
19086,21249
19086,24516
19089,28228
19090,27319
19090,29451
19092,21004
19092,21322
19092,27842
19094,19202
19094,19366
19095,21767
19095,26590
19096,20875
19098,29564
19101,23088
19108,22195
19115,25301
19116,23674
19117,21059
19117,21810
19122,22550
19122,29077
19122,29778
19123,24236
19124,20605
19127,20409
19127,20605
19128,21597
19129,20614
19130,21282
19131,23573
19131,29711
19133,24997
19133,25998
19133,26217
19136,23987
19137,20578
19139,26178
19139,29253
19140,25390
19141,20839
19142,27791
19145,19929
19145,20713
19146,19386
19148,24883
19151,21493
19151,24160
19151,26493
19152,23605
19152,25977
19154,23712
19154,26496
19154,29870
19155,24956
19156,19681
19156,24064
19157,19187
19157,21811
19157,23385
19157,26230
19158,20086
19158,20823
19158,25143
19158,27874
19159,27142
19159,29723
19162,22988
19163,20262
19164,20852
19165,25279
19166,26969
19167,20408
19167,22398
19167,25234
19167,25789
19167,26990
19168,25818
19169,27731
19170,26226
19171,20049
19171,21289
19171,21670
19171,26014
19174,20163
19175,20956
19182,23304
19182,26480
19184,29656
19186,21066
19186,29641
19187,20158
19187,28267
19188,22397
19189,29303
19190,21965
19190,27943
19191,29225
19192,28980
19193,24559
19196,25247
19199,23396
19199,24123
19201,23435
19201,25730
19202,25463
19206,24754
19207,27358
19207,27914
19208,20022
19208,22101
19210,27389
19211,21157
19212,20654
19212,22292
19212,23408
19214,22320
19216,26668
19218,23681
19218,25615
19219,20299
19219,27420
19221,26507
19221,27466
19224,23230
19228,28788
19230,20048
19230,23447
19232,24236
19233,21392
19233,24012
19237,19878
19238,28962
19239,28332
19244,23246
19245,24271
19248,25682
19250,27593
19252,29050
19253,27620
19255,21004
19255,25796
19258,27340
19261,21660
19262,21330
19263,28640
19264,28857
19266,23619
19266,27724
19267,28695
19269,22738
19270,20514
19272,27360
19273,20083
19274,20525
19275,19344
19275,20450
19275,23479
19275,25950
19275,26309
19277,24200
19277,29671
19281,21471
19281,24291
19281,25375
19281,27045
19282,22001
19282,28970
19283,20195
19283,24746
19284,20855
19285,23291
19285,25750
19286,24918
19287,28269
19290,27215
19293,22309
19295,29750
19296,20755
19296,21072
19296,26633
19296,27763
19298,24942
19301,26741
19301,28311
19302,20288
19302,28241
19303,22185
19303,25341
19303,26431
19304,24664
19306,22444
19306,22843
19306,25910
19308,29776
19311,25702
19311,27735
19312,23998
19312,25264
19312,26212
19316,25801
19318,22038
19323,22735
19325,27592
19325,27821
19326,20045
19326,21456
19327,28070
19328,26780
19331,20363
19331,23010
19331,27034
19332,21327
19333,19830
19333,22051
19335,26843
19337,22009
19337,22630
19337,29727
19338,21512
19339,29011
19343,27438
19343,27935
19343,28568
19344,22815
19345,19396
19346,21066
19346,21955
19350,27112
19350,29781
19353,26009
19354,28686
19356,21981
19356,24013
19356,24647
19358,19606
19359,21228
19360,21343
19360,25127
19360,25270
19360,26495
19361,20321
19361,28771
19364,25697
19366,26235
19367,22630
19367,25517
19371,26407
19371,28088
19372,21678
19372,22217
19379,20918
19382,23084
19382,24038
19382,24075
19382,27541
19382,28564
19385,23535
19387,24238
19389,20466
19389,20552
19390,21758
19391,23561
19395,26054
19399,22636
19402,27308
19403,23044
19403,27533
19403,29521
19405,22902
19405,27860
19405,28762
19407,21806
19408,22468
19408,29073
19408,29593
19409,22217
19409,28640
19416,20969
19419,22053
19421,22064
19423,23337
19424,25140
19428,23595
19428,26924
19429,22982
19434,24555
19435,22559
19435,26889
19435,29280
19436,26853
19440,21232
19445,20114
19445,21717
19446,20990
19447,26161
19449,25323
19458,24486
19458,24883
19458,25497
19459,26710
19461,25099
19462,22159
19462,28618
19462,29948
19463,20521
19471,20688
19473,19851
19473,23982
19473,26829
19473,29677
19474,21007
19474,23211
19477,24745
19479,27168
19480,29053
19481,23803
19482,21466
19484,27938
19487,24978
19487,25105
19487,29199
19489,24794
19489,29424
19490,23628
19491,19892
19492,28338
19493,27856
19495,20385
19499,20973
19500,22258
19500,23873
19501,19544
19502,19919
19502,25124
19502,25544
19503,26372
19505,19596
19505,25868
19506,20694
19506,21571
19508,25629
19509,25176
19513,20501
19513,27809
19515,28834
19516,22115
19516,23746
19517,29906
19518,21587
19518,23676
19518,27221
19519,23469
19520,22315
19520,27948
19524,24940
19525,22868
19528,24925
19529,23883
19529,28971
19534,29336
19535,27780
19535,27879
19541,28106
19542,23270
19542,23981
19542,26328
19542,27969
19543,28010
19545,22393
19545,26774
19545,27526
19545,27973
19545,29313
19546,25815
19546,29276
19546,29447
19552,26707
19554,26081
19556,28547
19557,25738
19560,20085
19562,27154
19568,25441
19568,26896
19569,23079
19570,27597
19571,21567
19572,23900
19573,23702
19576,22723
19576,22750
19577,20172
19588,19884
19588,21188
19590,26994
19591,20369
19591,22347
19591,26194
19592,22904
19594,24035
19596,21625
19596,22463
19596,22484
19596,28299
19600,28467
19600,28975
19600,29238
19601,20647
19601,21452
19602,29721
19606,21742
19606,28397
19609,26451
19610,20536
19611,26281
19612,27027
19612,29840
19613,23307
19614,22730
19617,23554
19618,26285
19619,20028
19620,28672
19620,28966
19623,21428
19623,26359
19625,24459
19626,29202
19627,27018
19630,28675
19633,27894
19634,26309
19639,22572
19641,19930
19641,20163
19641,25611
19645,23960
19647,23918
19652,23961
19652,25422
19652,29956
19653,29250
19654,20534
19654,22956
19655,28291
19655,28988
19656,23116
19663,22481
19663,23208
19663,27406
19664,22734
19665,25175
19665,27073
19668,20983
19673,24932
19674,23975
19676,25311
19676,27870
19677,20442
19677,25798
19678,20788
19678,26268
19678,29351
19680,25819
19681,29327
19682,21792
19682,24167
19688,20522
19690,28862
19694,29931
19695,24943
19696,19737
19696,21403
19697,21070
19697,22243
19697,24846
19697,25709
19697,27377
19700,21310
19700,21834
19700,28657
19704,24633
19704,28796
19710,28207
19712,24094
19713,20397
19713,22878
19714,20121
19714,24610
19715,29737
19717,26214
19718,20988
19718,24412
19718,24527
19721,28964
19722,23066
19722,24010
19723,24460
19723,26564
19723,29013
19725,23935
19725,28557
19726,29971
19727,25303
19728,21126
19732,23864
19733,20547
19733,23249
19734,21204
19734,25095
19734,26052
19735,22690
19735,25507
19735,27522
19736,20685
19737,23898
19739,29447
19741,21814
19743,22942
19743,24360
19744,27750
19745,20965
19747,22185
19748,21811
19751,21484
19751,22041
19751,24753
19751,25551
19751,29644
19752,24320
19753,26849
19754,21044
19756,28155
19757,21589
19757,24298
19757,27324
19759,22644
19760,23415
19763,21901
19766,20444
19766,21193
19770,23681
19771,19862
19771,20560
19771,21378
19771,26144
19775,27535
19778,20609
19778,22155
19778,27663
19778,27892
19780,23302
19781,26279
19782,26098
19782,28941
19782,29435
19782,29694
19784,24532
19784,24748
19792,24234
19795,25105
19796,22785
19796,27628
19797,26927
19801,21729
19802,23477
19804,28534
19805,19923
19807,29940
19808,22484
19809,20907
19810,24418
19810,29684
19811,20572
19811,24797
19811,29907
19814,22526
19814,28213
19819,20953
19819,21353
19819,23740
19819,28533
19824,22917
19827,27961
19829,22525
19829,23953
19833,26889
19834,28861
19835,25027
19835,28373
19836,28696
19836,29581
19838,22928
19838,26888
19841,22143
19841,22606
19841,26437
19844,22572
19846,27539
19847,23563
19850,20782
19853,25571
19853,29199
19856,20828
19857,28319
19858,20208
19858,26488
19859,25348
19860,20754
19860,22937
19863,20719
19867,22752
19868,28255
19871,24732
19872,26114
19876,23846
19878,27501
19880,27070
19881,20692
19881,26343
19882,23984
19885,24586
19885,26176
19885,27772
19885,29114
19885,29466
19887,20879
19895,21677
19900,20804
19900,22097
19900,22853
19901,27395
19902,20031
19903,23106
19903,29283
19905,28783
19906,26421
19907,21408
19910,21459
19912,29470
19914,24880
19915,24308
19917,22127
19917,24703
19917,27725
19918,19984
19919,22843
19923,23147
19923,27714
19924,23917
19925,28867
19926,26169
19927,29843
19928,20002
19928,20436
19928,24597
19928,26296
19929,29624
19933,27708
19936,27021
19937,28321
19939,23409
19941,20641
19942,24132
19946,24116
19949,22593
19949,26302
19950,20005
19951,26299
19951,28552
19952,22580
19954,24835
19954,25520
19954,29966
19955,24881
19956,20404
19958,21358
19958,22512
19960,25913
19960,26772
19965,26739
19965,29348
19968,22910
19972,24574
19973,24409
19977,24720
19978,22192
19978,25746
19978,26895
19978,28967
19979,29248
19980,24095
19980,26975
19980,28216
19981,25064
19982,20845
19984,26469
19984,29681
19986,29159
19990,29388
19991,21278
19991,23783
19993,24266
19994,22773
19995,20252
19995,29080
19999,21947
20001,21094
20004,24339
20004,26412
20004,27621
20004,29544
20005,28588
20006,29883
20016,22135
20016,27428
20017,27320
20017,29641
20019,22119
20019,29300
20020,22116
20020,25908
20021,22561
20023,23701
20024,25959
20026,23335
20029,25162
20030,24762
20030,25945
20033,20180
20033,25150
20033,25377
20033,27093
20034,24413
20035,20314
20035,21341
20035,26350
20037,23347
20039,27385
20039,27836
20047,29932
20048,28495
20050,28197
20051,25890
20051,26451
20051,26673
20052,20144
20052,23210
20052,23243
20052,23668
20052,29773
20054,29431
20056,29408
20057,20969
20059,28237
20062,29623
20063,24834
20064,25114
20064,26080
20064,27494
20064,29477
20064,29578
20066,29130
20069,25778
20071,25621
20073,25301
20076,27697
20077,24050
20078,25529
20086,26249
20086,29937
20088,22559
20089,21332
20089,25318
20094,20145
20097,21393
20097,21448
20097,25495
20099,23407
20101,21214
20101,23323
20102,23166
20105,22755
20105,24799
20105,25597
20106,20904
20109,22396
20110,25314
20115,24549
20115,27048
20119,23161
20122,27652
20123,20504
20123,27577
20125,22475
20127,26435
20128,22621
20128,29471
20131,20348
20131,22256
20131,27456
20133,26458
20134,21987
20138,25015
20142,26862
20146,20531
20147,29450
20148,21378
20148,25419
20150,25070
20153,28513
20157,23329
20159,22316
20159,24231
20159,29598
20160,23343
20160,25135
20165,26694
20166,20306
20166,23780
20167,25561
20168,26097
20169,23341
20171,26119
20174,25357
20174,28121
20177,22807
20177,22982
20177,24788
20178,28945
20181,22771
20181,25022
20185,27465
20186,27349
20187,20591
20190,20922
20191,29134
20193,22133
20194,25939
20196,23361
20196,26770
20197,24142
20198,23213
20198,24834
20200,20706
20200,29049
20202,22008
20202,23008
20204,25617
20205,21012
20207,23243
20210,27011
20211,26817
20216,26519
20221,20321
20221,26822
20221,28063
20224,24161
20224,27434
20227,21952
20228,27588
20229,25221
20229,27874
20230,26344
20233,20803
20234,23449
20235,25513
20235,28858
20237,26806
20239,21396
20241,23842
20242,27133
20249,21342
20250,21628
20254,20458
20254,22252
20254,24819
20256,22880
20256,27424
20256,29925
20258,21205
20258,22271
20259,28842
20264,27764
20270,20359
20270,23020
20277,24877
20277,27732
20277,28275
20278,28147
20280,24597
20280,28525
20281,21720
20281,28571
20284,21460
20284,26479
20285,21009
20285,24870
20285,25090
20285,25576
20289,20772
20289,23179
20289,25147
20289,29124
20292,22725
20294,22810
20294,26308
20294,29555
20295,24862
20295,28904
20297,27448
20298,25577
20298,25948
20298,27131
20300,28176
20302,24506
20302,26976
20302,27333
20303,24698
20306,29822
20309,21295
20309,25998
20310,22081
20312,23454
20316,21930
20316,28794
20318,20999
20318,24709
20319,29578
20322,25450
20323,26361
20327,21944
20327,22244
20327,28882
20341,24593
20341,26491
20344,23733
20345,29388
20353,22539
20355,20813
20357,20388
20360,21718
20360,26727
20361,25324
20362,24696
20362,27688
20362,29361
20371,26271
20372,24361
20375,28716
20377,25694
20378,22960
20380,23377
20382,22458
20389,22545
20389,25144
20391,24804
20395,25165
20398,20743
20398,24277
20399,21150
20399,27734
20400,21395
20400,27611
20401,22810
20402,23315
20402,28010
20403,22486
20406,24732
20411,20807
20411,26040
20411,28285
20412,25125
20412,29958
20414,23264
20416,21418
20418,27558
20419,28844
20426,22613
20428,21245
20428,27978
20434,25349
20434,27836
20440,28778
20442,20680
20442,27368
20442,29704
20448,22901
20452,21899
20455,25204
20457,28519
20458,24143
20459,20728
20461,26839
20461,28122
20462,25677
20463,29769
20467,26133
20469,23016
20469,24660
20469,25497
20469,25986
20470,25090
20474,22518
20477,28854
20478,26507
20479,21686
20479,27880
20488,25589
20491,23689
20491,28829
20493,25711
20496,22233
20497,22299
20498,20913
20498,21520
20499,28771
20500,20577
20500,21352
20502,27414
20503,28344
20504,21716
20504,23933
20506,22401
20506,25038
20507,28219
20509,21961
20511,21494
20512,25260
20513,27323
20516,22374
20517,21928
20517,28677
20518,22100
20518,23536
20518,24023
20520,28642
20521,28950
20522,22796
20522,25217
20523,20564
20523,22681
20523,26426
20523,29699
20525,20847
20526,21917
20526,25468
20530,24645
20530,24919
20530,26155
20537,22447
20538,21957
20538,25167
20538,25220
20539,24567
20545,26349
20545,28692
20550,25612
20552,20806
20553,24336
20554,23518
20554,23720
20557,24338
20557,26133
20562,22575
20565,23027
20566,28369
20569,26939
20571,23502
20572,21332
20573,23258
20573,28591
20575,24024
20575,24776
20578,29882
20579,21018
20579,26030
20588,26146
20588,27118
20588,29831
20589,21601
20589,23023
20589,24183
20590,27594
20592,27886
20593,26055
20594,22251
20594,28208
20595,28444
20597,23847
20598,23310
20598,25967
20601,27009
20603,28004
20612,24387
20613,22610
20613,24686
20614,29061
20616,22330
20616,25058
20616,28979
20618,27460
20621,22482
20621,24640
20622,26520
20626,28880
20627,23371
20627,29343
20627,29370
20628,28705
20629,22736
20630,21018
20630,27361
20631,21386
20632,29512
20634,25885
20638,28825
20641,22387
20642,22665
20642,26580
20643,21391
20643,25469
20647,24377
20647,28074
20649,25319
20649,25491
20649,29777
20651,27262
20652,25372
20652,28338
20654,20682
20658,29012
20660,23369
20661,28987
20665,29653
20666,24318
20666,25229
20666,26402
20669,25830
20669,29270
20671,23516
20673,22142
20676,29217
20677,23939
20677,26058
20677,28653
20678,25154
20678,26616
20681,28079
20683,29794
20685,27132
20686,25999
20686,29890
20690,22143
20693,25652
20694,27064
20695,26021
20696,25251
20696,29401
20699,28958
20702,27863
20705,29468
20708,23264
20709,21076
20711,25843
20712,27565
20712,27575
20716,29697
20717,24466
20718,21847
20719,28353
20721,22418
20722,29866
20727,25693
20728,21735
20728,26848
20730,25758
20731,28516
20732,24557
20734,20916
20734,24070
20736,22084
20736,25264
20737,25811
20737,27136
20738,21330
20739,23314
20740,22828
20740,28075
20742,24002
20742,27464
20743,24996
20747,28028
20749,27954
20749,28423
20751,21246
20751,23724
20751,25994
20755,21010
20755,23072
20756,26586
20757,27748
20758,21869
20759,21103
20761,28536
20768,27713
20769,24669
20770,27488
20771,23180
20771,25916
20772,28358
20772,29716
20773,26744
20777,22449
20781,29423
20782,27953
20784,25777
20786,24490
20786,29221
20788,25110
20789,22277
20789,24920
20789,27220
20789,27746
20790,27007
20790,27581
20790,29396
20795,21079
20795,24817
20795,28703
20799,22027
20800,26991
20801,25999
20801,26471
20802,22288
20803,28739
20805,27691
20808,24186
20811,27930
20813,22041
20820,24740
20820,29442
20821,28933
20822,20926
20822,21826
20826,26203
20830,22611
20831,22150
20831,24930
20831,28289
20837,25445
20843,25347
20844,21463
20844,25155
20846,28463
20847,28714
20848,24207
20849,20960
20850,21554
20856,23443
20857,25039
20857,29374
20858,23356
20858,24452
20858,29946
20860,21191
20865,27335
20867,27186
20867,29664
20868,26620
20868,29720
20869,23753
20869,29116
20870,28012
20877,29629
20879,20934
20879,23193
20881,25698
20883,24148
20883,27225
20883,28576
20885,27013
20886,22488
20886,23514
20887,27440
20889,27167
20893,28151
20898,22301
20900,26186
20903,21567
20904,21446
20905,25988
20906,29608
20908,21722
20911,28663
20921,21502
20922,28021
20923,21463
20929,22844
20929,26408
20930,23531
20931,29297
20933,23284
20933,29793
20935,26949
20936,23897
20936,24686
20938,23712
20946,27730
20947,26619
20947,28013
20953,25116
20954,25954
20955,21899
20956,28495
20958,29651
20963,21589
20963,27043
20964,23758
20970,24514
20973,28056
20977,22686
20978,21378
20979,23121
20979,27507
20980,28015
20983,22967
20985,21665
20985,22165
20987,22233
20989,22830
20989,26417
20992,24934
20994,24376
20995,24572
21003,29774
21005,26856
21010,26103
21013,23058
21016,21774
21019,23908
21019,28478
21025,21508
21025,22980
21029,24333
21033,25471
21036,26601
21042,22786
21042,27413
21043,22230
21045,22323
21045,29658
21046,24694
21048,28166
21049,24406
21050,27382
21050,28094
21051,24364
21051,29639
21053,27984
21053,29627
21060,21521
21066,22377
21066,29579
21067,22972
21067,26248
21068,25923
21070,26291
21071,22670
21071,23140
21071,25909
21072,29500
21073,27839
21074,23116
21074,28090
21075,29832
21077,23287
21078,21528
21078,22388
21078,25768
21078,28747
21079,29280
21082,25219
21083,29272
21084,27811
21085,24631
21085,25309
21085,26639
21085,28703
21086,28798
21087,21932
21088,21312
21088,22451
21088,28644
21089,28113
21090,23583
21090,26604
21090,29869
21091,22837
21093,21900
21093,24935
21097,24588
21098,29607
21099,21638
21099,29376
21102,24321
21103,22065
21103,22833
21104,23236
21105,22784
21105,26666
21107,22023
21110,26884
21111,23019
21111,23950
21114,23665
21114,25930
21114,28073
21115,29154
21117,23378
21117,28633
21120,24800
21120,26425
21121,26879
21124,22065
21125,22900
21126,23841
21127,21271
21127,23234
21127,23710
21128,22083
21128,22313
21128,24270
21130,26428
21130,27402
21134,25654
21139,28379
21139,29502
21141,21408
21143,23169
21143,25504
21143,27148
21143,28510
21143,28674
21144,27822
21146,24832
21147,29444
21148,23692
21148,23867
21150,23179
21150,25923
21151,29043
21152,27744
21152,28197
21152,29355
21153,24900
21154,24478
21158,21435
21165,25935
21169,25561
21172,24561
21173,22504
21174,21374
21176,22422
21176,26885
21179,23314
21180,29800
21181,24654
21181,28402
21181,28636
21186,23088
21187,21877
21187,24929
21188,25236
21188,27451
21192,25810
21193,27875
21196,23974
21197,23032
21197,29289
21198,23151
21204,29183
21204,29407
21208,26108
21212,26654
21215,23243
21217,29242
21222,29863
21223,24739
21224,24534
21224,29089
21224,29680
21225,29602
21226,22402
21231,27496
21232,23884
21236,22905
21237,25827
21240,24195
21242,23585
21250,21426
21253,21731
21253,26639
21257,24733
21258,27480
21261,25276
21264,22394
21265,25072
21265,27273
21265,28466
21269,22088
21270,24221
21274,28593
21276,28095
21276,29620
21277,25565
21277,26753
21280,28041
21281,24632
21284,21562
21284,27533
21288,29774
21289,27107
21292,24000
21292,26882
21294,23851
21297,25978
21298,22644
21300,23814
21300,28848
21301,23060
21302,21614
21304,23626
21307,28187
21310,25109
21311,21792
21311,23890
21313,21791
21313,23364
21313,26505
21313,27349
21323,22450
21323,29781
21324,28034
21326,25835
21327,23024
21327,27532
21327,28620
21328,27040
21332,21438
21333,27894
21336,23705
21337,23464
21338,21903
21338,27567
21338,28478
21340,23256
21341,23962
21341,24251
21342,25500
21344,21830
21345,23067
21345,23667
21347,21749
21349,22363
21350,24735
21350,27508
21353,24931
21353,25430
21354,26285
21355,21457
21357,27581
21357,28427
21358,22139
21358,25701
21358,27856
21360,26892
21366,24685
21368,25832
21370,28973
21373,25346
21374,29318
21375,26428
21376,23036
21376,23472
21377,27285
21378,27927
21379,29066
21381,22154
21381,23601
21381,25625
21382,22714
21382,25806
21392,21827
21394,28930
21396,26015
21396,29433
21400,29786
21401,26384
21402,24921
21404,22638
21404,23495
21410,23053
21412,25033
21413,28746
21416,21538
21419,28656
21420,27710
21434,27107
21437,23446
21438,28132
21439,26397
21440,23294
21440,23881
21440,27908
21444,27169
21445,22368
21446,21744
21451,24980
21452,22048
21452,25076
21454,21894
21454,22283
21455,27348
21456,25845
21457,21666
21460,24693
21460,29590
21461,22978
21462,28063
21466,28581
21470,27244
21475,21995
21475,28759
21476,24075
21477,29553
21478,24398
21478,26657
21478,27052
21478,27881
21479,24024
21479,26067
21481,24232
21491,24707
21493,28584
21494,22257
21495,22213
21495,25092
21496,21743
21497,26476
21500,29295
21501,29565
21503,24644
21504,22798
21504,25907
21505,22181
21507,23047
21508,22091
21508,28822
21510,21830
21513,29550
21519,25072
21519,25615
21529,26492
21530,23305
21531,28742
21531,29324
21534,28833
21535,22064
21535,22073
21538,25965
21538,26749
21539,21978
21541,23915
21542,26745
21545,25065
21548,26637
21552,22094
21554,28935
21556,22371
21559,24309
21560,29606
21561,23921
21561,28019
21562,23755
21567,23877
21570,27305
21574,28373
21577,24100
21577,24554
21577,27153
21579,23117
21583,22894
21593,25829
21593,26878
21593,27963
21595,24376
21595,28314
21596,25248
21597,23299
21602,29335
21604,25196
21609,22559
21609,23555
21609,27526
21610,25268
21611,23005
21620,23147
21620,24603
21621,24335
21622,22082
21623,24222
21623,25982
21630,23145
21630,28468
21632,23184
21632,25461
21639,27647
21641,22656
21641,22819
21645,26120
21646,22269
21647,28002
21652,21903
21652,29577
21654,21692
21657,24402
21657,24984
21660,24217
21661,26440
21661,26579
21661,27911
21662,28804
21664,24142
21664,27070
21666,23226
21666,23456
21666,24401
21668,23456
21672,21739
21672,26625
21675,22717
21675,29965
21679,24033
21680,26676
21682,22571
21686,27572
21687,29489
21690,23659
21691,24124
21693,21868
21698,24384
21700,27373
21701,27116
21701,28717
21703,27119
21705,21708
21708,21835
21708,28153
21714,26465
21720,25496
21721,23960
21721,24973
21723,23269
21724,23476
21724,26481
21725,22593
21725,24209
21725,28382
21726,24725
21727,29334
21729,25065
21730,28951
21731,29861
21733,23350
21739,28660
21742,23383
21744,23652
21744,24851
21748,29277
21751,27356
21752,24216
21755,24637
21756,26328
21757,25486
21757,28439
21762,26433
21765,22602
21765,23716
21766,24787
21766,27361
21770,25226
21779,28931
21783,24170
21784,28997
21785,22931
21786,24781
21787,23375
21788,23037
21791,24128
21791,27259
21798,22888
21801,23704
21802,26003
21805,27289
21806,25656
21807,25931
21809,25199
21811,27776
21812,29874
21814,25784
21814,26263
21815,24649
21817,27988
21820,29983
21821,22237
21821,28860
21825,22245
21826,29404
21827,23879
21829,22168
21831,27686
21833,25477
21834,24871
21835,26402
21846,28899
21849,27554
21850,26455
21858,28458
21859,23767
21859,24688
21859,26894
21861,24243
21862,22004
21864,26143
21865,26015
21865,28227
21867,26257
21867,28364
21871,23049
21871,26671
21877,25384
21879,27426
21880,23129
21881,23109
21883,27724
21886,29732
21887,23922
21890,26136
21894,26109
21894,29683
21895,22375
21899,22528
21899,23587
21901,23345
21903,24407
21903,27028
21903,27282
21903,29054
21904,28892
21905,25356
21906,22472
21906,29688
21907,26485
21907,29914
21908,22176
21909,26891
21910,22851
21912,26778
21914,28599
21922,24359
21924,22433
21924,23893
21924,26733
21929,22977
21932,28164
21934,23817
21934,24778
21934,25089
21935,21978
21936,21975
21936,29671
21939,25746
21941,29606
21943,22140
21943,22980
21946,27395
21951,24794
21951,26563
21952,22436
21952,28657
21953,24779
21953,29347
21954,24747
21961,27492
21962,22875
21962,23767
21962,28531
21966,22393
21967,24513
21968,22110
21969,28128
21969,28209
21975,24230
21975,27719
21977,28299
21978,25032
21978,26631
21979,24499
21980,22345
21980,29591
21983,22438
21983,26524
21989,25919
21990,24991
21992,26972
21993,29353
21998,23821
21998,28033
22000,25800
22001,23605
22003,28398
22006,23716
22006,26742
22011,22647
22013,25864
22019,26751
22020,23650
22025,23658
22025,23760
22025,24611
22025,27793
22027,29492
22030,27831
22032,28952
22033,27169
22041,29690
22043,22637
22043,23578
22047,25418
22047,26791
22049,22329
22050,26089
22050,26192
22050,28213
22053,25283
22057,29967
22059,27707
22061,22412
22066,22398
22066,23966
22068,24658
22068,28985
22069,24906
22069,25482
22070,26028
22072,22544
22074,26178
22076,26211
22076,27419
22076,28008
22076,28867
22077,27497
22082,26867
22086,26335
22086,26346
22094,27647
22095,26107
22096,22679
22096,27920
22097,22652
22100,22977
22104,28726
22113,22235
22114,23274
22120,23376
22120,23635
22120,23647
22120,25597
22121,27937
22129,28324
22130,24174
22134,28121
22134,28299
22141,27597
22146,26622
22146,27346
22146,29980
22147,23936
22148,27245
22153,23661
22154,23703
22154,25491
22154,25908
22155,25131
22156,27962
22162,24078
22167,25490
22169,27741
22170,23393
22170,27600
22175,24935
22175,27441
22175,28219
22177,22465
22177,25751
22179,24940
22180,28658
22185,28101
22190,27414
22191,28146
22191,28527
22194,28461
22194,29860
22196,24647
22197,26958
22199,25203
22199,29982
22201,27962
22202,24155
22203,25062
22204,29768
22210,22331
22212,23620
22213,25817
22215,28064
22216,23806
22220,24047
22221,25094
22222,23723
22223,25891
22225,26720
22231,23466
22231,27218
22234,25616
22239,23316
22240,26217
22242,25319
22243,22516
22243,23484
22243,26023
22244,22634
22250,29815
22254,29082
22255,22725
22255,29314
22261,23721
22262,23499
22262,27994
22263,25889
22263,26659
22264,26165
22268,25692
22268,28347
22269,26513
22270,29543
22271,26171
22275,23064
22281,26114
22284,24428
22285,24705
22287,22476
22288,28474
22291,23397
22292,26901
22295,29394
22296,29542
22297,22864
22298,27194
22300,25619
22302,29226
22305,26480
22311,26809
22312,24314
22315,24345
22318,24060
22318,28810
22324,22751
22324,23353
22324,29686
22326,23049
22331,29141
22332,23633
22332,23986
22332,27300
22334,24698
22335,23229
22337,24227
22337,28329
22341,28829
22344,24531
22350,24235
22351,26841
22352,29288
22352,29321
22354,22936
22354,28341
22356,27708
22356,29149
22360,28740
22362,25863
22362,28561
22368,24477
22368,28358
22369,29106
22371,25970
22371,28552
22373,27615
22373,29738
22375,24890
22375,28802
22379,25720
22379,26449
22388,25994
22389,24383
22393,24558
22394,22848
22398,22952
22399,28768
22402,23629
22407,26625
22408,23561
22408,26153
22409,24306
22410,23097
22410,28366
22411,25361
22411,27642
22417,24470
22417,26234
22420,24706
22420,28443
22421,23150
22421,27373
22422,25862
22424,22525
22424,23419
22424,26697
22425,24342
22428,29649
22429,24146
22431,24635
22434,23864
22434,23902
22434,23938
22437,28396
22454,24054
22455,24368
22456,24045
22456,29007
22457,25042
22460,29601
22462,25051
22462,25745
22465,22739
22470,24761
22471,29738
22477,23634
22478,27457
22480,22755
22489,24207
22491,25890
22492,23383
22492,25530
22492,25563
22497,26653
22498,23413
22499,27532
22501,26486
22506,23848
22506,26920
22506,29285
22507,23698
22509,23110
22511,29529
22518,25056
22518,25852
22518,28837
22519,24408
22519,26828
22522,29772
22523,23769
22523,27525
22526,26225
22535,23585
22535,26977
22538,23442
22540,29670
22541,23801
22542,25438
22544,23539
22544,27251
22546,26802
22547,27386
22549,29815
22550,23598
22555,23231
22559,29662
22560,27396
22560,28323
22561,29117
22561,29392
22563,25360
22565,23799
22566,26961
22567,24467
22569,25285
22570,28258
22574,26400
22576,28183
22579,23651
22583,29652
22584,24194
22591,25008
22595,24260
22595,25071
22595,29646
22596,29389
22597,25535
22597,26776
22601,23601
22601,26224
22604,24044
22605,26905
22605,29583
22606,23508
22606,24630
22606,27328
22610,24299
22610,27327
22610,28872
22611,25067
22615,23666
22616,26667
22618,28725
22620,24961
22622,24712
22626,24214
22626,27879
22628,23568
22632,23840
22634,29410
22637,24750
22646,26266
22646,27581
22651,25615
22654,24144
22654,28809
22656,28772
22657,27227
22657,29323
22657,29998
22660,26152
22662,23166
22663,23933
22664,29276
22667,28325
22669,29709
22674,28717
22685,28693
22686,24678
22689,27561
22698,29371
22704,23691
22704,28317
22708,22922
22712,25163
22717,27157
22722,24320
22724,25083
22725,25805
22726,25035
22731,28217
22739,26132
22745,26007
22749,29520
22750,24457
22750,29381
22752,26214
22752,26422
22752,28345
22755,25986
22756,27637
22757,23623
22758,29123
22780,29136
22785,28115
22791,29966
22805,27221
22811,26816
22811,29922
22812,26963
22815,24137
22816,23388
22816,26365
22819,29821
22821,26777
22821,28265
22822,27573
22825,26460
22832,29364
22834,23401
22836,28103
22837,23994
22839,29333
22845,24348
22847,24792
22851,29992
22855,29453
22859,23295
22861,29403
22865,24388
22865,28214
22865,29417
22866,24901
22870,24752
22870,28790
22872,25664
22873,24331
22876,25518
22876,26782
22877,26590
22890,29277
22892,22917
22894,26788
22895,29622
22896,29147
22897,26819
22903,24342
22906,24036
22907,24981
22908,28263
22915,26295
22921,25712
22924,25519
22926,23779
22927,29219
22928,26233
22934,25705
22935,26307
22937,24377
22938,24984
22943,23025
22947,26552
22948,28193
22953,27432
22954,25241
22954,25280
22954,28459
22954,29172
22966,23011
22967,27625
22967,28678
22970,23827
22970,28486
22970,28649
22974,29763
22982,29643
22986,28592
22987,24096
22990,27045
22991,23115
22992,29204
22995,23284
23000,27010
23000,29493
23004,28502
23007,23060
23007,23874
23008,25163
23009,23029
23009,27055
23009,27339
23011,29655
23012,27775
23013,28801
23015,24299
23017,28262
23019,23670
23020,24886
23020,25453
23022,26424
23025,25013
23027,26781
23031,23104
23032,24282
23034,25314
23037,24483
23040,28503
23046,23736
23048,27262
23050,24411
23052,26320
23056,27719
23063,28926
23070,25599
23071,28709
23071,29631
23073,29135
23073,29734
23075,27831
23075,29437
23082,27777
23083,26187
23084,25006
23085,27791
23089,26970
23091,25690
23092,27560
23101,24706
23101,28872
23103,24918
23105,26888
23105,29806
23107,23630
23107,24066
23107,27992
23108,23118
23108,29207
23110,25584
23111,26196
23113,25781
23116,26166
23117,26905
23119,28082
23120,25198
23122,23492
23123,28368
23124,23369
23124,26183
23128,28202
23131,25302
23132,26536
23137,28364
23144,24795
23144,26111
23144,27198
23145,29303
23148,29750
23157,26176
23161,23376
23161,23812
23161,24925
23162,23895
23162,26593
23168,26747
23169,24838
23169,25086
23169,29358
23170,26315
23170,27679
23171,24101
23172,24927
23172,25863
23176,27253
23178,28943
23181,26921
23185,23972
23185,25977
23185,29129
23189,27071
23196,24136
23197,23846
23197,27549
23198,25190
23200,23611
23200,25235
23200,26711
23200,29287
23203,26590
23204,27562
23205,27570
23222,26032
23226,27468
23227,29438
23228,24552
23231,24078
23232,25354
23237,29536
23239,26168
23243,25858
23245,23886
23246,26142
23247,29360
23249,24282
23249,25257
23249,28992
23251,23616
23256,28777
23256,29809
23258,23878
23261,27202
23262,26216
23262,29889
23264,29257
23267,25892
23267,26526
23268,23607
23277,24907
23279,24596
23285,28286
23296,28800
23297,23801
23297,27114
23302,28541
23306,25189
23306,28810
23306,29680
23308,23454
23308,26488
23309,24649
23310,25310
23311,27938
23312,23478
23312,23543
23324,27182
23327,26789
23333,27467
23337,28863
23337,29969
23340,24440
23342,23974
23345,26872
23348,28979
23351,25909
23351,26942
23358,23655
23358,29241
23359,29929
23363,29385
23366,25442
23372,23913
23374,29430
23376,26346
23377,28428
23378,23944
23379,28442
23380,25456
23381,23627
23382,24145
23384,27314
23384,28639
23389,25933
23390,23929
23391,26057
23391,27022
23391,28856
23391,29732
23394,27617
23399,23902
23402,24462
23411,27146
23411,27683
23411,28226
23417,29154
23418,29985
23420,24061
23423,23909
23424,26431
23425,23662
23425,24889
23425,27935
23429,25492
23430,25624
23433,28889
23435,24986
23435,27130
23437,25429
23440,28294
23448,26686
23450,29708
23455,27344
23456,28482
23457,26438
23459,28348
23461,27364
23462,24124
23465,23832
23467,28811
23467,29970
23468,23982
23468,24842
23471,29607
23473,26921
23481,29340
23487,26150
23490,26241
23494,28310
23495,28786
23500,24203
23500,24806
23500,27590
23503,26047
23507,25824
23508,29623
23513,29562
23515,26091
23515,28600
23519,25328
23519,26684
23520,24343
23522,27867
23523,23673
23524,29760
23524,29795
23530,27855
23539,24450
23539,26685
23539,27311
23548,27829
23549,25250
23549,26531
23549,29414
23554,24236
23555,28991
23558,26847
23560,25353
23560,28330
23566,27280
23566,27886
23567,28228
23574,24521
23574,26514
23576,25589
23577,25915
23579,28218
23580,28991
23584,27276
23588,23683
23599,29194
23604,28300
23607,29308
23608,25413
23608,26128
23610,25987
23612,27915
23613,26411
23617,27817
23621,25215
23626,25393
23628,27340
23629,23906
23631,25794
23632,25404
23634,27681
23634,27974
23636,29443
23637,28431
23645,29089
23648,26233
23660,28309
23664,24404
23664,27250
23666,23808
23669,25842
23673,24914
23679,24818
23679,25603
23681,24660
23683,28052
23685,26399
23688,29115
23691,24292
23693,26336
23698,28212
23699,25653
23702,29885
23703,26718
23705,26418
23707,25783
23722,25033
23725,24348
23727,24123
23727,24483
23730,24840
23731,26905
23735,24779
23736,24770
23741,28165
23741,29660
23742,27185
23742,28672
23742,29720
23743,27891
23744,26229
23749,24907
23749,28297
23750,28499
23754,25737
23758,28950
23768,29927
23769,24057
23769,27956
23774,24381
23776,24211
23777,24588
23778,25968
23781,26626
23785,26418
23786,27315
23790,24704
23794,27258
23795,25592
23804,26868
23808,26479
23810,27837
23812,29587
23815,24059
23815,27806
23820,25381
23827,25741
23835,24311
23838,27014
23840,23961
23845,28752
23847,27883
23850,24391
23855,28866
23857,24908
23860,25920
23860,27206
23868,26678
23869,25114
23869,28833
23870,27396
23876,29489
23877,28291
23877,28440
23882,23944
23885,26833
23886,25641
23887,27789
23891,24114
23891,26275
23892,26583
23897,25571
23905,28448
23906,25717
23906,26754
23908,25607
23909,27088
23909,28461
23910,25799
23913,26191
23915,28999
23916,26198
23916,27622
23918,26673
23919,26199
23919,29661
23922,27028
23924,29221
23925,25984
23926,25212
23928,29166
23929,28701
23930,24215
23930,24323
23930,28343
23931,28583
23933,25601
23940,26502
23943,24591
23946,25886
23947,28067
23952,26598
23953,24425
23953,25936
23957,24734
23965,25880
23965,28190
23965,29563
23969,26835
23971,28871
23973,24629
23976,26272
23976,27387
23983,24056
23985,24856
23986,27922
23991,24971
23992,28655
23995,25853
23996,24999
24005,24998
24020,25110
24030,26842
24031,29979
24039,24768
24045,26786
24045,29053
24046,26004
24048,27672
24056,26951
24059,26907
24060,26251
24061,24373
24064,29073
24069,24797
24069,28235
24070,25363
24072,27794
24077,26798
24077,27968
24077,29021
24079,25164
24081,27937
24083,29267
24085,29842
24086,29458
24088,26117
24093,25099
24093,25370
24096,26599
24097,26914
24099,24245
24100,29351
24107,24389
24107,28542
24108,25414
24108,28870
24109,28213
24110,25766
24121,27095
24129,26444
24129,28665
24132,27893
24134,27993
24135,28707
24136,26361
24145,28147
24147,27415
24147,28243
24149,24826
24150,28976
24151,25896
24151,28574
24152,24548
24152,29798
24157,26305
24162,27815
24164,27669
24167,25079
24170,25616
24171,28178
24178,29881
24180,25487
24180,26667
24192,28735
24193,28186
24194,25872
24197,26273
24206,25569
24208,25165
24209,25152
24211,29523
24215,25975
24215,27033
24215,27903
24219,25066
24220,29727
24221,24935
24222,26188
24226,26459
24232,25578
24234,25119
24235,24335
24235,24648
24240,26013
24247,27441
24248,28655
24252,29421
24268,24344
24271,24607
24271,25857
24275,26188
24283,27942
24285,24360
24285,27223
24288,26785
24289,26892
24291,25787
24294,25654
24300,24565
24301,26610
24301,26832
24304,27385
24305,24942
24307,25756
24314,29572
24317,26575
24319,29656
24324,26573
24325,27493
24328,26575
24328,29259
24330,28239
24330,29881
24331,29131
24343,26871
24345,26834
24349,25767
24350,28646
24351,24977
24352,24595
24354,29880
24365,26044
24370,24451
24373,29765
24374,25536
24376,29416
24379,27296
24380,28536
24382,27122
24392,24614
24392,25200
24392,28677
24395,27030
24396,25398
24399,29959
24401,25671
24404,25843
24408,25175
24409,29701
24410,24604
24411,29794
24411,29803
24412,25416
24413,26443
24414,27865
24422,24773
24425,25246
24425,28355
24428,29474
24439,27636
24445,25345
24448,27452
24463,27023
24465,25809
24469,26139
24473,29638
24474,26433
24477,27042
24487,27680
24491,24881
24491,29106
24493,26238
24502,29372
24519,29352
24522,27317
24524,27159
24532,26728
24535,29144
24550,28286
24550,29105
24558,26317
24561,28084
24563,26171
24563,27646
24565,26512
24566,25275
24572,24758
24573,27013
24576,27644
24579,24998
24581,29286
24584,26266
24584,29005
24586,27341
24590,27394
24591,28724
24591,29331
24594,27288
24597,25560
24597,27119
24604,27779
24605,25334
24608,25865
24614,25398
24619,26813
24628,29129
24640,26304
24641,29197
24642,27685
24643,25972
24643,27792
24644,28037
24646,26665
24646,29445
24653,25429
24654,25034
24654,27589
24654,28044
24654,29306
24656,29008
24660,25727
24661,28743
24663,25542
24664,26615
24671,26726
24671,29600
24675,26174
24676,29614
24677,24827
24680,27190
24682,29685
24684,29366
24687,24842
24688,24850
24691,27515
24693,24771
24693,25433
24698,29324
24709,28374
24711,28445
24711,29947
24712,27768
24713,28714
24724,26093
24724,28149
24727,28160
24731,24879
24735,28411
24737,24805
24737,29802
24742,27964
24747,26735
24748,26351
24750,28874
24751,29755
24761,24801
24761,26772
24761,29026
24763,27060
24766,25788
24768,29326
24769,26303
24773,25425
24776,25277
24777,28482
24779,26981
24779,27684
24785,25718
24789,25690
24789,25903
24789,29887
24791,25082
24796,26606
24805,29567
24806,28518
24808,25890
24809,24831
24811,24917
24815,25184
24819,24954
24819,25372
24823,26576
24827,26717
24827,28342
24837,28611
24837,29997
24852,29687
24853,28772
24855,28198
24857,29157
24858,26700
24867,25398
24868,26808
24874,29140
24877,27431
24892,29645
24896,27898
24898,26541
24900,29202
24904,27071
24904,29976
24906,26994
24908,25809
24910,25056
24910,28983
24913,29152
24914,29429
24918,29150
24935,26282
24943,27856
24949,29708
24951,26082
24958,25944
24968,29070
24975,26417
24978,25334
24979,28117
24981,25684
24981,28571
24985,26992
24996,27991
25000,28548
25007,26050
25012,29880
25030,26711
25033,26151
25034,27302
25042,27729
25049,28266
25051,29591
25053,29146
25057,29740
25062,28908
25065,27586
25065,29205
25066,29074
25074,28187
25074,28215
25077,25394
25077,25531
25077,29872
25079,25201
25079,26980
25086,25464
25091,28844
25093,28276
25094,29279
25099,26902
25103,29585
25112,27391
25115,26675
25119,29742
25124,25434
25124,27871
25125,25253
25125,27980
25127,29585
25128,28398
25129,26237
25129,28800
25129,29125
25139,27047
25140,25672
25145,26894
25148,29624
25159,25164
25161,26962
25165,25823
25172,26795
25172,28850
25174,29021
25183,27505
25183,29339
25183,29792
25186,26762
25189,25951
25199,28823
25203,26768
25211,26488
25215,25509
25222,28556
25229,27961
25230,25540
25230,28080
25231,26895
25240,29809
25251,25736
25252,25294
25254,28898
25257,29615
25259,25471
25260,27550
25261,28049
25269,27325
25278,28128
25282,27951
25286,28177
25292,25422
25304,27865
25304,29286
25307,28553
25309,26393
25312,26612
25319,29898
25323,26462
25327,26279
25332,28717
25336,29864
25341,25716
25344,26850
25346,26210
25348,25969
25348,29482
25353,26122
25354,29594
25356,27439
25358,25613
25359,28875
25360,26208
25361,28221
25363,27183
25365,25735
25366,25836
25366,27986
25371,29568
25372,25391
25392,26606
25392,27443
25399,28774
25402,27805
25403,29823
25406,28789
25411,27698
25418,26743
25419,28447
25421,26681
25443,28997
25456,27891
25458,27478
25458,27516
25462,27410
25466,29499
25471,26387
25473,26419
25473,26494
25478,29461
25480,28038
25483,26289
25485,26891
25486,25756
25495,26585
25495,29588
25500,28792
25519,28884
25524,28948
25526,28761
25530,27720
25534,26783
25536,29907
25537,26458
25539,28624
25556,27399
25557,29203
25558,28495
25560,27861
25561,27546
25563,26599
25564,28308
25567,26313
25573,26906
25578,29033
25582,26231
25583,28830
25584,27733
25592,26558
25597,28209
25604,28481
25606,29134
25610,28169
25613,29486
25614,26072
25619,25979
25619,28141
25620,28031
25642,28035
25643,27366
25643,27915
25643,28774
25646,28428
25658,27830
25659,28952
25661,28156
25675,26617
25675,27225
25691,29347
25692,26410
25692,29466
25693,26747
25696,25989
25697,26540
25701,26700
25708,25822
25712,28600
25715,28017
25727,26889
25732,27052
25737,29854
25738,25945
25738,28235
25738,28688
25739,27644
25741,28935
25743,29551
25759,28910
25776,28829
25785,26698
25796,26074
25796,26911
25819,28808
25829,28796
25840,27841
25842,28063
25848,26101
25848,27862
25856,29588
25860,29890
25862,28435
25863,26864
25866,28396
25872,28437
25878,28942
25879,29064
25882,25958
25882,28327
25887,26372
25888,26632
25892,26360
25895,26438
25895,26615
25897,26236
25899,26489
25903,26449
25906,26872
25909,26339
25925,29811
25926,29101
25926,29739
25926,29792
25935,28112
25939,26958
25946,29580
25950,26342
25958,28470
25965,27412
25972,28876
25983,26054
25987,28231
26000,28597
26001,29100
26007,28043
26008,26618
26010,26176
26012,28250
26014,27917
26024,26767
26034,26086
26034,26608
26034,29274
26037,26897
26040,29835
26041,26544
26042,29603
26048,28473
26053,29819
26056,26607
26061,29408
26062,27343
26064,26123
26070,29083
26078,29271
26078,29601
26081,29693
26087,27886
26087,28652
26090,28637
26091,27316
26092,26469
26094,29073
26098,28287
26098,29923
26104,27417
26112,28817
26115,27029
26125,29970
26126,26618
26133,26429
26135,28360
26137,29776
26138,28632
26138,29317
26139,26347
26152,27697
26152,29809
26153,29443
26161,27467
26165,29147
26170,28487
26178,29436
26179,29928
26183,27954
26184,27763
26187,26827
26188,27003
26188,27809
26189,26650
26193,29562
26198,26568
26199,27930
26206,27801
26207,26634
26209,27836
26211,29864
26221,29706
26229,26789
26237,29526
26240,26368
26244,28122
26250,28608
26271,26535
26271,27368
26277,29261
26290,29989
26292,27675
26299,27133
26299,28449
26299,29353
26300,28158
26305,26730
26310,26437
26313,26581
26322,28861
26328,28553
26334,28116
26344,27134
26349,26810
26349,27845
26360,27621
26363,29896
26367,27538
26378,28732
26384,27488
26387,29866
26395,27383
26399,28900
26399,29581
26408,28873
26414,29553
26421,28902
26422,29024
26423,28140
26425,26453
26428,26523
26428,29084
26431,27086
26437,28755
26440,28380
26445,29887
26450,29299
26459,27389
26463,26961
26466,26794
26466,27634
26467,28444
26481,29410
26483,27639
26485,29156
26502,26846
26503,29385
26508,27036
26522,27232
26526,27890
26558,28190
26558,29359
26559,27437
26564,26704
26572,29137
26580,27096
26586,27473
26587,27301
26587,29871
26589,27184
26591,29675
26598,28191
26608,28700
26614,29034
26616,29846
26618,28185
26624,27546
26628,27131
26636,27256
26641,28564
26644,27706
26645,27656
26645,29082
26647,26823
26648,27287
26659,26707
26664,28250
26672,26714
26672,29796
26673,29390
26685,26919
26687,29577
26695,28699
26716,27227
26716,29179
26716,29527
26739,28182
26740,29785
26742,26966
26742,29409
26742,29457
26753,26965
26796,26969
26800,27916
26809,29254
26814,28319
26818,29380
26818,29753
26826,27883
26827,27051
26845,28730
26846,28225
26851,29450
26855,27949
26855,29757
26860,26893
26865,28834
26866,28052
26866,29268
26872,27747
26890,29657
26894,27747
26894,28488
26898,28086
26898,29777
26903,28425
26913,28883
26914,29595
26922,27099
26923,27952
26924,27128
26926,29481
26929,28406
26945,27012
26947,28880
26962,27081
26964,27925
26967,28344
26976,27380
26977,28238
26988,29454
27019,28410
27019,29525
27022,27254
27023,29718
27024,27759
27034,27657
27034,29128
27042,27298
27045,29140
27048,28570
27053,28695
27054,28382
27071,27217
27080,29132
27089,29521
27093,28171
27093,29749
27096,28403
27096,29612
27100,29245
27106,28468
27117,29844
27120,27531
27125,27858
27128,29038
27134,29589
27136,27605
27141,29334
27157,28153
27169,28791
27169,29211
27175,28634
27183,28928
27190,28533
27192,27478
27207,27487
27216,29958
27231,29287
27239,27738
27248,29963
27254,27706
27266,29492
27268,27876
27278,27345
27290,27330
27298,28621
27299,29359
27302,27373
27305,29319
27317,28713
27339,27981
27345,29879
27353,28034
27357,29647
27360,29220
27363,28020
27376,29043
27389,27942
27389,29629
27389,29894
27404,29828
27410,29345
27410,29633
27453,28316
27456,28345
27459,29824
27466,29325
27472,28220
27485,29886
27492,28188
27496,28950
27505,28195
27506,29670
27521,29817
27524,28622
27527,28558
27529,29494
27535,29956
27544,27996
27553,29461
27556,28788
27565,29337
27574,29859
27588,28848
27591,28601
27597,28405
27608,29497
27620,29416
27633,28951
27639,28033
27652,27772
27661,28071
27665,28315
27669,27833
27714,28561
27726,29788
27740,29219
27744,28312
27746,27901
27754,29193
27784,28791
27786,29888
27806,28711
27811,28851
27812,27821
27820,29627
27824,28409
27832,28674
27833,29529
27839,29382
27852,28773
27866,27956
27888,28089
27908,29363
27915,29167
27951,29695
27956,29648
27957,28828
27974,29974
27987,29041
27987,29464
28003,29579
28018,29845
28029,29672
28034,28094
28035,28237
28037,28938
28038,29227
28051,28726
28054,29460
28062,28219
28067,29145
28074,29409
28100,28877
28105,29354
28110,28627
28110,28842
28112,28826
28128,28324
28130,28537
28134,29295
28142,28278
28143,28354
28155,28251
28158,28523
28165,28911
28182,28281
28182,29379
28201,29362
28203,28589
28215,29180
28221,28290
28250,29131
28256,29841
28271,29993
28278,29333
28295,28351
28299,29383
28307,29496
28310,28963
28319,28562
28333,29274
28336,29838
28338,28969
28338,29495
28355,29087
28369,28494
28369,28656
28369,28722
28374,28425
28395,28808
28425,28698
28442,28839
28452,29883
28458,29044
28493,29191
28494,29772
28500,29592
28504,29541
28511,29556
28536,28828
28536,29098
28574,29309
28594,29612
28611,29545
28614,29621
28633,29344
28648,29484
28663,28990
28690,29730
28691,29694
28703,28812
28713,28911
28717,29148
28823,29127
28830,28994
28865,29960
28876,29097
28876,29616
28918,29445
28964,29037
28975,29195
28977,29903
28998,29248
29030,29807
29032,29648
29067,29942
29080,29933
29089,29848
29110,29218
29152,29576
29215,29754
29238,29701
29238,29851
29329,29806
29374,29988
29444,29716
29565,29680
29608,29849
29649,29962
29698,29743
29864,29940
